source,commodity,crop_year,attribute,value,unit,report_date
CONAB,Corn,1976/77,Area,11797.3,1000 HA,2026-07-28
CONAB,Corn,1976/77,Area,11797.3,1000 HA,2026-07-30
CONAB,Corn,1976/77,Area,11797.3,1000 HA,2026-07-31
CONAB,Corn,1976/77,Area,11797.3,1000 HA,2026-08-02
CONAB,Corn,1976/77,Area,11797.3,1000 HA,2026-08-03
CONAB,Corn,1976/77,Area,11797.3,1000 HA,2026-08-04
CONAB,Corn,1976/77,Area,11797.3,1000 HA,2026-08-05
CONAB,Corn,1976/77,Area,11797.3,1000 HA,2026-08-06
CONAB,Corn,1976/77,Area,11797.3,1000 HA,2026-08-07
CONAB,Corn,1976/77,Area,11797.3,1000 HA,2026-08-08
CONAB,Corn,1976/77,Area,11797.3,1000 HA,2026-08-10
CONAB,Corn,1976/77,Area,11797.3,1000 HA,2026-08-11
CONAB,Corn,1976/77,Area,11797.3,1000 HA,2026-08-12
CONAB,Corn,1976/77,Area,11797.3,1000 HA,2026-08-13
CONAB,Corn,1976/77,Production,19255.7,1000 MT,2026-07-28
CONAB,Corn,1976/77,Production,19255.7,1000 MT,2026-07-30
CONAB,Corn,1976/77,Production,19255.7,1000 MT,2026-07-31
CONAB,Corn,1976/77,Production,19255.7,1000 MT,2026-08-02
CONAB,Corn,1976/77,Production,19255.7,1000 MT,2026-08-03
CONAB,Corn,1976/77,Production,19255.7,1000 MT,2026-08-04
CONAB,Corn,1976/77,Production,19255.7,1000 MT,2026-08-05
CONAB,Corn,1976/77,Production,19255.7,1000 MT,2026-08-06
CONAB,Corn,1976/77,Production,19255.7,1000 MT,2026-08-07
CONAB,Corn,1976/77,Production,19255.7,1000 MT,2026-08-08
CONAB,Corn,1976/77,Production,19255.7,1000 MT,2026-08-10
CONAB,Corn,1976/77,Production,19255.7,1000 MT,2026-08-11
CONAB,Corn,1976/77,Production,19255.7,1000 MT,2026-08-12
CONAB,Corn,1976/77,Production,19255.7,1000 MT,2026-08-13
CONAB,Corn,1976/77,Yield,1632.2124553923356,KG/HA,2026-07-28
CONAB,Corn,1976/77,Yield,1632.2124553923356,KG/HA,2026-07-30
CONAB,Corn,1976/77,Yield,1632.2124553923356,KG/HA,2026-07-31
CONAB,Corn,1976/77,Yield,1632.2124553923356,KG/HA,2026-08-02
CONAB,Corn,1976/77,Yield,1632.2124553923356,KG/HA,2026-08-03
CONAB,Corn,1976/77,Yield,1632.2124553923356,KG/HA,2026-08-04
CONAB,Corn,1976/77,Yield,1632.2124553923356,KG/HA,2026-08-05
CONAB,Corn,1976/77,Yield,1632.2124553923356,KG/HA,2026-08-06
CONAB,Corn,1976/77,Yield,1632.2124553923356,KG/HA,2026-08-07
CONAB,Corn,1976/77,Yield,1632.2124553923356,KG/HA,2026-08-08
CONAB,Corn,1976/77,Yield,1632.2124553923356,KG/HA,2026-08-10
CONAB,Corn,1976/77,Yield,1632.2124553923356,KG/HA,2026-08-11
CONAB,Corn,1976/77,Yield,1632.2124553923356,KG/HA,2026-08-12
CONAB,Corn,1976/77,Yield,1632.2124553923356,KG/HA,2026-08-13
CONAB,Corn,1977/78,Area,10985.1,1000 HA,2026-07-28
CONAB,Corn,1977/78,Area,10985.1,1000 HA,2026-07-30
CONAB,Corn,1977/78,Area,10985.1,1000 HA,2026-07-31
CONAB,Corn,1977/78,Area,10985.1,1000 HA,2026-08-02
CONAB,Corn,1977/78,Area,10985.1,1000 HA,2026-08-03
CONAB,Corn,1977/78,Area,10985.1,1000 HA,2026-08-04
CONAB,Corn,1977/78,Area,10985.1,1000 HA,2026-08-05
CONAB,Corn,1977/78,Area,10985.1,1000 HA,2026-08-06
CONAB,Corn,1977/78,Area,10985.1,1000 HA,2026-08-07
CONAB,Corn,1977/78,Area,10985.1,1000 HA,2026-08-08
CONAB,Corn,1977/78,Area,10985.1,1000 HA,2026-08-10
CONAB,Corn,1977/78,Area,10985.1,1000 HA,2026-08-11
CONAB,Corn,1977/78,Area,10985.1,1000 HA,2026-08-12
CONAB,Corn,1977/78,Area,10985.1,1000 HA,2026-08-13
CONAB,Corn,1977/78,Production,14017.1,1000 MT,2026-07-28
CONAB,Corn,1977/78,Production,14017.1,1000 MT,2026-07-30
CONAB,Corn,1977/78,Production,14017.1,1000 MT,2026-07-31
CONAB,Corn,1977/78,Production,14017.1,1000 MT,2026-08-02
CONAB,Corn,1977/78,Production,14017.1,1000 MT,2026-08-03
CONAB,Corn,1977/78,Production,14017.1,1000 MT,2026-08-04
CONAB,Corn,1977/78,Production,14017.1,1000 MT,2026-08-05
CONAB,Corn,1977/78,Production,14017.1,1000 MT,2026-08-06
CONAB,Corn,1977/78,Production,14017.1,1000 MT,2026-08-07
CONAB,Corn,1977/78,Production,14017.1,1000 MT,2026-08-08
CONAB,Corn,1977/78,Production,14017.1,1000 MT,2026-08-10
CONAB,Corn,1977/78,Production,14017.1,1000 MT,2026-08-11
CONAB,Corn,1977/78,Production,14017.1,1000 MT,2026-08-12
CONAB,Corn,1977/78,Production,14017.1,1000 MT,2026-08-13
CONAB,Corn,1977/78,Yield,1276.0102320415835,KG/HA,2026-07-28
CONAB,Corn,1977/78,Yield,1276.0102320415835,KG/HA,2026-07-30
CONAB,Corn,1977/78,Yield,1276.0102320415835,KG/HA,2026-07-31
CONAB,Corn,1977/78,Yield,1276.0102320415835,KG/HA,2026-08-02
CONAB,Corn,1977/78,Yield,1276.0102320415835,KG/HA,2026-08-03
CONAB,Corn,1977/78,Yield,1276.0102320415835,KG/HA,2026-08-04
CONAB,Corn,1977/78,Yield,1276.0102320415835,KG/HA,2026-08-05
CONAB,Corn,1977/78,Yield,1276.0102320415835,KG/HA,2026-08-06
CONAB,Corn,1977/78,Yield,1276.0102320415835,KG/HA,2026-08-07
CONAB,Corn,1977/78,Yield,1276.0102320415835,KG/HA,2026-08-08
CONAB,Corn,1977/78,Yield,1276.0102320415835,KG/HA,2026-08-10
CONAB,Corn,1977/78,Yield,1276.0102320415835,KG/HA,2026-08-11
CONAB,Corn,1977/78,Yield,1276.0102320415835,KG/HA,2026-08-12
CONAB,Corn,1977/78,Yield,1276.0102320415835,KG/HA,2026-08-13
CONAB,Corn,1978/79,Area,11304.8,1000 HA,2026-07-28
CONAB,Corn,1978/79,Area,11304.8,1000 HA,2026-07-30
CONAB,Corn,1978/79,Area,11304.8,1000 HA,2026-07-31
CONAB,Corn,1978/79,Area,11304.8,1000 HA,2026-08-02
CONAB,Corn,1978/79,Area,11304.8,1000 HA,2026-08-03
CONAB,Corn,1978/79,Area,11304.8,1000 HA,2026-08-04
CONAB,Corn,1978/79,Area,11304.8,1000 HA,2026-08-05
CONAB,Corn,1978/79,Area,11304.8,1000 HA,2026-08-06
CONAB,Corn,1978/79,Area,11304.8,1000 HA,2026-08-07
CONAB,Corn,1978/79,Area,11304.8,1000 HA,2026-08-08
CONAB,Corn,1978/79,Area,11304.8,1000 HA,2026-08-10
CONAB,Corn,1978/79,Area,11304.8,1000 HA,2026-08-11
CONAB,Corn,1978/79,Area,11304.8,1000 HA,2026-08-12
CONAB,Corn,1978/79,Area,11304.8,1000 HA,2026-08-13
CONAB,Corn,1978/79,Production,16513.8,1000 MT,2026-07-28
CONAB,Corn,1978/79,Production,16513.8,1000 MT,2026-07-30
CONAB,Corn,1978/79,Production,16513.8,1000 MT,2026-07-31
CONAB,Corn,1978/79,Production,16513.8,1000 MT,2026-08-02
CONAB,Corn,1978/79,Production,16513.8,1000 MT,2026-08-03
CONAB,Corn,1978/79,Production,16513.8,1000 MT,2026-08-04
CONAB,Corn,1978/79,Production,16513.8,1000 MT,2026-08-05
CONAB,Corn,1978/79,Production,16513.8,1000 MT,2026-08-06
CONAB,Corn,1978/79,Production,16513.8,1000 MT,2026-08-07
CONAB,Corn,1978/79,Production,16513.8,1000 MT,2026-08-08
CONAB,Corn,1978/79,Production,16513.8,1000 MT,2026-08-10
CONAB,Corn,1978/79,Production,16513.8,1000 MT,2026-08-11
CONAB,Corn,1978/79,Production,16513.8,1000 MT,2026-08-12
CONAB,Corn,1978/79,Production,16513.8,1000 MT,2026-08-13
CONAB,Corn,1978/79,Yield,1460.7777227372444,KG/HA,2026-07-28
CONAB,Corn,1978/79,Yield,1460.7777227372444,KG/HA,2026-07-30
CONAB,Corn,1978/79,Yield,1460.7777227372444,KG/HA,2026-07-31
CONAB,Corn,1978/79,Yield,1460.7777227372444,KG/HA,2026-08-02
CONAB,Corn,1978/79,Yield,1460.7777227372444,KG/HA,2026-08-03
CONAB,Corn,1978/79,Yield,1460.7777227372444,KG/HA,2026-08-04
CONAB,Corn,1978/79,Yield,1460.7777227372444,KG/HA,2026-08-05
CONAB,Corn,1978/79,Yield,1460.7777227372444,KG/HA,2026-08-06
CONAB,Corn,1978/79,Yield,1460.7777227372444,KG/HA,2026-08-07
CONAB,Corn,1978/79,Yield,1460.7777227372444,KG/HA,2026-08-08
CONAB,Corn,1978/79,Yield,1460.7777227372444,KG/HA,2026-08-10
CONAB,Corn,1978/79,Yield,1460.7777227372444,KG/HA,2026-08-11
CONAB,Corn,1978/79,Yield,1460.7777227372444,KG/HA,2026-08-12
CONAB,Corn,1978/79,Yield,1460.7777227372444,KG/HA,2026-08-13
CONAB,Corn,1979/80,Area,11669.9,1000 HA,2026-07-28
CONAB,Corn,1979/80,Area,11669.9,1000 HA,2026-07-30
CONAB,Corn,1979/80,Area,11669.9,1000 HA,2026-07-31
CONAB,Corn,1979/80,Area,11669.9,1000 HA,2026-08-02
CONAB,Corn,1979/80,Area,11669.9,1000 HA,2026-08-03
CONAB,Corn,1979/80,Area,11669.9,1000 HA,2026-08-04
CONAB,Corn,1979/80,Area,11669.9,1000 HA,2026-08-05
CONAB,Corn,1979/80,Area,11669.9,1000 HA,2026-08-06
CONAB,Corn,1979/80,Area,11669.9,1000 HA,2026-08-07
CONAB,Corn,1979/80,Area,11669.9,1000 HA,2026-08-08
CONAB,Corn,1979/80,Area,11669.9,1000 HA,2026-08-10
CONAB,Corn,1979/80,Area,11669.9,1000 HA,2026-08-11
CONAB,Corn,1979/80,Area,11669.9,1000 HA,2026-08-12
CONAB,Corn,1979/80,Area,11669.9,1000 HA,2026-08-13
CONAB,Corn,1979/80,Production,19435.3,1000 MT,2026-07-28
CONAB,Corn,1979/80,Production,19435.3,1000 MT,2026-07-30
CONAB,Corn,1979/80,Production,19435.3,1000 MT,2026-07-31
CONAB,Corn,1979/80,Production,19435.3,1000 MT,2026-08-02
CONAB,Corn,1979/80,Production,19435.3,1000 MT,2026-08-03
CONAB,Corn,1979/80,Production,19435.3,1000 MT,2026-08-04
CONAB,Corn,1979/80,Production,19435.3,1000 MT,2026-08-05
CONAB,Corn,1979/80,Production,19435.3,1000 MT,2026-08-06
CONAB,Corn,1979/80,Production,19435.3,1000 MT,2026-08-07
CONAB,Corn,1979/80,Production,19435.3,1000 MT,2026-08-08
CONAB,Corn,1979/80,Production,19435.3,1000 MT,2026-08-10
CONAB,Corn,1979/80,Production,19435.3,1000 MT,2026-08-11
CONAB,Corn,1979/80,Production,19435.3,1000 MT,2026-08-12
CONAB,Corn,1979/80,Production,19435.3,1000 MT,2026-08-13
CONAB,Corn,1979/80,Yield,1665.4212975261141,KG/HA,2026-07-28
CONAB,Corn,1979/80,Yield,1665.4212975261141,KG/HA,2026-07-30
CONAB,Corn,1979/80,Yield,1665.4212975261141,KG/HA,2026-07-31
CONAB,Corn,1979/80,Yield,1665.4212975261141,KG/HA,2026-08-02
CONAB,Corn,1979/80,Yield,1665.4212975261141,KG/HA,2026-08-03
CONAB,Corn,1979/80,Yield,1665.4212975261141,KG/HA,2026-08-04
CONAB,Corn,1979/80,Yield,1665.4212975261141,KG/HA,2026-08-05
CONAB,Corn,1979/80,Yield,1665.4212975261141,KG/HA,2026-08-06
CONAB,Corn,1979/80,Yield,1665.4212975261141,KG/HA,2026-08-07
CONAB,Corn,1979/80,Yield,1665.4212975261141,KG/HA,2026-08-08
CONAB,Corn,1979/80,Yield,1665.4212975261141,KG/HA,2026-08-10
CONAB,Corn,1979/80,Yield,1665.4212975261141,KG/HA,2026-08-11
CONAB,Corn,1979/80,Yield,1665.4212975261141,KG/HA,2026-08-12
CONAB,Corn,1979/80,Yield,1665.4212975261141,KG/HA,2026-08-13
CONAB,Corn,1980/81,Area,12147.1,1000 HA,2026-07-28
CONAB,Corn,1980/81,Area,12147.1,1000 HA,2026-07-30
CONAB,Corn,1980/81,Area,12147.1,1000 HA,2026-07-31
CONAB,Corn,1980/81,Area,12147.1,1000 HA,2026-08-02
CONAB,Corn,1980/81,Area,12147.1,1000 HA,2026-08-03
CONAB,Corn,1980/81,Area,12147.1,1000 HA,2026-08-04
CONAB,Corn,1980/81,Area,12147.1,1000 HA,2026-08-05
CONAB,Corn,1980/81,Area,12147.1,1000 HA,2026-08-06
CONAB,Corn,1980/81,Area,12147.1,1000 HA,2026-08-07
CONAB,Corn,1980/81,Area,12147.1,1000 HA,2026-08-08
CONAB,Corn,1980/81,Area,12147.1,1000 HA,2026-08-10
CONAB,Corn,1980/81,Area,12147.1,1000 HA,2026-08-11
CONAB,Corn,1980/81,Area,12147.1,1000 HA,2026-08-12
CONAB,Corn,1980/81,Area,12147.1,1000 HA,2026-08-13
CONAB,Corn,1980/81,Production,21283.8,1000 MT,2026-07-28
CONAB,Corn,1980/81,Production,21283.8,1000 MT,2026-07-30
CONAB,Corn,1980/81,Production,21283.8,1000 MT,2026-07-31
CONAB,Corn,1980/81,Production,21283.8,1000 MT,2026-08-02
CONAB,Corn,1980/81,Production,21283.8,1000 MT,2026-08-03
CONAB,Corn,1980/81,Production,21283.8,1000 MT,2026-08-04
CONAB,Corn,1980/81,Production,21283.8,1000 MT,2026-08-05
CONAB,Corn,1980/81,Production,21283.8,1000 MT,2026-08-06
CONAB,Corn,1980/81,Production,21283.8,1000 MT,2026-08-07
CONAB,Corn,1980/81,Production,21283.8,1000 MT,2026-08-08
CONAB,Corn,1980/81,Production,21283.8,1000 MT,2026-08-10
CONAB,Corn,1980/81,Production,21283.8,1000 MT,2026-08-11
CONAB,Corn,1980/81,Production,21283.8,1000 MT,2026-08-12
CONAB,Corn,1980/81,Production,21283.8,1000 MT,2026-08-13
CONAB,Corn,1980/81,Yield,1752.1713001457138,KG/HA,2026-07-28
CONAB,Corn,1980/81,Yield,1752.1713001457138,KG/HA,2026-07-30
CONAB,Corn,1980/81,Yield,1752.1713001457138,KG/HA,2026-07-31
CONAB,Corn,1980/81,Yield,1752.1713001457138,KG/HA,2026-08-02
CONAB,Corn,1980/81,Yield,1752.1713001457138,KG/HA,2026-08-03
CONAB,Corn,1980/81,Yield,1752.1713001457138,KG/HA,2026-08-04
CONAB,Corn,1980/81,Yield,1752.1713001457138,KG/HA,2026-08-05
CONAB,Corn,1980/81,Yield,1752.1713001457138,KG/HA,2026-08-06
CONAB,Corn,1980/81,Yield,1752.1713001457138,KG/HA,2026-08-07
CONAB,Corn,1980/81,Yield,1752.1713001457138,KG/HA,2026-08-08
CONAB,Corn,1980/81,Yield,1752.1713001457138,KG/HA,2026-08-10
CONAB,Corn,1980/81,Yield,1752.1713001457138,KG/HA,2026-08-11
CONAB,Corn,1980/81,Yield,1752.1713001457138,KG/HA,2026-08-12
CONAB,Corn,1980/81,Yield,1752.1713001457138,KG/HA,2026-08-13
CONAB,Corn,1981/82,Area,12771.1,1000 HA,2026-07-28
CONAB,Corn,1981/82,Area,12771.1,1000 HA,2026-07-30
CONAB,Corn,1981/82,Area,12771.1,1000 HA,2026-07-31
CONAB,Corn,1981/82,Area,12771.1,1000 HA,2026-08-02
CONAB,Corn,1981/82,Area,12771.1,1000 HA,2026-08-03
CONAB,Corn,1981/82,Area,12771.1,1000 HA,2026-08-04
CONAB,Corn,1981/82,Area,12771.1,1000 HA,2026-08-05
CONAB,Corn,1981/82,Area,12771.1,1000 HA,2026-08-06
CONAB,Corn,1981/82,Area,12771.1,1000 HA,2026-08-07
CONAB,Corn,1981/82,Area,12771.1,1000 HA,2026-08-08
CONAB,Corn,1981/82,Area,12771.1,1000 HA,2026-08-10
CONAB,Corn,1981/82,Area,12771.1,1000 HA,2026-08-11
CONAB,Corn,1981/82,Area,12771.1,1000 HA,2026-08-12
CONAB,Corn,1981/82,Area,12771.1,1000 HA,2026-08-13
CONAB,Corn,1981/82,Production,21604.8,1000 MT,2026-07-28
CONAB,Corn,1981/82,Production,21604.8,1000 MT,2026-07-30
CONAB,Corn,1981/82,Production,21604.8,1000 MT,2026-07-31
CONAB,Corn,1981/82,Production,21604.8,1000 MT,2026-08-02
CONAB,Corn,1981/82,Production,21604.8,1000 MT,2026-08-03
CONAB,Corn,1981/82,Production,21604.8,1000 MT,2026-08-04
CONAB,Corn,1981/82,Production,21604.8,1000 MT,2026-08-05
CONAB,Corn,1981/82,Production,21604.8,1000 MT,2026-08-06
CONAB,Corn,1981/82,Production,21604.8,1000 MT,2026-08-07
CONAB,Corn,1981/82,Production,21604.8,1000 MT,2026-08-08
CONAB,Corn,1981/82,Production,21604.8,1000 MT,2026-08-10
CONAB,Corn,1981/82,Production,21604.8,1000 MT,2026-08-11
CONAB,Corn,1981/82,Production,21604.8,1000 MT,2026-08-12
CONAB,Corn,1981/82,Production,21604.8,1000 MT,2026-08-13
CONAB,Corn,1981/82,Yield,1691.6945290538795,KG/HA,2026-07-28
CONAB,Corn,1981/82,Yield,1691.6945290538795,KG/HA,2026-07-30
CONAB,Corn,1981/82,Yield,1691.6945290538795,KG/HA,2026-07-31
CONAB,Corn,1981/82,Yield,1691.6945290538795,KG/HA,2026-08-02
CONAB,Corn,1981/82,Yield,1691.6945290538795,KG/HA,2026-08-03
CONAB,Corn,1981/82,Yield,1691.6945290538795,KG/HA,2026-08-04
CONAB,Corn,1981/82,Yield,1691.6945290538795,KG/HA,2026-08-05
CONAB,Corn,1981/82,Yield,1691.6945290538795,KG/HA,2026-08-06
CONAB,Corn,1981/82,Yield,1691.6945290538795,KG/HA,2026-08-07
CONAB,Corn,1981/82,Yield,1691.6945290538795,KG/HA,2026-08-08
CONAB,Corn,1981/82,Yield,1691.6945290538795,KG/HA,2026-08-10
CONAB,Corn,1981/82,Yield,1691.6945290538795,KG/HA,2026-08-11
CONAB,Corn,1981/82,Yield,1691.6945290538795,KG/HA,2026-08-12
CONAB,Corn,1981/82,Yield,1691.6945290538795,KG/HA,2026-08-13
CONAB,Corn,1982/83,Area,11658.2,1000 HA,2026-07-28
CONAB,Corn,1982/83,Area,11658.2,1000 HA,2026-07-30
CONAB,Corn,1982/83,Area,11658.2,1000 HA,2026-07-31
CONAB,Corn,1982/83,Area,11658.2,1000 HA,2026-08-02
CONAB,Corn,1982/83,Area,11658.2,1000 HA,2026-08-03
CONAB,Corn,1982/83,Area,11658.2,1000 HA,2026-08-04
CONAB,Corn,1982/83,Area,11658.2,1000 HA,2026-08-05
CONAB,Corn,1982/83,Area,11658.2,1000 HA,2026-08-06
CONAB,Corn,1982/83,Area,11658.2,1000 HA,2026-08-07
CONAB,Corn,1982/83,Area,11658.2,1000 HA,2026-08-08
CONAB,Corn,1982/83,Area,11658.2,1000 HA,2026-08-10
CONAB,Corn,1982/83,Area,11658.2,1000 HA,2026-08-11
CONAB,Corn,1982/83,Area,11658.2,1000 HA,2026-08-12
CONAB,Corn,1982/83,Area,11658.2,1000 HA,2026-08-13
CONAB,Corn,1982/83,Production,19015.0,1000 MT,2026-07-28
CONAB,Corn,1982/83,Production,19015.0,1000 MT,2026-07-30
CONAB,Corn,1982/83,Production,19015.0,1000 MT,2026-07-31
CONAB,Corn,1982/83,Production,19015.0,1000 MT,2026-08-02
CONAB,Corn,1982/83,Production,19015.0,1000 MT,2026-08-03
CONAB,Corn,1982/83,Production,19015.0,1000 MT,2026-08-04
CONAB,Corn,1982/83,Production,19015.0,1000 MT,2026-08-05
CONAB,Corn,1982/83,Production,19015.0,1000 MT,2026-08-06
CONAB,Corn,1982/83,Production,19015.0,1000 MT,2026-08-07
CONAB,Corn,1982/83,Production,19015.0,1000 MT,2026-08-08
CONAB,Corn,1982/83,Production,19015.0,1000 MT,2026-08-10
CONAB,Corn,1982/83,Production,19015.0,1000 MT,2026-08-11
CONAB,Corn,1982/83,Production,19015.0,1000 MT,2026-08-12
CONAB,Corn,1982/83,Production,19015.0,1000 MT,2026-08-13
CONAB,Corn,1982/83,Yield,1631.040812475339,KG/HA,2026-07-28
CONAB,Corn,1982/83,Yield,1631.040812475339,KG/HA,2026-07-30
CONAB,Corn,1982/83,Yield,1631.040812475339,KG/HA,2026-07-31
CONAB,Corn,1982/83,Yield,1631.040812475339,KG/HA,2026-08-02
CONAB,Corn,1982/83,Yield,1631.040812475339,KG/HA,2026-08-03
CONAB,Corn,1982/83,Yield,1631.040812475339,KG/HA,2026-08-04
CONAB,Corn,1982/83,Yield,1631.040812475339,KG/HA,2026-08-05
CONAB,Corn,1982/83,Yield,1631.040812475339,KG/HA,2026-08-06
CONAB,Corn,1982/83,Yield,1631.040812475339,KG/HA,2026-08-07
CONAB,Corn,1982/83,Yield,1631.040812475339,KG/HA,2026-08-08
CONAB,Corn,1982/83,Yield,1631.040812475339,KG/HA,2026-08-10
CONAB,Corn,1982/83,Yield,1631.040812475339,KG/HA,2026-08-11
CONAB,Corn,1982/83,Yield,1631.040812475339,KG/HA,2026-08-12
CONAB,Corn,1982/83,Yield,1631.040812475339,KG/HA,2026-08-13
CONAB,Corn,1983/84,Area,12205.6,1000 HA,2026-07-28
CONAB,Corn,1983/84,Area,12205.6,1000 HA,2026-07-30
CONAB,Corn,1983/84,Area,12205.6,1000 HA,2026-07-31
CONAB,Corn,1983/84,Area,12205.6,1000 HA,2026-08-02
CONAB,Corn,1983/84,Area,12205.6,1000 HA,2026-08-03
CONAB,Corn,1983/84,Area,12205.6,1000 HA,2026-08-04
CONAB,Corn,1983/84,Area,12205.6,1000 HA,2026-08-05
CONAB,Corn,1983/84,Area,12205.6,1000 HA,2026-08-06
CONAB,Corn,1983/84,Area,12205.6,1000 HA,2026-08-07
CONAB,Corn,1983/84,Area,12205.6,1000 HA,2026-08-08
CONAB,Corn,1983/84,Area,12205.6,1000 HA,2026-08-10
CONAB,Corn,1983/84,Area,12205.6,1000 HA,2026-08-11
CONAB,Corn,1983/84,Area,12205.6,1000 HA,2026-08-12
CONAB,Corn,1983/84,Area,12205.6,1000 HA,2026-08-13
CONAB,Corn,1983/84,Production,21178.2,1000 MT,2026-07-28
CONAB,Corn,1983/84,Production,21178.2,1000 MT,2026-07-30
CONAB,Corn,1983/84,Production,21178.2,1000 MT,2026-07-31
CONAB,Corn,1983/84,Production,21178.2,1000 MT,2026-08-02
CONAB,Corn,1983/84,Production,21178.2,1000 MT,2026-08-03
CONAB,Corn,1983/84,Production,21178.2,1000 MT,2026-08-04
CONAB,Corn,1983/84,Production,21178.2,1000 MT,2026-08-05
CONAB,Corn,1983/84,Production,21178.2,1000 MT,2026-08-06
CONAB,Corn,1983/84,Production,21178.2,1000 MT,2026-08-07
CONAB,Corn,1983/84,Production,21178.2,1000 MT,2026-08-08
CONAB,Corn,1983/84,Production,21178.2,1000 MT,2026-08-10
CONAB,Corn,1983/84,Production,21178.2,1000 MT,2026-08-11
CONAB,Corn,1983/84,Production,21178.2,1000 MT,2026-08-12
CONAB,Corn,1983/84,Production,21178.2,1000 MT,2026-08-13
CONAB,Corn,1983/84,Yield,1735.1215835354262,KG/HA,2026-07-28
CONAB,Corn,1983/84,Yield,1735.1215835354262,KG/HA,2026-07-30
CONAB,Corn,1983/84,Yield,1735.1215835354262,KG/HA,2026-07-31
CONAB,Corn,1983/84,Yield,1735.1215835354262,KG/HA,2026-08-02
CONAB,Corn,1983/84,Yield,1735.1215835354262,KG/HA,2026-08-03
CONAB,Corn,1983/84,Yield,1735.1215835354262,KG/HA,2026-08-04
CONAB,Corn,1983/84,Yield,1735.1215835354262,KG/HA,2026-08-05
CONAB,Corn,1983/84,Yield,1735.1215835354262,KG/HA,2026-08-06
CONAB,Corn,1983/84,Yield,1735.1215835354262,KG/HA,2026-08-07
CONAB,Corn,1983/84,Yield,1735.1215835354262,KG/HA,2026-08-08
CONAB,Corn,1983/84,Yield,1735.1215835354262,KG/HA,2026-08-10
CONAB,Corn,1983/84,Yield,1735.1215835354262,KG/HA,2026-08-11
CONAB,Corn,1983/84,Yield,1735.1215835354262,KG/HA,2026-08-12
CONAB,Corn,1983/84,Yield,1735.1215835354262,KG/HA,2026-08-13
CONAB,Corn,1984/85,Area,11940.2,1000 HA,2026-07-28
CONAB,Corn,1984/85,Area,11940.2,1000 HA,2026-07-30
CONAB,Corn,1984/85,Area,11940.2,1000 HA,2026-07-31
CONAB,Corn,1984/85,Area,11940.2,1000 HA,2026-08-02
CONAB,Corn,1984/85,Area,11940.2,1000 HA,2026-08-03
CONAB,Corn,1984/85,Area,11940.2,1000 HA,2026-08-04
CONAB,Corn,1984/85,Area,11940.2,1000 HA,2026-08-05
CONAB,Corn,1984/85,Area,11940.2,1000 HA,2026-08-06
CONAB,Corn,1984/85,Area,11940.2,1000 HA,2026-08-07
CONAB,Corn,1984/85,Area,11940.2,1000 HA,2026-08-08
CONAB,Corn,1984/85,Area,11940.2,1000 HA,2026-08-10
CONAB,Corn,1984/85,Area,11940.2,1000 HA,2026-08-11
CONAB,Corn,1984/85,Area,11940.2,1000 HA,2026-08-12
CONAB,Corn,1984/85,Area,11940.2,1000 HA,2026-08-13
CONAB,Corn,1984/85,Production,21174.7,1000 MT,2026-07-28
CONAB,Corn,1984/85,Production,21174.7,1000 MT,2026-07-30
CONAB,Corn,1984/85,Production,21174.7,1000 MT,2026-07-31
CONAB,Corn,1984/85,Production,21174.7,1000 MT,2026-08-02
CONAB,Corn,1984/85,Production,21174.7,1000 MT,2026-08-03
CONAB,Corn,1984/85,Production,21174.7,1000 MT,2026-08-04
CONAB,Corn,1984/85,Production,21174.7,1000 MT,2026-08-05
CONAB,Corn,1984/85,Production,21174.7,1000 MT,2026-08-06
CONAB,Corn,1984/85,Production,21174.7,1000 MT,2026-08-07
CONAB,Corn,1984/85,Production,21174.7,1000 MT,2026-08-08
CONAB,Corn,1984/85,Production,21174.7,1000 MT,2026-08-10
CONAB,Corn,1984/85,Production,21174.7,1000 MT,2026-08-11
CONAB,Corn,1984/85,Production,21174.7,1000 MT,2026-08-12
CONAB,Corn,1984/85,Production,21174.7,1000 MT,2026-08-13
CONAB,Corn,1984/85,Yield,1773.3957555149827,KG/HA,2026-07-28
CONAB,Corn,1984/85,Yield,1773.3957555149827,KG/HA,2026-07-30
CONAB,Corn,1984/85,Yield,1773.3957555149827,KG/HA,2026-07-31
CONAB,Corn,1984/85,Yield,1773.3957555149827,KG/HA,2026-08-02
CONAB,Corn,1984/85,Yield,1773.3957555149827,KG/HA,2026-08-03
CONAB,Corn,1984/85,Yield,1773.3957555149827,KG/HA,2026-08-04
CONAB,Corn,1984/85,Yield,1773.3957555149827,KG/HA,2026-08-05
CONAB,Corn,1984/85,Yield,1773.3957555149827,KG/HA,2026-08-06
CONAB,Corn,1984/85,Yield,1773.3957555149827,KG/HA,2026-08-07
CONAB,Corn,1984/85,Yield,1773.3957555149827,KG/HA,2026-08-08
CONAB,Corn,1984/85,Yield,1773.3957555149827,KG/HA,2026-08-10
CONAB,Corn,1984/85,Yield,1773.3957555149827,KG/HA,2026-08-11
CONAB,Corn,1984/85,Yield,1773.3957555149827,KG/HA,2026-08-12
CONAB,Corn,1984/85,Yield,1773.3957555149827,KG/HA,2026-08-13
CONAB,Corn,1985/86,Area,13083.5,1000 HA,2026-07-28
CONAB,Corn,1985/86,Area,13083.5,1000 HA,2026-07-30
CONAB,Corn,1985/86,Area,13083.5,1000 HA,2026-07-31
CONAB,Corn,1985/86,Area,13083.5,1000 HA,2026-08-02
CONAB,Corn,1985/86,Area,13083.5,1000 HA,2026-08-03
CONAB,Corn,1985/86,Area,13083.5,1000 HA,2026-08-04
CONAB,Corn,1985/86,Area,13083.5,1000 HA,2026-08-05
CONAB,Corn,1985/86,Area,13083.5,1000 HA,2026-08-06
CONAB,Corn,1985/86,Area,13083.5,1000 HA,2026-08-07
CONAB,Corn,1985/86,Area,13083.5,1000 HA,2026-08-08
CONAB,Corn,1985/86,Area,13083.5,1000 HA,2026-08-10
CONAB,Corn,1985/86,Area,13083.5,1000 HA,2026-08-11
CONAB,Corn,1985/86,Area,13083.5,1000 HA,2026-08-12
CONAB,Corn,1985/86,Area,13083.5,1000 HA,2026-08-13
CONAB,Corn,1985/86,Production,20264.8,1000 MT,2026-07-28
CONAB,Corn,1985/86,Production,20264.8,1000 MT,2026-07-30
CONAB,Corn,1985/86,Production,20264.8,1000 MT,2026-07-31
CONAB,Corn,1985/86,Production,20264.8,1000 MT,2026-08-02
CONAB,Corn,1985/86,Production,20264.8,1000 MT,2026-08-03
CONAB,Corn,1985/86,Production,20264.8,1000 MT,2026-08-04
CONAB,Corn,1985/86,Production,20264.8,1000 MT,2026-08-05
CONAB,Corn,1985/86,Production,20264.8,1000 MT,2026-08-06
CONAB,Corn,1985/86,Production,20264.8,1000 MT,2026-08-07
CONAB,Corn,1985/86,Production,20264.8,1000 MT,2026-08-08
CONAB,Corn,1985/86,Production,20264.8,1000 MT,2026-08-10
CONAB,Corn,1985/86,Production,20264.8,1000 MT,2026-08-11
CONAB,Corn,1985/86,Production,20264.8,1000 MT,2026-08-12
CONAB,Corn,1985/86,Production,20264.8,1000 MT,2026-08-13
CONAB,Corn,1985/86,Yield,1548.8821798448428,KG/HA,2026-07-28
CONAB,Corn,1985/86,Yield,1548.8821798448428,KG/HA,2026-07-30
CONAB,Corn,1985/86,Yield,1548.8821798448428,KG/HA,2026-07-31
CONAB,Corn,1985/86,Yield,1548.8821798448428,KG/HA,2026-08-02
CONAB,Corn,1985/86,Yield,1548.8821798448428,KG/HA,2026-08-03
CONAB,Corn,1985/86,Yield,1548.8821798448428,KG/HA,2026-08-04
CONAB,Corn,1985/86,Yield,1548.8821798448428,KG/HA,2026-08-05
CONAB,Corn,1985/86,Yield,1548.8821798448428,KG/HA,2026-08-06
CONAB,Corn,1985/86,Yield,1548.8821798448428,KG/HA,2026-08-07
CONAB,Corn,1985/86,Yield,1548.8821798448428,KG/HA,2026-08-08
CONAB,Corn,1985/86,Yield,1548.8821798448428,KG/HA,2026-08-10
CONAB,Corn,1985/86,Yield,1548.8821798448428,KG/HA,2026-08-11
CONAB,Corn,1985/86,Yield,1548.8821798448428,KG/HA,2026-08-12
CONAB,Corn,1985/86,Yield,1548.8821798448428,KG/HA,2026-08-13
CONAB,Corn,1986/87,Area,14610.4,1000 HA,2026-07-28
CONAB,Corn,1986/87,Area,14610.4,1000 HA,2026-07-30
CONAB,Corn,1986/87,Area,14610.4,1000 HA,2026-07-31
CONAB,Corn,1986/87,Area,14610.4,1000 HA,2026-08-02
CONAB,Corn,1986/87,Area,14610.4,1000 HA,2026-08-03
CONAB,Corn,1986/87,Area,14610.4,1000 HA,2026-08-04
CONAB,Corn,1986/87,Area,14610.4,1000 HA,2026-08-05
CONAB,Corn,1986/87,Area,14610.4,1000 HA,2026-08-06
CONAB,Corn,1986/87,Area,14610.4,1000 HA,2026-08-07
CONAB,Corn,1986/87,Area,14610.4,1000 HA,2026-08-08
CONAB,Corn,1986/87,Area,14610.4,1000 HA,2026-08-10
CONAB,Corn,1986/87,Area,14610.4,1000 HA,2026-08-11
CONAB,Corn,1986/87,Area,14610.4,1000 HA,2026-08-12
CONAB,Corn,1986/87,Area,14610.4,1000 HA,2026-08-13
CONAB,Corn,1986/87,Production,26759.0,1000 MT,2026-07-28
CONAB,Corn,1986/87,Production,26759.0,1000 MT,2026-07-30
CONAB,Corn,1986/87,Production,26759.0,1000 MT,2026-07-31
CONAB,Corn,1986/87,Production,26759.0,1000 MT,2026-08-02
CONAB,Corn,1986/87,Production,26759.0,1000 MT,2026-08-03
CONAB,Corn,1986/87,Production,26759.0,1000 MT,2026-08-04
CONAB,Corn,1986/87,Production,26759.0,1000 MT,2026-08-05
CONAB,Corn,1986/87,Production,26759.0,1000 MT,2026-08-06
CONAB,Corn,1986/87,Production,26759.0,1000 MT,2026-08-07
CONAB,Corn,1986/87,Production,26759.0,1000 MT,2026-08-08
CONAB,Corn,1986/87,Production,26759.0,1000 MT,2026-08-10
CONAB,Corn,1986/87,Production,26759.0,1000 MT,2026-08-11
CONAB,Corn,1986/87,Production,26759.0,1000 MT,2026-08-12
CONAB,Corn,1986/87,Production,26759.0,1000 MT,2026-08-13
CONAB,Corn,1986/87,Yield,1831.5035864863385,KG/HA,2026-07-28
CONAB,Corn,1986/87,Yield,1831.5035864863385,KG/HA,2026-07-30
CONAB,Corn,1986/87,Yield,1831.5035864863385,KG/HA,2026-07-31
CONAB,Corn,1986/87,Yield,1831.5035864863385,KG/HA,2026-08-02
CONAB,Corn,1986/87,Yield,1831.5035864863385,KG/HA,2026-08-03
CONAB,Corn,1986/87,Yield,1831.5035864863385,KG/HA,2026-08-04
CONAB,Corn,1986/87,Yield,1831.5035864863385,KG/HA,2026-08-05
CONAB,Corn,1986/87,Yield,1831.5035864863385,KG/HA,2026-08-06
CONAB,Corn,1986/87,Yield,1831.5035864863385,KG/HA,2026-08-07
CONAB,Corn,1986/87,Yield,1831.5035864863385,KG/HA,2026-08-08
CONAB,Corn,1986/87,Yield,1831.5035864863385,KG/HA,2026-08-10
CONAB,Corn,1986/87,Yield,1831.5035864863385,KG/HA,2026-08-11
CONAB,Corn,1986/87,Yield,1831.5035864863385,KG/HA,2026-08-12
CONAB,Corn,1986/87,Yield,1831.5035864863385,KG/HA,2026-08-13
CONAB,Corn,1987/88,Area,13411.1,1000 HA,2026-07-28
CONAB,Corn,1987/88,Area,13411.1,1000 HA,2026-07-30
CONAB,Corn,1987/88,Area,13411.1,1000 HA,2026-07-31
CONAB,Corn,1987/88,Area,13411.1,1000 HA,2026-08-02
CONAB,Corn,1987/88,Area,13411.1,1000 HA,2026-08-03
CONAB,Corn,1987/88,Area,13411.1,1000 HA,2026-08-04
CONAB,Corn,1987/88,Area,13411.1,1000 HA,2026-08-05
CONAB,Corn,1987/88,Area,13411.1,1000 HA,2026-08-06
CONAB,Corn,1987/88,Area,13411.1,1000 HA,2026-08-07
CONAB,Corn,1987/88,Area,13411.1,1000 HA,2026-08-08
CONAB,Corn,1987/88,Area,13411.1,1000 HA,2026-08-10
CONAB,Corn,1987/88,Area,13411.1,1000 HA,2026-08-11
CONAB,Corn,1987/88,Area,13411.1,1000 HA,2026-08-12
CONAB,Corn,1987/88,Area,13411.1,1000 HA,2026-08-13
CONAB,Corn,1987/88,Production,25224.3,1000 MT,2026-07-28
CONAB,Corn,1987/88,Production,25224.3,1000 MT,2026-07-30
CONAB,Corn,1987/88,Production,25224.3,1000 MT,2026-07-31
CONAB,Corn,1987/88,Production,25224.3,1000 MT,2026-08-02
CONAB,Corn,1987/88,Production,25224.3,1000 MT,2026-08-03
CONAB,Corn,1987/88,Production,25224.3,1000 MT,2026-08-04
CONAB,Corn,1987/88,Production,25224.3,1000 MT,2026-08-05
CONAB,Corn,1987/88,Production,25224.3,1000 MT,2026-08-06
CONAB,Corn,1987/88,Production,25224.3,1000 MT,2026-08-07
CONAB,Corn,1987/88,Production,25224.3,1000 MT,2026-08-08
CONAB,Corn,1987/88,Production,25224.3,1000 MT,2026-08-10
CONAB,Corn,1987/88,Production,25224.3,1000 MT,2026-08-11
CONAB,Corn,1987/88,Production,25224.3,1000 MT,2026-08-12
CONAB,Corn,1987/88,Production,25224.3,1000 MT,2026-08-13
CONAB,Corn,1987/88,Yield,1880.8524282124508,KG/HA,2026-07-28
CONAB,Corn,1987/88,Yield,1880.8524282124508,KG/HA,2026-07-30
CONAB,Corn,1987/88,Yield,1880.8524282124508,KG/HA,2026-07-31
CONAB,Corn,1987/88,Yield,1880.8524282124508,KG/HA,2026-08-02
CONAB,Corn,1987/88,Yield,1880.8524282124508,KG/HA,2026-08-03
CONAB,Corn,1987/88,Yield,1880.8524282124508,KG/HA,2026-08-04
CONAB,Corn,1987/88,Yield,1880.8524282124508,KG/HA,2026-08-05
CONAB,Corn,1987/88,Yield,1880.8524282124508,KG/HA,2026-08-06
CONAB,Corn,1987/88,Yield,1880.8524282124508,KG/HA,2026-08-07
CONAB,Corn,1987/88,Yield,1880.8524282124508,KG/HA,2026-08-08
CONAB,Corn,1987/88,Yield,1880.8524282124508,KG/HA,2026-08-10
CONAB,Corn,1987/88,Yield,1880.8524282124508,KG/HA,2026-08-11
CONAB,Corn,1987/88,Yield,1880.8524282124508,KG/HA,2026-08-12
CONAB,Corn,1987/88,Yield,1880.8524282124508,KG/HA,2026-08-13
CONAB,Corn,1988/89,Area,12974.2,1000 HA,2026-07-28
CONAB,Corn,1988/89,Area,12974.2,1000 HA,2026-07-30
CONAB,Corn,1988/89,Area,12974.2,1000 HA,2026-07-31
CONAB,Corn,1988/89,Area,12974.2,1000 HA,2026-08-02
CONAB,Corn,1988/89,Area,12974.2,1000 HA,2026-08-03
CONAB,Corn,1988/89,Area,12974.2,1000 HA,2026-08-04
CONAB,Corn,1988/89,Area,12974.2,1000 HA,2026-08-05
CONAB,Corn,1988/89,Area,12974.2,1000 HA,2026-08-06
CONAB,Corn,1988/89,Area,12974.2,1000 HA,2026-08-07
CONAB,Corn,1988/89,Area,12974.2,1000 HA,2026-08-08
CONAB,Corn,1988/89,Area,12974.2,1000 HA,2026-08-10
CONAB,Corn,1988/89,Area,12974.2,1000 HA,2026-08-11
CONAB,Corn,1988/89,Area,12974.2,1000 HA,2026-08-12
CONAB,Corn,1988/89,Area,12974.2,1000 HA,2026-08-13
CONAB,Corn,1988/89,Production,26267.5,1000 MT,2026-07-28
CONAB,Corn,1988/89,Production,26267.5,1000 MT,2026-07-30
CONAB,Corn,1988/89,Production,26267.5,1000 MT,2026-07-31
CONAB,Corn,1988/89,Production,26267.5,1000 MT,2026-08-02
CONAB,Corn,1988/89,Production,26267.5,1000 MT,2026-08-03
CONAB,Corn,1988/89,Production,26267.5,1000 MT,2026-08-04
CONAB,Corn,1988/89,Production,26267.5,1000 MT,2026-08-05
CONAB,Corn,1988/89,Production,26267.5,1000 MT,2026-08-06
CONAB,Corn,1988/89,Production,26267.5,1000 MT,2026-08-07
CONAB,Corn,1988/89,Production,26267.5,1000 MT,2026-08-08
CONAB,Corn,1988/89,Production,26267.5,1000 MT,2026-08-10
CONAB,Corn,1988/89,Production,26267.5,1000 MT,2026-08-11
CONAB,Corn,1988/89,Production,26267.5,1000 MT,2026-08-12
CONAB,Corn,1988/89,Production,26267.5,1000 MT,2026-08-13
CONAB,Corn,1988/89,Yield,2024.5949653928562,KG/HA,2026-07-28
CONAB,Corn,1988/89,Yield,2024.5949653928562,KG/HA,2026-07-30
CONAB,Corn,1988/89,Yield,2024.5949653928562,KG/HA,2026-07-31
CONAB,Corn,1988/89,Yield,2024.5949653928562,KG/HA,2026-08-02
CONAB,Corn,1988/89,Yield,2024.5949653928562,KG/HA,2026-08-03
CONAB,Corn,1988/89,Yield,2024.5949653928562,KG/HA,2026-08-04
CONAB,Corn,1988/89,Yield,2024.5949653928562,KG/HA,2026-08-05
CONAB,Corn,1988/89,Yield,2024.5949653928562,KG/HA,2026-08-06
CONAB,Corn,1988/89,Yield,2024.5949653928562,KG/HA,2026-08-07
CONAB,Corn,1988/89,Yield,2024.5949653928562,KG/HA,2026-08-08
CONAB,Corn,1988/89,Yield,2024.5949653928562,KG/HA,2026-08-10
CONAB,Corn,1988/89,Yield,2024.5949653928562,KG/HA,2026-08-11
CONAB,Corn,1988/89,Yield,2024.5949653928562,KG/HA,2026-08-12
CONAB,Corn,1988/89,Yield,2024.5949653928562,KG/HA,2026-08-13
CONAB,Corn,1989/90,Area,12092.7,1000 HA,2026-07-28
CONAB,Corn,1989/90,Area,12092.7,1000 HA,2026-07-30
CONAB,Corn,1989/90,Area,12092.7,1000 HA,2026-07-31
CONAB,Corn,1989/90,Area,12092.7,1000 HA,2026-08-02
CONAB,Corn,1989/90,Area,12092.7,1000 HA,2026-08-03
CONAB,Corn,1989/90,Area,12092.7,1000 HA,2026-08-04
CONAB,Corn,1989/90,Area,12092.7,1000 HA,2026-08-05
CONAB,Corn,1989/90,Area,12092.7,1000 HA,2026-08-06
CONAB,Corn,1989/90,Area,12092.7,1000 HA,2026-08-07
CONAB,Corn,1989/90,Area,12092.7,1000 HA,2026-08-08
CONAB,Corn,1989/90,Area,12092.7,1000 HA,2026-08-10
CONAB,Corn,1989/90,Area,12092.7,1000 HA,2026-08-11
CONAB,Corn,1989/90,Area,12092.7,1000 HA,2026-08-12
CONAB,Corn,1989/90,Area,12092.7,1000 HA,2026-08-13
CONAB,Corn,1989/90,Production,22257.8,1000 MT,2026-07-28
CONAB,Corn,1989/90,Production,22257.8,1000 MT,2026-07-30
CONAB,Corn,1989/90,Production,22257.8,1000 MT,2026-07-31
CONAB,Corn,1989/90,Production,22257.8,1000 MT,2026-08-02
CONAB,Corn,1989/90,Production,22257.8,1000 MT,2026-08-03
CONAB,Corn,1989/90,Production,22257.8,1000 MT,2026-08-04
CONAB,Corn,1989/90,Production,22257.8,1000 MT,2026-08-05
CONAB,Corn,1989/90,Production,22257.8,1000 MT,2026-08-06
CONAB,Corn,1989/90,Production,22257.8,1000 MT,2026-08-07
CONAB,Corn,1989/90,Production,22257.8,1000 MT,2026-08-08
CONAB,Corn,1989/90,Production,22257.8,1000 MT,2026-08-10
CONAB,Corn,1989/90,Production,22257.8,1000 MT,2026-08-11
CONAB,Corn,1989/90,Production,22257.8,1000 MT,2026-08-12
CONAB,Corn,1989/90,Production,22257.8,1000 MT,2026-08-13
CONAB,Corn,1989/90,Yield,1840.5980467554803,KG/HA,2026-07-28
CONAB,Corn,1989/90,Yield,1840.5980467554803,KG/HA,2026-07-30
CONAB,Corn,1989/90,Yield,1840.5980467554803,KG/HA,2026-07-31
CONAB,Corn,1989/90,Yield,1840.5980467554803,KG/HA,2026-08-02
CONAB,Corn,1989/90,Yield,1840.5980467554803,KG/HA,2026-08-03
CONAB,Corn,1989/90,Yield,1840.5980467554803,KG/HA,2026-08-04
CONAB,Corn,1989/90,Yield,1840.5980467554803,KG/HA,2026-08-05
CONAB,Corn,1989/90,Yield,1840.5980467554803,KG/HA,2026-08-06
CONAB,Corn,1989/90,Yield,1840.5980467554803,KG/HA,2026-08-07
CONAB,Corn,1989/90,Yield,1840.5980467554803,KG/HA,2026-08-08
CONAB,Corn,1989/90,Yield,1840.5980467554803,KG/HA,2026-08-10
CONAB,Corn,1989/90,Yield,1840.5980467554803,KG/HA,2026-08-11
CONAB,Corn,1989/90,Yield,1840.5980467554803,KG/HA,2026-08-12
CONAB,Corn,1989/90,Yield,1840.5980467554803,KG/HA,2026-08-13
CONAB,Corn,1990/91,Area,13451.4,1000 HA,2026-07-28
CONAB,Corn,1990/91,Area,13451.4,1000 HA,2026-07-30
CONAB,Corn,1990/91,Area,13451.4,1000 HA,2026-07-31
CONAB,Corn,1990/91,Area,13451.4,1000 HA,2026-08-02
CONAB,Corn,1990/91,Area,13451.4,1000 HA,2026-08-03
CONAB,Corn,1990/91,Area,13451.4,1000 HA,2026-08-04
CONAB,Corn,1990/91,Area,13451.4,1000 HA,2026-08-05
CONAB,Corn,1990/91,Area,13451.4,1000 HA,2026-08-06
CONAB,Corn,1990/91,Area,13451.4,1000 HA,2026-08-07
CONAB,Corn,1990/91,Area,13451.4,1000 HA,2026-08-08
CONAB,Corn,1990/91,Area,13451.4,1000 HA,2026-08-10
CONAB,Corn,1990/91,Area,13451.4,1000 HA,2026-08-11
CONAB,Corn,1990/91,Area,13451.4,1000 HA,2026-08-12
CONAB,Corn,1990/91,Area,13451.4,1000 HA,2026-08-13
CONAB,Corn,1990/91,Production,24096.1,1000 MT,2026-07-28
CONAB,Corn,1990/91,Production,24096.1,1000 MT,2026-07-30
CONAB,Corn,1990/91,Production,24096.1,1000 MT,2026-07-31
CONAB,Corn,1990/91,Production,24096.1,1000 MT,2026-08-02
CONAB,Corn,1990/91,Production,24096.1,1000 MT,2026-08-03
CONAB,Corn,1990/91,Production,24096.1,1000 MT,2026-08-04
CONAB,Corn,1990/91,Production,24096.1,1000 MT,2026-08-05
CONAB,Corn,1990/91,Production,24096.1,1000 MT,2026-08-06
CONAB,Corn,1990/91,Production,24096.1,1000 MT,2026-08-07
CONAB,Corn,1990/91,Production,24096.1,1000 MT,2026-08-08
CONAB,Corn,1990/91,Production,24096.1,1000 MT,2026-08-10
CONAB,Corn,1990/91,Production,24096.1,1000 MT,2026-08-11
CONAB,Corn,1990/91,Production,24096.1,1000 MT,2026-08-12
CONAB,Corn,1990/91,Production,24096.1,1000 MT,2026-08-13
CONAB,Corn,1990/91,Yield,1791.3451387959617,KG/HA,2026-07-28
CONAB,Corn,1990/91,Yield,1791.3451387959617,KG/HA,2026-07-30
CONAB,Corn,1990/91,Yield,1791.3451387959617,KG/HA,2026-07-31
CONAB,Corn,1990/91,Yield,1791.3451387959617,KG/HA,2026-08-02
CONAB,Corn,1990/91,Yield,1791.3451387959617,KG/HA,2026-08-03
CONAB,Corn,1990/91,Yield,1791.3451387959617,KG/HA,2026-08-04
CONAB,Corn,1990/91,Yield,1791.3451387959617,KG/HA,2026-08-05
CONAB,Corn,1990/91,Yield,1791.3451387959617,KG/HA,2026-08-06
CONAB,Corn,1990/91,Yield,1791.3451387959617,KG/HA,2026-08-07
CONAB,Corn,1990/91,Yield,1791.3451387959617,KG/HA,2026-08-08
CONAB,Corn,1990/91,Yield,1791.3451387959617,KG/HA,2026-08-10
CONAB,Corn,1990/91,Yield,1791.3451387959617,KG/HA,2026-08-11
CONAB,Corn,1990/91,Yield,1791.3451387959617,KG/HA,2026-08-12
CONAB,Corn,1990/91,Yield,1791.3451387959617,KG/HA,2026-08-13
CONAB,Corn,1991/92,Area,14027.1,1000 HA,2026-07-28
CONAB,Corn,1991/92,Area,14027.1,1000 HA,2026-07-30
CONAB,Corn,1991/92,Area,14027.1,1000 HA,2026-07-31
CONAB,Corn,1991/92,Area,14027.1,1000 HA,2026-08-02
CONAB,Corn,1991/92,Area,14027.1,1000 HA,2026-08-03
CONAB,Corn,1991/92,Area,14027.1,1000 HA,2026-08-04
CONAB,Corn,1991/92,Area,14027.1,1000 HA,2026-08-05
CONAB,Corn,1991/92,Area,14027.1,1000 HA,2026-08-06
CONAB,Corn,1991/92,Area,14027.1,1000 HA,2026-08-07
CONAB,Corn,1991/92,Area,14027.1,1000 HA,2026-08-08
CONAB,Corn,1991/92,Area,14027.1,1000 HA,2026-08-10
CONAB,Corn,1991/92,Area,14027.1,1000 HA,2026-08-11
CONAB,Corn,1991/92,Area,14027.1,1000 HA,2026-08-12
CONAB,Corn,1991/92,Area,14027.1,1000 HA,2026-08-13
CONAB,Corn,1991/92,Production,30771.199999999997,1000 MT,2026-07-28
CONAB,Corn,1991/92,Production,30771.199999999997,1000 MT,2026-07-30
CONAB,Corn,1991/92,Production,30771.199999999997,1000 MT,2026-07-31
CONAB,Corn,1991/92,Production,30771.199999999997,1000 MT,2026-08-02
CONAB,Corn,1991/92,Production,30771.199999999997,1000 MT,2026-08-03
CONAB,Corn,1991/92,Production,30771.199999999997,1000 MT,2026-08-04
CONAB,Corn,1991/92,Production,30771.199999999997,1000 MT,2026-08-05
CONAB,Corn,1991/92,Production,30771.199999999997,1000 MT,2026-08-06
CONAB,Corn,1991/92,Production,30771.199999999997,1000 MT,2026-08-07
CONAB,Corn,1991/92,Production,30771.199999999997,1000 MT,2026-08-08
CONAB,Corn,1991/92,Production,30771.199999999997,1000 MT,2026-08-10
CONAB,Corn,1991/92,Production,30771.199999999997,1000 MT,2026-08-11
CONAB,Corn,1991/92,Production,30771.199999999997,1000 MT,2026-08-12
CONAB,Corn,1991/92,Production,30771.199999999997,1000 MT,2026-08-13
CONAB,Corn,1991/92,Yield,2193.696487513456,KG/HA,2026-07-28
CONAB,Corn,1991/92,Yield,2193.696487513456,KG/HA,2026-07-30
CONAB,Corn,1991/92,Yield,2193.696487513456,KG/HA,2026-07-31
CONAB,Corn,1991/92,Yield,2193.696487513456,KG/HA,2026-08-02
CONAB,Corn,1991/92,Yield,2193.696487513456,KG/HA,2026-08-03
CONAB,Corn,1991/92,Yield,2193.696487513456,KG/HA,2026-08-04
CONAB,Corn,1991/92,Yield,2193.696487513456,KG/HA,2026-08-05
CONAB,Corn,1991/92,Yield,2193.696487513456,KG/HA,2026-08-06
CONAB,Corn,1991/92,Yield,2193.696487513456,KG/HA,2026-08-07
CONAB,Corn,1991/92,Yield,2193.696487513456,KG/HA,2026-08-08
CONAB,Corn,1991/92,Yield,2193.696487513456,KG/HA,2026-08-10
CONAB,Corn,1991/92,Yield,2193.696487513456,KG/HA,2026-08-11
CONAB,Corn,1991/92,Yield,2193.696487513456,KG/HA,2026-08-12
CONAB,Corn,1991/92,Yield,2193.696487513456,KG/HA,2026-08-13
CONAB,Corn,1992/93,Area,12436.3,1000 HA,2026-07-28
CONAB,Corn,1992/93,Area,12436.3,1000 HA,2026-07-30
CONAB,Corn,1992/93,Area,12436.3,1000 HA,2026-07-31
CONAB,Corn,1992/93,Area,12436.3,1000 HA,2026-08-02
CONAB,Corn,1992/93,Area,12436.3,1000 HA,2026-08-03
CONAB,Corn,1992/93,Area,12436.3,1000 HA,2026-08-04
CONAB,Corn,1992/93,Area,12436.3,1000 HA,2026-08-05
CONAB,Corn,1992/93,Area,12436.3,1000 HA,2026-08-06
CONAB,Corn,1992/93,Area,12436.3,1000 HA,2026-08-07
CONAB,Corn,1992/93,Area,12436.3,1000 HA,2026-08-08
CONAB,Corn,1992/93,Area,12436.3,1000 HA,2026-08-10
CONAB,Corn,1992/93,Area,12436.3,1000 HA,2026-08-11
CONAB,Corn,1992/93,Area,12436.3,1000 HA,2026-08-12
CONAB,Corn,1992/93,Area,12436.3,1000 HA,2026-08-13
CONAB,Corn,1992/93,Production,29207.7,1000 MT,2026-07-28
CONAB,Corn,1992/93,Production,29207.7,1000 MT,2026-07-30
CONAB,Corn,1992/93,Production,29207.7,1000 MT,2026-07-31
CONAB,Corn,1992/93,Production,29207.7,1000 MT,2026-08-02
CONAB,Corn,1992/93,Production,29207.7,1000 MT,2026-08-03
CONAB,Corn,1992/93,Production,29207.7,1000 MT,2026-08-04
CONAB,Corn,1992/93,Production,29207.7,1000 MT,2026-08-05
CONAB,Corn,1992/93,Production,29207.7,1000 MT,2026-08-06
CONAB,Corn,1992/93,Production,29207.7,1000 MT,2026-08-07
CONAB,Corn,1992/93,Production,29207.7,1000 MT,2026-08-08
CONAB,Corn,1992/93,Production,29207.7,1000 MT,2026-08-10
CONAB,Corn,1992/93,Production,29207.7,1000 MT,2026-08-11
CONAB,Corn,1992/93,Production,29207.7,1000 MT,2026-08-12
CONAB,Corn,1992/93,Production,29207.7,1000 MT,2026-08-13
CONAB,Corn,1992/93,Yield,2348.584386031215,KG/HA,2026-07-28
CONAB,Corn,1992/93,Yield,2348.584386031215,KG/HA,2026-07-30
CONAB,Corn,1992/93,Yield,2348.584386031215,KG/HA,2026-07-31
CONAB,Corn,1992/93,Yield,2348.584386031215,KG/HA,2026-08-02
CONAB,Corn,1992/93,Yield,2348.584386031215,KG/HA,2026-08-03
CONAB,Corn,1992/93,Yield,2348.584386031215,KG/HA,2026-08-04
CONAB,Corn,1992/93,Yield,2348.584386031215,KG/HA,2026-08-05
CONAB,Corn,1992/93,Yield,2348.584386031215,KG/HA,2026-08-06
CONAB,Corn,1992/93,Yield,2348.584386031215,KG/HA,2026-08-07
CONAB,Corn,1992/93,Yield,2348.584386031215,KG/HA,2026-08-08
CONAB,Corn,1992/93,Yield,2348.584386031215,KG/HA,2026-08-10
CONAB,Corn,1992/93,Yield,2348.584386031215,KG/HA,2026-08-11
CONAB,Corn,1992/93,Yield,2348.584386031215,KG/HA,2026-08-12
CONAB,Corn,1992/93,Yield,2348.584386031215,KG/HA,2026-08-13
CONAB,Corn,1993/94,Area,14151.699999999999,1000 HA,2026-07-28
CONAB,Corn,1993/94,Area,14151.699999999999,1000 HA,2026-07-30
CONAB,Corn,1993/94,Area,14151.699999999999,1000 HA,2026-07-31
CONAB,Corn,1993/94,Area,14151.699999999999,1000 HA,2026-08-02
CONAB,Corn,1993/94,Area,14151.699999999999,1000 HA,2026-08-03
CONAB,Corn,1993/94,Area,14151.699999999999,1000 HA,2026-08-04
CONAB,Corn,1993/94,Area,14151.699999999999,1000 HA,2026-08-05
CONAB,Corn,1993/94,Area,14151.699999999999,1000 HA,2026-08-06
CONAB,Corn,1993/94,Area,14151.699999999999,1000 HA,2026-08-07
CONAB,Corn,1993/94,Area,14151.699999999999,1000 HA,2026-08-08
CONAB,Corn,1993/94,Area,14151.699999999999,1000 HA,2026-08-10
CONAB,Corn,1993/94,Area,14151.699999999999,1000 HA,2026-08-11
CONAB,Corn,1993/94,Area,14151.699999999999,1000 HA,2026-08-12
CONAB,Corn,1993/94,Area,14151.699999999999,1000 HA,2026-08-13
CONAB,Corn,1993/94,Production,33173.7,1000 MT,2026-07-28
CONAB,Corn,1993/94,Production,33173.7,1000 MT,2026-07-30
CONAB,Corn,1993/94,Production,33173.7,1000 MT,2026-07-31
CONAB,Corn,1993/94,Production,33173.7,1000 MT,2026-08-02
CONAB,Corn,1993/94,Production,33173.7,1000 MT,2026-08-03
CONAB,Corn,1993/94,Production,33173.7,1000 MT,2026-08-04
CONAB,Corn,1993/94,Production,33173.7,1000 MT,2026-08-05
CONAB,Corn,1993/94,Production,33173.7,1000 MT,2026-08-06
CONAB,Corn,1993/94,Production,33173.7,1000 MT,2026-08-07
CONAB,Corn,1993/94,Production,33173.7,1000 MT,2026-08-08
CONAB,Corn,1993/94,Production,33173.7,1000 MT,2026-08-10
CONAB,Corn,1993/94,Production,33173.7,1000 MT,2026-08-11
CONAB,Corn,1993/94,Production,33173.7,1000 MT,2026-08-12
CONAB,Corn,1993/94,Production,33173.7,1000 MT,2026-08-13
CONAB,Corn,1993/94,Yield,2344.149466141877,KG/HA,2026-07-28
CONAB,Corn,1993/94,Yield,2344.149466141877,KG/HA,2026-07-30
CONAB,Corn,1993/94,Yield,2344.149466141877,KG/HA,2026-07-31
CONAB,Corn,1993/94,Yield,2344.149466141877,KG/HA,2026-08-02
CONAB,Corn,1993/94,Yield,2344.149466141877,KG/HA,2026-08-03
CONAB,Corn,1993/94,Yield,2344.149466141877,KG/HA,2026-08-04
CONAB,Corn,1993/94,Yield,2344.149466141877,KG/HA,2026-08-05
CONAB,Corn,1993/94,Yield,2344.149466141877,KG/HA,2026-08-06
CONAB,Corn,1993/94,Yield,2344.149466141877,KG/HA,2026-08-07
CONAB,Corn,1993/94,Yield,2344.149466141877,KG/HA,2026-08-08
CONAB,Corn,1993/94,Yield,2344.149466141877,KG/HA,2026-08-10
CONAB,Corn,1993/94,Yield,2344.149466141877,KG/HA,2026-08-11
CONAB,Corn,1993/94,Yield,2344.149466141877,KG/HA,2026-08-12
CONAB,Corn,1993/94,Yield,2344.149466141877,KG/HA,2026-08-13
CONAB,Corn,1994/95,Area,14282.199999999999,1000 HA,2026-07-28
CONAB,Corn,1994/95,Area,14282.199999999999,1000 HA,2026-07-30
CONAB,Corn,1994/95,Area,14282.199999999999,1000 HA,2026-07-31
CONAB,Corn,1994/95,Area,14282.199999999999,1000 HA,2026-08-02
CONAB,Corn,1994/95,Area,14282.199999999999,1000 HA,2026-08-03
CONAB,Corn,1994/95,Area,14282.199999999999,1000 HA,2026-08-04
CONAB,Corn,1994/95,Area,14282.199999999999,1000 HA,2026-08-05
CONAB,Corn,1994/95,Area,14282.199999999999,1000 HA,2026-08-06
CONAB,Corn,1994/95,Area,14282.199999999999,1000 HA,2026-08-07
CONAB,Corn,1994/95,Area,14282.199999999999,1000 HA,2026-08-08
CONAB,Corn,1994/95,Area,14282.199999999999,1000 HA,2026-08-10
CONAB,Corn,1994/95,Area,14282.199999999999,1000 HA,2026-08-11
CONAB,Corn,1994/95,Area,14282.199999999999,1000 HA,2026-08-12
CONAB,Corn,1994/95,Area,14282.199999999999,1000 HA,2026-08-13
CONAB,Corn,1994/95,Production,37441.9,1000 MT,2026-07-28
CONAB,Corn,1994/95,Production,37441.9,1000 MT,2026-07-30
CONAB,Corn,1994/95,Production,37441.9,1000 MT,2026-07-31
CONAB,Corn,1994/95,Production,37441.9,1000 MT,2026-08-02
CONAB,Corn,1994/95,Production,37441.9,1000 MT,2026-08-03
CONAB,Corn,1994/95,Production,37441.9,1000 MT,2026-08-04
CONAB,Corn,1994/95,Production,37441.9,1000 MT,2026-08-05
CONAB,Corn,1994/95,Production,37441.9,1000 MT,2026-08-06
CONAB,Corn,1994/95,Production,37441.9,1000 MT,2026-08-07
CONAB,Corn,1994/95,Production,37441.9,1000 MT,2026-08-08
CONAB,Corn,1994/95,Production,37441.9,1000 MT,2026-08-10
CONAB,Corn,1994/95,Production,37441.9,1000 MT,2026-08-11
CONAB,Corn,1994/95,Production,37441.9,1000 MT,2026-08-12
CONAB,Corn,1994/95,Production,37441.9,1000 MT,2026-08-13
CONAB,Corn,1994/95,Yield,2621.577908165409,KG/HA,2026-07-28
CONAB,Corn,1994/95,Yield,2621.577908165409,KG/HA,2026-07-30
CONAB,Corn,1994/95,Yield,2621.577908165409,KG/HA,2026-07-31
CONAB,Corn,1994/95,Yield,2621.577908165409,KG/HA,2026-08-02
CONAB,Corn,1994/95,Yield,2621.577908165409,KG/HA,2026-08-03
CONAB,Corn,1994/95,Yield,2621.577908165409,KG/HA,2026-08-04
CONAB,Corn,1994/95,Yield,2621.577908165409,KG/HA,2026-08-05
CONAB,Corn,1994/95,Yield,2621.577908165409,KG/HA,2026-08-06
CONAB,Corn,1994/95,Yield,2621.577908165409,KG/HA,2026-08-07
CONAB,Corn,1994/95,Yield,2621.577908165409,KG/HA,2026-08-08
CONAB,Corn,1994/95,Yield,2621.577908165409,KG/HA,2026-08-10
CONAB,Corn,1994/95,Yield,2621.577908165409,KG/HA,2026-08-11
CONAB,Corn,1994/95,Yield,2621.577908165409,KG/HA,2026-08-12
CONAB,Corn,1994/95,Yield,2621.577908165409,KG/HA,2026-08-13
CONAB,Corn,1995/96,Area,13756.7,1000 HA,2026-07-28
CONAB,Corn,1995/96,Area,13756.7,1000 HA,2026-07-30
CONAB,Corn,1995/96,Area,13756.7,1000 HA,2026-07-31
CONAB,Corn,1995/96,Area,13756.7,1000 HA,2026-08-02
CONAB,Corn,1995/96,Area,13756.7,1000 HA,2026-08-03
CONAB,Corn,1995/96,Area,13756.7,1000 HA,2026-08-04
CONAB,Corn,1995/96,Area,13756.7,1000 HA,2026-08-05
CONAB,Corn,1995/96,Area,13756.7,1000 HA,2026-08-06
CONAB,Corn,1995/96,Area,13756.7,1000 HA,2026-08-07
CONAB,Corn,1995/96,Area,13756.7,1000 HA,2026-08-08
CONAB,Corn,1995/96,Area,13756.7,1000 HA,2026-08-10
CONAB,Corn,1995/96,Area,13756.7,1000 HA,2026-08-11
CONAB,Corn,1995/96,Area,13756.7,1000 HA,2026-08-12
CONAB,Corn,1995/96,Area,13756.7,1000 HA,2026-08-13
CONAB,Corn,1995/96,Production,32404.7,1000 MT,2026-07-28
CONAB,Corn,1995/96,Production,32404.7,1000 MT,2026-07-30
CONAB,Corn,1995/96,Production,32404.7,1000 MT,2026-07-31
CONAB,Corn,1995/96,Production,32404.7,1000 MT,2026-08-02
CONAB,Corn,1995/96,Production,32404.7,1000 MT,2026-08-03
CONAB,Corn,1995/96,Production,32404.7,1000 MT,2026-08-04
CONAB,Corn,1995/96,Production,32404.7,1000 MT,2026-08-05
CONAB,Corn,1995/96,Production,32404.7,1000 MT,2026-08-06
CONAB,Corn,1995/96,Production,32404.7,1000 MT,2026-08-07
CONAB,Corn,1995/96,Production,32404.7,1000 MT,2026-08-08
CONAB,Corn,1995/96,Production,32404.7,1000 MT,2026-08-10
CONAB,Corn,1995/96,Production,32404.7,1000 MT,2026-08-11
CONAB,Corn,1995/96,Production,32404.7,1000 MT,2026-08-12
CONAB,Corn,1995/96,Production,32404.7,1000 MT,2026-08-13
CONAB,Corn,1995/96,Yield,2355.5576555423904,KG/HA,2026-07-28
CONAB,Corn,1995/96,Yield,2355.5576555423904,KG/HA,2026-07-30
CONAB,Corn,1995/96,Yield,2355.5576555423904,KG/HA,2026-07-31
CONAB,Corn,1995/96,Yield,2355.5576555423904,KG/HA,2026-08-02
CONAB,Corn,1995/96,Yield,2355.5576555423904,KG/HA,2026-08-03
CONAB,Corn,1995/96,Yield,2355.5576555423904,KG/HA,2026-08-04
CONAB,Corn,1995/96,Yield,2355.5576555423904,KG/HA,2026-08-05
CONAB,Corn,1995/96,Yield,2355.5576555423904,KG/HA,2026-08-06
CONAB,Corn,1995/96,Yield,2355.5576555423904,KG/HA,2026-08-07
CONAB,Corn,1995/96,Yield,2355.5576555423904,KG/HA,2026-08-08
CONAB,Corn,1995/96,Yield,2355.5576555423904,KG/HA,2026-08-10
CONAB,Corn,1995/96,Yield,2355.5576555423904,KG/HA,2026-08-11
CONAB,Corn,1995/96,Yield,2355.5576555423904,KG/HA,2026-08-12
CONAB,Corn,1995/96,Yield,2355.5576555423904,KG/HA,2026-08-13
CONAB,Corn,1996/97,Area,13798.8,1000 HA,2026-07-28
CONAB,Corn,1996/97,Area,13798.8,1000 HA,2026-07-30
CONAB,Corn,1996/97,Area,13798.8,1000 HA,2026-07-31
CONAB,Corn,1996/97,Area,13798.8,1000 HA,2026-08-02
CONAB,Corn,1996/97,Area,13798.8,1000 HA,2026-08-03
CONAB,Corn,1996/97,Area,13798.8,1000 HA,2026-08-04
CONAB,Corn,1996/97,Area,13798.8,1000 HA,2026-08-05
CONAB,Corn,1996/97,Area,13798.8,1000 HA,2026-08-06
CONAB,Corn,1996/97,Area,13798.8,1000 HA,2026-08-07
CONAB,Corn,1996/97,Area,13798.8,1000 HA,2026-08-08
CONAB,Corn,1996/97,Area,13798.8,1000 HA,2026-08-10
CONAB,Corn,1996/97,Area,13798.8,1000 HA,2026-08-11
CONAB,Corn,1996/97,Area,13798.8,1000 HA,2026-08-12
CONAB,Corn,1996/97,Area,13798.8,1000 HA,2026-08-13
CONAB,Corn,1996/97,Production,35715.6,1000 MT,2026-07-28
CONAB,Corn,1996/97,Production,35715.6,1000 MT,2026-07-30
CONAB,Corn,1996/97,Production,35715.6,1000 MT,2026-07-31
CONAB,Corn,1996/97,Production,35715.6,1000 MT,2026-08-02
CONAB,Corn,1996/97,Production,35715.6,1000 MT,2026-08-03
CONAB,Corn,1996/97,Production,35715.6,1000 MT,2026-08-04
CONAB,Corn,1996/97,Production,35715.6,1000 MT,2026-08-05
CONAB,Corn,1996/97,Production,35715.6,1000 MT,2026-08-06
CONAB,Corn,1996/97,Production,35715.6,1000 MT,2026-08-07
CONAB,Corn,1996/97,Production,35715.6,1000 MT,2026-08-08
CONAB,Corn,1996/97,Production,35715.6,1000 MT,2026-08-10
CONAB,Corn,1996/97,Production,35715.6,1000 MT,2026-08-11
CONAB,Corn,1996/97,Production,35715.6,1000 MT,2026-08-12
CONAB,Corn,1996/97,Production,35715.6,1000 MT,2026-08-13
CONAB,Corn,1996/97,Yield,2588.3120271327944,KG/HA,2026-07-28
CONAB,Corn,1996/97,Yield,2588.3120271327944,KG/HA,2026-07-30
CONAB,Corn,1996/97,Yield,2588.3120271327944,KG/HA,2026-07-31
CONAB,Corn,1996/97,Yield,2588.3120271327944,KG/HA,2026-08-02
CONAB,Corn,1996/97,Yield,2588.3120271327944,KG/HA,2026-08-03
CONAB,Corn,1996/97,Yield,2588.3120271327944,KG/HA,2026-08-04
CONAB,Corn,1996/97,Yield,2588.3120271327944,KG/HA,2026-08-05
CONAB,Corn,1996/97,Yield,2588.3120271327944,KG/HA,2026-08-06
CONAB,Corn,1996/97,Yield,2588.3120271327944,KG/HA,2026-08-07
CONAB,Corn,1996/97,Yield,2588.3120271327944,KG/HA,2026-08-08
CONAB,Corn,1996/97,Yield,2588.3120271327944,KG/HA,2026-08-10
CONAB,Corn,1996/97,Yield,2588.3120271327944,KG/HA,2026-08-11
CONAB,Corn,1996/97,Yield,2588.3120271327944,KG/HA,2026-08-12
CONAB,Corn,1996/97,Yield,2588.3120271327944,KG/HA,2026-08-13
CONAB,Corn,1997/98,Area,11391.1,1000 HA,2026-07-28
CONAB,Corn,1997/98,Area,11391.1,1000 HA,2026-07-30
CONAB,Corn,1997/98,Area,11391.1,1000 HA,2026-07-31
CONAB,Corn,1997/98,Area,11391.1,1000 HA,2026-08-02
CONAB,Corn,1997/98,Area,11391.1,1000 HA,2026-08-03
CONAB,Corn,1997/98,Area,11391.1,1000 HA,2026-08-04
CONAB,Corn,1997/98,Area,11391.1,1000 HA,2026-08-05
CONAB,Corn,1997/98,Area,11391.1,1000 HA,2026-08-06
CONAB,Corn,1997/98,Area,11391.1,1000 HA,2026-08-07
CONAB,Corn,1997/98,Area,11391.1,1000 HA,2026-08-08
CONAB,Corn,1997/98,Area,11391.1,1000 HA,2026-08-10
CONAB,Corn,1997/98,Area,11391.1,1000 HA,2026-08-11
CONAB,Corn,1997/98,Area,11391.1,1000 HA,2026-08-12
CONAB,Corn,1997/98,Area,11391.1,1000 HA,2026-08-13
CONAB,Corn,1997/98,Production,30187.8,1000 MT,2026-07-28
CONAB,Corn,1997/98,Production,30187.8,1000 MT,2026-07-30
CONAB,Corn,1997/98,Production,30187.8,1000 MT,2026-07-31
CONAB,Corn,1997/98,Production,30187.8,1000 MT,2026-08-02
CONAB,Corn,1997/98,Production,30187.8,1000 MT,2026-08-03
CONAB,Corn,1997/98,Production,30187.8,1000 MT,2026-08-04
CONAB,Corn,1997/98,Production,30187.8,1000 MT,2026-08-05
CONAB,Corn,1997/98,Production,30187.8,1000 MT,2026-08-06
CONAB,Corn,1997/98,Production,30187.8,1000 MT,2026-08-07
CONAB,Corn,1997/98,Production,30187.8,1000 MT,2026-08-08
CONAB,Corn,1997/98,Production,30187.8,1000 MT,2026-08-10
CONAB,Corn,1997/98,Production,30187.8,1000 MT,2026-08-11
CONAB,Corn,1997/98,Production,30187.8,1000 MT,2026-08-12
CONAB,Corn,1997/98,Production,30187.8,1000 MT,2026-08-13
CONAB,Corn,1997/98,Yield,2650.121586150591,KG/HA,2026-07-28
CONAB,Corn,1997/98,Yield,2650.121586150591,KG/HA,2026-07-30
CONAB,Corn,1997/98,Yield,2650.121586150591,KG/HA,2026-07-31
CONAB,Corn,1997/98,Yield,2650.121586150591,KG/HA,2026-08-02
CONAB,Corn,1997/98,Yield,2650.121586150591,KG/HA,2026-08-03
CONAB,Corn,1997/98,Yield,2650.121586150591,KG/HA,2026-08-04
CONAB,Corn,1997/98,Yield,2650.121586150591,KG/HA,2026-08-05
CONAB,Corn,1997/98,Yield,2650.121586150591,KG/HA,2026-08-06
CONAB,Corn,1997/98,Yield,2650.121586150591,KG/HA,2026-08-07
CONAB,Corn,1997/98,Yield,2650.121586150591,KG/HA,2026-08-08
CONAB,Corn,1997/98,Yield,2650.121586150591,KG/HA,2026-08-10
CONAB,Corn,1997/98,Yield,2650.121586150591,KG/HA,2026-08-11
CONAB,Corn,1997/98,Yield,2650.121586150591,KG/HA,2026-08-12
CONAB,Corn,1997/98,Yield,2650.121586150591,KG/HA,2026-08-13
CONAB,Corn,1998/99,Area,12513.0,1000 HA,2026-07-28
CONAB,Corn,1998/99,Area,12513.0,1000 HA,2026-07-30
CONAB,Corn,1998/99,Area,12513.0,1000 HA,2026-07-31
CONAB,Corn,1998/99,Area,12513.0,1000 HA,2026-08-02
CONAB,Corn,1998/99,Area,12513.0,1000 HA,2026-08-03
CONAB,Corn,1998/99,Area,12513.0,1000 HA,2026-08-04
CONAB,Corn,1998/99,Area,12513.0,1000 HA,2026-08-05
CONAB,Corn,1998/99,Area,12513.0,1000 HA,2026-08-06
CONAB,Corn,1998/99,Area,12513.0,1000 HA,2026-08-07
CONAB,Corn,1998/99,Area,12513.0,1000 HA,2026-08-08
CONAB,Corn,1998/99,Area,12513.0,1000 HA,2026-08-10
CONAB,Corn,1998/99,Area,12513.0,1000 HA,2026-08-11
CONAB,Corn,1998/99,Area,12513.0,1000 HA,2026-08-12
CONAB,Corn,1998/99,Area,12513.0,1000 HA,2026-08-13
CONAB,Corn,1998/99,Production,32393.4,1000 MT,2026-07-28
CONAB,Corn,1998/99,Production,32393.4,1000 MT,2026-07-30
CONAB,Corn,1998/99,Production,32393.4,1000 MT,2026-07-31
CONAB,Corn,1998/99,Production,32393.4,1000 MT,2026-08-02
CONAB,Corn,1998/99,Production,32393.4,1000 MT,2026-08-03
CONAB,Corn,1998/99,Production,32393.4,1000 MT,2026-08-04
CONAB,Corn,1998/99,Production,32393.4,1000 MT,2026-08-05
CONAB,Corn,1998/99,Production,32393.4,1000 MT,2026-08-06
CONAB,Corn,1998/99,Production,32393.4,1000 MT,2026-08-07
CONAB,Corn,1998/99,Production,32393.4,1000 MT,2026-08-08
CONAB,Corn,1998/99,Production,32393.4,1000 MT,2026-08-10
CONAB,Corn,1998/99,Production,32393.4,1000 MT,2026-08-11
CONAB,Corn,1998/99,Production,32393.4,1000 MT,2026-08-12
CONAB,Corn,1998/99,Production,32393.4,1000 MT,2026-08-13
CONAB,Corn,1998/99,Yield,2588.77966914409,KG/HA,2026-07-28
CONAB,Corn,1998/99,Yield,2588.77966914409,KG/HA,2026-07-30
CONAB,Corn,1998/99,Yield,2588.77966914409,KG/HA,2026-07-31
CONAB,Corn,1998/99,Yield,2588.77966914409,KG/HA,2026-08-02
CONAB,Corn,1998/99,Yield,2588.77966914409,KG/HA,2026-08-03
CONAB,Corn,1998/99,Yield,2588.77966914409,KG/HA,2026-08-04
CONAB,Corn,1998/99,Yield,2588.77966914409,KG/HA,2026-08-05
CONAB,Corn,1998/99,Yield,2588.77966914409,KG/HA,2026-08-06
CONAB,Corn,1998/99,Yield,2588.77966914409,KG/HA,2026-08-07
CONAB,Corn,1998/99,Yield,2588.77966914409,KG/HA,2026-08-08
CONAB,Corn,1998/99,Yield,2588.77966914409,KG/HA,2026-08-10
CONAB,Corn,1998/99,Yield,2588.77966914409,KG/HA,2026-08-11
CONAB,Corn,1998/99,Yield,2588.77966914409,KG/HA,2026-08-12
CONAB,Corn,1998/99,Yield,2588.77966914409,KG/HA,2026-08-13
CONAB,Corn,1999/00,Area,12757.9,1000 HA,2026-07-28
CONAB,Corn,1999/00,Area,12757.9,1000 HA,2026-07-30
CONAB,Corn,1999/00,Area,12757.9,1000 HA,2026-07-31
CONAB,Corn,1999/00,Area,12757.9,1000 HA,2026-08-02
CONAB,Corn,1999/00,Area,12757.9,1000 HA,2026-08-03
CONAB,Corn,1999/00,Area,12757.9,1000 HA,2026-08-04
CONAB,Corn,1999/00,Area,12757.9,1000 HA,2026-08-05
CONAB,Corn,1999/00,Area,12757.9,1000 HA,2026-08-06
CONAB,Corn,1999/00,Area,12757.9,1000 HA,2026-08-07
CONAB,Corn,1999/00,Area,12757.9,1000 HA,2026-08-08
CONAB,Corn,1999/00,Area,12757.9,1000 HA,2026-08-10
CONAB,Corn,1999/00,Area,12757.9,1000 HA,2026-08-11
CONAB,Corn,1999/00,Area,12757.9,1000 HA,2026-08-12
CONAB,Corn,1999/00,Area,12757.9,1000 HA,2026-08-13
CONAB,Corn,1999/00,Production,31640.5,1000 MT,2026-07-28
CONAB,Corn,1999/00,Production,31640.5,1000 MT,2026-07-30
CONAB,Corn,1999/00,Production,31640.5,1000 MT,2026-07-31
CONAB,Corn,1999/00,Production,31640.5,1000 MT,2026-08-02
CONAB,Corn,1999/00,Production,31640.5,1000 MT,2026-08-03
CONAB,Corn,1999/00,Production,31640.5,1000 MT,2026-08-04
CONAB,Corn,1999/00,Production,31640.5,1000 MT,2026-08-05
CONAB,Corn,1999/00,Production,31640.5,1000 MT,2026-08-06
CONAB,Corn,1999/00,Production,31640.5,1000 MT,2026-08-07
CONAB,Corn,1999/00,Production,31640.5,1000 MT,2026-08-08
CONAB,Corn,1999/00,Production,31640.5,1000 MT,2026-08-10
CONAB,Corn,1999/00,Production,31640.5,1000 MT,2026-08-11
CONAB,Corn,1999/00,Production,31640.5,1000 MT,2026-08-12
CONAB,Corn,1999/00,Production,31640.5,1000 MT,2026-08-13
CONAB,Corn,1999/00,Yield,2480.0711715878006,KG/HA,2026-07-28
CONAB,Corn,1999/00,Yield,2480.0711715878006,KG/HA,2026-07-30
CONAB,Corn,1999/00,Yield,2480.0711715878006,KG/HA,2026-07-31
CONAB,Corn,1999/00,Yield,2480.0711715878006,KG/HA,2026-08-02
CONAB,Corn,1999/00,Yield,2480.0711715878006,KG/HA,2026-08-03
CONAB,Corn,1999/00,Yield,2480.0711715878006,KG/HA,2026-08-04
CONAB,Corn,1999/00,Yield,2480.0711715878006,KG/HA,2026-08-05
CONAB,Corn,1999/00,Yield,2480.0711715878006,KG/HA,2026-08-06
CONAB,Corn,1999/00,Yield,2480.0711715878006,KG/HA,2026-08-07
CONAB,Corn,1999/00,Yield,2480.0711715878006,KG/HA,2026-08-08
CONAB,Corn,1999/00,Yield,2480.0711715878006,KG/HA,2026-08-10
CONAB,Corn,1999/00,Yield,2480.0711715878006,KG/HA,2026-08-11
CONAB,Corn,1999/00,Yield,2480.0711715878006,KG/HA,2026-08-12
CONAB,Corn,1999/00,Yield,2480.0711715878006,KG/HA,2026-08-13
CONAB,Corn,2000/01,Area,12972.5,1000 HA,2026-07-28
CONAB,Corn,2000/01,Area,12972.5,1000 HA,2026-07-30
CONAB,Corn,2000/01,Area,12972.5,1000 HA,2026-07-31
CONAB,Corn,2000/01,Area,12972.5,1000 HA,2026-08-02
CONAB,Corn,2000/01,Area,12972.5,1000 HA,2026-08-03
CONAB,Corn,2000/01,Area,12972.5,1000 HA,2026-08-04
CONAB,Corn,2000/01,Area,12972.5,1000 HA,2026-08-05
CONAB,Corn,2000/01,Area,12972.5,1000 HA,2026-08-06
CONAB,Corn,2000/01,Area,12972.5,1000 HA,2026-08-07
CONAB,Corn,2000/01,Area,12972.5,1000 HA,2026-08-08
CONAB,Corn,2000/01,Area,12972.5,1000 HA,2026-08-10
CONAB,Corn,2000/01,Area,12972.5,1000 HA,2026-08-11
CONAB,Corn,2000/01,Area,12972.5,1000 HA,2026-08-12
CONAB,Corn,2000/01,Area,12972.5,1000 HA,2026-08-13
CONAB,Corn,2000/01,Production,42289.7,1000 MT,2026-07-28
CONAB,Corn,2000/01,Production,42289.7,1000 MT,2026-07-30
CONAB,Corn,2000/01,Production,42289.7,1000 MT,2026-07-31
CONAB,Corn,2000/01,Production,42289.7,1000 MT,2026-08-02
CONAB,Corn,2000/01,Production,42289.7,1000 MT,2026-08-03
CONAB,Corn,2000/01,Production,42289.7,1000 MT,2026-08-04
CONAB,Corn,2000/01,Production,42289.7,1000 MT,2026-08-05
CONAB,Corn,2000/01,Production,42289.7,1000 MT,2026-08-06
CONAB,Corn,2000/01,Production,42289.7,1000 MT,2026-08-07
CONAB,Corn,2000/01,Production,42289.7,1000 MT,2026-08-08
CONAB,Corn,2000/01,Production,42289.7,1000 MT,2026-08-10
CONAB,Corn,2000/01,Production,42289.7,1000 MT,2026-08-11
CONAB,Corn,2000/01,Production,42289.7,1000 MT,2026-08-12
CONAB,Corn,2000/01,Production,42289.7,1000 MT,2026-08-13
CONAB,Corn,2000/01,Yield,3259.9498940065523,KG/HA,2026-07-28
CONAB,Corn,2000/01,Yield,3259.9498940065523,KG/HA,2026-07-30
CONAB,Corn,2000/01,Yield,3259.9498940065523,KG/HA,2026-07-31
CONAB,Corn,2000/01,Yield,3259.9498940065523,KG/HA,2026-08-02
CONAB,Corn,2000/01,Yield,3259.9498940065523,KG/HA,2026-08-03
CONAB,Corn,2000/01,Yield,3259.9498940065523,KG/HA,2026-08-04
CONAB,Corn,2000/01,Yield,3259.9498940065523,KG/HA,2026-08-05
CONAB,Corn,2000/01,Yield,3259.9498940065523,KG/HA,2026-08-06
CONAB,Corn,2000/01,Yield,3259.9498940065523,KG/HA,2026-08-07
CONAB,Corn,2000/01,Yield,3259.9498940065523,KG/HA,2026-08-08
CONAB,Corn,2000/01,Yield,3259.9498940065523,KG/HA,2026-08-10
CONAB,Corn,2000/01,Yield,3259.9498940065523,KG/HA,2026-08-11
CONAB,Corn,2000/01,Yield,3259.9498940065523,KG/HA,2026-08-12
CONAB,Corn,2000/01,Yield,3259.9498940065523,KG/HA,2026-08-13
CONAB,Corn,2001/02,Area,12297.800000000001,1000 HA,2026-07-28
CONAB,Corn,2001/02,Area,12297.800000000001,1000 HA,2026-07-30
CONAB,Corn,2001/02,Area,12297.800000000001,1000 HA,2026-07-31
CONAB,Corn,2001/02,Area,12297.800000000001,1000 HA,2026-08-02
CONAB,Corn,2001/02,Area,12297.800000000001,1000 HA,2026-08-03
CONAB,Corn,2001/02,Area,12297.800000000001,1000 HA,2026-08-04
CONAB,Corn,2001/02,Area,12297.800000000001,1000 HA,2026-08-05
CONAB,Corn,2001/02,Area,12297.800000000001,1000 HA,2026-08-06
CONAB,Corn,2001/02,Area,12297.800000000001,1000 HA,2026-08-07
CONAB,Corn,2001/02,Area,12297.800000000001,1000 HA,2026-08-08
CONAB,Corn,2001/02,Area,12297.800000000001,1000 HA,2026-08-10
CONAB,Corn,2001/02,Area,12297.800000000001,1000 HA,2026-08-11
CONAB,Corn,2001/02,Area,12297.800000000001,1000 HA,2026-08-12
CONAB,Corn,2001/02,Area,12297.800000000001,1000 HA,2026-08-13
CONAB,Corn,2001/02,Production,35266.8,1000 MT,2026-07-28
CONAB,Corn,2001/02,Production,35266.8,1000 MT,2026-07-30
CONAB,Corn,2001/02,Production,35266.8,1000 MT,2026-07-31
CONAB,Corn,2001/02,Production,35266.8,1000 MT,2026-08-02
CONAB,Corn,2001/02,Production,35266.8,1000 MT,2026-08-03
CONAB,Corn,2001/02,Production,35266.8,1000 MT,2026-08-04
CONAB,Corn,2001/02,Production,35266.8,1000 MT,2026-08-05
CONAB,Corn,2001/02,Production,35266.8,1000 MT,2026-08-06
CONAB,Corn,2001/02,Production,35266.8,1000 MT,2026-08-07
CONAB,Corn,2001/02,Production,35266.8,1000 MT,2026-08-08
CONAB,Corn,2001/02,Production,35266.8,1000 MT,2026-08-10
CONAB,Corn,2001/02,Production,35266.8,1000 MT,2026-08-11
CONAB,Corn,2001/02,Production,35266.8,1000 MT,2026-08-12
CONAB,Corn,2001/02,Production,35266.8,1000 MT,2026-08-13
CONAB,Corn,2001/02,Yield,2867.7324399486088,KG/HA,2026-07-28
CONAB,Corn,2001/02,Yield,2867.7324399486088,KG/HA,2026-07-30
CONAB,Corn,2001/02,Yield,2867.7324399486088,KG/HA,2026-07-31
CONAB,Corn,2001/02,Yield,2867.7324399486088,KG/HA,2026-08-02
CONAB,Corn,2001/02,Yield,2867.7324399486088,KG/HA,2026-08-03
CONAB,Corn,2001/02,Yield,2867.7324399486088,KG/HA,2026-08-04
CONAB,Corn,2001/02,Yield,2867.7324399486088,KG/HA,2026-08-05
CONAB,Corn,2001/02,Yield,2867.7324399486088,KG/HA,2026-08-06
CONAB,Corn,2001/02,Yield,2867.7324399486088,KG/HA,2026-08-07
CONAB,Corn,2001/02,Yield,2867.7324399486088,KG/HA,2026-08-08
CONAB,Corn,2001/02,Yield,2867.7324399486088,KG/HA,2026-08-10
CONAB,Corn,2001/02,Yield,2867.7324399486088,KG/HA,2026-08-11
CONAB,Corn,2001/02,Yield,2867.7324399486088,KG/HA,2026-08-12
CONAB,Corn,2001/02,Yield,2867.7324399486088,KG/HA,2026-08-13
CONAB,Corn,2002/03,Area,13226.2,1000 HA,2026-07-28
CONAB,Corn,2002/03,Area,13226.2,1000 HA,2026-07-30
CONAB,Corn,2002/03,Area,13226.2,1000 HA,2026-07-31
CONAB,Corn,2002/03,Area,13226.2,1000 HA,2026-08-02
CONAB,Corn,2002/03,Area,13226.2,1000 HA,2026-08-03
CONAB,Corn,2002/03,Area,13226.2,1000 HA,2026-08-04
CONAB,Corn,2002/03,Area,13226.2,1000 HA,2026-08-05
CONAB,Corn,2002/03,Area,13226.2,1000 HA,2026-08-06
CONAB,Corn,2002/03,Area,13226.2,1000 HA,2026-08-07
CONAB,Corn,2002/03,Area,13226.2,1000 HA,2026-08-08
CONAB,Corn,2002/03,Area,13226.2,1000 HA,2026-08-10
CONAB,Corn,2002/03,Area,13226.2,1000 HA,2026-08-11
CONAB,Corn,2002/03,Area,13226.2,1000 HA,2026-08-12
CONAB,Corn,2002/03,Area,13226.2,1000 HA,2026-08-13
CONAB,Corn,2002/03,Production,47410.9,1000 MT,2026-07-28
CONAB,Corn,2002/03,Production,47410.9,1000 MT,2026-07-30
CONAB,Corn,2002/03,Production,47410.9,1000 MT,2026-07-31
CONAB,Corn,2002/03,Production,47410.9,1000 MT,2026-08-02
CONAB,Corn,2002/03,Production,47410.9,1000 MT,2026-08-03
CONAB,Corn,2002/03,Production,47410.9,1000 MT,2026-08-04
CONAB,Corn,2002/03,Production,47410.9,1000 MT,2026-08-05
CONAB,Corn,2002/03,Production,47410.9,1000 MT,2026-08-06
CONAB,Corn,2002/03,Production,47410.9,1000 MT,2026-08-07
CONAB,Corn,2002/03,Production,47410.9,1000 MT,2026-08-08
CONAB,Corn,2002/03,Production,47410.9,1000 MT,2026-08-10
CONAB,Corn,2002/03,Production,47410.9,1000 MT,2026-08-11
CONAB,Corn,2002/03,Production,47410.9,1000 MT,2026-08-12
CONAB,Corn,2002/03,Production,47410.9,1000 MT,2026-08-13
CONAB,Corn,2002/03,Yield,3584.6199210657633,KG/HA,2026-07-28
CONAB,Corn,2002/03,Yield,3584.6199210657633,KG/HA,2026-07-30
CONAB,Corn,2002/03,Yield,3584.6199210657633,KG/HA,2026-07-31
CONAB,Corn,2002/03,Yield,3584.6199210657633,KG/HA,2026-08-02
CONAB,Corn,2002/03,Yield,3584.6199210657633,KG/HA,2026-08-03
CONAB,Corn,2002/03,Yield,3584.6199210657633,KG/HA,2026-08-04
CONAB,Corn,2002/03,Yield,3584.6199210657633,KG/HA,2026-08-05
CONAB,Corn,2002/03,Yield,3584.6199210657633,KG/HA,2026-08-06
CONAB,Corn,2002/03,Yield,3584.6199210657633,KG/HA,2026-08-07
CONAB,Corn,2002/03,Yield,3584.6199210657633,KG/HA,2026-08-08
CONAB,Corn,2002/03,Yield,3584.6199210657633,KG/HA,2026-08-10
CONAB,Corn,2002/03,Yield,3584.6199210657633,KG/HA,2026-08-11
CONAB,Corn,2002/03,Yield,3584.6199210657633,KG/HA,2026-08-12
CONAB,Corn,2002/03,Yield,3584.6199210657633,KG/HA,2026-08-13
CONAB,Corn,2003/04,Area,12783.0,1000 HA,2026-07-28
CONAB,Corn,2003/04,Area,12783.0,1000 HA,2026-07-30
CONAB,Corn,2003/04,Area,12783.0,1000 HA,2026-07-31
CONAB,Corn,2003/04,Area,12783.0,1000 HA,2026-08-02
CONAB,Corn,2003/04,Area,12783.0,1000 HA,2026-08-03
CONAB,Corn,2003/04,Area,12783.0,1000 HA,2026-08-04
CONAB,Corn,2003/04,Area,12783.0,1000 HA,2026-08-05
CONAB,Corn,2003/04,Area,12783.0,1000 HA,2026-08-06
CONAB,Corn,2003/04,Area,12783.0,1000 HA,2026-08-07
CONAB,Corn,2003/04,Area,12783.0,1000 HA,2026-08-08
CONAB,Corn,2003/04,Area,12783.0,1000 HA,2026-08-10
CONAB,Corn,2003/04,Area,12783.0,1000 HA,2026-08-11
CONAB,Corn,2003/04,Area,12783.0,1000 HA,2026-08-12
CONAB,Corn,2003/04,Area,12783.0,1000 HA,2026-08-13
CONAB,Corn,2003/04,Production,42128.5,1000 MT,2026-07-28
CONAB,Corn,2003/04,Production,42128.5,1000 MT,2026-07-30
CONAB,Corn,2003/04,Production,42128.5,1000 MT,2026-07-31
CONAB,Corn,2003/04,Production,42128.5,1000 MT,2026-08-02
CONAB,Corn,2003/04,Production,42128.5,1000 MT,2026-08-03
CONAB,Corn,2003/04,Production,42128.5,1000 MT,2026-08-04
CONAB,Corn,2003/04,Production,42128.5,1000 MT,2026-08-05
CONAB,Corn,2003/04,Production,42128.5,1000 MT,2026-08-06
CONAB,Corn,2003/04,Production,42128.5,1000 MT,2026-08-07
CONAB,Corn,2003/04,Production,42128.5,1000 MT,2026-08-08
CONAB,Corn,2003/04,Production,42128.5,1000 MT,2026-08-10
CONAB,Corn,2003/04,Production,42128.5,1000 MT,2026-08-11
CONAB,Corn,2003/04,Production,42128.5,1000 MT,2026-08-12
CONAB,Corn,2003/04,Production,42128.5,1000 MT,2026-08-13
CONAB,Corn,2003/04,Yield,3295.6661190643827,KG/HA,2026-07-28
CONAB,Corn,2003/04,Yield,3295.6661190643827,KG/HA,2026-07-30
CONAB,Corn,2003/04,Yield,3295.6661190643827,KG/HA,2026-07-31
CONAB,Corn,2003/04,Yield,3295.6661190643827,KG/HA,2026-08-02
CONAB,Corn,2003/04,Yield,3295.6661190643827,KG/HA,2026-08-03
CONAB,Corn,2003/04,Yield,3295.6661190643827,KG/HA,2026-08-04
CONAB,Corn,2003/04,Yield,3295.6661190643827,KG/HA,2026-08-05
CONAB,Corn,2003/04,Yield,3295.6661190643827,KG/HA,2026-08-06
CONAB,Corn,2003/04,Yield,3295.6661190643827,KG/HA,2026-08-07
CONAB,Corn,2003/04,Yield,3295.6661190643827,KG/HA,2026-08-08
CONAB,Corn,2003/04,Yield,3295.6661190643827,KG/HA,2026-08-10
CONAB,Corn,2003/04,Yield,3295.6661190643827,KG/HA,2026-08-11
CONAB,Corn,2003/04,Yield,3295.6661190643827,KG/HA,2026-08-12
CONAB,Corn,2003/04,Yield,3295.6661190643827,KG/HA,2026-08-13
CONAB,Corn,2004/05,Area,12208.2,1000 HA,2026-07-28
CONAB,Corn,2004/05,Area,12208.2,1000 HA,2026-07-30
CONAB,Corn,2004/05,Area,12208.2,1000 HA,2026-07-31
CONAB,Corn,2004/05,Area,12208.2,1000 HA,2026-08-02
CONAB,Corn,2004/05,Area,12208.2,1000 HA,2026-08-03
CONAB,Corn,2004/05,Area,12208.2,1000 HA,2026-08-04
CONAB,Corn,2004/05,Area,12208.2,1000 HA,2026-08-05
CONAB,Corn,2004/05,Area,12208.2,1000 HA,2026-08-06
CONAB,Corn,2004/05,Area,12208.2,1000 HA,2026-08-07
CONAB,Corn,2004/05,Area,12208.2,1000 HA,2026-08-08
CONAB,Corn,2004/05,Area,12208.2,1000 HA,2026-08-10
CONAB,Corn,2004/05,Area,12208.2,1000 HA,2026-08-11
CONAB,Corn,2004/05,Area,12208.2,1000 HA,2026-08-12
CONAB,Corn,2004/05,Area,12208.2,1000 HA,2026-08-13
CONAB,Corn,2004/05,Production,35006.7,1000 MT,2026-07-28
CONAB,Corn,2004/05,Production,35006.7,1000 MT,2026-07-30
CONAB,Corn,2004/05,Production,35006.7,1000 MT,2026-07-31
CONAB,Corn,2004/05,Production,35006.7,1000 MT,2026-08-02
CONAB,Corn,2004/05,Production,35006.7,1000 MT,2026-08-03
CONAB,Corn,2004/05,Production,35006.7,1000 MT,2026-08-04
CONAB,Corn,2004/05,Production,35006.7,1000 MT,2026-08-05
CONAB,Corn,2004/05,Production,35006.7,1000 MT,2026-08-06
CONAB,Corn,2004/05,Production,35006.7,1000 MT,2026-08-07
CONAB,Corn,2004/05,Production,35006.7,1000 MT,2026-08-08
CONAB,Corn,2004/05,Production,35006.7,1000 MT,2026-08-10
CONAB,Corn,2004/05,Production,35006.7,1000 MT,2026-08-11
CONAB,Corn,2004/05,Production,35006.7,1000 MT,2026-08-12
CONAB,Corn,2004/05,Production,35006.7,1000 MT,2026-08-13
CONAB,Corn,2004/05,Yield,2867.474320538654,KG/HA,2026-07-28
CONAB,Corn,2004/05,Yield,2867.474320538654,KG/HA,2026-07-30
CONAB,Corn,2004/05,Yield,2867.474320538654,KG/HA,2026-07-31
CONAB,Corn,2004/05,Yield,2867.474320538654,KG/HA,2026-08-02
CONAB,Corn,2004/05,Yield,2867.474320538654,KG/HA,2026-08-03
CONAB,Corn,2004/05,Yield,2867.474320538654,KG/HA,2026-08-04
CONAB,Corn,2004/05,Yield,2867.474320538654,KG/HA,2026-08-05
CONAB,Corn,2004/05,Yield,2867.474320538654,KG/HA,2026-08-06
CONAB,Corn,2004/05,Yield,2867.474320538654,KG/HA,2026-08-07
CONAB,Corn,2004/05,Yield,2867.474320538654,KG/HA,2026-08-08
CONAB,Corn,2004/05,Yield,2867.474320538654,KG/HA,2026-08-10
CONAB,Corn,2004/05,Yield,2867.474320538654,KG/HA,2026-08-11
CONAB,Corn,2004/05,Yield,2867.474320538654,KG/HA,2026-08-12
CONAB,Corn,2004/05,Yield,2867.474320538654,KG/HA,2026-08-13
CONAB,Corn,2005/06,Area,12963.9,1000 HA,2026-07-28
CONAB,Corn,2005/06,Area,12963.9,1000 HA,2026-07-30
CONAB,Corn,2005/06,Area,12963.9,1000 HA,2026-07-31
CONAB,Corn,2005/06,Area,12963.9,1000 HA,2026-08-02
CONAB,Corn,2005/06,Area,12963.9,1000 HA,2026-08-03
CONAB,Corn,2005/06,Area,12963.9,1000 HA,2026-08-04
CONAB,Corn,2005/06,Area,12963.9,1000 HA,2026-08-05
CONAB,Corn,2005/06,Area,12963.9,1000 HA,2026-08-06
CONAB,Corn,2005/06,Area,12963.9,1000 HA,2026-08-07
CONAB,Corn,2005/06,Area,12963.9,1000 HA,2026-08-08
CONAB,Corn,2005/06,Area,12963.9,1000 HA,2026-08-10
CONAB,Corn,2005/06,Area,12963.9,1000 HA,2026-08-11
CONAB,Corn,2005/06,Area,12963.9,1000 HA,2026-08-12
CONAB,Corn,2005/06,Area,12963.9,1000 HA,2026-08-13
CONAB,Corn,2005/06,Production,42514.9,1000 MT,2026-07-28
CONAB,Corn,2005/06,Production,42514.9,1000 MT,2026-07-30
CONAB,Corn,2005/06,Production,42514.9,1000 MT,2026-07-31
CONAB,Corn,2005/06,Production,42514.9,1000 MT,2026-08-02
CONAB,Corn,2005/06,Production,42514.9,1000 MT,2026-08-03
CONAB,Corn,2005/06,Production,42514.9,1000 MT,2026-08-04
CONAB,Corn,2005/06,Production,42514.9,1000 MT,2026-08-05
CONAB,Corn,2005/06,Production,42514.9,1000 MT,2026-08-06
CONAB,Corn,2005/06,Production,42514.9,1000 MT,2026-08-07
CONAB,Corn,2005/06,Production,42514.9,1000 MT,2026-08-08
CONAB,Corn,2005/06,Production,42514.9,1000 MT,2026-08-10
CONAB,Corn,2005/06,Production,42514.9,1000 MT,2026-08-11
CONAB,Corn,2005/06,Production,42514.9,1000 MT,2026-08-12
CONAB,Corn,2005/06,Production,42514.9,1000 MT,2026-08-13
CONAB,Corn,2005/06,Yield,3279.48379731408,KG/HA,2026-07-28
CONAB,Corn,2005/06,Yield,3279.48379731408,KG/HA,2026-07-30
CONAB,Corn,2005/06,Yield,3279.48379731408,KG/HA,2026-07-31
CONAB,Corn,2005/06,Yield,3279.48379731408,KG/HA,2026-08-02
CONAB,Corn,2005/06,Yield,3279.48379731408,KG/HA,2026-08-03
CONAB,Corn,2005/06,Yield,3279.48379731408,KG/HA,2026-08-04
CONAB,Corn,2005/06,Yield,3279.48379731408,KG/HA,2026-08-05
CONAB,Corn,2005/06,Yield,3279.48379731408,KG/HA,2026-08-06
CONAB,Corn,2005/06,Yield,3279.48379731408,KG/HA,2026-08-07
CONAB,Corn,2005/06,Yield,3279.48379731408,KG/HA,2026-08-08
CONAB,Corn,2005/06,Yield,3279.48379731408,KG/HA,2026-08-10
CONAB,Corn,2005/06,Yield,3279.48379731408,KG/HA,2026-08-11
CONAB,Corn,2005/06,Yield,3279.48379731408,KG/HA,2026-08-12
CONAB,Corn,2005/06,Yield,3279.48379731408,KG/HA,2026-08-13
CONAB,Corn,2006/07,Area,14054.9,1000 HA,2026-07-28
CONAB,Corn,2006/07,Area,14054.9,1000 HA,2026-07-30
CONAB,Corn,2006/07,Area,14054.9,1000 HA,2026-07-31
CONAB,Corn,2006/07,Area,14054.9,1000 HA,2026-08-02
CONAB,Corn,2006/07,Area,14054.9,1000 HA,2026-08-03
CONAB,Corn,2006/07,Area,14054.9,1000 HA,2026-08-04
CONAB,Corn,2006/07,Area,14054.9,1000 HA,2026-08-05
CONAB,Corn,2006/07,Area,14054.9,1000 HA,2026-08-06
CONAB,Corn,2006/07,Area,14054.9,1000 HA,2026-08-07
CONAB,Corn,2006/07,Area,14054.9,1000 HA,2026-08-08
CONAB,Corn,2006/07,Area,14054.9,1000 HA,2026-08-10
CONAB,Corn,2006/07,Area,14054.9,1000 HA,2026-08-11
CONAB,Corn,2006/07,Area,14054.9,1000 HA,2026-08-12
CONAB,Corn,2006/07,Area,14054.9,1000 HA,2026-08-13
CONAB,Corn,2006/07,Production,51369.7,1000 MT,2026-07-28
CONAB,Corn,2006/07,Production,51369.7,1000 MT,2026-07-30
CONAB,Corn,2006/07,Production,51369.7,1000 MT,2026-07-31
CONAB,Corn,2006/07,Production,51369.7,1000 MT,2026-08-02
CONAB,Corn,2006/07,Production,51369.7,1000 MT,2026-08-03
CONAB,Corn,2006/07,Production,51369.7,1000 MT,2026-08-04
CONAB,Corn,2006/07,Production,51369.7,1000 MT,2026-08-05
CONAB,Corn,2006/07,Production,51369.7,1000 MT,2026-08-06
CONAB,Corn,2006/07,Production,51369.7,1000 MT,2026-08-07
CONAB,Corn,2006/07,Production,51369.7,1000 MT,2026-08-08
CONAB,Corn,2006/07,Production,51369.7,1000 MT,2026-08-10
CONAB,Corn,2006/07,Production,51369.7,1000 MT,2026-08-11
CONAB,Corn,2006/07,Production,51369.7,1000 MT,2026-08-12
CONAB,Corn,2006/07,Production,51369.7,1000 MT,2026-08-13
CONAB,Corn,2006/07,Yield,3654.931731993824,KG/HA,2026-07-28
CONAB,Corn,2006/07,Yield,3654.931731993824,KG/HA,2026-07-30
CONAB,Corn,2006/07,Yield,3654.931731993824,KG/HA,2026-07-31
CONAB,Corn,2006/07,Yield,3654.931731993824,KG/HA,2026-08-02
CONAB,Corn,2006/07,Yield,3654.931731993824,KG/HA,2026-08-03
CONAB,Corn,2006/07,Yield,3654.931731993824,KG/HA,2026-08-04
CONAB,Corn,2006/07,Yield,3654.931731993824,KG/HA,2026-08-05
CONAB,Corn,2006/07,Yield,3654.931731993824,KG/HA,2026-08-06
CONAB,Corn,2006/07,Yield,3654.931731993824,KG/HA,2026-08-07
CONAB,Corn,2006/07,Yield,3654.931731993824,KG/HA,2026-08-08
CONAB,Corn,2006/07,Yield,3654.931731993824,KG/HA,2026-08-10
CONAB,Corn,2006/07,Yield,3654.931731993824,KG/HA,2026-08-11
CONAB,Corn,2006/07,Yield,3654.931731993824,KG/HA,2026-08-12
CONAB,Corn,2006/07,Yield,3654.931731993824,KG/HA,2026-08-13
CONAB,Corn,2007/08,Area,14765.7,1000 HA,2026-07-28
CONAB,Corn,2007/08,Area,14765.7,1000 HA,2026-07-30
CONAB,Corn,2007/08,Area,14765.7,1000 HA,2026-07-31
CONAB,Corn,2007/08,Area,14765.7,1000 HA,2026-08-02
CONAB,Corn,2007/08,Area,14765.7,1000 HA,2026-08-03
CONAB,Corn,2007/08,Area,14765.7,1000 HA,2026-08-04
CONAB,Corn,2007/08,Area,14765.7,1000 HA,2026-08-05
CONAB,Corn,2007/08,Area,14765.7,1000 HA,2026-08-06
CONAB,Corn,2007/08,Area,14765.7,1000 HA,2026-08-07
CONAB,Corn,2007/08,Area,14765.7,1000 HA,2026-08-08
CONAB,Corn,2007/08,Area,14765.7,1000 HA,2026-08-10
CONAB,Corn,2007/08,Area,14765.7,1000 HA,2026-08-11
CONAB,Corn,2007/08,Area,14765.7,1000 HA,2026-08-12
CONAB,Corn,2007/08,Area,14765.7,1000 HA,2026-08-13
CONAB,Corn,2007/08,Production,58652.2,1000 MT,2026-07-28
CONAB,Corn,2007/08,Production,58652.2,1000 MT,2026-07-30
CONAB,Corn,2007/08,Production,58652.2,1000 MT,2026-07-31
CONAB,Corn,2007/08,Production,58652.2,1000 MT,2026-08-02
CONAB,Corn,2007/08,Production,58652.2,1000 MT,2026-08-03
CONAB,Corn,2007/08,Production,58652.2,1000 MT,2026-08-04
CONAB,Corn,2007/08,Production,58652.2,1000 MT,2026-08-05
CONAB,Corn,2007/08,Production,58652.2,1000 MT,2026-08-06
CONAB,Corn,2007/08,Production,58652.2,1000 MT,2026-08-07
CONAB,Corn,2007/08,Production,58652.2,1000 MT,2026-08-08
CONAB,Corn,2007/08,Production,58652.2,1000 MT,2026-08-10
CONAB,Corn,2007/08,Production,58652.2,1000 MT,2026-08-11
CONAB,Corn,2007/08,Production,58652.2,1000 MT,2026-08-12
CONAB,Corn,2007/08,Production,58652.2,1000 MT,2026-08-13
CONAB,Corn,2007/08,Yield,3972.1923105575756,KG/HA,2026-07-28
CONAB,Corn,2007/08,Yield,3972.1923105575756,KG/HA,2026-07-30
CONAB,Corn,2007/08,Yield,3972.1923105575756,KG/HA,2026-07-31
CONAB,Corn,2007/08,Yield,3972.1923105575756,KG/HA,2026-08-02
CONAB,Corn,2007/08,Yield,3972.1923105575756,KG/HA,2026-08-03
CONAB,Corn,2007/08,Yield,3972.1923105575756,KG/HA,2026-08-04
CONAB,Corn,2007/08,Yield,3972.1923105575756,KG/HA,2026-08-05
CONAB,Corn,2007/08,Yield,3972.1923105575756,KG/HA,2026-08-06
CONAB,Corn,2007/08,Yield,3972.1923105575756,KG/HA,2026-08-07
CONAB,Corn,2007/08,Yield,3972.1923105575756,KG/HA,2026-08-08
CONAB,Corn,2007/08,Yield,3972.1923105575756,KG/HA,2026-08-10
CONAB,Corn,2007/08,Yield,3972.1923105575756,KG/HA,2026-08-11
CONAB,Corn,2007/08,Yield,3972.1923105575756,KG/HA,2026-08-12
CONAB,Corn,2007/08,Yield,3972.1923105575756,KG/HA,2026-08-13
CONAB,Corn,2008/09,Area,14171.8,1000 HA,2026-07-28
CONAB,Corn,2008/09,Area,14171.8,1000 HA,2026-07-30
CONAB,Corn,2008/09,Area,14171.8,1000 HA,2026-07-31
CONAB,Corn,2008/09,Area,14171.8,1000 HA,2026-08-02
CONAB,Corn,2008/09,Area,14171.8,1000 HA,2026-08-03
CONAB,Corn,2008/09,Area,14171.8,1000 HA,2026-08-04
CONAB,Corn,2008/09,Area,14171.8,1000 HA,2026-08-05
CONAB,Corn,2008/09,Area,14171.8,1000 HA,2026-08-06
CONAB,Corn,2008/09,Area,14171.8,1000 HA,2026-08-07
CONAB,Corn,2008/09,Area,14171.8,1000 HA,2026-08-08
CONAB,Corn,2008/09,Area,14171.8,1000 HA,2026-08-10
CONAB,Corn,2008/09,Area,14171.8,1000 HA,2026-08-11
CONAB,Corn,2008/09,Area,14171.8,1000 HA,2026-08-12
CONAB,Corn,2008/09,Area,14171.8,1000 HA,2026-08-13
CONAB,Corn,2008/09,Production,51003.9,1000 MT,2026-07-28
CONAB,Corn,2008/09,Production,51003.9,1000 MT,2026-07-30
CONAB,Corn,2008/09,Production,51003.9,1000 MT,2026-07-31
CONAB,Corn,2008/09,Production,51003.9,1000 MT,2026-08-02
CONAB,Corn,2008/09,Production,51003.9,1000 MT,2026-08-03
CONAB,Corn,2008/09,Production,51003.9,1000 MT,2026-08-04
CONAB,Corn,2008/09,Production,51003.9,1000 MT,2026-08-05
CONAB,Corn,2008/09,Production,51003.9,1000 MT,2026-08-06
CONAB,Corn,2008/09,Production,51003.9,1000 MT,2026-08-07
CONAB,Corn,2008/09,Production,51003.9,1000 MT,2026-08-08
CONAB,Corn,2008/09,Production,51003.9,1000 MT,2026-08-10
CONAB,Corn,2008/09,Production,51003.9,1000 MT,2026-08-11
CONAB,Corn,2008/09,Production,51003.9,1000 MT,2026-08-12
CONAB,Corn,2008/09,Production,51003.9,1000 MT,2026-08-13
CONAB,Corn,2008/09,Yield,3598.9711963194513,KG/HA,2026-07-28
CONAB,Corn,2008/09,Yield,3598.9711963194513,KG/HA,2026-07-30
CONAB,Corn,2008/09,Yield,3598.9711963194513,KG/HA,2026-07-31
CONAB,Corn,2008/09,Yield,3598.9711963194513,KG/HA,2026-08-02
CONAB,Corn,2008/09,Yield,3598.9711963194513,KG/HA,2026-08-03
CONAB,Corn,2008/09,Yield,3598.9711963194513,KG/HA,2026-08-04
CONAB,Corn,2008/09,Yield,3598.9711963194513,KG/HA,2026-08-05
CONAB,Corn,2008/09,Yield,3598.9711963194513,KG/HA,2026-08-06
CONAB,Corn,2008/09,Yield,3598.9711963194513,KG/HA,2026-08-07
CONAB,Corn,2008/09,Yield,3598.9711963194513,KG/HA,2026-08-08
CONAB,Corn,2008/09,Yield,3598.9711963194513,KG/HA,2026-08-10
CONAB,Corn,2008/09,Yield,3598.9711963194513,KG/HA,2026-08-11
CONAB,Corn,2008/09,Yield,3598.9711963194513,KG/HA,2026-08-12
CONAB,Corn,2008/09,Yield,3598.9711963194513,KG/HA,2026-08-13
CONAB,Corn,2009/10,Area,12993.9,1000 HA,2026-07-28
CONAB,Corn,2009/10,Area,12993.9,1000 HA,2026-07-30
CONAB,Corn,2009/10,Area,12993.9,1000 HA,2026-07-31
CONAB,Corn,2009/10,Area,12993.9,1000 HA,2026-08-02
CONAB,Corn,2009/10,Area,12993.9,1000 HA,2026-08-03
CONAB,Corn,2009/10,Area,12993.9,1000 HA,2026-08-04
CONAB,Corn,2009/10,Area,12993.9,1000 HA,2026-08-05
CONAB,Corn,2009/10,Area,12993.9,1000 HA,2026-08-06
CONAB,Corn,2009/10,Area,12993.9,1000 HA,2026-08-07
CONAB,Corn,2009/10,Area,12993.9,1000 HA,2026-08-08
CONAB,Corn,2009/10,Area,12993.9,1000 HA,2026-08-10
CONAB,Corn,2009/10,Area,12993.9,1000 HA,2026-08-11
CONAB,Corn,2009/10,Area,12993.9,1000 HA,2026-08-12
CONAB,Corn,2009/10,Area,12993.9,1000 HA,2026-08-13
CONAB,Corn,2009/10,Production,56018.0,1000 MT,2026-07-28
CONAB,Corn,2009/10,Production,56018.0,1000 MT,2026-07-30
CONAB,Corn,2009/10,Production,56018.0,1000 MT,2026-07-31
CONAB,Corn,2009/10,Production,56018.0,1000 MT,2026-08-02
CONAB,Corn,2009/10,Production,56018.0,1000 MT,2026-08-03
CONAB,Corn,2009/10,Production,56018.0,1000 MT,2026-08-04
CONAB,Corn,2009/10,Production,56018.0,1000 MT,2026-08-05
CONAB,Corn,2009/10,Production,56018.0,1000 MT,2026-08-06
CONAB,Corn,2009/10,Production,56018.0,1000 MT,2026-08-07
CONAB,Corn,2009/10,Production,56018.0,1000 MT,2026-08-08
CONAB,Corn,2009/10,Production,56018.0,1000 MT,2026-08-10
CONAB,Corn,2009/10,Production,56018.0,1000 MT,2026-08-11
CONAB,Corn,2009/10,Production,56018.0,1000 MT,2026-08-12
CONAB,Corn,2009/10,Production,56018.0,1000 MT,2026-08-13
CONAB,Corn,2009/10,Yield,4311.0998237634585,KG/HA,2026-07-28
CONAB,Corn,2009/10,Yield,4311.0998237634585,KG/HA,2026-07-30
CONAB,Corn,2009/10,Yield,4311.0998237634585,KG/HA,2026-07-31
CONAB,Corn,2009/10,Yield,4311.0998237634585,KG/HA,2026-08-02
CONAB,Corn,2009/10,Yield,4311.0998237634585,KG/HA,2026-08-03
CONAB,Corn,2009/10,Yield,4311.0998237634585,KG/HA,2026-08-04
CONAB,Corn,2009/10,Yield,4311.0998237634585,KG/HA,2026-08-05
CONAB,Corn,2009/10,Yield,4311.0998237634585,KG/HA,2026-08-06
CONAB,Corn,2009/10,Yield,4311.0998237634585,KG/HA,2026-08-07
CONAB,Corn,2009/10,Yield,4311.0998237634585,KG/HA,2026-08-08
CONAB,Corn,2009/10,Yield,4311.0998237634585,KG/HA,2026-08-10
CONAB,Corn,2009/10,Yield,4311.0998237634585,KG/HA,2026-08-11
CONAB,Corn,2009/10,Yield,4311.0998237634585,KG/HA,2026-08-12
CONAB,Corn,2009/10,Yield,4311.0998237634585,KG/HA,2026-08-13
CONAB,Corn,2010/11,Area,13806.1,1000 HA,2026-07-28
CONAB,Corn,2010/11,Area,13806.1,1000 HA,2026-07-30
CONAB,Corn,2010/11,Area,13806.1,1000 HA,2026-07-31
CONAB,Corn,2010/11,Area,13806.1,1000 HA,2026-08-02
CONAB,Corn,2010/11,Area,13806.1,1000 HA,2026-08-03
CONAB,Corn,2010/11,Area,13806.1,1000 HA,2026-08-04
CONAB,Corn,2010/11,Area,13806.1,1000 HA,2026-08-05
CONAB,Corn,2010/11,Area,13806.1,1000 HA,2026-08-06
CONAB,Corn,2010/11,Area,13806.1,1000 HA,2026-08-07
CONAB,Corn,2010/11,Area,13806.1,1000 HA,2026-08-08
CONAB,Corn,2010/11,Area,13806.1,1000 HA,2026-08-10
CONAB,Corn,2010/11,Area,13806.1,1000 HA,2026-08-11
CONAB,Corn,2010/11,Area,13806.1,1000 HA,2026-08-12
CONAB,Corn,2010/11,Area,13806.1,1000 HA,2026-08-13
CONAB,Corn,2010/11,Production,57407.0,1000 MT,2026-07-28
CONAB,Corn,2010/11,Production,57407.0,1000 MT,2026-07-30
CONAB,Corn,2010/11,Production,57407.0,1000 MT,2026-07-31
CONAB,Corn,2010/11,Production,57407.0,1000 MT,2026-08-02
CONAB,Corn,2010/11,Production,57407.0,1000 MT,2026-08-03
CONAB,Corn,2010/11,Production,57407.0,1000 MT,2026-08-04
CONAB,Corn,2010/11,Production,57407.0,1000 MT,2026-08-05
CONAB,Corn,2010/11,Production,57407.0,1000 MT,2026-08-06
CONAB,Corn,2010/11,Production,57407.0,1000 MT,2026-08-07
CONAB,Corn,2010/11,Production,57407.0,1000 MT,2026-08-08
CONAB,Corn,2010/11,Production,57407.0,1000 MT,2026-08-10
CONAB,Corn,2010/11,Production,57407.0,1000 MT,2026-08-11
CONAB,Corn,2010/11,Production,57407.0,1000 MT,2026-08-12
CONAB,Corn,2010/11,Production,57407.0,1000 MT,2026-08-13
CONAB,Corn,2010/11,Yield,4158.089540130812,KG/HA,2026-07-28
CONAB,Corn,2010/11,Yield,4158.089540130812,KG/HA,2026-07-30
CONAB,Corn,2010/11,Yield,4158.089540130812,KG/HA,2026-07-31
CONAB,Corn,2010/11,Yield,4158.089540130812,KG/HA,2026-08-02
CONAB,Corn,2010/11,Yield,4158.089540130812,KG/HA,2026-08-03
CONAB,Corn,2010/11,Yield,4158.089540130812,KG/HA,2026-08-04
CONAB,Corn,2010/11,Yield,4158.089540130812,KG/HA,2026-08-05
CONAB,Corn,2010/11,Yield,4158.089540130812,KG/HA,2026-08-06
CONAB,Corn,2010/11,Yield,4158.089540130812,KG/HA,2026-08-07
CONAB,Corn,2010/11,Yield,4158.089540130812,KG/HA,2026-08-08
CONAB,Corn,2010/11,Yield,4158.089540130812,KG/HA,2026-08-10
CONAB,Corn,2010/11,Yield,4158.089540130812,KG/HA,2026-08-11
CONAB,Corn,2010/11,Yield,4158.089540130812,KG/HA,2026-08-12
CONAB,Corn,2010/11,Yield,4158.089540130812,KG/HA,2026-08-13
CONAB,Corn,2011/12,Area,15178.1,1000 HA,2026-07-28
CONAB,Corn,2011/12,Area,15178.1,1000 HA,2026-07-30
CONAB,Corn,2011/12,Area,15178.1,1000 HA,2026-07-31
CONAB,Corn,2011/12,Area,15178.1,1000 HA,2026-08-02
CONAB,Corn,2011/12,Area,15178.1,1000 HA,2026-08-03
CONAB,Corn,2011/12,Area,15178.1,1000 HA,2026-08-04
CONAB,Corn,2011/12,Area,15178.1,1000 HA,2026-08-05
CONAB,Corn,2011/12,Area,15178.1,1000 HA,2026-08-06
CONAB,Corn,2011/12,Area,15178.1,1000 HA,2026-08-07
CONAB,Corn,2011/12,Area,15178.1,1000 HA,2026-08-08
CONAB,Corn,2011/12,Area,15178.1,1000 HA,2026-08-10
CONAB,Corn,2011/12,Area,15178.1,1000 HA,2026-08-11
CONAB,Corn,2011/12,Area,15178.1,1000 HA,2026-08-12
CONAB,Corn,2011/12,Area,15178.1,1000 HA,2026-08-13
CONAB,Corn,2011/12,Production,72979.8,1000 MT,2026-07-28
CONAB,Corn,2011/12,Production,72979.8,1000 MT,2026-07-30
CONAB,Corn,2011/12,Production,72979.8,1000 MT,2026-07-31
CONAB,Corn,2011/12,Production,72979.8,1000 MT,2026-08-02
CONAB,Corn,2011/12,Production,72979.8,1000 MT,2026-08-03
CONAB,Corn,2011/12,Production,72979.8,1000 MT,2026-08-04
CONAB,Corn,2011/12,Production,72979.8,1000 MT,2026-08-05
CONAB,Corn,2011/12,Production,72979.8,1000 MT,2026-08-06
CONAB,Corn,2011/12,Production,72979.8,1000 MT,2026-08-07
CONAB,Corn,2011/12,Production,72979.8,1000 MT,2026-08-08
CONAB,Corn,2011/12,Production,72979.8,1000 MT,2026-08-10
CONAB,Corn,2011/12,Production,72979.8,1000 MT,2026-08-11
CONAB,Corn,2011/12,Production,72979.8,1000 MT,2026-08-12
CONAB,Corn,2011/12,Production,72979.8,1000 MT,2026-08-13
CONAB,Corn,2011/12,Yield,4808.2302791522,KG/HA,2026-07-28
CONAB,Corn,2011/12,Yield,4808.2302791522,KG/HA,2026-07-30
CONAB,Corn,2011/12,Yield,4808.2302791522,KG/HA,2026-07-31
CONAB,Corn,2011/12,Yield,4808.2302791522,KG/HA,2026-08-02
CONAB,Corn,2011/12,Yield,4808.2302791522,KG/HA,2026-08-03
CONAB,Corn,2011/12,Yield,4808.2302791522,KG/HA,2026-08-04
CONAB,Corn,2011/12,Yield,4808.2302791522,KG/HA,2026-08-05
CONAB,Corn,2011/12,Yield,4808.2302791522,KG/HA,2026-08-06
CONAB,Corn,2011/12,Yield,4808.2302791522,KG/HA,2026-08-07
CONAB,Corn,2011/12,Yield,4808.2302791522,KG/HA,2026-08-08
CONAB,Corn,2011/12,Yield,4808.2302791522,KG/HA,2026-08-10
CONAB,Corn,2011/12,Yield,4808.2302791522,KG/HA,2026-08-11
CONAB,Corn,2011/12,Yield,4808.2302791522,KG/HA,2026-08-12
CONAB,Corn,2011/12,Yield,4808.2302791522,KG/HA,2026-08-13
CONAB,Corn,2012/13,Area,15829.3,1000 HA,2026-07-28
CONAB,Corn,2012/13,Area,15829.3,1000 HA,2026-07-30
CONAB,Corn,2012/13,Area,15829.3,1000 HA,2026-07-31
CONAB,Corn,2012/13,Area,15829.3,1000 HA,2026-08-02
CONAB,Corn,2012/13,Area,15829.3,1000 HA,2026-08-03
CONAB,Corn,2012/13,Area,15829.3,1000 HA,2026-08-04
CONAB,Corn,2012/13,Area,15829.3,1000 HA,2026-08-05
CONAB,Corn,2012/13,Area,15829.3,1000 HA,2026-08-06
CONAB,Corn,2012/13,Area,15829.3,1000 HA,2026-08-07
CONAB,Corn,2012/13,Area,15829.3,1000 HA,2026-08-08
CONAB,Corn,2012/13,Area,15829.3,1000 HA,2026-08-10
CONAB,Corn,2012/13,Area,15829.3,1000 HA,2026-08-11
CONAB,Corn,2012/13,Area,15829.3,1000 HA,2026-08-12
CONAB,Corn,2012/13,Area,15829.3,1000 HA,2026-08-13
CONAB,Corn,2012/13,Production,81505.59999999999,1000 MT,2026-07-28
CONAB,Corn,2012/13,Production,81505.59999999999,1000 MT,2026-07-30
CONAB,Corn,2012/13,Production,81505.59999999999,1000 MT,2026-07-31
CONAB,Corn,2012/13,Production,81505.59999999999,1000 MT,2026-08-02
CONAB,Corn,2012/13,Production,81505.59999999999,1000 MT,2026-08-03
CONAB,Corn,2012/13,Production,81505.59999999999,1000 MT,2026-08-04
CONAB,Corn,2012/13,Production,81505.59999999999,1000 MT,2026-08-05
CONAB,Corn,2012/13,Production,81505.59999999999,1000 MT,2026-08-06
CONAB,Corn,2012/13,Production,81505.59999999999,1000 MT,2026-08-07
CONAB,Corn,2012/13,Production,81505.59999999999,1000 MT,2026-08-08
CONAB,Corn,2012/13,Production,81505.59999999999,1000 MT,2026-08-10
CONAB,Corn,2012/13,Production,81505.59999999999,1000 MT,2026-08-11
CONAB,Corn,2012/13,Production,81505.59999999999,1000 MT,2026-08-12
CONAB,Corn,2012/13,Production,81505.59999999999,1000 MT,2026-08-13
CONAB,Corn,2012/13,Yield,5149.0337538615095,KG/HA,2026-07-28
CONAB,Corn,2012/13,Yield,5149.0337538615095,KG/HA,2026-07-30
CONAB,Corn,2012/13,Yield,5149.0337538615095,KG/HA,2026-07-31
CONAB,Corn,2012/13,Yield,5149.0337538615095,KG/HA,2026-08-02
CONAB,Corn,2012/13,Yield,5149.0337538615095,KG/HA,2026-08-03
CONAB,Corn,2012/13,Yield,5149.0337538615095,KG/HA,2026-08-04
CONAB,Corn,2012/13,Yield,5149.0337538615095,KG/HA,2026-08-05
CONAB,Corn,2012/13,Yield,5149.0337538615095,KG/HA,2026-08-06
CONAB,Corn,2012/13,Yield,5149.0337538615095,KG/HA,2026-08-07
CONAB,Corn,2012/13,Yield,5149.0337538615095,KG/HA,2026-08-08
CONAB,Corn,2012/13,Yield,5149.0337538615095,KG/HA,2026-08-10
CONAB,Corn,2012/13,Yield,5149.0337538615095,KG/HA,2026-08-11
CONAB,Corn,2012/13,Yield,5149.0337538615095,KG/HA,2026-08-12
CONAB,Corn,2012/13,Yield,5149.0337538615095,KG/HA,2026-08-13
CONAB,Corn,2013/14,Area,15828.9,1000 HA,2026-07-28
CONAB,Corn,2013/14,Area,15828.9,1000 HA,2026-07-30
CONAB,Corn,2013/14,Area,15828.9,1000 HA,2026-07-31
CONAB,Corn,2013/14,Area,15828.9,1000 HA,2026-08-02
CONAB,Corn,2013/14,Area,15828.9,1000 HA,2026-08-03
CONAB,Corn,2013/14,Area,15828.9,1000 HA,2026-08-04
CONAB,Corn,2013/14,Area,15828.9,1000 HA,2026-08-05
CONAB,Corn,2013/14,Area,15828.9,1000 HA,2026-08-06
CONAB,Corn,2013/14,Area,15828.9,1000 HA,2026-08-07
CONAB,Corn,2013/14,Area,15828.9,1000 HA,2026-08-08
CONAB,Corn,2013/14,Area,15828.9,1000 HA,2026-08-10
CONAB,Corn,2013/14,Area,15828.9,1000 HA,2026-08-11
CONAB,Corn,2013/14,Area,15828.9,1000 HA,2026-08-12
CONAB,Corn,2013/14,Area,15828.9,1000 HA,2026-08-13
CONAB,Corn,2013/14,Production,80051.7,1000 MT,2026-07-28
CONAB,Corn,2013/14,Production,80051.7,1000 MT,2026-07-30
CONAB,Corn,2013/14,Production,80051.7,1000 MT,2026-07-31
CONAB,Corn,2013/14,Production,80051.7,1000 MT,2026-08-02
CONAB,Corn,2013/14,Production,80051.7,1000 MT,2026-08-03
CONAB,Corn,2013/14,Production,80051.7,1000 MT,2026-08-04
CONAB,Corn,2013/14,Production,80051.7,1000 MT,2026-08-05
CONAB,Corn,2013/14,Production,80051.7,1000 MT,2026-08-06
CONAB,Corn,2013/14,Production,80051.7,1000 MT,2026-08-07
CONAB,Corn,2013/14,Production,80051.7,1000 MT,2026-08-08
CONAB,Corn,2013/14,Production,80051.7,1000 MT,2026-08-10
CONAB,Corn,2013/14,Production,80051.7,1000 MT,2026-08-11
CONAB,Corn,2013/14,Production,80051.7,1000 MT,2026-08-12
CONAB,Corn,2013/14,Production,80051.7,1000 MT,2026-08-13
CONAB,Corn,2013/14,Yield,5057.312889714383,KG/HA,2026-07-28
CONAB,Corn,2013/14,Yield,5057.312889714383,KG/HA,2026-07-30
CONAB,Corn,2013/14,Yield,5057.312889714383,KG/HA,2026-07-31
CONAB,Corn,2013/14,Yield,5057.312889714383,KG/HA,2026-08-02
CONAB,Corn,2013/14,Yield,5057.312889714383,KG/HA,2026-08-03
CONAB,Corn,2013/14,Yield,5057.312889714383,KG/HA,2026-08-04
CONAB,Corn,2013/14,Yield,5057.312889714383,KG/HA,2026-08-05
CONAB,Corn,2013/14,Yield,5057.312889714383,KG/HA,2026-08-06
CONAB,Corn,2013/14,Yield,5057.312889714383,KG/HA,2026-08-07
CONAB,Corn,2013/14,Yield,5057.312889714383,KG/HA,2026-08-08
CONAB,Corn,2013/14,Yield,5057.312889714383,KG/HA,2026-08-10
CONAB,Corn,2013/14,Yield,5057.312889714383,KG/HA,2026-08-11
CONAB,Corn,2013/14,Yield,5057.312889714383,KG/HA,2026-08-12
CONAB,Corn,2013/14,Yield,5057.312889714383,KG/HA,2026-08-13
CONAB,Corn,2014/15,Area,15692.9,1000 HA,2026-07-28
CONAB,Corn,2014/15,Area,15692.9,1000 HA,2026-07-30
CONAB,Corn,2014/15,Area,15692.9,1000 HA,2026-07-31
CONAB,Corn,2014/15,Area,15692.9,1000 HA,2026-08-02
CONAB,Corn,2014/15,Area,15692.9,1000 HA,2026-08-03
CONAB,Corn,2014/15,Area,15692.9,1000 HA,2026-08-04
CONAB,Corn,2014/15,Area,15692.9,1000 HA,2026-08-05
CONAB,Corn,2014/15,Area,15692.9,1000 HA,2026-08-06
CONAB,Corn,2014/15,Area,15692.9,1000 HA,2026-08-07
CONAB,Corn,2014/15,Area,15692.9,1000 HA,2026-08-08
CONAB,Corn,2014/15,Area,15692.9,1000 HA,2026-08-10
CONAB,Corn,2014/15,Area,15692.9,1000 HA,2026-08-11
CONAB,Corn,2014/15,Area,15692.9,1000 HA,2026-08-12
CONAB,Corn,2014/15,Area,15692.9,1000 HA,2026-08-13
CONAB,Corn,2014/15,Production,84672.5,1000 MT,2026-07-28
CONAB,Corn,2014/15,Production,84672.5,1000 MT,2026-07-30
CONAB,Corn,2014/15,Production,84672.5,1000 MT,2026-07-31
CONAB,Corn,2014/15,Production,84672.5,1000 MT,2026-08-02
CONAB,Corn,2014/15,Production,84672.5,1000 MT,2026-08-03
CONAB,Corn,2014/15,Production,84672.5,1000 MT,2026-08-04
CONAB,Corn,2014/15,Production,84672.5,1000 MT,2026-08-05
CONAB,Corn,2014/15,Production,84672.5,1000 MT,2026-08-06
CONAB,Corn,2014/15,Production,84672.5,1000 MT,2026-08-07
CONAB,Corn,2014/15,Production,84672.5,1000 MT,2026-08-08
CONAB,Corn,2014/15,Production,84672.5,1000 MT,2026-08-10
CONAB,Corn,2014/15,Production,84672.5,1000 MT,2026-08-11
CONAB,Corn,2014/15,Production,84672.5,1000 MT,2026-08-12
CONAB,Corn,2014/15,Production,84672.5,1000 MT,2026-08-13
CONAB,Corn,2014/15,Yield,5395.59291144403,KG/HA,2026-07-28
CONAB,Corn,2014/15,Yield,5395.59291144403,KG/HA,2026-07-30
CONAB,Corn,2014/15,Yield,5395.59291144403,KG/HA,2026-07-31
CONAB,Corn,2014/15,Yield,5395.59291144403,KG/HA,2026-08-02
CONAB,Corn,2014/15,Yield,5395.59291144403,KG/HA,2026-08-03
CONAB,Corn,2014/15,Yield,5395.59291144403,KG/HA,2026-08-04
CONAB,Corn,2014/15,Yield,5395.59291144403,KG/HA,2026-08-05
CONAB,Corn,2014/15,Yield,5395.59291144403,KG/HA,2026-08-06
CONAB,Corn,2014/15,Yield,5395.59291144403,KG/HA,2026-08-07
CONAB,Corn,2014/15,Yield,5395.59291144403,KG/HA,2026-08-08
CONAB,Corn,2014/15,Yield,5395.59291144403,KG/HA,2026-08-10
CONAB,Corn,2014/15,Yield,5395.59291144403,KG/HA,2026-08-11
CONAB,Corn,2014/15,Yield,5395.59291144403,KG/HA,2026-08-12
CONAB,Corn,2014/15,Yield,5395.59291144403,KG/HA,2026-08-13
CONAB,Corn,2015/16,Area,15754.7,1000 HA,2026-07-28
CONAB,Corn,2015/16,Area,15754.7,1000 HA,2026-07-30
CONAB,Corn,2015/16,Area,15754.7,1000 HA,2026-07-31
CONAB,Corn,2015/16,Area,15754.7,1000 HA,2026-08-02
CONAB,Corn,2015/16,Area,15754.7,1000 HA,2026-08-03
CONAB,Corn,2015/16,Area,15754.7,1000 HA,2026-08-04
CONAB,Corn,2015/16,Area,15754.7,1000 HA,2026-08-05
CONAB,Corn,2015/16,Area,15754.7,1000 HA,2026-08-06
CONAB,Corn,2015/16,Area,15754.7,1000 HA,2026-08-07
CONAB,Corn,2015/16,Area,15754.7,1000 HA,2026-08-08
CONAB,Corn,2015/16,Area,15754.7,1000 HA,2026-08-10
CONAB,Corn,2015/16,Area,15754.7,1000 HA,2026-08-11
CONAB,Corn,2015/16,Area,15754.7,1000 HA,2026-08-12
CONAB,Corn,2015/16,Area,15754.7,1000 HA,2026-08-13
CONAB,Corn,2015/16,Production,69141.3,1000 MT,2026-07-28
CONAB,Corn,2015/16,Production,69141.3,1000 MT,2026-07-30
CONAB,Corn,2015/16,Production,69141.3,1000 MT,2026-07-31
CONAB,Corn,2015/16,Production,69141.3,1000 MT,2026-08-02
CONAB,Corn,2015/16,Production,69141.3,1000 MT,2026-08-03
CONAB,Corn,2015/16,Production,69141.3,1000 MT,2026-08-04
CONAB,Corn,2015/16,Production,69141.3,1000 MT,2026-08-05
CONAB,Corn,2015/16,Production,69141.3,1000 MT,2026-08-06
CONAB,Corn,2015/16,Production,69141.3,1000 MT,2026-08-07
CONAB,Corn,2015/16,Production,69141.3,1000 MT,2026-08-08
CONAB,Corn,2015/16,Production,69141.3,1000 MT,2026-08-10
CONAB,Corn,2015/16,Production,69141.3,1000 MT,2026-08-11
CONAB,Corn,2015/16,Production,69141.3,1000 MT,2026-08-12
CONAB,Corn,2015/16,Production,69141.3,1000 MT,2026-08-13
CONAB,Corn,2015/16,Yield,4388.614191320685,KG/HA,2026-07-28
CONAB,Corn,2015/16,Yield,4388.614191320685,KG/HA,2026-07-30
CONAB,Corn,2015/16,Yield,4388.614191320685,KG/HA,2026-07-31
CONAB,Corn,2015/16,Yield,4388.614191320685,KG/HA,2026-08-02
CONAB,Corn,2015/16,Yield,4388.614191320685,KG/HA,2026-08-03
CONAB,Corn,2015/16,Yield,4388.614191320685,KG/HA,2026-08-04
CONAB,Corn,2015/16,Yield,4388.614191320685,KG/HA,2026-08-05
CONAB,Corn,2015/16,Yield,4388.614191320685,KG/HA,2026-08-06
CONAB,Corn,2015/16,Yield,4388.614191320685,KG/HA,2026-08-07
CONAB,Corn,2015/16,Yield,4388.614191320685,KG/HA,2026-08-08
CONAB,Corn,2015/16,Yield,4388.614191320685,KG/HA,2026-08-10
CONAB,Corn,2015/16,Yield,4388.614191320685,KG/HA,2026-08-11
CONAB,Corn,2015/16,Yield,4388.614191320685,KG/HA,2026-08-12
CONAB,Corn,2015/16,Yield,4388.614191320685,KG/HA,2026-08-13
CONAB,Corn,2016/17,Area,17591.7,1000 HA,2026-07-28
CONAB,Corn,2016/17,Area,17591.7,1000 HA,2026-07-30
CONAB,Corn,2016/17,Area,17591.7,1000 HA,2026-07-31
CONAB,Corn,2016/17,Area,17591.7,1000 HA,2026-08-02
CONAB,Corn,2016/17,Area,17591.7,1000 HA,2026-08-03
CONAB,Corn,2016/17,Area,17591.7,1000 HA,2026-08-04
CONAB,Corn,2016/17,Area,17591.7,1000 HA,2026-08-05
CONAB,Corn,2016/17,Area,17591.7,1000 HA,2026-08-06
CONAB,Corn,2016/17,Area,17591.7,1000 HA,2026-08-07
CONAB,Corn,2016/17,Area,17591.7,1000 HA,2026-08-08
CONAB,Corn,2016/17,Area,17591.7,1000 HA,2026-08-10
CONAB,Corn,2016/17,Area,17591.7,1000 HA,2026-08-11
CONAB,Corn,2016/17,Area,17591.7,1000 HA,2026-08-12
CONAB,Corn,2016/17,Area,17591.7,1000 HA,2026-08-13
CONAB,Corn,2016/17,Production,97842.9,1000 MT,2026-07-28
CONAB,Corn,2016/17,Production,97842.9,1000 MT,2026-07-30
CONAB,Corn,2016/17,Production,97842.9,1000 MT,2026-07-31
CONAB,Corn,2016/17,Production,97842.9,1000 MT,2026-08-02
CONAB,Corn,2016/17,Production,97842.9,1000 MT,2026-08-03
CONAB,Corn,2016/17,Production,97842.9,1000 MT,2026-08-04
CONAB,Corn,2016/17,Production,97842.9,1000 MT,2026-08-05
CONAB,Corn,2016/17,Production,97842.9,1000 MT,2026-08-06
CONAB,Corn,2016/17,Production,97842.9,1000 MT,2026-08-07
CONAB,Corn,2016/17,Production,97842.9,1000 MT,2026-08-08
CONAB,Corn,2016/17,Production,97842.9,1000 MT,2026-08-10
CONAB,Corn,2016/17,Production,97842.9,1000 MT,2026-08-11
CONAB,Corn,2016/17,Production,97842.9,1000 MT,2026-08-12
CONAB,Corn,2016/17,Production,97842.9,1000 MT,2026-08-13
CONAB,Corn,2016/17,Yield,5561.8786132096375,KG/HA,2026-07-28
CONAB,Corn,2016/17,Yield,5561.8786132096375,KG/HA,2026-07-30
CONAB,Corn,2016/17,Yield,5561.8786132096375,KG/HA,2026-07-31
CONAB,Corn,2016/17,Yield,5561.8786132096375,KG/HA,2026-08-02
CONAB,Corn,2016/17,Yield,5561.8786132096375,KG/HA,2026-08-03
CONAB,Corn,2016/17,Yield,5561.8786132096375,KG/HA,2026-08-04
CONAB,Corn,2016/17,Yield,5561.8786132096375,KG/HA,2026-08-05
CONAB,Corn,2016/17,Yield,5561.8786132096375,KG/HA,2026-08-06
CONAB,Corn,2016/17,Yield,5561.8786132096375,KG/HA,2026-08-07
CONAB,Corn,2016/17,Yield,5561.8786132096375,KG/HA,2026-08-08
CONAB,Corn,2016/17,Yield,5561.8786132096375,KG/HA,2026-08-10
CONAB,Corn,2016/17,Yield,5561.8786132096375,KG/HA,2026-08-11
CONAB,Corn,2016/17,Yield,5561.8786132096375,KG/HA,2026-08-12
CONAB,Corn,2016/17,Yield,5561.8786132096375,KG/HA,2026-08-13
CONAB,Corn,2017/18,Area,16616.4,1000 HA,2026-07-28
CONAB,Corn,2017/18,Area,16616.4,1000 HA,2026-07-30
CONAB,Corn,2017/18,Area,16616.4,1000 HA,2026-07-31
CONAB,Corn,2017/18,Area,16616.4,1000 HA,2026-08-02
CONAB,Corn,2017/18,Area,16616.4,1000 HA,2026-08-03
CONAB,Corn,2017/18,Area,16616.4,1000 HA,2026-08-04
CONAB,Corn,2017/18,Area,16616.4,1000 HA,2026-08-05
CONAB,Corn,2017/18,Area,16616.4,1000 HA,2026-08-06
CONAB,Corn,2017/18,Area,16616.4,1000 HA,2026-08-07
CONAB,Corn,2017/18,Area,16616.4,1000 HA,2026-08-08
CONAB,Corn,2017/18,Area,16616.4,1000 HA,2026-08-10
CONAB,Corn,2017/18,Area,16616.4,1000 HA,2026-08-11
CONAB,Corn,2017/18,Area,16616.4,1000 HA,2026-08-12
CONAB,Corn,2017/18,Area,16616.4,1000 HA,2026-08-13
CONAB,Corn,2017/18,Production,80709.6,1000 MT,2026-07-28
CONAB,Corn,2017/18,Production,80709.6,1000 MT,2026-07-30
CONAB,Corn,2017/18,Production,80709.6,1000 MT,2026-07-31
CONAB,Corn,2017/18,Production,80709.6,1000 MT,2026-08-02
CONAB,Corn,2017/18,Production,80709.6,1000 MT,2026-08-03
CONAB,Corn,2017/18,Production,80709.6,1000 MT,2026-08-04
CONAB,Corn,2017/18,Production,80709.6,1000 MT,2026-08-05
CONAB,Corn,2017/18,Production,80709.6,1000 MT,2026-08-06
CONAB,Corn,2017/18,Production,80709.6,1000 MT,2026-08-07
CONAB,Corn,2017/18,Production,80709.6,1000 MT,2026-08-08
CONAB,Corn,2017/18,Production,80709.6,1000 MT,2026-08-10
CONAB,Corn,2017/18,Production,80709.6,1000 MT,2026-08-11
CONAB,Corn,2017/18,Production,80709.6,1000 MT,2026-08-12
CONAB,Corn,2017/18,Production,80709.6,1000 MT,2026-08-13
CONAB,Corn,2017/18,Yield,4857.225391781613,KG/HA,2026-07-28
CONAB,Corn,2017/18,Yield,4857.225391781613,KG/HA,2026-07-30
CONAB,Corn,2017/18,Yield,4857.225391781613,KG/HA,2026-07-31
CONAB,Corn,2017/18,Yield,4857.225391781613,KG/HA,2026-08-02
CONAB,Corn,2017/18,Yield,4857.225391781613,KG/HA,2026-08-03
CONAB,Corn,2017/18,Yield,4857.225391781613,KG/HA,2026-08-04
CONAB,Corn,2017/18,Yield,4857.225391781613,KG/HA,2026-08-05
CONAB,Corn,2017/18,Yield,4857.225391781613,KG/HA,2026-08-06
CONAB,Corn,2017/18,Yield,4857.225391781613,KG/HA,2026-08-07
CONAB,Corn,2017/18,Yield,4857.225391781613,KG/HA,2026-08-08
CONAB,Corn,2017/18,Yield,4857.225391781613,KG/HA,2026-08-10
CONAB,Corn,2017/18,Yield,4857.225391781613,KG/HA,2026-08-11
CONAB,Corn,2017/18,Yield,4857.225391781613,KG/HA,2026-08-12
CONAB,Corn,2017/18,Yield,4857.225391781613,KG/HA,2026-08-13
CONAB,Corn,2018/19,Area,17493.0,1000 HA,2026-07-28
CONAB,Corn,2018/19,Area,17493.0,1000 HA,2026-07-30
CONAB,Corn,2018/19,Area,17493.0,1000 HA,2026-07-31
CONAB,Corn,2018/19,Area,17493.0,1000 HA,2026-08-02
CONAB,Corn,2018/19,Area,17493.0,1000 HA,2026-08-03
CONAB,Corn,2018/19,Area,17493.0,1000 HA,2026-08-04
CONAB,Corn,2018/19,Area,17493.0,1000 HA,2026-08-05
CONAB,Corn,2018/19,Area,17493.0,1000 HA,2026-08-06
CONAB,Corn,2018/19,Area,17493.0,1000 HA,2026-08-07
CONAB,Corn,2018/19,Area,17493.0,1000 HA,2026-08-08
CONAB,Corn,2018/19,Area,17493.0,1000 HA,2026-08-10
CONAB,Corn,2018/19,Area,17493.0,1000 HA,2026-08-11
CONAB,Corn,2018/19,Area,17493.0,1000 HA,2026-08-12
CONAB,Corn,2018/19,Area,17493.0,1000 HA,2026-08-13
CONAB,Corn,2018/19,Production,100043.0,1000 MT,2026-07-28
CONAB,Corn,2018/19,Production,100043.0,1000 MT,2026-07-30
CONAB,Corn,2018/19,Production,100043.0,1000 MT,2026-07-31
CONAB,Corn,2018/19,Production,100043.0,1000 MT,2026-08-02
CONAB,Corn,2018/19,Production,100043.0,1000 MT,2026-08-03
CONAB,Corn,2018/19,Production,100043.0,1000 MT,2026-08-04
CONAB,Corn,2018/19,Production,100043.0,1000 MT,2026-08-05
CONAB,Corn,2018/19,Production,100043.0,1000 MT,2026-08-06
CONAB,Corn,2018/19,Production,100043.0,1000 MT,2026-08-07
CONAB,Corn,2018/19,Production,100043.0,1000 MT,2026-08-08
CONAB,Corn,2018/19,Production,100043.0,1000 MT,2026-08-10
CONAB,Corn,2018/19,Production,100043.0,1000 MT,2026-08-11
CONAB,Corn,2018/19,Production,100043.0,1000 MT,2026-08-12
CONAB,Corn,2018/19,Production,100043.0,1000 MT,2026-08-13
CONAB,Corn,2018/19,Yield,5719.03046933059,KG/HA,2026-07-28
CONAB,Corn,2018/19,Yield,5719.03046933059,KG/HA,2026-07-30
CONAB,Corn,2018/19,Yield,5719.03046933059,KG/HA,2026-07-31
CONAB,Corn,2018/19,Yield,5719.03046933059,KG/HA,2026-08-02
CONAB,Corn,2018/19,Yield,5719.03046933059,KG/HA,2026-08-03
CONAB,Corn,2018/19,Yield,5719.03046933059,KG/HA,2026-08-04
CONAB,Corn,2018/19,Yield,5719.03046933059,KG/HA,2026-08-05
CONAB,Corn,2018/19,Yield,5719.03046933059,KG/HA,2026-08-06
CONAB,Corn,2018/19,Yield,5719.03046933059,KG/HA,2026-08-07
CONAB,Corn,2018/19,Yield,5719.03046933059,KG/HA,2026-08-08
CONAB,Corn,2018/19,Yield,5719.03046933059,KG/HA,2026-08-10
CONAB,Corn,2018/19,Yield,5719.03046933059,KG/HA,2026-08-11
CONAB,Corn,2018/19,Yield,5719.03046933059,KG/HA,2026-08-12
CONAB,Corn,2018/19,Yield,5719.03046933059,KG/HA,2026-08-13
CONAB,Corn,2019/20,Area,18527.0,1000 HA,2026-07-28
CONAB,Corn,2019/20,Area,18527.0,1000 HA,2026-07-30
CONAB,Corn,2019/20,Area,18527.0,1000 HA,2026-07-31
CONAB,Corn,2019/20,Area,18527.0,1000 HA,2026-08-02
CONAB,Corn,2019/20,Area,18527.0,1000 HA,2026-08-03
CONAB,Corn,2019/20,Area,18527.0,1000 HA,2026-08-04
CONAB,Corn,2019/20,Area,18527.0,1000 HA,2026-08-05
CONAB,Corn,2019/20,Area,18527.0,1000 HA,2026-08-06
CONAB,Corn,2019/20,Area,18527.0,1000 HA,2026-08-07
CONAB,Corn,2019/20,Area,18527.0,1000 HA,2026-08-08
CONAB,Corn,2019/20,Area,18527.0,1000 HA,2026-08-10
CONAB,Corn,2019/20,Area,18527.0,1000 HA,2026-08-11
CONAB,Corn,2019/20,Area,18527.0,1000 HA,2026-08-12
CONAB,Corn,2019/20,Area,18527.0,1000 HA,2026-08-13
CONAB,Corn,2019/20,Production,102501.0,1000 MT,2026-07-28
CONAB,Corn,2019/20,Production,102501.0,1000 MT,2026-07-30
CONAB,Corn,2019/20,Production,102501.0,1000 MT,2026-07-31
CONAB,Corn,2019/20,Production,102501.0,1000 MT,2026-08-02
CONAB,Corn,2019/20,Production,102501.0,1000 MT,2026-08-03
CONAB,Corn,2019/20,Production,102501.0,1000 MT,2026-08-04
CONAB,Corn,2019/20,Production,102501.0,1000 MT,2026-08-05
CONAB,Corn,2019/20,Production,102501.0,1000 MT,2026-08-06
CONAB,Corn,2019/20,Production,102501.0,1000 MT,2026-08-07
CONAB,Corn,2019/20,Production,102501.0,1000 MT,2026-08-08
CONAB,Corn,2019/20,Production,102501.0,1000 MT,2026-08-10
CONAB,Corn,2019/20,Production,102501.0,1000 MT,2026-08-11
CONAB,Corn,2019/20,Production,102501.0,1000 MT,2026-08-12
CONAB,Corn,2019/20,Production,102501.0,1000 MT,2026-08-13
CONAB,Corn,2019/20,Yield,5532.520105791547,KG/HA,2026-07-28
CONAB,Corn,2019/20,Yield,5532.520105791547,KG/HA,2026-07-30
CONAB,Corn,2019/20,Yield,5532.520105791547,KG/HA,2026-07-31
CONAB,Corn,2019/20,Yield,5532.520105791547,KG/HA,2026-08-02
CONAB,Corn,2019/20,Yield,5532.520105791547,KG/HA,2026-08-03
CONAB,Corn,2019/20,Yield,5532.520105791547,KG/HA,2026-08-04
CONAB,Corn,2019/20,Yield,5532.520105791547,KG/HA,2026-08-05
CONAB,Corn,2019/20,Yield,5532.520105791547,KG/HA,2026-08-06
CONAB,Corn,2019/20,Yield,5532.520105791547,KG/HA,2026-08-07
CONAB,Corn,2019/20,Yield,5532.520105791547,KG/HA,2026-08-08
CONAB,Corn,2019/20,Yield,5532.520105791547,KG/HA,2026-08-10
CONAB,Corn,2019/20,Yield,5532.520105791547,KG/HA,2026-08-11
CONAB,Corn,2019/20,Yield,5532.520105791547,KG/HA,2026-08-12
CONAB,Corn,2019/20,Yield,5532.520105791547,KG/HA,2026-08-13
CONAB,Corn,2020/21,Area,19867.0,1000 HA,2026-07-28
CONAB,Corn,2020/21,Area,19867.0,1000 HA,2026-07-30
CONAB,Corn,2020/21,Area,19867.0,1000 HA,2026-07-31
CONAB,Corn,2020/21,Area,19867.0,1000 HA,2026-08-02
CONAB,Corn,2020/21,Area,19867.0,1000 HA,2026-08-03
CONAB,Corn,2020/21,Area,19867.0,1000 HA,2026-08-04
CONAB,Corn,2020/21,Area,19867.0,1000 HA,2026-08-05
CONAB,Corn,2020/21,Area,19867.0,1000 HA,2026-08-06
CONAB,Corn,2020/21,Area,19867.0,1000 HA,2026-08-07
CONAB,Corn,2020/21,Area,19867.0,1000 HA,2026-08-08
CONAB,Corn,2020/21,Area,19867.0,1000 HA,2026-08-10
CONAB,Corn,2020/21,Area,19867.0,1000 HA,2026-08-11
CONAB,Corn,2020/21,Area,19867.0,1000 HA,2026-08-12
CONAB,Corn,2020/21,Area,19867.0,1000 HA,2026-08-13
CONAB,Corn,2020/21,Production,87020.0,1000 MT,2026-07-28
CONAB,Corn,2020/21,Production,87020.0,1000 MT,2026-07-30
CONAB,Corn,2020/21,Production,87020.0,1000 MT,2026-07-31
CONAB,Corn,2020/21,Production,87020.0,1000 MT,2026-08-02
CONAB,Corn,2020/21,Production,87020.0,1000 MT,2026-08-03
CONAB,Corn,2020/21,Production,87020.0,1000 MT,2026-08-04
CONAB,Corn,2020/21,Production,87020.0,1000 MT,2026-08-05
CONAB,Corn,2020/21,Production,87020.0,1000 MT,2026-08-06
CONAB,Corn,2020/21,Production,87020.0,1000 MT,2026-08-07
CONAB,Corn,2020/21,Production,87020.0,1000 MT,2026-08-08
CONAB,Corn,2020/21,Production,87020.0,1000 MT,2026-08-10
CONAB,Corn,2020/21,Production,87020.0,1000 MT,2026-08-11
CONAB,Corn,2020/21,Production,87020.0,1000 MT,2026-08-12
CONAB,Corn,2020/21,Production,87020.0,1000 MT,2026-08-13
CONAB,Corn,2020/21,Yield,4380.127850203856,KG/HA,2026-07-28
CONAB,Corn,2020/21,Yield,4380.127850203856,KG/HA,2026-07-30
CONAB,Corn,2020/21,Yield,4380.127850203856,KG/HA,2026-07-31
CONAB,Corn,2020/21,Yield,4380.127850203856,KG/HA,2026-08-02
CONAB,Corn,2020/21,Yield,4380.127850203856,KG/HA,2026-08-03
CONAB,Corn,2020/21,Yield,4380.127850203856,KG/HA,2026-08-04
CONAB,Corn,2020/21,Yield,4380.127850203856,KG/HA,2026-08-05
CONAB,Corn,2020/21,Yield,4380.127850203856,KG/HA,2026-08-06
CONAB,Corn,2020/21,Yield,4380.127850203856,KG/HA,2026-08-07
CONAB,Corn,2020/21,Yield,4380.127850203856,KG/HA,2026-08-08
CONAB,Corn,2020/21,Yield,4380.127850203856,KG/HA,2026-08-10
CONAB,Corn,2020/21,Yield,4380.127850203856,KG/HA,2026-08-11
CONAB,Corn,2020/21,Yield,4380.127850203856,KG/HA,2026-08-12
CONAB,Corn,2020/21,Yield,4380.127850203856,KG/HA,2026-08-13
CONAB,Corn,2021/22,Area,21581.9,1000 HA,2026-07-28
CONAB,Corn,2021/22,Area,21581.9,1000 HA,2026-07-30
CONAB,Corn,2021/22,Area,21581.9,1000 HA,2026-07-31
CONAB,Corn,2021/22,Area,21581.9,1000 HA,2026-08-02
CONAB,Corn,2021/22,Area,21581.9,1000 HA,2026-08-03
CONAB,Corn,2021/22,Area,21581.9,1000 HA,2026-08-04
CONAB,Corn,2021/22,Area,21581.9,1000 HA,2026-08-05
CONAB,Corn,2021/22,Area,21581.9,1000 HA,2026-08-06
CONAB,Corn,2021/22,Area,21581.9,1000 HA,2026-08-07
CONAB,Corn,2021/22,Area,21581.9,1000 HA,2026-08-08
CONAB,Corn,2021/22,Area,21581.9,1000 HA,2026-08-10
CONAB,Corn,2021/22,Area,21581.9,1000 HA,2026-08-11
CONAB,Corn,2021/22,Area,21581.9,1000 HA,2026-08-12
CONAB,Corn,2021/22,Area,21581.9,1000 HA,2026-08-13
CONAB,Corn,2021/22,Production,113272.3,1000 MT,2026-07-28
CONAB,Corn,2021/22,Production,113272.3,1000 MT,2026-07-30
CONAB,Corn,2021/22,Production,113272.3,1000 MT,2026-07-31
CONAB,Corn,2021/22,Production,113272.3,1000 MT,2026-08-02
CONAB,Corn,2021/22,Production,113272.3,1000 MT,2026-08-03
CONAB,Corn,2021/22,Production,113272.3,1000 MT,2026-08-04
CONAB,Corn,2021/22,Production,113272.3,1000 MT,2026-08-05
CONAB,Corn,2021/22,Production,113272.3,1000 MT,2026-08-06
CONAB,Corn,2021/22,Production,113272.3,1000 MT,2026-08-07
CONAB,Corn,2021/22,Production,113272.3,1000 MT,2026-08-08
CONAB,Corn,2021/22,Production,113272.3,1000 MT,2026-08-10
CONAB,Corn,2021/22,Production,113272.3,1000 MT,2026-08-11
CONAB,Corn,2021/22,Production,113272.3,1000 MT,2026-08-12
CONAB,Corn,2021/22,Production,113272.3,1000 MT,2026-08-13
CONAB,Corn,2021/22,Yield,5248.48599984246,KG/HA,2026-07-28
CONAB,Corn,2021/22,Yield,5248.48599984246,KG/HA,2026-07-30
CONAB,Corn,2021/22,Yield,5248.48599984246,KG/HA,2026-07-31
CONAB,Corn,2021/22,Yield,5248.48599984246,KG/HA,2026-08-02
CONAB,Corn,2021/22,Yield,5248.48599984246,KG/HA,2026-08-03
CONAB,Corn,2021/22,Yield,5248.48599984246,KG/HA,2026-08-04
CONAB,Corn,2021/22,Yield,5248.48599984246,KG/HA,2026-08-05
CONAB,Corn,2021/22,Yield,5248.48599984246,KG/HA,2026-08-06
CONAB,Corn,2021/22,Yield,5248.48599984246,KG/HA,2026-08-07
CONAB,Corn,2021/22,Yield,5248.48599984246,KG/HA,2026-08-08
CONAB,Corn,2021/22,Yield,5248.48599984246,KG/HA,2026-08-10
CONAB,Corn,2021/22,Yield,5248.48599984246,KG/HA,2026-08-11
CONAB,Corn,2021/22,Yield,5248.48599984246,KG/HA,2026-08-12
CONAB,Corn,2021/22,Yield,5248.48599984246,KG/HA,2026-08-13
CONAB,Corn,2022/23,Area,22267.4,1000 HA,2026-07-28
CONAB,Corn,2022/23,Area,22267.4,1000 HA,2026-07-30
CONAB,Corn,2022/23,Area,22267.4,1000 HA,2026-07-31
CONAB,Corn,2022/23,Area,22267.4,1000 HA,2026-08-02
CONAB,Corn,2022/23,Area,22267.4,1000 HA,2026-08-03
CONAB,Corn,2022/23,Area,22267.4,1000 HA,2026-08-04
CONAB,Corn,2022/23,Area,22267.4,1000 HA,2026-08-05
CONAB,Corn,2022/23,Area,22267.4,1000 HA,2026-08-06
CONAB,Corn,2022/23,Area,22267.4,1000 HA,2026-08-07
CONAB,Corn,2022/23,Area,22267.4,1000 HA,2026-08-08
CONAB,Corn,2022/23,Area,22267.4,1000 HA,2026-08-10
CONAB,Corn,2022/23,Area,22267.4,1000 HA,2026-08-11
CONAB,Corn,2022/23,Area,22267.4,1000 HA,2026-08-12
CONAB,Corn,2022/23,Area,22267.4,1000 HA,2026-08-13
CONAB,Corn,2022/23,Production,131866.1,1000 MT,2026-07-28
CONAB,Corn,2022/23,Production,131866.1,1000 MT,2026-07-30
CONAB,Corn,2022/23,Production,131866.1,1000 MT,2026-07-31
CONAB,Corn,2022/23,Production,131866.1,1000 MT,2026-08-02
CONAB,Corn,2022/23,Production,131866.1,1000 MT,2026-08-03
CONAB,Corn,2022/23,Production,131866.1,1000 MT,2026-08-04
CONAB,Corn,2022/23,Production,131866.1,1000 MT,2026-08-05
CONAB,Corn,2022/23,Production,131866.1,1000 MT,2026-08-06
CONAB,Corn,2022/23,Production,131866.1,1000 MT,2026-08-07
CONAB,Corn,2022/23,Production,131866.1,1000 MT,2026-08-08
CONAB,Corn,2022/23,Production,131866.1,1000 MT,2026-08-10
CONAB,Corn,2022/23,Production,131866.1,1000 MT,2026-08-11
CONAB,Corn,2022/23,Production,131866.1,1000 MT,2026-08-12
CONAB,Corn,2022/23,Production,131866.1,1000 MT,2026-08-13
CONAB,Corn,2022/23,Yield,5921.935205726758,KG/HA,2026-07-28
CONAB,Corn,2022/23,Yield,5921.935205726758,KG/HA,2026-07-30
CONAB,Corn,2022/23,Yield,5921.935205726758,KG/HA,2026-07-31
CONAB,Corn,2022/23,Yield,5921.935205726758,KG/HA,2026-08-02
CONAB,Corn,2022/23,Yield,5921.935205726758,KG/HA,2026-08-03
CONAB,Corn,2022/23,Yield,5921.935205726758,KG/HA,2026-08-04
CONAB,Corn,2022/23,Yield,5921.935205726758,KG/HA,2026-08-05
CONAB,Corn,2022/23,Yield,5921.935205726758,KG/HA,2026-08-06
CONAB,Corn,2022/23,Yield,5921.935205726758,KG/HA,2026-08-07
CONAB,Corn,2022/23,Yield,5921.935205726758,KG/HA,2026-08-08
CONAB,Corn,2022/23,Yield,5921.935205726758,KG/HA,2026-08-10
CONAB,Corn,2022/23,Yield,5921.935205726758,KG/HA,2026-08-11
CONAB,Corn,2022/23,Yield,5921.935205726758,KG/HA,2026-08-12
CONAB,Corn,2022/23,Yield,5921.935205726758,KG/HA,2026-08-13
CONAB,Corn,2023/24,Area,21058.5,1000 HA,2026-07-28
CONAB,Corn,2023/24,Area,21058.5,1000 HA,2026-07-30
CONAB,Corn,2023/24,Area,21058.5,1000 HA,2026-07-31
CONAB,Corn,2023/24,Area,21058.5,1000 HA,2026-08-02
CONAB,Corn,2023/24,Area,21058.5,1000 HA,2026-08-03
CONAB,Corn,2023/24,Area,21058.5,1000 HA,2026-08-04
CONAB,Corn,2023/24,Area,21058.5,1000 HA,2026-08-05
CONAB,Corn,2023/24,Area,21058.5,1000 HA,2026-08-06
CONAB,Corn,2023/24,Area,21058.5,1000 HA,2026-08-07
CONAB,Corn,2023/24,Area,21058.5,1000 HA,2026-08-08
CONAB,Corn,2023/24,Area,21058.5,1000 HA,2026-08-10
CONAB,Corn,2023/24,Area,21058.5,1000 HA,2026-08-11
CONAB,Corn,2023/24,Area,21058.5,1000 HA,2026-08-12
CONAB,Corn,2023/24,Area,21058.5,1000 HA,2026-08-13
CONAB,Corn,2023/24,Production,115723.2,1000 MT,2026-07-28
CONAB,Corn,2023/24,Production,115723.2,1000 MT,2026-07-30
CONAB,Corn,2023/24,Production,115723.2,1000 MT,2026-07-31
CONAB,Corn,2023/24,Production,115723.2,1000 MT,2026-08-02
CONAB,Corn,2023/24,Production,115723.2,1000 MT,2026-08-03
CONAB,Corn,2023/24,Production,115723.2,1000 MT,2026-08-04
CONAB,Corn,2023/24,Production,115723.2,1000 MT,2026-08-05
CONAB,Corn,2023/24,Production,115723.2,1000 MT,2026-08-06
CONAB,Corn,2023/24,Production,115723.2,1000 MT,2026-08-07
CONAB,Corn,2023/24,Production,115723.2,1000 MT,2026-08-08
CONAB,Corn,2023/24,Production,115723.2,1000 MT,2026-08-10
CONAB,Corn,2023/24,Production,115723.2,1000 MT,2026-08-11
CONAB,Corn,2023/24,Production,115723.2,1000 MT,2026-08-12
CONAB,Corn,2023/24,Production,115723.2,1000 MT,2026-08-13
CONAB,Corn,2023/24,Yield,5495.320179499965,KG/HA,2026-07-28
CONAB,Corn,2023/24,Yield,5495.320179499965,KG/HA,2026-07-30
CONAB,Corn,2023/24,Yield,5495.320179499965,KG/HA,2026-07-31
CONAB,Corn,2023/24,Yield,5495.320179499965,KG/HA,2026-08-02
CONAB,Corn,2023/24,Yield,5495.320179499965,KG/HA,2026-08-03
CONAB,Corn,2023/24,Yield,5495.320179499965,KG/HA,2026-08-04
CONAB,Corn,2023/24,Yield,5495.320179499965,KG/HA,2026-08-05
CONAB,Corn,2023/24,Yield,5495.320179499965,KG/HA,2026-08-06
CONAB,Corn,2023/24,Yield,5495.320179499965,KG/HA,2026-08-07
CONAB,Corn,2023/24,Yield,5495.320179499965,KG/HA,2026-08-08
CONAB,Corn,2023/24,Yield,5495.320179499965,KG/HA,2026-08-10
CONAB,Corn,2023/24,Yield,5495.320179499965,KG/HA,2026-08-11
CONAB,Corn,2023/24,Yield,5495.320179499965,KG/HA,2026-08-12
CONAB,Corn,2023/24,Yield,5495.320179499965,KG/HA,2026-08-13
CONAB,Corn,2024/25,Area,21857.5,1000 HA,2026-07-28
CONAB,Corn,2024/25,Area,21857.5,1000 HA,2026-07-30
CONAB,Corn,2024/25,Area,21857.5,1000 HA,2026-07-31
CONAB,Corn,2024/25,Area,21857.5,1000 HA,2026-08-02
CONAB,Corn,2024/25,Area,21857.5,1000 HA,2026-08-03
CONAB,Corn,2024/25,Area,21857.5,1000 HA,2026-08-04
CONAB,Corn,2024/25,Area,21857.5,1000 HA,2026-08-05
CONAB,Corn,2024/25,Area,21857.5,1000 HA,2026-08-06
CONAB,Corn,2024/25,Area,21857.5,1000 HA,2026-08-07
CONAB,Corn,2024/25,Area,21857.5,1000 HA,2026-08-08
CONAB,Corn,2024/25,Area,21857.5,1000 HA,2026-08-10
CONAB,Corn,2024/25,Area,21857.5,1000 HA,2026-08-11
CONAB,Corn,2024/25,Area,21857.5,1000 HA,2026-08-12
CONAB,Corn,2024/25,Area,21857.5,1000 HA,2026-08-13
CONAB,Corn,2024/25,Production,139695.8,1000 MT,2026-07-28
CONAB,Corn,2024/25,Production,139695.8,1000 MT,2026-07-30
CONAB,Corn,2024/25,Production,139695.8,1000 MT,2026-07-31
CONAB,Corn,2024/25,Production,139695.8,1000 MT,2026-08-02
CONAB,Corn,2024/25,Production,139695.8,1000 MT,2026-08-03
CONAB,Corn,2024/25,Production,139695.8,1000 MT,2026-08-04
CONAB,Corn,2024/25,Production,139695.8,1000 MT,2026-08-05
CONAB,Corn,2024/25,Production,139695.8,1000 MT,2026-08-06
CONAB,Corn,2024/25,Production,139695.8,1000 MT,2026-08-07
CONAB,Corn,2024/25,Production,139695.8,1000 MT,2026-08-08
CONAB,Corn,2024/25,Production,139695.8,1000 MT,2026-08-10
CONAB,Corn,2024/25,Production,139695.8,1000 MT,2026-08-11
CONAB,Corn,2024/25,Production,139695.8,1000 MT,2026-08-12
CONAB,Corn,2024/25,Production,139695.8,1000 MT,2026-08-13
CONAB,Corn,2024/25,Yield,6391.2066796294175,KG/HA,2026-07-28
CONAB,Corn,2024/25,Yield,6391.2066796294175,KG/HA,2026-07-30
CONAB,Corn,2024/25,Yield,6391.2066796294175,KG/HA,2026-07-31
CONAB,Corn,2024/25,Yield,6391.2066796294175,KG/HA,2026-08-02
CONAB,Corn,2024/25,Yield,6391.2066796294175,KG/HA,2026-08-03
CONAB,Corn,2024/25,Yield,6391.2066796294175,KG/HA,2026-08-04
CONAB,Corn,2024/25,Yield,6391.2066796294175,KG/HA,2026-08-05
CONAB,Corn,2024/25,Yield,6391.2066796294175,KG/HA,2026-08-06
CONAB,Corn,2024/25,Yield,6391.2066796294175,KG/HA,2026-08-07
CONAB,Corn,2024/25,Yield,6391.2066796294175,KG/HA,2026-08-08
CONAB,Corn,2024/25,Yield,6391.2066796294175,KG/HA,2026-08-10
CONAB,Corn,2024/25,Yield,6391.2066796294175,KG/HA,2026-08-11
CONAB,Corn,2024/25,Yield,6391.2066796294175,KG/HA,2026-08-12
CONAB,Corn,2024/25,Yield,6391.2066796294175,KG/HA,2026-08-13
CONAB,Corn,2025/26,Area,22582.0,1000 HA,2026-07-28
CONAB,Corn,2025/26,Area,22582.0,1000 HA,2026-07-30
CONAB,Corn,2025/26,Area,22582.0,1000 HA,2026-07-31
CONAB,Corn,2025/26,Area,22582.0,1000 HA,2026-08-02
CONAB,Corn,2025/26,Area,22582.0,1000 HA,2026-08-03
CONAB,Corn,2025/26,Area,22582.0,1000 HA,2026-08-04
CONAB,Corn,2025/26,Area,22582.0,1000 HA,2026-08-05
CONAB,Corn,2025/26,Area,22582.0,1000 HA,2026-08-06
CONAB,Corn,2025/26,Area,22582.0,1000 HA,2026-08-07
CONAB,Corn,2025/26,Area,22582.0,1000 HA,2026-08-08
CONAB,Corn,2025/26,Area,22582.0,1000 HA,2026-08-10
CONAB,Corn,2025/26,Area,22582.0,1000 HA,2026-08-11
CONAB,Corn,2025/26,Area,22582.0,1000 HA,2026-08-12
CONAB,Corn,2025/26,Area,22582.0,1000 HA,2026-08-13
CONAB,Corn,2025/26,Production,140463.1,1000 MT,2026-07-28
CONAB,Corn,2025/26,Production,140463.1,1000 MT,2026-07-30
CONAB,Corn,2025/26,Production,140463.1,1000 MT,2026-07-31
CONAB,Corn,2025/26,Production,140463.1,1000 MT,2026-08-02
CONAB,Corn,2025/26,Production,140463.1,1000 MT,2026-08-03
CONAB,Corn,2025/26,Production,140463.1,1000 MT,2026-08-04
CONAB,Corn,2025/26,Production,140463.1,1000 MT,2026-08-05
CONAB,Corn,2025/26,Production,140463.1,1000 MT,2026-08-06
CONAB,Corn,2025/26,Production,140463.1,1000 MT,2026-08-07
CONAB,Corn,2025/26,Production,140463.1,1000 MT,2026-08-08
CONAB,Corn,2025/26,Production,140463.1,1000 MT,2026-08-10
CONAB,Corn,2025/26,Production,140463.1,1000 MT,2026-08-11
CONAB,Corn,2025/26,Production,140463.1,1000 MT,2026-08-12
CONAB,Corn,2025/26,Production,140463.1,1000 MT,2026-08-13
CONAB,Corn,2025/26,Yield,6220.135506155345,KG/HA,2026-07-28
CONAB,Corn,2025/26,Yield,6220.135506155345,KG/HA,2026-07-30
CONAB,Corn,2025/26,Yield,6220.135506155345,KG/HA,2026-07-31
CONAB,Corn,2025/26,Yield,6220.135506155345,KG/HA,2026-08-02
CONAB,Corn,2025/26,Yield,6220.135506155345,KG/HA,2026-08-03
CONAB,Corn,2025/26,Yield,6220.135506155345,KG/HA,2026-08-04
CONAB,Corn,2025/26,Yield,6220.135506155345,KG/HA,2026-08-05
CONAB,Corn,2025/26,Yield,6220.135506155345,KG/HA,2026-08-06
CONAB,Corn,2025/26,Yield,6220.135506155345,KG/HA,2026-08-07
CONAB,Corn,2025/26,Yield,6220.135506155345,KG/HA,2026-08-08
CONAB,Corn,2025/26,Yield,6220.135506155345,KG/HA,2026-08-10
CONAB,Corn,2025/26,Yield,6220.135506155345,KG/HA,2026-08-11
CONAB,Corn,2025/26,Yield,6220.135506155345,KG/HA,2026-08-12
CONAB,Corn,2025/26,Yield,6220.135506155345,KG/HA,2026-08-13
CONAB,Cotton,1976/77,Area,4095.9,1000 HA,2026-07-28
CONAB,Cotton,1976/77,Area,4095.9,1000 HA,2026-07-30
CONAB,Cotton,1976/77,Area,4095.9,1000 HA,2026-07-31
CONAB,Cotton,1976/77,Area,4095.9,1000 HA,2026-08-02
CONAB,Cotton,1976/77,Area,4095.9,1000 HA,2026-08-03
CONAB,Cotton,1976/77,Area,4095.9,1000 HA,2026-08-04
CONAB,Cotton,1976/77,Area,4095.9,1000 HA,2026-08-05
CONAB,Cotton,1976/77,Area,4095.9,1000 HA,2026-08-06
CONAB,Cotton,1976/77,Area,4095.9,1000 HA,2026-08-07
CONAB,Cotton,1976/77,Area,4095.9,1000 HA,2026-08-08
CONAB,Cotton,1976/77,Area,4095.9,1000 HA,2026-08-10
CONAB,Cotton,1976/77,Area,4095.9,1000 HA,2026-08-11
CONAB,Cotton,1976/77,Area,4095.9,1000 HA,2026-08-12
CONAB,Cotton,1976/77,Area,4095.9,1000 HA,2026-08-13
CONAB,Cotton,1976/77,Production,586.9,1000 MT,2026-07-28
CONAB,Cotton,1976/77,Production,586.9,1000 MT,2026-07-30
CONAB,Cotton,1976/77,Production,586.9,1000 MT,2026-07-31
CONAB,Cotton,1976/77,Production,586.9,1000 MT,2026-08-02
CONAB,Cotton,1976/77,Production,586.9,1000 MT,2026-08-03
CONAB,Cotton,1976/77,Production,586.9,1000 MT,2026-08-04
CONAB,Cotton,1976/77,Production,586.9,1000 MT,2026-08-05
CONAB,Cotton,1976/77,Production,586.9,1000 MT,2026-08-06
CONAB,Cotton,1976/77,Production,586.9,1000 MT,2026-08-07
CONAB,Cotton,1976/77,Production,586.9,1000 MT,2026-08-08
CONAB,Cotton,1976/77,Production,586.9,1000 MT,2026-08-10
CONAB,Cotton,1976/77,Production,586.9,1000 MT,2026-08-11
CONAB,Cotton,1976/77,Production,586.9,1000 MT,2026-08-12
CONAB,Cotton,1976/77,Production,586.9,1000 MT,2026-08-13
CONAB,Cotton,1976/77,Yield,143.28963109450913,KG/HA,2026-07-28
CONAB,Cotton,1976/77,Yield,143.28963109450913,KG/HA,2026-07-30
CONAB,Cotton,1976/77,Yield,143.28963109450913,KG/HA,2026-07-31
CONAB,Cotton,1976/77,Yield,143.28963109450913,KG/HA,2026-08-02
CONAB,Cotton,1976/77,Yield,143.28963109450913,KG/HA,2026-08-03
CONAB,Cotton,1976/77,Yield,143.28963109450913,KG/HA,2026-08-04
CONAB,Cotton,1976/77,Yield,143.28963109450913,KG/HA,2026-08-05
CONAB,Cotton,1976/77,Yield,143.28963109450913,KG/HA,2026-08-06
CONAB,Cotton,1976/77,Yield,143.28963109450913,KG/HA,2026-08-07
CONAB,Cotton,1976/77,Yield,143.28963109450913,KG/HA,2026-08-08
CONAB,Cotton,1976/77,Yield,143.28963109450913,KG/HA,2026-08-10
CONAB,Cotton,1976/77,Yield,143.28963109450913,KG/HA,2026-08-11
CONAB,Cotton,1976/77,Yield,143.28963109450913,KG/HA,2026-08-12
CONAB,Cotton,1976/77,Yield,143.28963109450913,KG/HA,2026-08-13
CONAB,Cotton,1977/78,Area,3925.8,1000 HA,2026-07-28
CONAB,Cotton,1977/78,Area,3925.8,1000 HA,2026-07-30
CONAB,Cotton,1977/78,Area,3925.8,1000 HA,2026-07-31
CONAB,Cotton,1977/78,Area,3925.8,1000 HA,2026-08-02
CONAB,Cotton,1977/78,Area,3925.8,1000 HA,2026-08-03
CONAB,Cotton,1977/78,Area,3925.8,1000 HA,2026-08-04
CONAB,Cotton,1977/78,Area,3925.8,1000 HA,2026-08-05
CONAB,Cotton,1977/78,Area,3925.8,1000 HA,2026-08-06
CONAB,Cotton,1977/78,Area,3925.8,1000 HA,2026-08-07
CONAB,Cotton,1977/78,Area,3925.8,1000 HA,2026-08-08
CONAB,Cotton,1977/78,Area,3925.8,1000 HA,2026-08-10
CONAB,Cotton,1977/78,Area,3925.8,1000 HA,2026-08-11
CONAB,Cotton,1977/78,Area,3925.8,1000 HA,2026-08-12
CONAB,Cotton,1977/78,Area,3925.8,1000 HA,2026-08-13
CONAB,Cotton,1977/78,Production,486.4,1000 MT,2026-07-28
CONAB,Cotton,1977/78,Production,486.4,1000 MT,2026-07-30
CONAB,Cotton,1977/78,Production,486.4,1000 MT,2026-07-31
CONAB,Cotton,1977/78,Production,486.4,1000 MT,2026-08-02
CONAB,Cotton,1977/78,Production,486.4,1000 MT,2026-08-03
CONAB,Cotton,1977/78,Production,486.4,1000 MT,2026-08-04
CONAB,Cotton,1977/78,Production,486.4,1000 MT,2026-08-05
CONAB,Cotton,1977/78,Production,486.4,1000 MT,2026-08-06
CONAB,Cotton,1977/78,Production,486.4,1000 MT,2026-08-07
CONAB,Cotton,1977/78,Production,486.4,1000 MT,2026-08-08
CONAB,Cotton,1977/78,Production,486.4,1000 MT,2026-08-10
CONAB,Cotton,1977/78,Production,486.4,1000 MT,2026-08-11
CONAB,Cotton,1977/78,Production,486.4,1000 MT,2026-08-12
CONAB,Cotton,1977/78,Production,486.4,1000 MT,2026-08-13
CONAB,Cotton,1977/78,Yield,123.89831371949666,KG/HA,2026-07-28
CONAB,Cotton,1977/78,Yield,123.89831371949666,KG/HA,2026-07-30
CONAB,Cotton,1977/78,Yield,123.89831371949666,KG/HA,2026-07-31
CONAB,Cotton,1977/78,Yield,123.89831371949666,KG/HA,2026-08-02
CONAB,Cotton,1977/78,Yield,123.89831371949666,KG/HA,2026-08-03
CONAB,Cotton,1977/78,Yield,123.89831371949666,KG/HA,2026-08-04
CONAB,Cotton,1977/78,Yield,123.89831371949666,KG/HA,2026-08-05
CONAB,Cotton,1977/78,Yield,123.89831371949666,KG/HA,2026-08-06
CONAB,Cotton,1977/78,Yield,123.89831371949666,KG/HA,2026-08-07
CONAB,Cotton,1977/78,Yield,123.89831371949666,KG/HA,2026-08-08
CONAB,Cotton,1977/78,Yield,123.89831371949666,KG/HA,2026-08-10
CONAB,Cotton,1977/78,Yield,123.89831371949666,KG/HA,2026-08-11
CONAB,Cotton,1977/78,Yield,123.89831371949666,KG/HA,2026-08-12
CONAB,Cotton,1977/78,Yield,123.89831371949666,KG/HA,2026-08-13
CONAB,Cotton,1978/79,Area,3623.6,1000 HA,2026-07-28
CONAB,Cotton,1978/79,Area,3623.6,1000 HA,2026-07-30
CONAB,Cotton,1978/79,Area,3623.6,1000 HA,2026-07-31
CONAB,Cotton,1978/79,Area,3623.6,1000 HA,2026-08-02
CONAB,Cotton,1978/79,Area,3623.6,1000 HA,2026-08-03
CONAB,Cotton,1978/79,Area,3623.6,1000 HA,2026-08-04
CONAB,Cotton,1978/79,Area,3623.6,1000 HA,2026-08-05
CONAB,Cotton,1978/79,Area,3623.6,1000 HA,2026-08-06
CONAB,Cotton,1978/79,Area,3623.6,1000 HA,2026-08-07
CONAB,Cotton,1978/79,Area,3623.6,1000 HA,2026-08-08
CONAB,Cotton,1978/79,Area,3623.6,1000 HA,2026-08-10
CONAB,Cotton,1978/79,Area,3623.6,1000 HA,2026-08-11
CONAB,Cotton,1978/79,Area,3623.6,1000 HA,2026-08-12
CONAB,Cotton,1978/79,Area,3623.6,1000 HA,2026-08-13
CONAB,Cotton,1978/79,Production,543.6,1000 MT,2026-07-28
CONAB,Cotton,1978/79,Production,543.6,1000 MT,2026-07-30
CONAB,Cotton,1978/79,Production,543.6,1000 MT,2026-07-31
CONAB,Cotton,1978/79,Production,543.6,1000 MT,2026-08-02
CONAB,Cotton,1978/79,Production,543.6,1000 MT,2026-08-03
CONAB,Cotton,1978/79,Production,543.6,1000 MT,2026-08-04
CONAB,Cotton,1978/79,Production,543.6,1000 MT,2026-08-05
CONAB,Cotton,1978/79,Production,543.6,1000 MT,2026-08-06
CONAB,Cotton,1978/79,Production,543.6,1000 MT,2026-08-07
CONAB,Cotton,1978/79,Production,543.6,1000 MT,2026-08-08
CONAB,Cotton,1978/79,Production,543.6,1000 MT,2026-08-10
CONAB,Cotton,1978/79,Production,543.6,1000 MT,2026-08-11
CONAB,Cotton,1978/79,Production,543.6,1000 MT,2026-08-12
CONAB,Cotton,1978/79,Production,543.6,1000 MT,2026-08-13
CONAB,Cotton,1978/79,Yield,150.0165581189977,KG/HA,2026-07-28
CONAB,Cotton,1978/79,Yield,150.0165581189977,KG/HA,2026-07-30
CONAB,Cotton,1978/79,Yield,150.0165581189977,KG/HA,2026-07-31
CONAB,Cotton,1978/79,Yield,150.0165581189977,KG/HA,2026-08-02
CONAB,Cotton,1978/79,Yield,150.0165581189977,KG/HA,2026-08-03
CONAB,Cotton,1978/79,Yield,150.0165581189977,KG/HA,2026-08-04
CONAB,Cotton,1978/79,Yield,150.0165581189977,KG/HA,2026-08-05
CONAB,Cotton,1978/79,Yield,150.0165581189977,KG/HA,2026-08-06
CONAB,Cotton,1978/79,Yield,150.0165581189977,KG/HA,2026-08-07
CONAB,Cotton,1978/79,Yield,150.0165581189977,KG/HA,2026-08-08
CONAB,Cotton,1978/79,Yield,150.0165581189977,KG/HA,2026-08-10
CONAB,Cotton,1978/79,Yield,150.0165581189977,KG/HA,2026-08-11
CONAB,Cotton,1978/79,Yield,150.0165581189977,KG/HA,2026-08-12
CONAB,Cotton,1978/79,Yield,150.0165581189977,KG/HA,2026-08-13
CONAB,Cotton,1979/80,Area,4070.9,1000 HA,2026-07-28
CONAB,Cotton,1979/80,Area,4070.9,1000 HA,2026-07-30
CONAB,Cotton,1979/80,Area,4070.9,1000 HA,2026-07-31
CONAB,Cotton,1979/80,Area,4070.9,1000 HA,2026-08-02
CONAB,Cotton,1979/80,Area,4070.9,1000 HA,2026-08-03
CONAB,Cotton,1979/80,Area,4070.9,1000 HA,2026-08-04
CONAB,Cotton,1979/80,Area,4070.9,1000 HA,2026-08-05
CONAB,Cotton,1979/80,Area,4070.9,1000 HA,2026-08-06
CONAB,Cotton,1979/80,Area,4070.9,1000 HA,2026-08-07
CONAB,Cotton,1979/80,Area,4070.9,1000 HA,2026-08-08
CONAB,Cotton,1979/80,Area,4070.9,1000 HA,2026-08-10
CONAB,Cotton,1979/80,Area,4070.9,1000 HA,2026-08-11
CONAB,Cotton,1979/80,Area,4070.9,1000 HA,2026-08-12
CONAB,Cotton,1979/80,Area,4070.9,1000 HA,2026-08-13
CONAB,Cotton,1979/80,Production,577.4,1000 MT,2026-07-28
CONAB,Cotton,1979/80,Production,577.4,1000 MT,2026-07-30
CONAB,Cotton,1979/80,Production,577.4,1000 MT,2026-07-31
CONAB,Cotton,1979/80,Production,577.4,1000 MT,2026-08-02
CONAB,Cotton,1979/80,Production,577.4,1000 MT,2026-08-03
CONAB,Cotton,1979/80,Production,577.4,1000 MT,2026-08-04
CONAB,Cotton,1979/80,Production,577.4,1000 MT,2026-08-05
CONAB,Cotton,1979/80,Production,577.4,1000 MT,2026-08-06
CONAB,Cotton,1979/80,Production,577.4,1000 MT,2026-08-07
CONAB,Cotton,1979/80,Production,577.4,1000 MT,2026-08-08
CONAB,Cotton,1979/80,Production,577.4,1000 MT,2026-08-10
CONAB,Cotton,1979/80,Production,577.4,1000 MT,2026-08-11
CONAB,Cotton,1979/80,Production,577.4,1000 MT,2026-08-12
CONAB,Cotton,1979/80,Production,577.4,1000 MT,2026-08-13
CONAB,Cotton,1979/80,Yield,141.83595765064237,KG/HA,2026-07-28
CONAB,Cotton,1979/80,Yield,141.83595765064237,KG/HA,2026-07-30
CONAB,Cotton,1979/80,Yield,141.83595765064237,KG/HA,2026-07-31
CONAB,Cotton,1979/80,Yield,141.83595765064237,KG/HA,2026-08-02
CONAB,Cotton,1979/80,Yield,141.83595765064237,KG/HA,2026-08-03
CONAB,Cotton,1979/80,Yield,141.83595765064237,KG/HA,2026-08-04
CONAB,Cotton,1979/80,Yield,141.83595765064237,KG/HA,2026-08-05
CONAB,Cotton,1979/80,Yield,141.83595765064237,KG/HA,2026-08-06
CONAB,Cotton,1979/80,Yield,141.83595765064237,KG/HA,2026-08-07
CONAB,Cotton,1979/80,Yield,141.83595765064237,KG/HA,2026-08-08
CONAB,Cotton,1979/80,Yield,141.83595765064237,KG/HA,2026-08-10
CONAB,Cotton,1979/80,Yield,141.83595765064237,KG/HA,2026-08-11
CONAB,Cotton,1979/80,Yield,141.83595765064237,KG/HA,2026-08-12
CONAB,Cotton,1979/80,Yield,141.83595765064237,KG/HA,2026-08-13
CONAB,Cotton,1980/81,Area,4136.7,1000 HA,2026-07-28
CONAB,Cotton,1980/81,Area,4136.7,1000 HA,2026-07-30
CONAB,Cotton,1980/81,Area,4136.7,1000 HA,2026-07-31
CONAB,Cotton,1980/81,Area,4136.7,1000 HA,2026-08-02
CONAB,Cotton,1980/81,Area,4136.7,1000 HA,2026-08-03
CONAB,Cotton,1980/81,Area,4136.7,1000 HA,2026-08-04
CONAB,Cotton,1980/81,Area,4136.7,1000 HA,2026-08-05
CONAB,Cotton,1980/81,Area,4136.7,1000 HA,2026-08-06
CONAB,Cotton,1980/81,Area,4136.7,1000 HA,2026-08-07
CONAB,Cotton,1980/81,Area,4136.7,1000 HA,2026-08-08
CONAB,Cotton,1980/81,Area,4136.7,1000 HA,2026-08-10
CONAB,Cotton,1980/81,Area,4136.7,1000 HA,2026-08-11
CONAB,Cotton,1980/81,Area,4136.7,1000 HA,2026-08-12
CONAB,Cotton,1980/81,Area,4136.7,1000 HA,2026-08-13
CONAB,Cotton,1980/81,Production,594.4,1000 MT,2026-07-28
CONAB,Cotton,1980/81,Production,594.4,1000 MT,2026-07-30
CONAB,Cotton,1980/81,Production,594.4,1000 MT,2026-07-31
CONAB,Cotton,1980/81,Production,594.4,1000 MT,2026-08-02
CONAB,Cotton,1980/81,Production,594.4,1000 MT,2026-08-03
CONAB,Cotton,1980/81,Production,594.4,1000 MT,2026-08-04
CONAB,Cotton,1980/81,Production,594.4,1000 MT,2026-08-05
CONAB,Cotton,1980/81,Production,594.4,1000 MT,2026-08-06
CONAB,Cotton,1980/81,Production,594.4,1000 MT,2026-08-07
CONAB,Cotton,1980/81,Production,594.4,1000 MT,2026-08-08
CONAB,Cotton,1980/81,Production,594.4,1000 MT,2026-08-10
CONAB,Cotton,1980/81,Production,594.4,1000 MT,2026-08-11
CONAB,Cotton,1980/81,Production,594.4,1000 MT,2026-08-12
CONAB,Cotton,1980/81,Production,594.4,1000 MT,2026-08-13
CONAB,Cotton,1980/81,Yield,143.68941426741122,KG/HA,2026-07-28
CONAB,Cotton,1980/81,Yield,143.68941426741122,KG/HA,2026-07-30
CONAB,Cotton,1980/81,Yield,143.68941426741122,KG/HA,2026-07-31
CONAB,Cotton,1980/81,Yield,143.68941426741122,KG/HA,2026-08-02
CONAB,Cotton,1980/81,Yield,143.68941426741122,KG/HA,2026-08-03
CONAB,Cotton,1980/81,Yield,143.68941426741122,KG/HA,2026-08-04
CONAB,Cotton,1980/81,Yield,143.68941426741122,KG/HA,2026-08-05
CONAB,Cotton,1980/81,Yield,143.68941426741122,KG/HA,2026-08-06
CONAB,Cotton,1980/81,Yield,143.68941426741122,KG/HA,2026-08-07
CONAB,Cotton,1980/81,Yield,143.68941426741122,KG/HA,2026-08-08
CONAB,Cotton,1980/81,Yield,143.68941426741122,KG/HA,2026-08-10
CONAB,Cotton,1980/81,Yield,143.68941426741122,KG/HA,2026-08-11
CONAB,Cotton,1980/81,Yield,143.68941426741122,KG/HA,2026-08-12
CONAB,Cotton,1980/81,Yield,143.68941426741122,KG/HA,2026-08-13
CONAB,Cotton,1981/82,Area,3826.6,1000 HA,2026-07-28
CONAB,Cotton,1981/82,Area,3826.6,1000 HA,2026-07-30
CONAB,Cotton,1981/82,Area,3826.6,1000 HA,2026-07-31
CONAB,Cotton,1981/82,Area,3826.6,1000 HA,2026-08-02
CONAB,Cotton,1981/82,Area,3826.6,1000 HA,2026-08-03
CONAB,Cotton,1981/82,Area,3826.6,1000 HA,2026-08-04
CONAB,Cotton,1981/82,Area,3826.6,1000 HA,2026-08-05
CONAB,Cotton,1981/82,Area,3826.6,1000 HA,2026-08-06
CONAB,Cotton,1981/82,Area,3826.6,1000 HA,2026-08-07
CONAB,Cotton,1981/82,Area,3826.6,1000 HA,2026-08-08
CONAB,Cotton,1981/82,Area,3826.6,1000 HA,2026-08-10
CONAB,Cotton,1981/82,Area,3826.6,1000 HA,2026-08-11
CONAB,Cotton,1981/82,Area,3826.6,1000 HA,2026-08-12
CONAB,Cotton,1981/82,Area,3826.6,1000 HA,2026-08-13
CONAB,Cotton,1981/82,Production,680.5,1000 MT,2026-07-28
CONAB,Cotton,1981/82,Production,680.5,1000 MT,2026-07-30
CONAB,Cotton,1981/82,Production,680.5,1000 MT,2026-07-31
CONAB,Cotton,1981/82,Production,680.5,1000 MT,2026-08-02
CONAB,Cotton,1981/82,Production,680.5,1000 MT,2026-08-03
CONAB,Cotton,1981/82,Production,680.5,1000 MT,2026-08-04
CONAB,Cotton,1981/82,Production,680.5,1000 MT,2026-08-05
CONAB,Cotton,1981/82,Production,680.5,1000 MT,2026-08-06
CONAB,Cotton,1981/82,Production,680.5,1000 MT,2026-08-07
CONAB,Cotton,1981/82,Production,680.5,1000 MT,2026-08-08
CONAB,Cotton,1981/82,Production,680.5,1000 MT,2026-08-10
CONAB,Cotton,1981/82,Production,680.5,1000 MT,2026-08-11
CONAB,Cotton,1981/82,Production,680.5,1000 MT,2026-08-12
CONAB,Cotton,1981/82,Production,680.5,1000 MT,2026-08-13
CONAB,Cotton,1981/82,Yield,177.8341086081639,KG/HA,2026-07-28
CONAB,Cotton,1981/82,Yield,177.8341086081639,KG/HA,2026-07-30
CONAB,Cotton,1981/82,Yield,177.8341086081639,KG/HA,2026-07-31
CONAB,Cotton,1981/82,Yield,177.8341086081639,KG/HA,2026-08-02
CONAB,Cotton,1981/82,Yield,177.8341086081639,KG/HA,2026-08-03
CONAB,Cotton,1981/82,Yield,177.8341086081639,KG/HA,2026-08-04
CONAB,Cotton,1981/82,Yield,177.8341086081639,KG/HA,2026-08-05
CONAB,Cotton,1981/82,Yield,177.8341086081639,KG/HA,2026-08-06
CONAB,Cotton,1981/82,Yield,177.8341086081639,KG/HA,2026-08-07
CONAB,Cotton,1981/82,Yield,177.8341086081639,KG/HA,2026-08-08
CONAB,Cotton,1981/82,Yield,177.8341086081639,KG/HA,2026-08-10
CONAB,Cotton,1981/82,Yield,177.8341086081639,KG/HA,2026-08-11
CONAB,Cotton,1981/82,Yield,177.8341086081639,KG/HA,2026-08-12
CONAB,Cotton,1981/82,Yield,177.8341086081639,KG/HA,2026-08-13
CONAB,Cotton,1982/83,Area,3624.7,1000 HA,2026-07-28
CONAB,Cotton,1982/83,Area,3624.7,1000 HA,2026-07-30
CONAB,Cotton,1982/83,Area,3624.7,1000 HA,2026-07-31
CONAB,Cotton,1982/83,Area,3624.7,1000 HA,2026-08-02
CONAB,Cotton,1982/83,Area,3624.7,1000 HA,2026-08-03
CONAB,Cotton,1982/83,Area,3624.7,1000 HA,2026-08-04
CONAB,Cotton,1982/83,Area,3624.7,1000 HA,2026-08-05
CONAB,Cotton,1982/83,Area,3624.7,1000 HA,2026-08-06
CONAB,Cotton,1982/83,Area,3624.7,1000 HA,2026-08-07
CONAB,Cotton,1982/83,Area,3624.7,1000 HA,2026-08-08
CONAB,Cotton,1982/83,Area,3624.7,1000 HA,2026-08-10
CONAB,Cotton,1982/83,Area,3624.7,1000 HA,2026-08-11
CONAB,Cotton,1982/83,Area,3624.7,1000 HA,2026-08-12
CONAB,Cotton,1982/83,Area,3624.7,1000 HA,2026-08-13
CONAB,Cotton,1982/83,Production,586.3,1000 MT,2026-07-28
CONAB,Cotton,1982/83,Production,586.3,1000 MT,2026-07-30
CONAB,Cotton,1982/83,Production,586.3,1000 MT,2026-07-31
CONAB,Cotton,1982/83,Production,586.3,1000 MT,2026-08-02
CONAB,Cotton,1982/83,Production,586.3,1000 MT,2026-08-03
CONAB,Cotton,1982/83,Production,586.3,1000 MT,2026-08-04
CONAB,Cotton,1982/83,Production,586.3,1000 MT,2026-08-05
CONAB,Cotton,1982/83,Production,586.3,1000 MT,2026-08-06
CONAB,Cotton,1982/83,Production,586.3,1000 MT,2026-08-07
CONAB,Cotton,1982/83,Production,586.3,1000 MT,2026-08-08
CONAB,Cotton,1982/83,Production,586.3,1000 MT,2026-08-10
CONAB,Cotton,1982/83,Production,586.3,1000 MT,2026-08-11
CONAB,Cotton,1982/83,Production,586.3,1000 MT,2026-08-12
CONAB,Cotton,1982/83,Production,586.3,1000 MT,2026-08-13
CONAB,Cotton,1982/83,Yield,161.75131735040142,KG/HA,2026-07-28
CONAB,Cotton,1982/83,Yield,161.75131735040142,KG/HA,2026-07-30
CONAB,Cotton,1982/83,Yield,161.75131735040142,KG/HA,2026-07-31
CONAB,Cotton,1982/83,Yield,161.75131735040142,KG/HA,2026-08-02
CONAB,Cotton,1982/83,Yield,161.75131735040142,KG/HA,2026-08-03
CONAB,Cotton,1982/83,Yield,161.75131735040142,KG/HA,2026-08-04
CONAB,Cotton,1982/83,Yield,161.75131735040142,KG/HA,2026-08-05
CONAB,Cotton,1982/83,Yield,161.75131735040142,KG/HA,2026-08-06
CONAB,Cotton,1982/83,Yield,161.75131735040142,KG/HA,2026-08-07
CONAB,Cotton,1982/83,Yield,161.75131735040142,KG/HA,2026-08-08
CONAB,Cotton,1982/83,Yield,161.75131735040142,KG/HA,2026-08-10
CONAB,Cotton,1982/83,Yield,161.75131735040142,KG/HA,2026-08-11
CONAB,Cotton,1982/83,Yield,161.75131735040142,KG/HA,2026-08-12
CONAB,Cotton,1982/83,Yield,161.75131735040142,KG/HA,2026-08-13
CONAB,Cotton,1983/84,Area,3107.3,1000 HA,2026-07-28
CONAB,Cotton,1983/84,Area,3107.3,1000 HA,2026-07-30
CONAB,Cotton,1983/84,Area,3107.3,1000 HA,2026-07-31
CONAB,Cotton,1983/84,Area,3107.3,1000 HA,2026-08-02
CONAB,Cotton,1983/84,Area,3107.3,1000 HA,2026-08-03
CONAB,Cotton,1983/84,Area,3107.3,1000 HA,2026-08-04
CONAB,Cotton,1983/84,Area,3107.3,1000 HA,2026-08-05
CONAB,Cotton,1983/84,Area,3107.3,1000 HA,2026-08-06
CONAB,Cotton,1983/84,Area,3107.3,1000 HA,2026-08-07
CONAB,Cotton,1983/84,Area,3107.3,1000 HA,2026-08-08
CONAB,Cotton,1983/84,Area,3107.3,1000 HA,2026-08-10
CONAB,Cotton,1983/84,Area,3107.3,1000 HA,2026-08-11
CONAB,Cotton,1983/84,Area,3107.3,1000 HA,2026-08-12
CONAB,Cotton,1983/84,Area,3107.3,1000 HA,2026-08-13
CONAB,Cotton,1983/84,Production,674.5,1000 MT,2026-07-28
CONAB,Cotton,1983/84,Production,674.5,1000 MT,2026-07-30
CONAB,Cotton,1983/84,Production,674.5,1000 MT,2026-07-31
CONAB,Cotton,1983/84,Production,674.5,1000 MT,2026-08-02
CONAB,Cotton,1983/84,Production,674.5,1000 MT,2026-08-03
CONAB,Cotton,1983/84,Production,674.5,1000 MT,2026-08-04
CONAB,Cotton,1983/84,Production,674.5,1000 MT,2026-08-05
CONAB,Cotton,1983/84,Production,674.5,1000 MT,2026-08-06
CONAB,Cotton,1983/84,Production,674.5,1000 MT,2026-08-07
CONAB,Cotton,1983/84,Production,674.5,1000 MT,2026-08-08
CONAB,Cotton,1983/84,Production,674.5,1000 MT,2026-08-10
CONAB,Cotton,1983/84,Production,674.5,1000 MT,2026-08-11
CONAB,Cotton,1983/84,Production,674.5,1000 MT,2026-08-12
CONAB,Cotton,1983/84,Production,674.5,1000 MT,2026-08-13
CONAB,Cotton,1983/84,Yield,217.06948154346213,KG/HA,2026-07-28
CONAB,Cotton,1983/84,Yield,217.06948154346213,KG/HA,2026-07-30
CONAB,Cotton,1983/84,Yield,217.06948154346213,KG/HA,2026-07-31
CONAB,Cotton,1983/84,Yield,217.06948154346213,KG/HA,2026-08-02
CONAB,Cotton,1983/84,Yield,217.06948154346213,KG/HA,2026-08-03
CONAB,Cotton,1983/84,Yield,217.06948154346213,KG/HA,2026-08-04
CONAB,Cotton,1983/84,Yield,217.06948154346213,KG/HA,2026-08-05
CONAB,Cotton,1983/84,Yield,217.06948154346213,KG/HA,2026-08-06
CONAB,Cotton,1983/84,Yield,217.06948154346213,KG/HA,2026-08-07
CONAB,Cotton,1983/84,Yield,217.06948154346213,KG/HA,2026-08-08
CONAB,Cotton,1983/84,Yield,217.06948154346213,KG/HA,2026-08-10
CONAB,Cotton,1983/84,Yield,217.06948154346213,KG/HA,2026-08-11
CONAB,Cotton,1983/84,Yield,217.06948154346213,KG/HA,2026-08-12
CONAB,Cotton,1983/84,Yield,217.06948154346213,KG/HA,2026-08-13
CONAB,Cotton,1984/85,Area,3707.0,1000 HA,2026-07-28
CONAB,Cotton,1984/85,Area,3707.0,1000 HA,2026-07-30
CONAB,Cotton,1984/85,Area,3707.0,1000 HA,2026-07-31
CONAB,Cotton,1984/85,Area,3707.0,1000 HA,2026-08-02
CONAB,Cotton,1984/85,Area,3707.0,1000 HA,2026-08-03
CONAB,Cotton,1984/85,Area,3707.0,1000 HA,2026-08-04
CONAB,Cotton,1984/85,Area,3707.0,1000 HA,2026-08-05
CONAB,Cotton,1984/85,Area,3707.0,1000 HA,2026-08-06
CONAB,Cotton,1984/85,Area,3707.0,1000 HA,2026-08-07
CONAB,Cotton,1984/85,Area,3707.0,1000 HA,2026-08-08
CONAB,Cotton,1984/85,Area,3707.0,1000 HA,2026-08-10
CONAB,Cotton,1984/85,Area,3707.0,1000 HA,2026-08-11
CONAB,Cotton,1984/85,Area,3707.0,1000 HA,2026-08-12
CONAB,Cotton,1984/85,Area,3707.0,1000 HA,2026-08-13
CONAB,Cotton,1984/85,Production,964.8,1000 MT,2026-07-28
CONAB,Cotton,1984/85,Production,964.8,1000 MT,2026-07-30
CONAB,Cotton,1984/85,Production,964.8,1000 MT,2026-07-31
CONAB,Cotton,1984/85,Production,964.8,1000 MT,2026-08-02
CONAB,Cotton,1984/85,Production,964.8,1000 MT,2026-08-03
CONAB,Cotton,1984/85,Production,964.8,1000 MT,2026-08-04
CONAB,Cotton,1984/85,Production,964.8,1000 MT,2026-08-05
CONAB,Cotton,1984/85,Production,964.8,1000 MT,2026-08-06
CONAB,Cotton,1984/85,Production,964.8,1000 MT,2026-08-07
CONAB,Cotton,1984/85,Production,964.8,1000 MT,2026-08-08
CONAB,Cotton,1984/85,Production,964.8,1000 MT,2026-08-10
CONAB,Cotton,1984/85,Production,964.8,1000 MT,2026-08-11
CONAB,Cotton,1984/85,Production,964.8,1000 MT,2026-08-12
CONAB,Cotton,1984/85,Production,964.8,1000 MT,2026-08-13
CONAB,Cotton,1984/85,Yield,260.26436471540325,KG/HA,2026-07-28
CONAB,Cotton,1984/85,Yield,260.26436471540325,KG/HA,2026-07-30
CONAB,Cotton,1984/85,Yield,260.26436471540325,KG/HA,2026-07-31
CONAB,Cotton,1984/85,Yield,260.26436471540325,KG/HA,2026-08-02
CONAB,Cotton,1984/85,Yield,260.26436471540325,KG/HA,2026-08-03
CONAB,Cotton,1984/85,Yield,260.26436471540325,KG/HA,2026-08-04
CONAB,Cotton,1984/85,Yield,260.26436471540325,KG/HA,2026-08-05
CONAB,Cotton,1984/85,Yield,260.26436471540325,KG/HA,2026-08-06
CONAB,Cotton,1984/85,Yield,260.26436471540325,KG/HA,2026-08-07
CONAB,Cotton,1984/85,Yield,260.26436471540325,KG/HA,2026-08-08
CONAB,Cotton,1984/85,Yield,260.26436471540325,KG/HA,2026-08-10
CONAB,Cotton,1984/85,Yield,260.26436471540325,KG/HA,2026-08-11
CONAB,Cotton,1984/85,Yield,260.26436471540325,KG/HA,2026-08-12
CONAB,Cotton,1984/85,Yield,260.26436471540325,KG/HA,2026-08-13
CONAB,Cotton,1985/86,Area,3325.3,1000 HA,2026-07-28
CONAB,Cotton,1985/86,Area,3325.3,1000 HA,2026-07-30
CONAB,Cotton,1985/86,Area,3325.3,1000 HA,2026-07-31
CONAB,Cotton,1985/86,Area,3325.3,1000 HA,2026-08-02
CONAB,Cotton,1985/86,Area,3325.3,1000 HA,2026-08-03
CONAB,Cotton,1985/86,Area,3325.3,1000 HA,2026-08-04
CONAB,Cotton,1985/86,Area,3325.3,1000 HA,2026-08-05
CONAB,Cotton,1985/86,Area,3325.3,1000 HA,2026-08-06
CONAB,Cotton,1985/86,Area,3325.3,1000 HA,2026-08-07
CONAB,Cotton,1985/86,Area,3325.3,1000 HA,2026-08-08
CONAB,Cotton,1985/86,Area,3325.3,1000 HA,2026-08-10
CONAB,Cotton,1985/86,Area,3325.3,1000 HA,2026-08-11
CONAB,Cotton,1985/86,Area,3325.3,1000 HA,2026-08-12
CONAB,Cotton,1985/86,Area,3325.3,1000 HA,2026-08-13
CONAB,Cotton,1985/86,Production,793.4000000000001,1000 MT,2026-07-28
CONAB,Cotton,1985/86,Production,793.4000000000001,1000 MT,2026-07-30
CONAB,Cotton,1985/86,Production,793.4000000000001,1000 MT,2026-07-31
CONAB,Cotton,1985/86,Production,793.4000000000001,1000 MT,2026-08-02
CONAB,Cotton,1985/86,Production,793.4000000000001,1000 MT,2026-08-03
CONAB,Cotton,1985/86,Production,793.4000000000001,1000 MT,2026-08-04
CONAB,Cotton,1985/86,Production,793.4000000000001,1000 MT,2026-08-05
CONAB,Cotton,1985/86,Production,793.4000000000001,1000 MT,2026-08-06
CONAB,Cotton,1985/86,Production,793.4000000000001,1000 MT,2026-08-07
CONAB,Cotton,1985/86,Production,793.4000000000001,1000 MT,2026-08-08
CONAB,Cotton,1985/86,Production,793.4000000000001,1000 MT,2026-08-10
CONAB,Cotton,1985/86,Production,793.4000000000001,1000 MT,2026-08-11
CONAB,Cotton,1985/86,Production,793.4000000000001,1000 MT,2026-08-12
CONAB,Cotton,1985/86,Production,793.4000000000001,1000 MT,2026-08-13
CONAB,Cotton,1985/86,Yield,238.59501398370074,KG/HA,2026-07-28
CONAB,Cotton,1985/86,Yield,238.59501398370074,KG/HA,2026-07-30
CONAB,Cotton,1985/86,Yield,238.59501398370074,KG/HA,2026-07-31
CONAB,Cotton,1985/86,Yield,238.59501398370074,KG/HA,2026-08-02
CONAB,Cotton,1985/86,Yield,238.59501398370074,KG/HA,2026-08-03
CONAB,Cotton,1985/86,Yield,238.59501398370074,KG/HA,2026-08-04
CONAB,Cotton,1985/86,Yield,238.59501398370074,KG/HA,2026-08-05
CONAB,Cotton,1985/86,Yield,238.59501398370074,KG/HA,2026-08-06
CONAB,Cotton,1985/86,Yield,238.59501398370074,KG/HA,2026-08-07
CONAB,Cotton,1985/86,Yield,238.59501398370074,KG/HA,2026-08-08
CONAB,Cotton,1985/86,Yield,238.59501398370074,KG/HA,2026-08-10
CONAB,Cotton,1985/86,Yield,238.59501398370074,KG/HA,2026-08-11
CONAB,Cotton,1985/86,Yield,238.59501398370074,KG/HA,2026-08-12
CONAB,Cotton,1985/86,Yield,238.59501398370074,KG/HA,2026-08-13
CONAB,Cotton,1986/87,Area,2161.0,1000 HA,2026-07-28
CONAB,Cotton,1986/87,Area,2161.0,1000 HA,2026-07-30
CONAB,Cotton,1986/87,Area,2161.0,1000 HA,2026-07-31
CONAB,Cotton,1986/87,Area,2161.0,1000 HA,2026-08-02
CONAB,Cotton,1986/87,Area,2161.0,1000 HA,2026-08-03
CONAB,Cotton,1986/87,Area,2161.0,1000 HA,2026-08-04
CONAB,Cotton,1986/87,Area,2161.0,1000 HA,2026-08-05
CONAB,Cotton,1986/87,Area,2161.0,1000 HA,2026-08-06
CONAB,Cotton,1986/87,Area,2161.0,1000 HA,2026-08-07
CONAB,Cotton,1986/87,Area,2161.0,1000 HA,2026-08-08
CONAB,Cotton,1986/87,Area,2161.0,1000 HA,2026-08-10
CONAB,Cotton,1986/87,Area,2161.0,1000 HA,2026-08-11
CONAB,Cotton,1986/87,Area,2161.0,1000 HA,2026-08-12
CONAB,Cotton,1986/87,Area,2161.0,1000 HA,2026-08-13
CONAB,Cotton,1986/87,Production,633.4,1000 MT,2026-07-28
CONAB,Cotton,1986/87,Production,633.4,1000 MT,2026-07-30
CONAB,Cotton,1986/87,Production,633.4,1000 MT,2026-07-31
CONAB,Cotton,1986/87,Production,633.4,1000 MT,2026-08-02
CONAB,Cotton,1986/87,Production,633.4,1000 MT,2026-08-03
CONAB,Cotton,1986/87,Production,633.4,1000 MT,2026-08-04
CONAB,Cotton,1986/87,Production,633.4,1000 MT,2026-08-05
CONAB,Cotton,1986/87,Production,633.4,1000 MT,2026-08-06
CONAB,Cotton,1986/87,Production,633.4,1000 MT,2026-08-07
CONAB,Cotton,1986/87,Production,633.4,1000 MT,2026-08-08
CONAB,Cotton,1986/87,Production,633.4,1000 MT,2026-08-10
CONAB,Cotton,1986/87,Production,633.4,1000 MT,2026-08-11
CONAB,Cotton,1986/87,Production,633.4,1000 MT,2026-08-12
CONAB,Cotton,1986/87,Production,633.4,1000 MT,2026-08-13
CONAB,Cotton,1986/87,Yield,293.10504396112907,KG/HA,2026-07-28
CONAB,Cotton,1986/87,Yield,293.10504396112907,KG/HA,2026-07-30
CONAB,Cotton,1986/87,Yield,293.10504396112907,KG/HA,2026-07-31
CONAB,Cotton,1986/87,Yield,293.10504396112907,KG/HA,2026-08-02
CONAB,Cotton,1986/87,Yield,293.10504396112907,KG/HA,2026-08-03
CONAB,Cotton,1986/87,Yield,293.10504396112907,KG/HA,2026-08-04
CONAB,Cotton,1986/87,Yield,293.10504396112907,KG/HA,2026-08-05
CONAB,Cotton,1986/87,Yield,293.10504396112907,KG/HA,2026-08-06
CONAB,Cotton,1986/87,Yield,293.10504396112907,KG/HA,2026-08-07
CONAB,Cotton,1986/87,Yield,293.10504396112907,KG/HA,2026-08-08
CONAB,Cotton,1986/87,Yield,293.10504396112907,KG/HA,2026-08-10
CONAB,Cotton,1986/87,Yield,293.10504396112907,KG/HA,2026-08-11
CONAB,Cotton,1986/87,Yield,293.10504396112907,KG/HA,2026-08-12
CONAB,Cotton,1986/87,Yield,293.10504396112907,KG/HA,2026-08-13
CONAB,Cotton,1987/88,Area,2576.1,1000 HA,2026-07-28
CONAB,Cotton,1987/88,Area,2576.1,1000 HA,2026-07-30
CONAB,Cotton,1987/88,Area,2576.1,1000 HA,2026-07-31
CONAB,Cotton,1987/88,Area,2576.1,1000 HA,2026-08-02
CONAB,Cotton,1987/88,Area,2576.1,1000 HA,2026-08-03
CONAB,Cotton,1987/88,Area,2576.1,1000 HA,2026-08-04
CONAB,Cotton,1987/88,Area,2576.1,1000 HA,2026-08-05
CONAB,Cotton,1987/88,Area,2576.1,1000 HA,2026-08-06
CONAB,Cotton,1987/88,Area,2576.1,1000 HA,2026-08-07
CONAB,Cotton,1987/88,Area,2576.1,1000 HA,2026-08-08
CONAB,Cotton,1987/88,Area,2576.1,1000 HA,2026-08-10
CONAB,Cotton,1987/88,Area,2576.1,1000 HA,2026-08-11
CONAB,Cotton,1987/88,Area,2576.1,1000 HA,2026-08-12
CONAB,Cotton,1987/88,Area,2576.1,1000 HA,2026-08-13
CONAB,Cotton,1987/88,Production,863.6,1000 MT,2026-07-28
CONAB,Cotton,1987/88,Production,863.6,1000 MT,2026-07-30
CONAB,Cotton,1987/88,Production,863.6,1000 MT,2026-07-31
CONAB,Cotton,1987/88,Production,863.6,1000 MT,2026-08-02
CONAB,Cotton,1987/88,Production,863.6,1000 MT,2026-08-03
CONAB,Cotton,1987/88,Production,863.6,1000 MT,2026-08-04
CONAB,Cotton,1987/88,Production,863.6,1000 MT,2026-08-05
CONAB,Cotton,1987/88,Production,863.6,1000 MT,2026-08-06
CONAB,Cotton,1987/88,Production,863.6,1000 MT,2026-08-07
CONAB,Cotton,1987/88,Production,863.6,1000 MT,2026-08-08
CONAB,Cotton,1987/88,Production,863.6,1000 MT,2026-08-10
CONAB,Cotton,1987/88,Production,863.6,1000 MT,2026-08-11
CONAB,Cotton,1987/88,Production,863.6,1000 MT,2026-08-12
CONAB,Cotton,1987/88,Production,863.6,1000 MT,2026-08-13
CONAB,Cotton,1987/88,Yield,335.2354334070883,KG/HA,2026-07-28
CONAB,Cotton,1987/88,Yield,335.2354334070883,KG/HA,2026-07-30
CONAB,Cotton,1987/88,Yield,335.2354334070883,KG/HA,2026-07-31
CONAB,Cotton,1987/88,Yield,335.2354334070883,KG/HA,2026-08-02
CONAB,Cotton,1987/88,Yield,335.2354334070883,KG/HA,2026-08-03
CONAB,Cotton,1987/88,Yield,335.2354334070883,KG/HA,2026-08-04
CONAB,Cotton,1987/88,Yield,335.2354334070883,KG/HA,2026-08-05
CONAB,Cotton,1987/88,Yield,335.2354334070883,KG/HA,2026-08-06
CONAB,Cotton,1987/88,Yield,335.2354334070883,KG/HA,2026-08-07
CONAB,Cotton,1987/88,Yield,335.2354334070883,KG/HA,2026-08-08
CONAB,Cotton,1987/88,Yield,335.2354334070883,KG/HA,2026-08-10
CONAB,Cotton,1987/88,Yield,335.2354334070883,KG/HA,2026-08-11
CONAB,Cotton,1987/88,Yield,335.2354334070883,KG/HA,2026-08-12
CONAB,Cotton,1987/88,Yield,335.2354334070883,KG/HA,2026-08-13
CONAB,Cotton,1988/89,Area,2229.6,1000 HA,2026-07-28
CONAB,Cotton,1988/89,Area,2229.6,1000 HA,2026-07-30
CONAB,Cotton,1988/89,Area,2229.6,1000 HA,2026-07-31
CONAB,Cotton,1988/89,Area,2229.6,1000 HA,2026-08-02
CONAB,Cotton,1988/89,Area,2229.6,1000 HA,2026-08-03
CONAB,Cotton,1988/89,Area,2229.6,1000 HA,2026-08-04
CONAB,Cotton,1988/89,Area,2229.6,1000 HA,2026-08-05
CONAB,Cotton,1988/89,Area,2229.6,1000 HA,2026-08-06
CONAB,Cotton,1988/89,Area,2229.6,1000 HA,2026-08-07
CONAB,Cotton,1988/89,Area,2229.6,1000 HA,2026-08-08
CONAB,Cotton,1988/89,Area,2229.6,1000 HA,2026-08-10
CONAB,Cotton,1988/89,Area,2229.6,1000 HA,2026-08-11
CONAB,Cotton,1988/89,Area,2229.6,1000 HA,2026-08-12
CONAB,Cotton,1988/89,Area,2229.6,1000 HA,2026-08-13
CONAB,Cotton,1988/89,Production,709.0,1000 MT,2026-07-28
CONAB,Cotton,1988/89,Production,709.0,1000 MT,2026-07-30
CONAB,Cotton,1988/89,Production,709.0,1000 MT,2026-07-31
CONAB,Cotton,1988/89,Production,709.0,1000 MT,2026-08-02
CONAB,Cotton,1988/89,Production,709.0,1000 MT,2026-08-03
CONAB,Cotton,1988/89,Production,709.0,1000 MT,2026-08-04
CONAB,Cotton,1988/89,Production,709.0,1000 MT,2026-08-05
CONAB,Cotton,1988/89,Production,709.0,1000 MT,2026-08-06
CONAB,Cotton,1988/89,Production,709.0,1000 MT,2026-08-07
CONAB,Cotton,1988/89,Production,709.0,1000 MT,2026-08-08
CONAB,Cotton,1988/89,Production,709.0,1000 MT,2026-08-10
CONAB,Cotton,1988/89,Production,709.0,1000 MT,2026-08-11
CONAB,Cotton,1988/89,Production,709.0,1000 MT,2026-08-12
CONAB,Cotton,1988/89,Production,709.0,1000 MT,2026-08-13
CONAB,Cotton,1988/89,Yield,317.9942590599211,KG/HA,2026-07-28
CONAB,Cotton,1988/89,Yield,317.9942590599211,KG/HA,2026-07-30
CONAB,Cotton,1988/89,Yield,317.9942590599211,KG/HA,2026-07-31
CONAB,Cotton,1988/89,Yield,317.9942590599211,KG/HA,2026-08-02
CONAB,Cotton,1988/89,Yield,317.9942590599211,KG/HA,2026-08-03
CONAB,Cotton,1988/89,Yield,317.9942590599211,KG/HA,2026-08-04
CONAB,Cotton,1988/89,Yield,317.9942590599211,KG/HA,2026-08-05
CONAB,Cotton,1988/89,Yield,317.9942590599211,KG/HA,2026-08-06
CONAB,Cotton,1988/89,Yield,317.9942590599211,KG/HA,2026-08-07
CONAB,Cotton,1988/89,Yield,317.9942590599211,KG/HA,2026-08-08
CONAB,Cotton,1988/89,Yield,317.9942590599211,KG/HA,2026-08-10
CONAB,Cotton,1988/89,Yield,317.9942590599211,KG/HA,2026-08-11
CONAB,Cotton,1988/89,Yield,317.9942590599211,KG/HA,2026-08-12
CONAB,Cotton,1988/89,Yield,317.9942590599211,KG/HA,2026-08-13
CONAB,Cotton,1989/90,Area,1963.8,1000 HA,2026-07-28
CONAB,Cotton,1989/90,Area,1963.8,1000 HA,2026-07-30
CONAB,Cotton,1989/90,Area,1963.8,1000 HA,2026-07-31
CONAB,Cotton,1989/90,Area,1963.8,1000 HA,2026-08-02
CONAB,Cotton,1989/90,Area,1963.8,1000 HA,2026-08-03
CONAB,Cotton,1989/90,Area,1963.8,1000 HA,2026-08-04
CONAB,Cotton,1989/90,Area,1963.8,1000 HA,2026-08-05
CONAB,Cotton,1989/90,Area,1963.8,1000 HA,2026-08-06
CONAB,Cotton,1989/90,Area,1963.8,1000 HA,2026-08-07
CONAB,Cotton,1989/90,Area,1963.8,1000 HA,2026-08-08
CONAB,Cotton,1989/90,Area,1963.8,1000 HA,2026-08-10
CONAB,Cotton,1989/90,Area,1963.8,1000 HA,2026-08-11
CONAB,Cotton,1989/90,Area,1963.8,1000 HA,2026-08-12
CONAB,Cotton,1989/90,Area,1963.8,1000 HA,2026-08-13
CONAB,Cotton,1989/90,Production,665.8,1000 MT,2026-07-28
CONAB,Cotton,1989/90,Production,665.8,1000 MT,2026-07-30
CONAB,Cotton,1989/90,Production,665.8,1000 MT,2026-07-31
CONAB,Cotton,1989/90,Production,665.8,1000 MT,2026-08-02
CONAB,Cotton,1989/90,Production,665.8,1000 MT,2026-08-03
CONAB,Cotton,1989/90,Production,665.8,1000 MT,2026-08-04
CONAB,Cotton,1989/90,Production,665.8,1000 MT,2026-08-05
CONAB,Cotton,1989/90,Production,665.8,1000 MT,2026-08-06
CONAB,Cotton,1989/90,Production,665.8,1000 MT,2026-08-07
CONAB,Cotton,1989/90,Production,665.8,1000 MT,2026-08-08
CONAB,Cotton,1989/90,Production,665.8,1000 MT,2026-08-10
CONAB,Cotton,1989/90,Production,665.8,1000 MT,2026-08-11
CONAB,Cotton,1989/90,Production,665.8,1000 MT,2026-08-12
CONAB,Cotton,1989/90,Production,665.8,1000 MT,2026-08-13
CONAB,Cotton,1989/90,Yield,339.0365617680008,KG/HA,2026-07-28
CONAB,Cotton,1989/90,Yield,339.0365617680008,KG/HA,2026-07-30
CONAB,Cotton,1989/90,Yield,339.0365617680008,KG/HA,2026-07-31
CONAB,Cotton,1989/90,Yield,339.0365617680008,KG/HA,2026-08-02
CONAB,Cotton,1989/90,Yield,339.0365617680008,KG/HA,2026-08-03
CONAB,Cotton,1989/90,Yield,339.0365617680008,KG/HA,2026-08-04
CONAB,Cotton,1989/90,Yield,339.0365617680008,KG/HA,2026-08-05
CONAB,Cotton,1989/90,Yield,339.0365617680008,KG/HA,2026-08-06
CONAB,Cotton,1989/90,Yield,339.0365617680008,KG/HA,2026-08-07
CONAB,Cotton,1989/90,Yield,339.0365617680008,KG/HA,2026-08-08
CONAB,Cotton,1989/90,Yield,339.0365617680008,KG/HA,2026-08-10
CONAB,Cotton,1989/90,Yield,339.0365617680008,KG/HA,2026-08-11
CONAB,Cotton,1989/90,Yield,339.0365617680008,KG/HA,2026-08-12
CONAB,Cotton,1989/90,Yield,339.0365617680008,KG/HA,2026-08-13
CONAB,Cotton,1990/91,Area,1938.8,1000 HA,2026-07-28
CONAB,Cotton,1990/91,Area,1938.8,1000 HA,2026-07-30
CONAB,Cotton,1990/91,Area,1938.8,1000 HA,2026-07-31
CONAB,Cotton,1990/91,Area,1938.8,1000 HA,2026-08-02
CONAB,Cotton,1990/91,Area,1938.8,1000 HA,2026-08-03
CONAB,Cotton,1990/91,Area,1938.8,1000 HA,2026-08-04
CONAB,Cotton,1990/91,Area,1938.8,1000 HA,2026-08-05
CONAB,Cotton,1990/91,Area,1938.8,1000 HA,2026-08-06
CONAB,Cotton,1990/91,Area,1938.8,1000 HA,2026-08-07
CONAB,Cotton,1990/91,Area,1938.8,1000 HA,2026-08-08
CONAB,Cotton,1990/91,Area,1938.8,1000 HA,2026-08-10
CONAB,Cotton,1990/91,Area,1938.8,1000 HA,2026-08-11
CONAB,Cotton,1990/91,Area,1938.8,1000 HA,2026-08-12
CONAB,Cotton,1990/91,Area,1938.8,1000 HA,2026-08-13
CONAB,Cotton,1990/91,Production,716.8,1000 MT,2026-07-28
CONAB,Cotton,1990/91,Production,716.8,1000 MT,2026-07-30
CONAB,Cotton,1990/91,Production,716.8,1000 MT,2026-07-31
CONAB,Cotton,1990/91,Production,716.8,1000 MT,2026-08-02
CONAB,Cotton,1990/91,Production,716.8,1000 MT,2026-08-03
CONAB,Cotton,1990/91,Production,716.8,1000 MT,2026-08-04
CONAB,Cotton,1990/91,Production,716.8,1000 MT,2026-08-05
CONAB,Cotton,1990/91,Production,716.8,1000 MT,2026-08-06
CONAB,Cotton,1990/91,Production,716.8,1000 MT,2026-08-07
CONAB,Cotton,1990/91,Production,716.8,1000 MT,2026-08-08
CONAB,Cotton,1990/91,Production,716.8,1000 MT,2026-08-10
CONAB,Cotton,1990/91,Production,716.8,1000 MT,2026-08-11
CONAB,Cotton,1990/91,Production,716.8,1000 MT,2026-08-12
CONAB,Cotton,1990/91,Production,716.8,1000 MT,2026-08-13
CONAB,Cotton,1990/91,Yield,369.7132246750567,KG/HA,2026-07-28
CONAB,Cotton,1990/91,Yield,369.7132246750567,KG/HA,2026-07-30
CONAB,Cotton,1990/91,Yield,369.7132246750567,KG/HA,2026-07-31
CONAB,Cotton,1990/91,Yield,369.7132246750567,KG/HA,2026-08-02
CONAB,Cotton,1990/91,Yield,369.7132246750567,KG/HA,2026-08-03
CONAB,Cotton,1990/91,Yield,369.7132246750567,KG/HA,2026-08-04
CONAB,Cotton,1990/91,Yield,369.7132246750567,KG/HA,2026-08-05
CONAB,Cotton,1990/91,Yield,369.7132246750567,KG/HA,2026-08-06
CONAB,Cotton,1990/91,Yield,369.7132246750567,KG/HA,2026-08-07
CONAB,Cotton,1990/91,Yield,369.7132246750567,KG/HA,2026-08-08
CONAB,Cotton,1990/91,Yield,369.7132246750567,KG/HA,2026-08-10
CONAB,Cotton,1990/91,Yield,369.7132246750567,KG/HA,2026-08-11
CONAB,Cotton,1990/91,Yield,369.7132246750567,KG/HA,2026-08-12
CONAB,Cotton,1990/91,Yield,369.7132246750567,KG/HA,2026-08-13
CONAB,Cotton,1991/92,Area,1976.3,1000 HA,2026-07-28
CONAB,Cotton,1991/92,Area,1976.3,1000 HA,2026-07-30
CONAB,Cotton,1991/92,Area,1976.3,1000 HA,2026-07-31
CONAB,Cotton,1991/92,Area,1976.3,1000 HA,2026-08-02
CONAB,Cotton,1991/92,Area,1976.3,1000 HA,2026-08-03
CONAB,Cotton,1991/92,Area,1976.3,1000 HA,2026-08-04
CONAB,Cotton,1991/92,Area,1976.3,1000 HA,2026-08-05
CONAB,Cotton,1991/92,Area,1976.3,1000 HA,2026-08-06
CONAB,Cotton,1991/92,Area,1976.3,1000 HA,2026-08-07
CONAB,Cotton,1991/92,Area,1976.3,1000 HA,2026-08-08
CONAB,Cotton,1991/92,Area,1976.3,1000 HA,2026-08-10
CONAB,Cotton,1991/92,Area,1976.3,1000 HA,2026-08-11
CONAB,Cotton,1991/92,Area,1976.3,1000 HA,2026-08-12
CONAB,Cotton,1991/92,Area,1976.3,1000 HA,2026-08-13
CONAB,Cotton,1991/92,Production,668.0,1000 MT,2026-07-28
CONAB,Cotton,1991/92,Production,668.0,1000 MT,2026-07-30
CONAB,Cotton,1991/92,Production,668.0,1000 MT,2026-07-31
CONAB,Cotton,1991/92,Production,668.0,1000 MT,2026-08-02
CONAB,Cotton,1991/92,Production,668.0,1000 MT,2026-08-03
CONAB,Cotton,1991/92,Production,668.0,1000 MT,2026-08-04
CONAB,Cotton,1991/92,Production,668.0,1000 MT,2026-08-05
CONAB,Cotton,1991/92,Production,668.0,1000 MT,2026-08-06
CONAB,Cotton,1991/92,Production,668.0,1000 MT,2026-08-07
CONAB,Cotton,1991/92,Production,668.0,1000 MT,2026-08-08
CONAB,Cotton,1991/92,Production,668.0,1000 MT,2026-08-10
CONAB,Cotton,1991/92,Production,668.0,1000 MT,2026-08-11
CONAB,Cotton,1991/92,Production,668.0,1000 MT,2026-08-12
CONAB,Cotton,1991/92,Production,668.0,1000 MT,2026-08-13
CONAB,Cotton,1991/92,Yield,338.0053635581642,KG/HA,2026-07-28
CONAB,Cotton,1991/92,Yield,338.0053635581642,KG/HA,2026-07-30
CONAB,Cotton,1991/92,Yield,338.0053635581642,KG/HA,2026-07-31
CONAB,Cotton,1991/92,Yield,338.0053635581642,KG/HA,2026-08-02
CONAB,Cotton,1991/92,Yield,338.0053635581642,KG/HA,2026-08-03
CONAB,Cotton,1991/92,Yield,338.0053635581642,KG/HA,2026-08-04
CONAB,Cotton,1991/92,Yield,338.0053635581642,KG/HA,2026-08-05
CONAB,Cotton,1991/92,Yield,338.0053635581642,KG/HA,2026-08-06
CONAB,Cotton,1991/92,Yield,338.0053635581642,KG/HA,2026-08-07
CONAB,Cotton,1991/92,Yield,338.0053635581642,KG/HA,2026-08-08
CONAB,Cotton,1991/92,Yield,338.0053635581642,KG/HA,2026-08-10
CONAB,Cotton,1991/92,Yield,338.0053635581642,KG/HA,2026-08-11
CONAB,Cotton,1991/92,Yield,338.0053635581642,KG/HA,2026-08-12
CONAB,Cotton,1991/92,Yield,338.0053635581642,KG/HA,2026-08-13
CONAB,Cotton,1992/93,Area,1277.1,1000 HA,2026-07-28
CONAB,Cotton,1992/93,Area,1277.1,1000 HA,2026-07-30
CONAB,Cotton,1992/93,Area,1277.1,1000 HA,2026-07-31
CONAB,Cotton,1992/93,Area,1277.1,1000 HA,2026-08-02
CONAB,Cotton,1992/93,Area,1277.1,1000 HA,2026-08-03
CONAB,Cotton,1992/93,Area,1277.1,1000 HA,2026-08-04
CONAB,Cotton,1992/93,Area,1277.1,1000 HA,2026-08-05
CONAB,Cotton,1992/93,Area,1277.1,1000 HA,2026-08-06
CONAB,Cotton,1992/93,Area,1277.1,1000 HA,2026-08-07
CONAB,Cotton,1992/93,Area,1277.1,1000 HA,2026-08-08
CONAB,Cotton,1992/93,Area,1277.1,1000 HA,2026-08-10
CONAB,Cotton,1992/93,Area,1277.1,1000 HA,2026-08-11
CONAB,Cotton,1992/93,Area,1277.1,1000 HA,2026-08-12
CONAB,Cotton,1992/93,Area,1277.1,1000 HA,2026-08-13
CONAB,Cotton,1992/93,Production,420.3,1000 MT,2026-07-28
CONAB,Cotton,1992/93,Production,420.3,1000 MT,2026-07-30
CONAB,Cotton,1992/93,Production,420.3,1000 MT,2026-07-31
CONAB,Cotton,1992/93,Production,420.3,1000 MT,2026-08-02
CONAB,Cotton,1992/93,Production,420.3,1000 MT,2026-08-03
CONAB,Cotton,1992/93,Production,420.3,1000 MT,2026-08-04
CONAB,Cotton,1992/93,Production,420.3,1000 MT,2026-08-05
CONAB,Cotton,1992/93,Production,420.3,1000 MT,2026-08-06
CONAB,Cotton,1992/93,Production,420.3,1000 MT,2026-08-07
CONAB,Cotton,1992/93,Production,420.3,1000 MT,2026-08-08
CONAB,Cotton,1992/93,Production,420.3,1000 MT,2026-08-10
CONAB,Cotton,1992/93,Production,420.3,1000 MT,2026-08-11
CONAB,Cotton,1992/93,Production,420.3,1000 MT,2026-08-12
CONAB,Cotton,1992/93,Production,420.3,1000 MT,2026-08-13
CONAB,Cotton,1992/93,Yield,329.1050035236082,KG/HA,2026-07-28
CONAB,Cotton,1992/93,Yield,329.1050035236082,KG/HA,2026-07-30
CONAB,Cotton,1992/93,Yield,329.1050035236082,KG/HA,2026-07-31
CONAB,Cotton,1992/93,Yield,329.1050035236082,KG/HA,2026-08-02
CONAB,Cotton,1992/93,Yield,329.1050035236082,KG/HA,2026-08-03
CONAB,Cotton,1992/93,Yield,329.1050035236082,KG/HA,2026-08-04
CONAB,Cotton,1992/93,Yield,329.1050035236082,KG/HA,2026-08-05
CONAB,Cotton,1992/93,Yield,329.1050035236082,KG/HA,2026-08-06
CONAB,Cotton,1992/93,Yield,329.1050035236082,KG/HA,2026-08-07
CONAB,Cotton,1992/93,Yield,329.1050035236082,KG/HA,2026-08-08
CONAB,Cotton,1992/93,Yield,329.1050035236082,KG/HA,2026-08-10
CONAB,Cotton,1992/93,Yield,329.1050035236082,KG/HA,2026-08-11
CONAB,Cotton,1992/93,Yield,329.1050035236082,KG/HA,2026-08-12
CONAB,Cotton,1992/93,Yield,329.1050035236082,KG/HA,2026-08-13
CONAB,Cotton,1993/94,Area,1237.8,1000 HA,2026-07-28
CONAB,Cotton,1993/94,Area,1237.8,1000 HA,2026-07-30
CONAB,Cotton,1993/94,Area,1237.8,1000 HA,2026-07-31
CONAB,Cotton,1993/94,Area,1237.8,1000 HA,2026-08-02
CONAB,Cotton,1993/94,Area,1237.8,1000 HA,2026-08-03
CONAB,Cotton,1993/94,Area,1237.8,1000 HA,2026-08-04
CONAB,Cotton,1993/94,Area,1237.8,1000 HA,2026-08-05
CONAB,Cotton,1993/94,Area,1237.8,1000 HA,2026-08-06
CONAB,Cotton,1993/94,Area,1237.8,1000 HA,2026-08-07
CONAB,Cotton,1993/94,Area,1237.8,1000 HA,2026-08-08
CONAB,Cotton,1993/94,Area,1237.8,1000 HA,2026-08-10
CONAB,Cotton,1993/94,Area,1237.8,1000 HA,2026-08-11
CONAB,Cotton,1993/94,Area,1237.8,1000 HA,2026-08-12
CONAB,Cotton,1993/94,Area,1237.8,1000 HA,2026-08-13
CONAB,Cotton,1993/94,Production,483.9,1000 MT,2026-07-28
CONAB,Cotton,1993/94,Production,483.9,1000 MT,2026-07-30
CONAB,Cotton,1993/94,Production,483.9,1000 MT,2026-07-31
CONAB,Cotton,1993/94,Production,483.9,1000 MT,2026-08-02
CONAB,Cotton,1993/94,Production,483.9,1000 MT,2026-08-03
CONAB,Cotton,1993/94,Production,483.9,1000 MT,2026-08-04
CONAB,Cotton,1993/94,Production,483.9,1000 MT,2026-08-05
CONAB,Cotton,1993/94,Production,483.9,1000 MT,2026-08-06
CONAB,Cotton,1993/94,Production,483.9,1000 MT,2026-08-07
CONAB,Cotton,1993/94,Production,483.9,1000 MT,2026-08-08
CONAB,Cotton,1993/94,Production,483.9,1000 MT,2026-08-10
CONAB,Cotton,1993/94,Production,483.9,1000 MT,2026-08-11
CONAB,Cotton,1993/94,Production,483.9,1000 MT,2026-08-12
CONAB,Cotton,1993/94,Production,483.9,1000 MT,2026-08-13
CONAB,Cotton,1993/94,Yield,390.93553078041685,KG/HA,2026-07-28
CONAB,Cotton,1993/94,Yield,390.93553078041685,KG/HA,2026-07-30
CONAB,Cotton,1993/94,Yield,390.93553078041685,KG/HA,2026-07-31
CONAB,Cotton,1993/94,Yield,390.93553078041685,KG/HA,2026-08-02
CONAB,Cotton,1993/94,Yield,390.93553078041685,KG/HA,2026-08-03
CONAB,Cotton,1993/94,Yield,390.93553078041685,KG/HA,2026-08-04
CONAB,Cotton,1993/94,Yield,390.93553078041685,KG/HA,2026-08-05
CONAB,Cotton,1993/94,Yield,390.93553078041685,KG/HA,2026-08-06
CONAB,Cotton,1993/94,Yield,390.93553078041685,KG/HA,2026-08-07
CONAB,Cotton,1993/94,Yield,390.93553078041685,KG/HA,2026-08-08
CONAB,Cotton,1993/94,Yield,390.93553078041685,KG/HA,2026-08-10
CONAB,Cotton,1993/94,Yield,390.93553078041685,KG/HA,2026-08-11
CONAB,Cotton,1993/94,Yield,390.93553078041685,KG/HA,2026-08-12
CONAB,Cotton,1993/94,Yield,390.93553078041685,KG/HA,2026-08-13
CONAB,Cotton,1994/95,Area,1228.5,1000 HA,2026-07-28
CONAB,Cotton,1994/95,Area,1228.5,1000 HA,2026-07-30
CONAB,Cotton,1994/95,Area,1228.5,1000 HA,2026-07-31
CONAB,Cotton,1994/95,Area,1228.5,1000 HA,2026-08-02
CONAB,Cotton,1994/95,Area,1228.5,1000 HA,2026-08-03
CONAB,Cotton,1994/95,Area,1228.5,1000 HA,2026-08-04
CONAB,Cotton,1994/95,Area,1228.5,1000 HA,2026-08-05
CONAB,Cotton,1994/95,Area,1228.5,1000 HA,2026-08-06
CONAB,Cotton,1994/95,Area,1228.5,1000 HA,2026-08-07
CONAB,Cotton,1994/95,Area,1228.5,1000 HA,2026-08-08
CONAB,Cotton,1994/95,Area,1228.5,1000 HA,2026-08-10
CONAB,Cotton,1994/95,Area,1228.5,1000 HA,2026-08-11
CONAB,Cotton,1994/95,Area,1228.5,1000 HA,2026-08-12
CONAB,Cotton,1994/95,Area,1228.5,1000 HA,2026-08-13
CONAB,Cotton,1994/95,Production,537.1,1000 MT,2026-07-28
CONAB,Cotton,1994/95,Production,537.1,1000 MT,2026-07-30
CONAB,Cotton,1994/95,Production,537.1,1000 MT,2026-07-31
CONAB,Cotton,1994/95,Production,537.1,1000 MT,2026-08-02
CONAB,Cotton,1994/95,Production,537.1,1000 MT,2026-08-03
CONAB,Cotton,1994/95,Production,537.1,1000 MT,2026-08-04
CONAB,Cotton,1994/95,Production,537.1,1000 MT,2026-08-05
CONAB,Cotton,1994/95,Production,537.1,1000 MT,2026-08-06
CONAB,Cotton,1994/95,Production,537.1,1000 MT,2026-08-07
CONAB,Cotton,1994/95,Production,537.1,1000 MT,2026-08-08
CONAB,Cotton,1994/95,Production,537.1,1000 MT,2026-08-10
CONAB,Cotton,1994/95,Production,537.1,1000 MT,2026-08-11
CONAB,Cotton,1994/95,Production,537.1,1000 MT,2026-08-12
CONAB,Cotton,1994/95,Production,537.1,1000 MT,2026-08-13
CONAB,Cotton,1994/95,Yield,437.19983719983725,KG/HA,2026-07-28
CONAB,Cotton,1994/95,Yield,437.19983719983725,KG/HA,2026-07-30
CONAB,Cotton,1994/95,Yield,437.19983719983725,KG/HA,2026-07-31
CONAB,Cotton,1994/95,Yield,437.19983719983725,KG/HA,2026-08-02
CONAB,Cotton,1994/95,Yield,437.19983719983725,KG/HA,2026-08-03
CONAB,Cotton,1994/95,Yield,437.19983719983725,KG/HA,2026-08-04
CONAB,Cotton,1994/95,Yield,437.19983719983725,KG/HA,2026-08-05
CONAB,Cotton,1994/95,Yield,437.19983719983725,KG/HA,2026-08-06
CONAB,Cotton,1994/95,Yield,437.19983719983725,KG/HA,2026-08-07
CONAB,Cotton,1994/95,Yield,437.19983719983725,KG/HA,2026-08-08
CONAB,Cotton,1994/95,Yield,437.19983719983725,KG/HA,2026-08-10
CONAB,Cotton,1994/95,Yield,437.19983719983725,KG/HA,2026-08-11
CONAB,Cotton,1994/95,Yield,437.19983719983725,KG/HA,2026-08-12
CONAB,Cotton,1994/95,Yield,437.19983719983725,KG/HA,2026-08-13
CONAB,Cotton,1995/96,Area,952.5,1000 HA,2026-07-28
CONAB,Cotton,1995/96,Area,952.5,1000 HA,2026-07-30
CONAB,Cotton,1995/96,Area,952.5,1000 HA,2026-07-31
CONAB,Cotton,1995/96,Area,952.5,1000 HA,2026-08-02
CONAB,Cotton,1995/96,Area,952.5,1000 HA,2026-08-03
CONAB,Cotton,1995/96,Area,952.5,1000 HA,2026-08-04
CONAB,Cotton,1995/96,Area,952.5,1000 HA,2026-08-05
CONAB,Cotton,1995/96,Area,952.5,1000 HA,2026-08-06
CONAB,Cotton,1995/96,Area,952.5,1000 HA,2026-08-07
CONAB,Cotton,1995/96,Area,952.5,1000 HA,2026-08-08
CONAB,Cotton,1995/96,Area,952.5,1000 HA,2026-08-10
CONAB,Cotton,1995/96,Area,952.5,1000 HA,2026-08-11
CONAB,Cotton,1995/96,Area,952.5,1000 HA,2026-08-12
CONAB,Cotton,1995/96,Area,952.5,1000 HA,2026-08-13
CONAB,Cotton,1995/96,Production,410.0,1000 MT,2026-07-28
CONAB,Cotton,1995/96,Production,410.0,1000 MT,2026-07-30
CONAB,Cotton,1995/96,Production,410.0,1000 MT,2026-07-31
CONAB,Cotton,1995/96,Production,410.0,1000 MT,2026-08-02
CONAB,Cotton,1995/96,Production,410.0,1000 MT,2026-08-03
CONAB,Cotton,1995/96,Production,410.0,1000 MT,2026-08-04
CONAB,Cotton,1995/96,Production,410.0,1000 MT,2026-08-05
CONAB,Cotton,1995/96,Production,410.0,1000 MT,2026-08-06
CONAB,Cotton,1995/96,Production,410.0,1000 MT,2026-08-07
CONAB,Cotton,1995/96,Production,410.0,1000 MT,2026-08-08
CONAB,Cotton,1995/96,Production,410.0,1000 MT,2026-08-10
CONAB,Cotton,1995/96,Production,410.0,1000 MT,2026-08-11
CONAB,Cotton,1995/96,Production,410.0,1000 MT,2026-08-12
CONAB,Cotton,1995/96,Production,410.0,1000 MT,2026-08-13
CONAB,Cotton,1995/96,Yield,430.4461942257218,KG/HA,2026-07-28
CONAB,Cotton,1995/96,Yield,430.4461942257218,KG/HA,2026-07-30
CONAB,Cotton,1995/96,Yield,430.4461942257218,KG/HA,2026-07-31
CONAB,Cotton,1995/96,Yield,430.4461942257218,KG/HA,2026-08-02
CONAB,Cotton,1995/96,Yield,430.4461942257218,KG/HA,2026-08-03
CONAB,Cotton,1995/96,Yield,430.4461942257218,KG/HA,2026-08-04
CONAB,Cotton,1995/96,Yield,430.4461942257218,KG/HA,2026-08-05
CONAB,Cotton,1995/96,Yield,430.4461942257218,KG/HA,2026-08-06
CONAB,Cotton,1995/96,Yield,430.4461942257218,KG/HA,2026-08-07
CONAB,Cotton,1995/96,Yield,430.4461942257218,KG/HA,2026-08-08
CONAB,Cotton,1995/96,Yield,430.4461942257218,KG/HA,2026-08-10
CONAB,Cotton,1995/96,Yield,430.4461942257218,KG/HA,2026-08-11
CONAB,Cotton,1995/96,Yield,430.4461942257218,KG/HA,2026-08-12
CONAB,Cotton,1995/96,Yield,430.4461942257218,KG/HA,2026-08-13
CONAB,Cotton,1996/97,Area,657.5,1000 HA,2026-07-28
CONAB,Cotton,1996/97,Area,657.5,1000 HA,2026-07-30
CONAB,Cotton,1996/97,Area,657.5,1000 HA,2026-07-31
CONAB,Cotton,1996/97,Area,657.5,1000 HA,2026-08-02
CONAB,Cotton,1996/97,Area,657.5,1000 HA,2026-08-03
CONAB,Cotton,1996/97,Area,657.5,1000 HA,2026-08-04
CONAB,Cotton,1996/97,Area,657.5,1000 HA,2026-08-05
CONAB,Cotton,1996/97,Area,657.5,1000 HA,2026-08-06
CONAB,Cotton,1996/97,Area,657.5,1000 HA,2026-08-07
CONAB,Cotton,1996/97,Area,657.5,1000 HA,2026-08-08
CONAB,Cotton,1996/97,Area,657.5,1000 HA,2026-08-10
CONAB,Cotton,1996/97,Area,657.5,1000 HA,2026-08-11
CONAB,Cotton,1996/97,Area,657.5,1000 HA,2026-08-12
CONAB,Cotton,1996/97,Area,657.5,1000 HA,2026-08-13
CONAB,Cotton,1996/97,Production,305.8,1000 MT,2026-07-28
CONAB,Cotton,1996/97,Production,305.8,1000 MT,2026-07-30
CONAB,Cotton,1996/97,Production,305.8,1000 MT,2026-07-31
CONAB,Cotton,1996/97,Production,305.8,1000 MT,2026-08-02
CONAB,Cotton,1996/97,Production,305.8,1000 MT,2026-08-03
CONAB,Cotton,1996/97,Production,305.8,1000 MT,2026-08-04
CONAB,Cotton,1996/97,Production,305.8,1000 MT,2026-08-05
CONAB,Cotton,1996/97,Production,305.8,1000 MT,2026-08-06
CONAB,Cotton,1996/97,Production,305.8,1000 MT,2026-08-07
CONAB,Cotton,1996/97,Production,305.8,1000 MT,2026-08-08
CONAB,Cotton,1996/97,Production,305.8,1000 MT,2026-08-10
CONAB,Cotton,1996/97,Production,305.8,1000 MT,2026-08-11
CONAB,Cotton,1996/97,Production,305.8,1000 MT,2026-08-12
CONAB,Cotton,1996/97,Production,305.8,1000 MT,2026-08-13
CONAB,Cotton,1996/97,Yield,465.09505703422053,KG/HA,2026-07-28
CONAB,Cotton,1996/97,Yield,465.09505703422053,KG/HA,2026-07-30
CONAB,Cotton,1996/97,Yield,465.09505703422053,KG/HA,2026-07-31
CONAB,Cotton,1996/97,Yield,465.09505703422053,KG/HA,2026-08-02
CONAB,Cotton,1996/97,Yield,465.09505703422053,KG/HA,2026-08-03
CONAB,Cotton,1996/97,Yield,465.09505703422053,KG/HA,2026-08-04
CONAB,Cotton,1996/97,Yield,465.09505703422053,KG/HA,2026-08-05
CONAB,Cotton,1996/97,Yield,465.09505703422053,KG/HA,2026-08-06
CONAB,Cotton,1996/97,Yield,465.09505703422053,KG/HA,2026-08-07
CONAB,Cotton,1996/97,Yield,465.09505703422053,KG/HA,2026-08-08
CONAB,Cotton,1996/97,Yield,465.09505703422053,KG/HA,2026-08-10
CONAB,Cotton,1996/97,Yield,465.09505703422053,KG/HA,2026-08-11
CONAB,Cotton,1996/97,Yield,465.09505703422053,KG/HA,2026-08-12
CONAB,Cotton,1996/97,Yield,465.09505703422053,KG/HA,2026-08-13
CONAB,Cotton,1997/98,Area,879.9,1000 HA,2026-07-28
CONAB,Cotton,1997/98,Area,879.9,1000 HA,2026-07-30
CONAB,Cotton,1997/98,Area,879.9,1000 HA,2026-07-31
CONAB,Cotton,1997/98,Area,879.9,1000 HA,2026-08-02
CONAB,Cotton,1997/98,Area,879.9,1000 HA,2026-08-03
CONAB,Cotton,1997/98,Area,879.9,1000 HA,2026-08-04
CONAB,Cotton,1997/98,Area,879.9,1000 HA,2026-08-05
CONAB,Cotton,1997/98,Area,879.9,1000 HA,2026-08-06
CONAB,Cotton,1997/98,Area,879.9,1000 HA,2026-08-07
CONAB,Cotton,1997/98,Area,879.9,1000 HA,2026-08-08
CONAB,Cotton,1997/98,Area,879.9,1000 HA,2026-08-10
CONAB,Cotton,1997/98,Area,879.9,1000 HA,2026-08-11
CONAB,Cotton,1997/98,Area,879.9,1000 HA,2026-08-12
CONAB,Cotton,1997/98,Area,879.9,1000 HA,2026-08-13
CONAB,Cotton,1997/98,Production,411.0,1000 MT,2026-07-28
CONAB,Cotton,1997/98,Production,411.0,1000 MT,2026-07-30
CONAB,Cotton,1997/98,Production,411.0,1000 MT,2026-07-31
CONAB,Cotton,1997/98,Production,411.0,1000 MT,2026-08-02
CONAB,Cotton,1997/98,Production,411.0,1000 MT,2026-08-03
CONAB,Cotton,1997/98,Production,411.0,1000 MT,2026-08-04
CONAB,Cotton,1997/98,Production,411.0,1000 MT,2026-08-05
CONAB,Cotton,1997/98,Production,411.0,1000 MT,2026-08-06
CONAB,Cotton,1997/98,Production,411.0,1000 MT,2026-08-07
CONAB,Cotton,1997/98,Production,411.0,1000 MT,2026-08-08
CONAB,Cotton,1997/98,Production,411.0,1000 MT,2026-08-10
CONAB,Cotton,1997/98,Production,411.0,1000 MT,2026-08-11
CONAB,Cotton,1997/98,Production,411.0,1000 MT,2026-08-12
CONAB,Cotton,1997/98,Production,411.0,1000 MT,2026-08-13
CONAB,Cotton,1997/98,Yield,467.0985339243096,KG/HA,2026-07-28
CONAB,Cotton,1997/98,Yield,467.0985339243096,KG/HA,2026-07-30
CONAB,Cotton,1997/98,Yield,467.0985339243096,KG/HA,2026-07-31
CONAB,Cotton,1997/98,Yield,467.0985339243096,KG/HA,2026-08-02
CONAB,Cotton,1997/98,Yield,467.0985339243096,KG/HA,2026-08-03
CONAB,Cotton,1997/98,Yield,467.0985339243096,KG/HA,2026-08-04
CONAB,Cotton,1997/98,Yield,467.0985339243096,KG/HA,2026-08-05
CONAB,Cotton,1997/98,Yield,467.0985339243096,KG/HA,2026-08-06
CONAB,Cotton,1997/98,Yield,467.0985339243096,KG/HA,2026-08-07
CONAB,Cotton,1997/98,Yield,467.0985339243096,KG/HA,2026-08-08
CONAB,Cotton,1997/98,Yield,467.0985339243096,KG/HA,2026-08-10
CONAB,Cotton,1997/98,Yield,467.0985339243096,KG/HA,2026-08-11
CONAB,Cotton,1997/98,Yield,467.0985339243096,KG/HA,2026-08-12
CONAB,Cotton,1997/98,Yield,467.0985339243096,KG/HA,2026-08-13
CONAB,Cotton,1998/99,Area,693.9,1000 HA,2026-07-28
CONAB,Cotton,1998/99,Area,693.9,1000 HA,2026-07-30
CONAB,Cotton,1998/99,Area,693.9,1000 HA,2026-07-31
CONAB,Cotton,1998/99,Area,693.9,1000 HA,2026-08-02
CONAB,Cotton,1998/99,Area,693.9,1000 HA,2026-08-03
CONAB,Cotton,1998/99,Area,693.9,1000 HA,2026-08-04
CONAB,Cotton,1998/99,Area,693.9,1000 HA,2026-08-05
CONAB,Cotton,1998/99,Area,693.9,1000 HA,2026-08-06
CONAB,Cotton,1998/99,Area,693.9,1000 HA,2026-08-07
CONAB,Cotton,1998/99,Area,693.9,1000 HA,2026-08-08
CONAB,Cotton,1998/99,Area,693.9,1000 HA,2026-08-10
CONAB,Cotton,1998/99,Area,693.9,1000 HA,2026-08-11
CONAB,Cotton,1998/99,Area,693.9,1000 HA,2026-08-12
CONAB,Cotton,1998/99,Area,693.9,1000 HA,2026-08-13
CONAB,Cotton,1998/99,Production,520.1,1000 MT,2026-07-28
CONAB,Cotton,1998/99,Production,520.1,1000 MT,2026-07-30
CONAB,Cotton,1998/99,Production,520.1,1000 MT,2026-07-31
CONAB,Cotton,1998/99,Production,520.1,1000 MT,2026-08-02
CONAB,Cotton,1998/99,Production,520.1,1000 MT,2026-08-03
CONAB,Cotton,1998/99,Production,520.1,1000 MT,2026-08-04
CONAB,Cotton,1998/99,Production,520.1,1000 MT,2026-08-05
CONAB,Cotton,1998/99,Production,520.1,1000 MT,2026-08-06
CONAB,Cotton,1998/99,Production,520.1,1000 MT,2026-08-07
CONAB,Cotton,1998/99,Production,520.1,1000 MT,2026-08-08
CONAB,Cotton,1998/99,Production,520.1,1000 MT,2026-08-10
CONAB,Cotton,1998/99,Production,520.1,1000 MT,2026-08-11
CONAB,Cotton,1998/99,Production,520.1,1000 MT,2026-08-12
CONAB,Cotton,1998/99,Production,520.1,1000 MT,2026-08-13
CONAB,Cotton,1998/99,Yield,749.5316328001154,KG/HA,2026-07-28
CONAB,Cotton,1998/99,Yield,749.5316328001154,KG/HA,2026-07-30
CONAB,Cotton,1998/99,Yield,749.5316328001154,KG/HA,2026-07-31
CONAB,Cotton,1998/99,Yield,749.5316328001154,KG/HA,2026-08-02
CONAB,Cotton,1998/99,Yield,749.5316328001154,KG/HA,2026-08-03
CONAB,Cotton,1998/99,Yield,749.5316328001154,KG/HA,2026-08-04
CONAB,Cotton,1998/99,Yield,749.5316328001154,KG/HA,2026-08-05
CONAB,Cotton,1998/99,Yield,749.5316328001154,KG/HA,2026-08-06
CONAB,Cotton,1998/99,Yield,749.5316328001154,KG/HA,2026-08-07
CONAB,Cotton,1998/99,Yield,749.5316328001154,KG/HA,2026-08-08
CONAB,Cotton,1998/99,Yield,749.5316328001154,KG/HA,2026-08-10
CONAB,Cotton,1998/99,Yield,749.5316328001154,KG/HA,2026-08-11
CONAB,Cotton,1998/99,Yield,749.5316328001154,KG/HA,2026-08-12
CONAB,Cotton,1998/99,Yield,749.5316328001154,KG/HA,2026-08-13
CONAB,Cotton,1999/00,Area,823.1,1000 HA,2026-07-28
CONAB,Cotton,1999/00,Area,823.1,1000 HA,2026-07-30
CONAB,Cotton,1999/00,Area,823.1,1000 HA,2026-07-31
CONAB,Cotton,1999/00,Area,823.1,1000 HA,2026-08-02
CONAB,Cotton,1999/00,Area,823.1,1000 HA,2026-08-03
CONAB,Cotton,1999/00,Area,823.1,1000 HA,2026-08-04
CONAB,Cotton,1999/00,Area,823.1,1000 HA,2026-08-05
CONAB,Cotton,1999/00,Area,823.1,1000 HA,2026-08-06
CONAB,Cotton,1999/00,Area,823.1,1000 HA,2026-08-07
CONAB,Cotton,1999/00,Area,823.1,1000 HA,2026-08-08
CONAB,Cotton,1999/00,Area,823.1,1000 HA,2026-08-10
CONAB,Cotton,1999/00,Area,823.1,1000 HA,2026-08-11
CONAB,Cotton,1999/00,Area,823.1,1000 HA,2026-08-12
CONAB,Cotton,1999/00,Area,823.1,1000 HA,2026-08-13
CONAB,Cotton,1999/00,Production,700.3,1000 MT,2026-07-28
CONAB,Cotton,1999/00,Production,700.3,1000 MT,2026-07-30
CONAB,Cotton,1999/00,Production,700.3,1000 MT,2026-07-31
CONAB,Cotton,1999/00,Production,700.3,1000 MT,2026-08-02
CONAB,Cotton,1999/00,Production,700.3,1000 MT,2026-08-03
CONAB,Cotton,1999/00,Production,700.3,1000 MT,2026-08-04
CONAB,Cotton,1999/00,Production,700.3,1000 MT,2026-08-05
CONAB,Cotton,1999/00,Production,700.3,1000 MT,2026-08-06
CONAB,Cotton,1999/00,Production,700.3,1000 MT,2026-08-07
CONAB,Cotton,1999/00,Production,700.3,1000 MT,2026-08-08
CONAB,Cotton,1999/00,Production,700.3,1000 MT,2026-08-10
CONAB,Cotton,1999/00,Production,700.3,1000 MT,2026-08-11
CONAB,Cotton,1999/00,Production,700.3,1000 MT,2026-08-12
CONAB,Cotton,1999/00,Production,700.3,1000 MT,2026-08-13
CONAB,Cotton,1999/00,Yield,850.8079212732353,KG/HA,2026-07-28
CONAB,Cotton,1999/00,Yield,850.8079212732353,KG/HA,2026-07-30
CONAB,Cotton,1999/00,Yield,850.8079212732353,KG/HA,2026-07-31
CONAB,Cotton,1999/00,Yield,850.8079212732353,KG/HA,2026-08-02
CONAB,Cotton,1999/00,Yield,850.8079212732353,KG/HA,2026-08-03
CONAB,Cotton,1999/00,Yield,850.8079212732353,KG/HA,2026-08-04
CONAB,Cotton,1999/00,Yield,850.8079212732353,KG/HA,2026-08-05
CONAB,Cotton,1999/00,Yield,850.8079212732353,KG/HA,2026-08-06
CONAB,Cotton,1999/00,Yield,850.8079212732353,KG/HA,2026-08-07
CONAB,Cotton,1999/00,Yield,850.8079212732353,KG/HA,2026-08-08
CONAB,Cotton,1999/00,Yield,850.8079212732353,KG/HA,2026-08-10
CONAB,Cotton,1999/00,Yield,850.8079212732353,KG/HA,2026-08-11
CONAB,Cotton,1999/00,Yield,850.8079212732353,KG/HA,2026-08-12
CONAB,Cotton,1999/00,Yield,850.8079212732353,KG/HA,2026-08-13
CONAB,Cotton,2000/01,Area,866.9,1000 HA,2026-07-28
CONAB,Cotton,2000/01,Area,866.9,1000 HA,2026-07-30
CONAB,Cotton,2000/01,Area,866.9,1000 HA,2026-07-31
CONAB,Cotton,2000/01,Area,866.9,1000 HA,2026-08-02
CONAB,Cotton,2000/01,Area,866.9,1000 HA,2026-08-03
CONAB,Cotton,2000/01,Area,866.9,1000 HA,2026-08-04
CONAB,Cotton,2000/01,Area,866.9,1000 HA,2026-08-05
CONAB,Cotton,2000/01,Area,866.9,1000 HA,2026-08-06
CONAB,Cotton,2000/01,Area,866.9,1000 HA,2026-08-07
CONAB,Cotton,2000/01,Area,866.9,1000 HA,2026-08-08
CONAB,Cotton,2000/01,Area,866.9,1000 HA,2026-08-10
CONAB,Cotton,2000/01,Area,866.9,1000 HA,2026-08-11
CONAB,Cotton,2000/01,Area,866.9,1000 HA,2026-08-12
CONAB,Cotton,2000/01,Area,866.9,1000 HA,2026-08-13
CONAB,Cotton,2000/01,Production,938.8000000000001,1000 MT,2026-07-28
CONAB,Cotton,2000/01,Production,938.8000000000001,1000 MT,2026-07-30
CONAB,Cotton,2000/01,Production,938.8000000000001,1000 MT,2026-07-31
CONAB,Cotton,2000/01,Production,938.8000000000001,1000 MT,2026-08-02
CONAB,Cotton,2000/01,Production,938.8000000000001,1000 MT,2026-08-03
CONAB,Cotton,2000/01,Production,938.8000000000001,1000 MT,2026-08-04
CONAB,Cotton,2000/01,Production,938.8000000000001,1000 MT,2026-08-05
CONAB,Cotton,2000/01,Production,938.8000000000001,1000 MT,2026-08-06
CONAB,Cotton,2000/01,Production,938.8000000000001,1000 MT,2026-08-07
CONAB,Cotton,2000/01,Production,938.8000000000001,1000 MT,2026-08-08
CONAB,Cotton,2000/01,Production,938.8000000000001,1000 MT,2026-08-10
CONAB,Cotton,2000/01,Production,938.8000000000001,1000 MT,2026-08-11
CONAB,Cotton,2000/01,Production,938.8000000000001,1000 MT,2026-08-12
CONAB,Cotton,2000/01,Production,938.8000000000001,1000 MT,2026-08-13
CONAB,Cotton,2000/01,Yield,1082.9392086745877,KG/HA,2026-07-28
CONAB,Cotton,2000/01,Yield,1082.9392086745877,KG/HA,2026-07-30
CONAB,Cotton,2000/01,Yield,1082.9392086745877,KG/HA,2026-07-31
CONAB,Cotton,2000/01,Yield,1082.9392086745877,KG/HA,2026-08-02
CONAB,Cotton,2000/01,Yield,1082.9392086745877,KG/HA,2026-08-03
CONAB,Cotton,2000/01,Yield,1082.9392086745877,KG/HA,2026-08-04
CONAB,Cotton,2000/01,Yield,1082.9392086745877,KG/HA,2026-08-05
CONAB,Cotton,2000/01,Yield,1082.9392086745877,KG/HA,2026-08-06
CONAB,Cotton,2000/01,Yield,1082.9392086745877,KG/HA,2026-08-07
CONAB,Cotton,2000/01,Yield,1082.9392086745877,KG/HA,2026-08-08
CONAB,Cotton,2000/01,Yield,1082.9392086745877,KG/HA,2026-08-10
CONAB,Cotton,2000/01,Yield,1082.9392086745877,KG/HA,2026-08-11
CONAB,Cotton,2000/01,Yield,1082.9392086745877,KG/HA,2026-08-12
CONAB,Cotton,2000/01,Yield,1082.9392086745877,KG/HA,2026-08-13
CONAB,Cotton,2001/02,Area,746.1,1000 HA,2026-07-28
CONAB,Cotton,2001/02,Area,746.1,1000 HA,2026-07-30
CONAB,Cotton,2001/02,Area,746.1,1000 HA,2026-07-31
CONAB,Cotton,2001/02,Area,746.1,1000 HA,2026-08-02
CONAB,Cotton,2001/02,Area,746.1,1000 HA,2026-08-03
CONAB,Cotton,2001/02,Area,746.1,1000 HA,2026-08-04
CONAB,Cotton,2001/02,Area,746.1,1000 HA,2026-08-05
CONAB,Cotton,2001/02,Area,746.1,1000 HA,2026-08-06
CONAB,Cotton,2001/02,Area,746.1,1000 HA,2026-08-07
CONAB,Cotton,2001/02,Area,746.1,1000 HA,2026-08-08
CONAB,Cotton,2001/02,Area,746.1,1000 HA,2026-08-10
CONAB,Cotton,2001/02,Area,746.1,1000 HA,2026-08-11
CONAB,Cotton,2001/02,Area,746.1,1000 HA,2026-08-12
CONAB,Cotton,2001/02,Area,746.1,1000 HA,2026-08-13
CONAB,Cotton,2001/02,Production,766.2,1000 MT,2026-07-28
CONAB,Cotton,2001/02,Production,766.2,1000 MT,2026-07-30
CONAB,Cotton,2001/02,Production,766.2,1000 MT,2026-07-31
CONAB,Cotton,2001/02,Production,766.2,1000 MT,2026-08-02
CONAB,Cotton,2001/02,Production,766.2,1000 MT,2026-08-03
CONAB,Cotton,2001/02,Production,766.2,1000 MT,2026-08-04
CONAB,Cotton,2001/02,Production,766.2,1000 MT,2026-08-05
CONAB,Cotton,2001/02,Production,766.2,1000 MT,2026-08-06
CONAB,Cotton,2001/02,Production,766.2,1000 MT,2026-08-07
CONAB,Cotton,2001/02,Production,766.2,1000 MT,2026-08-08
CONAB,Cotton,2001/02,Production,766.2,1000 MT,2026-08-10
CONAB,Cotton,2001/02,Production,766.2,1000 MT,2026-08-11
CONAB,Cotton,2001/02,Production,766.2,1000 MT,2026-08-12
CONAB,Cotton,2001/02,Production,766.2,1000 MT,2026-08-13
CONAB,Cotton,2001/02,Yield,1026.940088459992,KG/HA,2026-07-28
CONAB,Cotton,2001/02,Yield,1026.940088459992,KG/HA,2026-07-30
CONAB,Cotton,2001/02,Yield,1026.940088459992,KG/HA,2026-07-31
CONAB,Cotton,2001/02,Yield,1026.940088459992,KG/HA,2026-08-02
CONAB,Cotton,2001/02,Yield,1026.940088459992,KG/HA,2026-08-03
CONAB,Cotton,2001/02,Yield,1026.940088459992,KG/HA,2026-08-04
CONAB,Cotton,2001/02,Yield,1026.940088459992,KG/HA,2026-08-05
CONAB,Cotton,2001/02,Yield,1026.940088459992,KG/HA,2026-08-06
CONAB,Cotton,2001/02,Yield,1026.940088459992,KG/HA,2026-08-07
CONAB,Cotton,2001/02,Yield,1026.940088459992,KG/HA,2026-08-08
CONAB,Cotton,2001/02,Yield,1026.940088459992,KG/HA,2026-08-10
CONAB,Cotton,2001/02,Yield,1026.940088459992,KG/HA,2026-08-11
CONAB,Cotton,2001/02,Yield,1026.940088459992,KG/HA,2026-08-12
CONAB,Cotton,2001/02,Yield,1026.940088459992,KG/HA,2026-08-13
CONAB,Cotton,2002/03,Area,733.1,1000 HA,2026-07-28
CONAB,Cotton,2002/03,Area,733.1,1000 HA,2026-07-30
CONAB,Cotton,2002/03,Area,733.1,1000 HA,2026-07-31
CONAB,Cotton,2002/03,Area,733.1,1000 HA,2026-08-02
CONAB,Cotton,2002/03,Area,733.1,1000 HA,2026-08-03
CONAB,Cotton,2002/03,Area,733.1,1000 HA,2026-08-04
CONAB,Cotton,2002/03,Area,733.1,1000 HA,2026-08-05
CONAB,Cotton,2002/03,Area,733.1,1000 HA,2026-08-06
CONAB,Cotton,2002/03,Area,733.1,1000 HA,2026-08-07
CONAB,Cotton,2002/03,Area,733.1,1000 HA,2026-08-08
CONAB,Cotton,2002/03,Area,733.1,1000 HA,2026-08-10
CONAB,Cotton,2002/03,Area,733.1,1000 HA,2026-08-11
CONAB,Cotton,2002/03,Area,733.1,1000 HA,2026-08-12
CONAB,Cotton,2002/03,Area,733.1,1000 HA,2026-08-13
CONAB,Cotton,2002/03,Production,847.5,1000 MT,2026-07-28
CONAB,Cotton,2002/03,Production,847.5,1000 MT,2026-07-30
CONAB,Cotton,2002/03,Production,847.5,1000 MT,2026-07-31
CONAB,Cotton,2002/03,Production,847.5,1000 MT,2026-08-02
CONAB,Cotton,2002/03,Production,847.5,1000 MT,2026-08-03
CONAB,Cotton,2002/03,Production,847.5,1000 MT,2026-08-04
CONAB,Cotton,2002/03,Production,847.5,1000 MT,2026-08-05
CONAB,Cotton,2002/03,Production,847.5,1000 MT,2026-08-06
CONAB,Cotton,2002/03,Production,847.5,1000 MT,2026-08-07
CONAB,Cotton,2002/03,Production,847.5,1000 MT,2026-08-08
CONAB,Cotton,2002/03,Production,847.5,1000 MT,2026-08-10
CONAB,Cotton,2002/03,Production,847.5,1000 MT,2026-08-11
CONAB,Cotton,2002/03,Production,847.5,1000 MT,2026-08-12
CONAB,Cotton,2002/03,Production,847.5,1000 MT,2026-08-13
CONAB,Cotton,2002/03,Yield,1156.0496521620516,KG/HA,2026-07-28
CONAB,Cotton,2002/03,Yield,1156.0496521620516,KG/HA,2026-07-30
CONAB,Cotton,2002/03,Yield,1156.0496521620516,KG/HA,2026-07-31
CONAB,Cotton,2002/03,Yield,1156.0496521620516,KG/HA,2026-08-02
CONAB,Cotton,2002/03,Yield,1156.0496521620516,KG/HA,2026-08-03
CONAB,Cotton,2002/03,Yield,1156.0496521620516,KG/HA,2026-08-04
CONAB,Cotton,2002/03,Yield,1156.0496521620516,KG/HA,2026-08-05
CONAB,Cotton,2002/03,Yield,1156.0496521620516,KG/HA,2026-08-06
CONAB,Cotton,2002/03,Yield,1156.0496521620516,KG/HA,2026-08-07
CONAB,Cotton,2002/03,Yield,1156.0496521620516,KG/HA,2026-08-08
CONAB,Cotton,2002/03,Yield,1156.0496521620516,KG/HA,2026-08-10
CONAB,Cotton,2002/03,Yield,1156.0496521620516,KG/HA,2026-08-11
CONAB,Cotton,2002/03,Yield,1156.0496521620516,KG/HA,2026-08-12
CONAB,Cotton,2002/03,Yield,1156.0496521620516,KG/HA,2026-08-13
CONAB,Cotton,2003/04,Area,1096.4,1000 HA,2026-07-28
CONAB,Cotton,2003/04,Area,1096.4,1000 HA,2026-07-30
CONAB,Cotton,2003/04,Area,1096.4,1000 HA,2026-07-31
CONAB,Cotton,2003/04,Area,1096.4,1000 HA,2026-08-02
CONAB,Cotton,2003/04,Area,1096.4,1000 HA,2026-08-03
CONAB,Cotton,2003/04,Area,1096.4,1000 HA,2026-08-04
CONAB,Cotton,2003/04,Area,1096.4,1000 HA,2026-08-05
CONAB,Cotton,2003/04,Area,1096.4,1000 HA,2026-08-06
CONAB,Cotton,2003/04,Area,1096.4,1000 HA,2026-08-07
CONAB,Cotton,2003/04,Area,1096.4,1000 HA,2026-08-08
CONAB,Cotton,2003/04,Area,1096.4,1000 HA,2026-08-10
CONAB,Cotton,2003/04,Area,1096.4,1000 HA,2026-08-11
CONAB,Cotton,2003/04,Area,1096.4,1000 HA,2026-08-12
CONAB,Cotton,2003/04,Area,1096.4,1000 HA,2026-08-13
CONAB,Cotton,2003/04,Production,1309.3999999999999,1000 MT,2026-07-28
CONAB,Cotton,2003/04,Production,1309.3999999999999,1000 MT,2026-07-30
CONAB,Cotton,2003/04,Production,1309.3999999999999,1000 MT,2026-07-31
CONAB,Cotton,2003/04,Production,1309.3999999999999,1000 MT,2026-08-02
CONAB,Cotton,2003/04,Production,1309.3999999999999,1000 MT,2026-08-03
CONAB,Cotton,2003/04,Production,1309.3999999999999,1000 MT,2026-08-04
CONAB,Cotton,2003/04,Production,1309.3999999999999,1000 MT,2026-08-05
CONAB,Cotton,2003/04,Production,1309.3999999999999,1000 MT,2026-08-06
CONAB,Cotton,2003/04,Production,1309.3999999999999,1000 MT,2026-08-07
CONAB,Cotton,2003/04,Production,1309.3999999999999,1000 MT,2026-08-08
CONAB,Cotton,2003/04,Production,1309.3999999999999,1000 MT,2026-08-10
CONAB,Cotton,2003/04,Production,1309.3999999999999,1000 MT,2026-08-11
CONAB,Cotton,2003/04,Production,1309.3999999999999,1000 MT,2026-08-12
CONAB,Cotton,2003/04,Production,1309.3999999999999,1000 MT,2026-08-13
CONAB,Cotton,2003/04,Yield,1194.2721634439984,KG/HA,2026-07-28
CONAB,Cotton,2003/04,Yield,1194.2721634439984,KG/HA,2026-07-30
CONAB,Cotton,2003/04,Yield,1194.2721634439984,KG/HA,2026-07-31
CONAB,Cotton,2003/04,Yield,1194.2721634439984,KG/HA,2026-08-02
CONAB,Cotton,2003/04,Yield,1194.2721634439984,KG/HA,2026-08-03
CONAB,Cotton,2003/04,Yield,1194.2721634439984,KG/HA,2026-08-04
CONAB,Cotton,2003/04,Yield,1194.2721634439984,KG/HA,2026-08-05
CONAB,Cotton,2003/04,Yield,1194.2721634439984,KG/HA,2026-08-06
CONAB,Cotton,2003/04,Yield,1194.2721634439984,KG/HA,2026-08-07
CONAB,Cotton,2003/04,Yield,1194.2721634439984,KG/HA,2026-08-08
CONAB,Cotton,2003/04,Yield,1194.2721634439984,KG/HA,2026-08-10
CONAB,Cotton,2003/04,Yield,1194.2721634439984,KG/HA,2026-08-11
CONAB,Cotton,2003/04,Yield,1194.2721634439984,KG/HA,2026-08-12
CONAB,Cotton,2003/04,Yield,1194.2721634439984,KG/HA,2026-08-13
CONAB,Cotton,2004/05,Area,1175.2,1000 HA,2026-07-28
CONAB,Cotton,2004/05,Area,1175.2,1000 HA,2026-07-30
CONAB,Cotton,2004/05,Area,1175.2,1000 HA,2026-07-31
CONAB,Cotton,2004/05,Area,1175.2,1000 HA,2026-08-02
CONAB,Cotton,2004/05,Area,1175.2,1000 HA,2026-08-03
CONAB,Cotton,2004/05,Area,1175.2,1000 HA,2026-08-04
CONAB,Cotton,2004/05,Area,1175.2,1000 HA,2026-08-05
CONAB,Cotton,2004/05,Area,1175.2,1000 HA,2026-08-06
CONAB,Cotton,2004/05,Area,1175.2,1000 HA,2026-08-07
CONAB,Cotton,2004/05,Area,1175.2,1000 HA,2026-08-08
CONAB,Cotton,2004/05,Area,1175.2,1000 HA,2026-08-10
CONAB,Cotton,2004/05,Area,1175.2,1000 HA,2026-08-11
CONAB,Cotton,2004/05,Area,1175.2,1000 HA,2026-08-12
CONAB,Cotton,2004/05,Area,1175.2,1000 HA,2026-08-13
CONAB,Cotton,2004/05,Production,1298.6,1000 MT,2026-07-28
CONAB,Cotton,2004/05,Production,1298.6,1000 MT,2026-07-30
CONAB,Cotton,2004/05,Production,1298.6,1000 MT,2026-07-31
CONAB,Cotton,2004/05,Production,1298.6,1000 MT,2026-08-02
CONAB,Cotton,2004/05,Production,1298.6,1000 MT,2026-08-03
CONAB,Cotton,2004/05,Production,1298.6,1000 MT,2026-08-04
CONAB,Cotton,2004/05,Production,1298.6,1000 MT,2026-08-05
CONAB,Cotton,2004/05,Production,1298.6,1000 MT,2026-08-06
CONAB,Cotton,2004/05,Production,1298.6,1000 MT,2026-08-07
CONAB,Cotton,2004/05,Production,1298.6,1000 MT,2026-08-08
CONAB,Cotton,2004/05,Production,1298.6,1000 MT,2026-08-10
CONAB,Cotton,2004/05,Production,1298.6,1000 MT,2026-08-11
CONAB,Cotton,2004/05,Production,1298.6,1000 MT,2026-08-12
CONAB,Cotton,2004/05,Production,1298.6,1000 MT,2026-08-13
CONAB,Cotton,2004/05,Yield,1105.00340367597,KG/HA,2026-07-28
CONAB,Cotton,2004/05,Yield,1105.00340367597,KG/HA,2026-07-30
CONAB,Cotton,2004/05,Yield,1105.00340367597,KG/HA,2026-07-31
CONAB,Cotton,2004/05,Yield,1105.00340367597,KG/HA,2026-08-02
CONAB,Cotton,2004/05,Yield,1105.00340367597,KG/HA,2026-08-03
CONAB,Cotton,2004/05,Yield,1105.00340367597,KG/HA,2026-08-04
CONAB,Cotton,2004/05,Yield,1105.00340367597,KG/HA,2026-08-05
CONAB,Cotton,2004/05,Yield,1105.00340367597,KG/HA,2026-08-06
CONAB,Cotton,2004/05,Yield,1105.00340367597,KG/HA,2026-08-07
CONAB,Cotton,2004/05,Yield,1105.00340367597,KG/HA,2026-08-08
CONAB,Cotton,2004/05,Yield,1105.00340367597,KG/HA,2026-08-10
CONAB,Cotton,2004/05,Yield,1105.00340367597,KG/HA,2026-08-11
CONAB,Cotton,2004/05,Yield,1105.00340367597,KG/HA,2026-08-12
CONAB,Cotton,2004/05,Yield,1105.00340367597,KG/HA,2026-08-13
CONAB,Cotton,2005/06,Area,853.3,1000 HA,2026-07-28
CONAB,Cotton,2005/06,Area,853.3,1000 HA,2026-07-30
CONAB,Cotton,2005/06,Area,853.3,1000 HA,2026-07-31
CONAB,Cotton,2005/06,Area,853.3,1000 HA,2026-08-02
CONAB,Cotton,2005/06,Area,853.3,1000 HA,2026-08-03
CONAB,Cotton,2005/06,Area,853.3,1000 HA,2026-08-04
CONAB,Cotton,2005/06,Area,853.3,1000 HA,2026-08-05
CONAB,Cotton,2005/06,Area,853.3,1000 HA,2026-08-06
CONAB,Cotton,2005/06,Area,853.3,1000 HA,2026-08-07
CONAB,Cotton,2005/06,Area,853.3,1000 HA,2026-08-08
CONAB,Cotton,2005/06,Area,853.3,1000 HA,2026-08-10
CONAB,Cotton,2005/06,Area,853.3,1000 HA,2026-08-11
CONAB,Cotton,2005/06,Area,853.3,1000 HA,2026-08-12
CONAB,Cotton,2005/06,Area,853.3,1000 HA,2026-08-13
CONAB,Cotton,2005/06,Production,1037.8,1000 MT,2026-07-28
CONAB,Cotton,2005/06,Production,1037.8,1000 MT,2026-07-30
CONAB,Cotton,2005/06,Production,1037.8,1000 MT,2026-07-31
CONAB,Cotton,2005/06,Production,1037.8,1000 MT,2026-08-02
CONAB,Cotton,2005/06,Production,1037.8,1000 MT,2026-08-03
CONAB,Cotton,2005/06,Production,1037.8,1000 MT,2026-08-04
CONAB,Cotton,2005/06,Production,1037.8,1000 MT,2026-08-05
CONAB,Cotton,2005/06,Production,1037.8,1000 MT,2026-08-06
CONAB,Cotton,2005/06,Production,1037.8,1000 MT,2026-08-07
CONAB,Cotton,2005/06,Production,1037.8,1000 MT,2026-08-08
CONAB,Cotton,2005/06,Production,1037.8,1000 MT,2026-08-10
CONAB,Cotton,2005/06,Production,1037.8,1000 MT,2026-08-11
CONAB,Cotton,2005/06,Production,1037.8,1000 MT,2026-08-12
CONAB,Cotton,2005/06,Production,1037.8,1000 MT,2026-08-13
CONAB,Cotton,2005/06,Yield,1216.2193835696705,KG/HA,2026-07-28
CONAB,Cotton,2005/06,Yield,1216.2193835696705,KG/HA,2026-07-30
CONAB,Cotton,2005/06,Yield,1216.2193835696705,KG/HA,2026-07-31
CONAB,Cotton,2005/06,Yield,1216.2193835696705,KG/HA,2026-08-02
CONAB,Cotton,2005/06,Yield,1216.2193835696705,KG/HA,2026-08-03
CONAB,Cotton,2005/06,Yield,1216.2193835696705,KG/HA,2026-08-04
CONAB,Cotton,2005/06,Yield,1216.2193835696705,KG/HA,2026-08-05
CONAB,Cotton,2005/06,Yield,1216.2193835696705,KG/HA,2026-08-06
CONAB,Cotton,2005/06,Yield,1216.2193835696705,KG/HA,2026-08-07
CONAB,Cotton,2005/06,Yield,1216.2193835696705,KG/HA,2026-08-08
CONAB,Cotton,2005/06,Yield,1216.2193835696705,KG/HA,2026-08-10
CONAB,Cotton,2005/06,Yield,1216.2193835696705,KG/HA,2026-08-11
CONAB,Cotton,2005/06,Yield,1216.2193835696705,KG/HA,2026-08-12
CONAB,Cotton,2005/06,Yield,1216.2193835696705,KG/HA,2026-08-13
CONAB,Cotton,2006/07,Area,1095.2,1000 HA,2026-07-28
CONAB,Cotton,2006/07,Area,1095.2,1000 HA,2026-07-30
CONAB,Cotton,2006/07,Area,1095.2,1000 HA,2026-07-31
CONAB,Cotton,2006/07,Area,1095.2,1000 HA,2026-08-02
CONAB,Cotton,2006/07,Area,1095.2,1000 HA,2026-08-03
CONAB,Cotton,2006/07,Area,1095.2,1000 HA,2026-08-04
CONAB,Cotton,2006/07,Area,1095.2,1000 HA,2026-08-05
CONAB,Cotton,2006/07,Area,1095.2,1000 HA,2026-08-06
CONAB,Cotton,2006/07,Area,1095.2,1000 HA,2026-08-07
CONAB,Cotton,2006/07,Area,1095.2,1000 HA,2026-08-08
CONAB,Cotton,2006/07,Area,1095.2,1000 HA,2026-08-10
CONAB,Cotton,2006/07,Area,1095.2,1000 HA,2026-08-11
CONAB,Cotton,2006/07,Area,1095.2,1000 HA,2026-08-12
CONAB,Cotton,2006/07,Area,1095.2,1000 HA,2026-08-13
CONAB,Cotton,2006/07,Production,1524.0,1000 MT,2026-07-28
CONAB,Cotton,2006/07,Production,1524.0,1000 MT,2026-07-30
CONAB,Cotton,2006/07,Production,1524.0,1000 MT,2026-07-31
CONAB,Cotton,2006/07,Production,1524.0,1000 MT,2026-08-02
CONAB,Cotton,2006/07,Production,1524.0,1000 MT,2026-08-03
CONAB,Cotton,2006/07,Production,1524.0,1000 MT,2026-08-04
CONAB,Cotton,2006/07,Production,1524.0,1000 MT,2026-08-05
CONAB,Cotton,2006/07,Production,1524.0,1000 MT,2026-08-06
CONAB,Cotton,2006/07,Production,1524.0,1000 MT,2026-08-07
CONAB,Cotton,2006/07,Production,1524.0,1000 MT,2026-08-08
CONAB,Cotton,2006/07,Production,1524.0,1000 MT,2026-08-10
CONAB,Cotton,2006/07,Production,1524.0,1000 MT,2026-08-11
CONAB,Cotton,2006/07,Production,1524.0,1000 MT,2026-08-12
CONAB,Cotton,2006/07,Production,1524.0,1000 MT,2026-08-13
CONAB,Cotton,2006/07,Yield,1391.5266617969319,KG/HA,2026-07-28
CONAB,Cotton,2006/07,Yield,1391.5266617969319,KG/HA,2026-07-30
CONAB,Cotton,2006/07,Yield,1391.5266617969319,KG/HA,2026-07-31
CONAB,Cotton,2006/07,Yield,1391.5266617969319,KG/HA,2026-08-02
CONAB,Cotton,2006/07,Yield,1391.5266617969319,KG/HA,2026-08-03
CONAB,Cotton,2006/07,Yield,1391.5266617969319,KG/HA,2026-08-04
CONAB,Cotton,2006/07,Yield,1391.5266617969319,KG/HA,2026-08-05
CONAB,Cotton,2006/07,Yield,1391.5266617969319,KG/HA,2026-08-06
CONAB,Cotton,2006/07,Yield,1391.5266617969319,KG/HA,2026-08-07
CONAB,Cotton,2006/07,Yield,1391.5266617969319,KG/HA,2026-08-08
CONAB,Cotton,2006/07,Yield,1391.5266617969319,KG/HA,2026-08-10
CONAB,Cotton,2006/07,Yield,1391.5266617969319,KG/HA,2026-08-11
CONAB,Cotton,2006/07,Yield,1391.5266617969319,KG/HA,2026-08-12
CONAB,Cotton,2006/07,Yield,1391.5266617969319,KG/HA,2026-08-13
CONAB,Cotton,2007/08,Area,1077.4,1000 HA,2026-07-28
CONAB,Cotton,2007/08,Area,1077.4,1000 HA,2026-07-30
CONAB,Cotton,2007/08,Area,1077.4,1000 HA,2026-07-31
CONAB,Cotton,2007/08,Area,1077.4,1000 HA,2026-08-02
CONAB,Cotton,2007/08,Area,1077.4,1000 HA,2026-08-03
CONAB,Cotton,2007/08,Area,1077.4,1000 HA,2026-08-04
CONAB,Cotton,2007/08,Area,1077.4,1000 HA,2026-08-05
CONAB,Cotton,2007/08,Area,1077.4,1000 HA,2026-08-06
CONAB,Cotton,2007/08,Area,1077.4,1000 HA,2026-08-07
CONAB,Cotton,2007/08,Area,1077.4,1000 HA,2026-08-08
CONAB,Cotton,2007/08,Area,1077.4,1000 HA,2026-08-10
CONAB,Cotton,2007/08,Area,1077.4,1000 HA,2026-08-11
CONAB,Cotton,2007/08,Area,1077.4,1000 HA,2026-08-12
CONAB,Cotton,2007/08,Area,1077.4,1000 HA,2026-08-13
CONAB,Cotton,2007/08,Production,1602.1999999999998,1000 MT,2026-07-28
CONAB,Cotton,2007/08,Production,1602.1999999999998,1000 MT,2026-07-30
CONAB,Cotton,2007/08,Production,1602.1999999999998,1000 MT,2026-07-31
CONAB,Cotton,2007/08,Production,1602.1999999999998,1000 MT,2026-08-02
CONAB,Cotton,2007/08,Production,1602.1999999999998,1000 MT,2026-08-03
CONAB,Cotton,2007/08,Production,1602.1999999999998,1000 MT,2026-08-04
CONAB,Cotton,2007/08,Production,1602.1999999999998,1000 MT,2026-08-05
CONAB,Cotton,2007/08,Production,1602.1999999999998,1000 MT,2026-08-06
CONAB,Cotton,2007/08,Production,1602.1999999999998,1000 MT,2026-08-07
CONAB,Cotton,2007/08,Production,1602.1999999999998,1000 MT,2026-08-08
CONAB,Cotton,2007/08,Production,1602.1999999999998,1000 MT,2026-08-10
CONAB,Cotton,2007/08,Production,1602.1999999999998,1000 MT,2026-08-11
CONAB,Cotton,2007/08,Production,1602.1999999999998,1000 MT,2026-08-12
CONAB,Cotton,2007/08,Production,1602.1999999999998,1000 MT,2026-08-13
CONAB,Cotton,2007/08,Yield,1487.098570633005,KG/HA,2026-07-28
CONAB,Cotton,2007/08,Yield,1487.098570633005,KG/HA,2026-07-30
CONAB,Cotton,2007/08,Yield,1487.098570633005,KG/HA,2026-07-31
CONAB,Cotton,2007/08,Yield,1487.098570633005,KG/HA,2026-08-02
CONAB,Cotton,2007/08,Yield,1487.098570633005,KG/HA,2026-08-03
CONAB,Cotton,2007/08,Yield,1487.098570633005,KG/HA,2026-08-04
CONAB,Cotton,2007/08,Yield,1487.098570633005,KG/HA,2026-08-05
CONAB,Cotton,2007/08,Yield,1487.098570633005,KG/HA,2026-08-06
CONAB,Cotton,2007/08,Yield,1487.098570633005,KG/HA,2026-08-07
CONAB,Cotton,2007/08,Yield,1487.098570633005,KG/HA,2026-08-08
CONAB,Cotton,2007/08,Yield,1487.098570633005,KG/HA,2026-08-10
CONAB,Cotton,2007/08,Yield,1487.098570633005,KG/HA,2026-08-11
CONAB,Cotton,2007/08,Yield,1487.098570633005,KG/HA,2026-08-12
CONAB,Cotton,2007/08,Yield,1487.098570633005,KG/HA,2026-08-13
CONAB,Cotton,2008/09,Area,843.1999999999999,1000 HA,2026-07-28
CONAB,Cotton,2008/09,Area,843.1999999999999,1000 HA,2026-07-30
CONAB,Cotton,2008/09,Area,843.1999999999999,1000 HA,2026-07-31
CONAB,Cotton,2008/09,Area,843.1999999999999,1000 HA,2026-08-02
CONAB,Cotton,2008/09,Area,843.1999999999999,1000 HA,2026-08-03
CONAB,Cotton,2008/09,Area,843.1999999999999,1000 HA,2026-08-04
CONAB,Cotton,2008/09,Area,843.1999999999999,1000 HA,2026-08-05
CONAB,Cotton,2008/09,Area,843.1999999999999,1000 HA,2026-08-06
CONAB,Cotton,2008/09,Area,843.1999999999999,1000 HA,2026-08-07
CONAB,Cotton,2008/09,Area,843.1999999999999,1000 HA,2026-08-08
CONAB,Cotton,2008/09,Area,843.1999999999999,1000 HA,2026-08-10
CONAB,Cotton,2008/09,Area,843.1999999999999,1000 HA,2026-08-11
CONAB,Cotton,2008/09,Area,843.1999999999999,1000 HA,2026-08-12
CONAB,Cotton,2008/09,Area,843.1999999999999,1000 HA,2026-08-13
CONAB,Cotton,2008/09,Production,1213.7,1000 MT,2026-07-28
CONAB,Cotton,2008/09,Production,1213.7,1000 MT,2026-07-30
CONAB,Cotton,2008/09,Production,1213.7,1000 MT,2026-07-31
CONAB,Cotton,2008/09,Production,1213.7,1000 MT,2026-08-02
CONAB,Cotton,2008/09,Production,1213.7,1000 MT,2026-08-03
CONAB,Cotton,2008/09,Production,1213.7,1000 MT,2026-08-04
CONAB,Cotton,2008/09,Production,1213.7,1000 MT,2026-08-05
CONAB,Cotton,2008/09,Production,1213.7,1000 MT,2026-08-06
CONAB,Cotton,2008/09,Production,1213.7,1000 MT,2026-08-07
CONAB,Cotton,2008/09,Production,1213.7,1000 MT,2026-08-08
CONAB,Cotton,2008/09,Production,1213.7,1000 MT,2026-08-10
CONAB,Cotton,2008/09,Production,1213.7,1000 MT,2026-08-11
CONAB,Cotton,2008/09,Production,1213.7,1000 MT,2026-08-12
CONAB,Cotton,2008/09,Production,1213.7,1000 MT,2026-08-13
CONAB,Cotton,2008/09,Yield,1439.3975332068314,KG/HA,2026-07-28
CONAB,Cotton,2008/09,Yield,1439.3975332068314,KG/HA,2026-07-30
CONAB,Cotton,2008/09,Yield,1439.3975332068314,KG/HA,2026-07-31
CONAB,Cotton,2008/09,Yield,1439.3975332068314,KG/HA,2026-08-02
CONAB,Cotton,2008/09,Yield,1439.3975332068314,KG/HA,2026-08-03
CONAB,Cotton,2008/09,Yield,1439.3975332068314,KG/HA,2026-08-04
CONAB,Cotton,2008/09,Yield,1439.3975332068314,KG/HA,2026-08-05
CONAB,Cotton,2008/09,Yield,1439.3975332068314,KG/HA,2026-08-06
CONAB,Cotton,2008/09,Yield,1439.3975332068314,KG/HA,2026-08-07
CONAB,Cotton,2008/09,Yield,1439.3975332068314,KG/HA,2026-08-08
CONAB,Cotton,2008/09,Yield,1439.3975332068314,KG/HA,2026-08-10
CONAB,Cotton,2008/09,Yield,1439.3975332068314,KG/HA,2026-08-11
CONAB,Cotton,2008/09,Yield,1439.3975332068314,KG/HA,2026-08-12
CONAB,Cotton,2008/09,Yield,1439.3975332068314,KG/HA,2026-08-13
CONAB,Cotton,2009/10,Area,835.7,1000 HA,2026-07-28
CONAB,Cotton,2009/10,Area,835.7,1000 HA,2026-07-30
CONAB,Cotton,2009/10,Area,835.7,1000 HA,2026-07-31
CONAB,Cotton,2009/10,Area,835.7,1000 HA,2026-08-02
CONAB,Cotton,2009/10,Area,835.7,1000 HA,2026-08-03
CONAB,Cotton,2009/10,Area,835.7,1000 HA,2026-08-04
CONAB,Cotton,2009/10,Area,835.7,1000 HA,2026-08-05
CONAB,Cotton,2009/10,Area,835.7,1000 HA,2026-08-06
CONAB,Cotton,2009/10,Area,835.7,1000 HA,2026-08-07
CONAB,Cotton,2009/10,Area,835.7,1000 HA,2026-08-08
CONAB,Cotton,2009/10,Area,835.7,1000 HA,2026-08-10
CONAB,Cotton,2009/10,Area,835.7,1000 HA,2026-08-11
CONAB,Cotton,2009/10,Area,835.7,1000 HA,2026-08-12
CONAB,Cotton,2009/10,Area,835.7,1000 HA,2026-08-13
CONAB,Cotton,2009/10,Production,1194.1,1000 MT,2026-07-28
CONAB,Cotton,2009/10,Production,1194.1,1000 MT,2026-07-30
CONAB,Cotton,2009/10,Production,1194.1,1000 MT,2026-07-31
CONAB,Cotton,2009/10,Production,1194.1,1000 MT,2026-08-02
CONAB,Cotton,2009/10,Production,1194.1,1000 MT,2026-08-03
CONAB,Cotton,2009/10,Production,1194.1,1000 MT,2026-08-04
CONAB,Cotton,2009/10,Production,1194.1,1000 MT,2026-08-05
CONAB,Cotton,2009/10,Production,1194.1,1000 MT,2026-08-06
CONAB,Cotton,2009/10,Production,1194.1,1000 MT,2026-08-07
CONAB,Cotton,2009/10,Production,1194.1,1000 MT,2026-08-08
CONAB,Cotton,2009/10,Production,1194.1,1000 MT,2026-08-10
CONAB,Cotton,2009/10,Production,1194.1,1000 MT,2026-08-11
CONAB,Cotton,2009/10,Production,1194.1,1000 MT,2026-08-12
CONAB,Cotton,2009/10,Production,1194.1,1000 MT,2026-08-13
CONAB,Cotton,2009/10,Yield,1428.8620318296037,KG/HA,2026-07-28
CONAB,Cotton,2009/10,Yield,1428.8620318296037,KG/HA,2026-07-30
CONAB,Cotton,2009/10,Yield,1428.8620318296037,KG/HA,2026-07-31
CONAB,Cotton,2009/10,Yield,1428.8620318296037,KG/HA,2026-08-02
CONAB,Cotton,2009/10,Yield,1428.8620318296037,KG/HA,2026-08-03
CONAB,Cotton,2009/10,Yield,1428.8620318296037,KG/HA,2026-08-04
CONAB,Cotton,2009/10,Yield,1428.8620318296037,KG/HA,2026-08-05
CONAB,Cotton,2009/10,Yield,1428.8620318296037,KG/HA,2026-08-06
CONAB,Cotton,2009/10,Yield,1428.8620318296037,KG/HA,2026-08-07
CONAB,Cotton,2009/10,Yield,1428.8620318296037,KG/HA,2026-08-08
CONAB,Cotton,2009/10,Yield,1428.8620318296037,KG/HA,2026-08-10
CONAB,Cotton,2009/10,Yield,1428.8620318296037,KG/HA,2026-08-11
CONAB,Cotton,2009/10,Yield,1428.8620318296037,KG/HA,2026-08-12
CONAB,Cotton,2009/10,Yield,1428.8620318296037,KG/HA,2026-08-13
CONAB,Cotton,2010/11,Area,1399.6,1000 HA,2026-07-28
CONAB,Cotton,2010/11,Area,1399.6,1000 HA,2026-07-30
CONAB,Cotton,2010/11,Area,1399.6,1000 HA,2026-07-31
CONAB,Cotton,2010/11,Area,1399.6,1000 HA,2026-08-02
CONAB,Cotton,2010/11,Area,1399.6,1000 HA,2026-08-03
CONAB,Cotton,2010/11,Area,1399.6,1000 HA,2026-08-04
CONAB,Cotton,2010/11,Area,1399.6,1000 HA,2026-08-05
CONAB,Cotton,2010/11,Area,1399.6,1000 HA,2026-08-06
CONAB,Cotton,2010/11,Area,1399.6,1000 HA,2026-08-07
CONAB,Cotton,2010/11,Area,1399.6,1000 HA,2026-08-08
CONAB,Cotton,2010/11,Area,1399.6,1000 HA,2026-08-10
CONAB,Cotton,2010/11,Area,1399.6,1000 HA,2026-08-11
CONAB,Cotton,2010/11,Area,1399.6,1000 HA,2026-08-12
CONAB,Cotton,2010/11,Area,1399.6,1000 HA,2026-08-13
CONAB,Cotton,2010/11,Production,1959.8,1000 MT,2026-07-28
CONAB,Cotton,2010/11,Production,1959.8,1000 MT,2026-07-30
CONAB,Cotton,2010/11,Production,1959.8,1000 MT,2026-07-31
CONAB,Cotton,2010/11,Production,1959.8,1000 MT,2026-08-02
CONAB,Cotton,2010/11,Production,1959.8,1000 MT,2026-08-03
CONAB,Cotton,2010/11,Production,1959.8,1000 MT,2026-08-04
CONAB,Cotton,2010/11,Production,1959.8,1000 MT,2026-08-05
CONAB,Cotton,2010/11,Production,1959.8,1000 MT,2026-08-06
CONAB,Cotton,2010/11,Production,1959.8,1000 MT,2026-08-07
CONAB,Cotton,2010/11,Production,1959.8,1000 MT,2026-08-08
CONAB,Cotton,2010/11,Production,1959.8,1000 MT,2026-08-10
CONAB,Cotton,2010/11,Production,1959.8,1000 MT,2026-08-11
CONAB,Cotton,2010/11,Production,1959.8,1000 MT,2026-08-12
CONAB,Cotton,2010/11,Production,1959.8,1000 MT,2026-08-13
CONAB,Cotton,2010/11,Yield,1400.257216347528,KG/HA,2026-07-28
CONAB,Cotton,2010/11,Yield,1400.257216347528,KG/HA,2026-07-30
CONAB,Cotton,2010/11,Yield,1400.257216347528,KG/HA,2026-07-31
CONAB,Cotton,2010/11,Yield,1400.257216347528,KG/HA,2026-08-02
CONAB,Cotton,2010/11,Yield,1400.257216347528,KG/HA,2026-08-03
CONAB,Cotton,2010/11,Yield,1400.257216347528,KG/HA,2026-08-04
CONAB,Cotton,2010/11,Yield,1400.257216347528,KG/HA,2026-08-05
CONAB,Cotton,2010/11,Yield,1400.257216347528,KG/HA,2026-08-06
CONAB,Cotton,2010/11,Yield,1400.257216347528,KG/HA,2026-08-07
CONAB,Cotton,2010/11,Yield,1400.257216347528,KG/HA,2026-08-08
CONAB,Cotton,2010/11,Yield,1400.257216347528,KG/HA,2026-08-10
CONAB,Cotton,2010/11,Yield,1400.257216347528,KG/HA,2026-08-11
CONAB,Cotton,2010/11,Yield,1400.257216347528,KG/HA,2026-08-12
CONAB,Cotton,2010/11,Yield,1400.257216347528,KG/HA,2026-08-13
CONAB,Cotton,2011/12,Area,1393.4,1000 HA,2026-07-28
CONAB,Cotton,2011/12,Area,1393.4,1000 HA,2026-07-30
CONAB,Cotton,2011/12,Area,1393.4,1000 HA,2026-07-31
CONAB,Cotton,2011/12,Area,1393.4,1000 HA,2026-08-02
CONAB,Cotton,2011/12,Area,1393.4,1000 HA,2026-08-03
CONAB,Cotton,2011/12,Area,1393.4,1000 HA,2026-08-04
CONAB,Cotton,2011/12,Area,1393.4,1000 HA,2026-08-05
CONAB,Cotton,2011/12,Area,1393.4,1000 HA,2026-08-06
CONAB,Cotton,2011/12,Area,1393.4,1000 HA,2026-08-07
CONAB,Cotton,2011/12,Area,1393.4,1000 HA,2026-08-08
CONAB,Cotton,2011/12,Area,1393.4,1000 HA,2026-08-10
CONAB,Cotton,2011/12,Area,1393.4,1000 HA,2026-08-11
CONAB,Cotton,2011/12,Area,1393.4,1000 HA,2026-08-12
CONAB,Cotton,2011/12,Area,1393.4,1000 HA,2026-08-13
CONAB,Cotton,2011/12,Production,1877.3,1000 MT,2026-07-28
CONAB,Cotton,2011/12,Production,1877.3,1000 MT,2026-07-30
CONAB,Cotton,2011/12,Production,1877.3,1000 MT,2026-07-31
CONAB,Cotton,2011/12,Production,1877.3,1000 MT,2026-08-02
CONAB,Cotton,2011/12,Production,1877.3,1000 MT,2026-08-03
CONAB,Cotton,2011/12,Production,1877.3,1000 MT,2026-08-04
CONAB,Cotton,2011/12,Production,1877.3,1000 MT,2026-08-05
CONAB,Cotton,2011/12,Production,1877.3,1000 MT,2026-08-06
CONAB,Cotton,2011/12,Production,1877.3,1000 MT,2026-08-07
CONAB,Cotton,2011/12,Production,1877.3,1000 MT,2026-08-08
CONAB,Cotton,2011/12,Production,1877.3,1000 MT,2026-08-10
CONAB,Cotton,2011/12,Production,1877.3,1000 MT,2026-08-11
CONAB,Cotton,2011/12,Production,1877.3,1000 MT,2026-08-12
CONAB,Cotton,2011/12,Production,1877.3,1000 MT,2026-08-13
CONAB,Cotton,2011/12,Yield,1347.2800344481125,KG/HA,2026-07-28
CONAB,Cotton,2011/12,Yield,1347.2800344481125,KG/HA,2026-07-30
CONAB,Cotton,2011/12,Yield,1347.2800344481125,KG/HA,2026-07-31
CONAB,Cotton,2011/12,Yield,1347.2800344481125,KG/HA,2026-08-02
CONAB,Cotton,2011/12,Yield,1347.2800344481125,KG/HA,2026-08-03
CONAB,Cotton,2011/12,Yield,1347.2800344481125,KG/HA,2026-08-04
CONAB,Cotton,2011/12,Yield,1347.2800344481125,KG/HA,2026-08-05
CONAB,Cotton,2011/12,Yield,1347.2800344481125,KG/HA,2026-08-06
CONAB,Cotton,2011/12,Yield,1347.2800344481125,KG/HA,2026-08-07
CONAB,Cotton,2011/12,Yield,1347.2800344481125,KG/HA,2026-08-08
CONAB,Cotton,2011/12,Yield,1347.2800344481125,KG/HA,2026-08-10
CONAB,Cotton,2011/12,Yield,1347.2800344481125,KG/HA,2026-08-11
CONAB,Cotton,2011/12,Yield,1347.2800344481125,KG/HA,2026-08-12
CONAB,Cotton,2011/12,Yield,1347.2800344481125,KG/HA,2026-08-13
CONAB,Cotton,2012/13,Area,894.3,1000 HA,2026-07-28
CONAB,Cotton,2012/13,Area,894.3,1000 HA,2026-07-30
CONAB,Cotton,2012/13,Area,894.3,1000 HA,2026-07-31
CONAB,Cotton,2012/13,Area,894.3,1000 HA,2026-08-02
CONAB,Cotton,2012/13,Area,894.3,1000 HA,2026-08-03
CONAB,Cotton,2012/13,Area,894.3,1000 HA,2026-08-04
CONAB,Cotton,2012/13,Area,894.3,1000 HA,2026-08-05
CONAB,Cotton,2012/13,Area,894.3,1000 HA,2026-08-06
CONAB,Cotton,2012/13,Area,894.3,1000 HA,2026-08-07
CONAB,Cotton,2012/13,Area,894.3,1000 HA,2026-08-08
CONAB,Cotton,2012/13,Area,894.3,1000 HA,2026-08-10
CONAB,Cotton,2012/13,Area,894.3,1000 HA,2026-08-11
CONAB,Cotton,2012/13,Area,894.3,1000 HA,2026-08-12
CONAB,Cotton,2012/13,Area,894.3,1000 HA,2026-08-13
CONAB,Cotton,2012/13,Production,1310.3,1000 MT,2026-07-28
CONAB,Cotton,2012/13,Production,1310.3,1000 MT,2026-07-30
CONAB,Cotton,2012/13,Production,1310.3,1000 MT,2026-07-31
CONAB,Cotton,2012/13,Production,1310.3,1000 MT,2026-08-02
CONAB,Cotton,2012/13,Production,1310.3,1000 MT,2026-08-03
CONAB,Cotton,2012/13,Production,1310.3,1000 MT,2026-08-04
CONAB,Cotton,2012/13,Production,1310.3,1000 MT,2026-08-05
CONAB,Cotton,2012/13,Production,1310.3,1000 MT,2026-08-06
CONAB,Cotton,2012/13,Production,1310.3,1000 MT,2026-08-07
CONAB,Cotton,2012/13,Production,1310.3,1000 MT,2026-08-08
CONAB,Cotton,2012/13,Production,1310.3,1000 MT,2026-08-10
CONAB,Cotton,2012/13,Production,1310.3,1000 MT,2026-08-11
CONAB,Cotton,2012/13,Production,1310.3,1000 MT,2026-08-12
CONAB,Cotton,2012/13,Production,1310.3,1000 MT,2026-08-13
CONAB,Cotton,2012/13,Yield,1465.1682880465169,KG/HA,2026-07-28
CONAB,Cotton,2012/13,Yield,1465.1682880465169,KG/HA,2026-07-30
CONAB,Cotton,2012/13,Yield,1465.1682880465169,KG/HA,2026-07-31
CONAB,Cotton,2012/13,Yield,1465.1682880465169,KG/HA,2026-08-02
CONAB,Cotton,2012/13,Yield,1465.1682880465169,KG/HA,2026-08-03
CONAB,Cotton,2012/13,Yield,1465.1682880465169,KG/HA,2026-08-04
CONAB,Cotton,2012/13,Yield,1465.1682880465169,KG/HA,2026-08-05
CONAB,Cotton,2012/13,Yield,1465.1682880465169,KG/HA,2026-08-06
CONAB,Cotton,2012/13,Yield,1465.1682880465169,KG/HA,2026-08-07
CONAB,Cotton,2012/13,Yield,1465.1682880465169,KG/HA,2026-08-08
CONAB,Cotton,2012/13,Yield,1465.1682880465169,KG/HA,2026-08-10
CONAB,Cotton,2012/13,Yield,1465.1682880465169,KG/HA,2026-08-11
CONAB,Cotton,2012/13,Yield,1465.1682880465169,KG/HA,2026-08-12
CONAB,Cotton,2012/13,Yield,1465.1682880465169,KG/HA,2026-08-13
CONAB,Cotton,2013/14,Area,1121.6,1000 HA,2026-07-28
CONAB,Cotton,2013/14,Area,1121.6,1000 HA,2026-07-30
CONAB,Cotton,2013/14,Area,1121.6,1000 HA,2026-07-31
CONAB,Cotton,2013/14,Area,1121.6,1000 HA,2026-08-02
CONAB,Cotton,2013/14,Area,1121.6,1000 HA,2026-08-03
CONAB,Cotton,2013/14,Area,1121.6,1000 HA,2026-08-04
CONAB,Cotton,2013/14,Area,1121.6,1000 HA,2026-08-05
CONAB,Cotton,2013/14,Area,1121.6,1000 HA,2026-08-06
CONAB,Cotton,2013/14,Area,1121.6,1000 HA,2026-08-07
CONAB,Cotton,2013/14,Area,1121.6,1000 HA,2026-08-08
CONAB,Cotton,2013/14,Area,1121.6,1000 HA,2026-08-10
CONAB,Cotton,2013/14,Area,1121.6,1000 HA,2026-08-11
CONAB,Cotton,2013/14,Area,1121.6,1000 HA,2026-08-12
CONAB,Cotton,2013/14,Area,1121.6,1000 HA,2026-08-13
CONAB,Cotton,2013/14,Production,1734.0,1000 MT,2026-07-28
CONAB,Cotton,2013/14,Production,1734.0,1000 MT,2026-07-30
CONAB,Cotton,2013/14,Production,1734.0,1000 MT,2026-07-31
CONAB,Cotton,2013/14,Production,1734.0,1000 MT,2026-08-02
CONAB,Cotton,2013/14,Production,1734.0,1000 MT,2026-08-03
CONAB,Cotton,2013/14,Production,1734.0,1000 MT,2026-08-04
CONAB,Cotton,2013/14,Production,1734.0,1000 MT,2026-08-05
CONAB,Cotton,2013/14,Production,1734.0,1000 MT,2026-08-06
CONAB,Cotton,2013/14,Production,1734.0,1000 MT,2026-08-07
CONAB,Cotton,2013/14,Production,1734.0,1000 MT,2026-08-08
CONAB,Cotton,2013/14,Production,1734.0,1000 MT,2026-08-10
CONAB,Cotton,2013/14,Production,1734.0,1000 MT,2026-08-11
CONAB,Cotton,2013/14,Production,1734.0,1000 MT,2026-08-12
CONAB,Cotton,2013/14,Production,1734.0,1000 MT,2026-08-13
CONAB,Cotton,2013/14,Yield,1546.0057061340945,KG/HA,2026-07-28
CONAB,Cotton,2013/14,Yield,1546.0057061340945,KG/HA,2026-07-30
CONAB,Cotton,2013/14,Yield,1546.0057061340945,KG/HA,2026-07-31
CONAB,Cotton,2013/14,Yield,1546.0057061340945,KG/HA,2026-08-02
CONAB,Cotton,2013/14,Yield,1546.0057061340945,KG/HA,2026-08-03
CONAB,Cotton,2013/14,Yield,1546.0057061340945,KG/HA,2026-08-04
CONAB,Cotton,2013/14,Yield,1546.0057061340945,KG/HA,2026-08-05
CONAB,Cotton,2013/14,Yield,1546.0057061340945,KG/HA,2026-08-06
CONAB,Cotton,2013/14,Yield,1546.0057061340945,KG/HA,2026-08-07
CONAB,Cotton,2013/14,Yield,1546.0057061340945,KG/HA,2026-08-08
CONAB,Cotton,2013/14,Yield,1546.0057061340945,KG/HA,2026-08-10
CONAB,Cotton,2013/14,Yield,1546.0057061340945,KG/HA,2026-08-11
CONAB,Cotton,2013/14,Yield,1546.0057061340945,KG/HA,2026-08-12
CONAB,Cotton,2013/14,Yield,1546.0057061340945,KG/HA,2026-08-13
CONAB,Cotton,2014/15,Area,976.2,1000 HA,2026-07-28
CONAB,Cotton,2014/15,Area,976.2,1000 HA,2026-07-30
CONAB,Cotton,2014/15,Area,976.2,1000 HA,2026-07-31
CONAB,Cotton,2014/15,Area,976.2,1000 HA,2026-08-02
CONAB,Cotton,2014/15,Area,976.2,1000 HA,2026-08-03
CONAB,Cotton,2014/15,Area,976.2,1000 HA,2026-08-04
CONAB,Cotton,2014/15,Area,976.2,1000 HA,2026-08-05
CONAB,Cotton,2014/15,Area,976.2,1000 HA,2026-08-06
CONAB,Cotton,2014/15,Area,976.2,1000 HA,2026-08-07
CONAB,Cotton,2014/15,Area,976.2,1000 HA,2026-08-08
CONAB,Cotton,2014/15,Area,976.2,1000 HA,2026-08-10
CONAB,Cotton,2014/15,Area,976.2,1000 HA,2026-08-11
CONAB,Cotton,2014/15,Area,976.2,1000 HA,2026-08-12
CONAB,Cotton,2014/15,Area,976.2,1000 HA,2026-08-13
CONAB,Cotton,2014/15,Production,1562.8000000000002,1000 MT,2026-07-28
CONAB,Cotton,2014/15,Production,1562.8000000000002,1000 MT,2026-07-30
CONAB,Cotton,2014/15,Production,1562.8000000000002,1000 MT,2026-07-31
CONAB,Cotton,2014/15,Production,1562.8000000000002,1000 MT,2026-08-02
CONAB,Cotton,2014/15,Production,1562.8000000000002,1000 MT,2026-08-03
CONAB,Cotton,2014/15,Production,1562.8000000000002,1000 MT,2026-08-04
CONAB,Cotton,2014/15,Production,1562.8000000000002,1000 MT,2026-08-05
CONAB,Cotton,2014/15,Production,1562.8000000000002,1000 MT,2026-08-06
CONAB,Cotton,2014/15,Production,1562.8000000000002,1000 MT,2026-08-07
CONAB,Cotton,2014/15,Production,1562.8000000000002,1000 MT,2026-08-08
CONAB,Cotton,2014/15,Production,1562.8000000000002,1000 MT,2026-08-10
CONAB,Cotton,2014/15,Production,1562.8000000000002,1000 MT,2026-08-11
CONAB,Cotton,2014/15,Production,1562.8000000000002,1000 MT,2026-08-12
CONAB,Cotton,2014/15,Production,1562.8000000000002,1000 MT,2026-08-13
CONAB,Cotton,2014/15,Yield,1600.901454619955,KG/HA,2026-07-28
CONAB,Cotton,2014/15,Yield,1600.901454619955,KG/HA,2026-07-30
CONAB,Cotton,2014/15,Yield,1600.901454619955,KG/HA,2026-07-31
CONAB,Cotton,2014/15,Yield,1600.901454619955,KG/HA,2026-08-02
CONAB,Cotton,2014/15,Yield,1600.901454619955,KG/HA,2026-08-03
CONAB,Cotton,2014/15,Yield,1600.901454619955,KG/HA,2026-08-04
CONAB,Cotton,2014/15,Yield,1600.901454619955,KG/HA,2026-08-05
CONAB,Cotton,2014/15,Yield,1600.901454619955,KG/HA,2026-08-06
CONAB,Cotton,2014/15,Yield,1600.901454619955,KG/HA,2026-08-07
CONAB,Cotton,2014/15,Yield,1600.901454619955,KG/HA,2026-08-08
CONAB,Cotton,2014/15,Yield,1600.901454619955,KG/HA,2026-08-10
CONAB,Cotton,2014/15,Yield,1600.901454619955,KG/HA,2026-08-11
CONAB,Cotton,2014/15,Yield,1600.901454619955,KG/HA,2026-08-12
CONAB,Cotton,2014/15,Yield,1600.901454619955,KG/HA,2026-08-13
CONAB,Cotton,2015/16,Area,955.1999999999998,1000 HA,2026-07-28
CONAB,Cotton,2015/16,Area,955.1999999999998,1000 HA,2026-07-30
CONAB,Cotton,2015/16,Area,955.1999999999998,1000 HA,2026-07-31
CONAB,Cotton,2015/16,Area,955.1999999999998,1000 HA,2026-08-02
CONAB,Cotton,2015/16,Area,955.1999999999998,1000 HA,2026-08-03
CONAB,Cotton,2015/16,Area,955.1999999999998,1000 HA,2026-08-04
CONAB,Cotton,2015/16,Area,955.1999999999998,1000 HA,2026-08-05
CONAB,Cotton,2015/16,Area,955.1999999999998,1000 HA,2026-08-06
CONAB,Cotton,2015/16,Area,955.1999999999998,1000 HA,2026-08-07
CONAB,Cotton,2015/16,Area,955.1999999999998,1000 HA,2026-08-08
CONAB,Cotton,2015/16,Area,955.1999999999998,1000 HA,2026-08-10
CONAB,Cotton,2015/16,Area,955.1999999999998,1000 HA,2026-08-11
CONAB,Cotton,2015/16,Area,955.1999999999998,1000 HA,2026-08-12
CONAB,Cotton,2015/16,Area,955.1999999999998,1000 HA,2026-08-13
CONAB,Cotton,2015/16,Production,1289.2,1000 MT,2026-07-28
CONAB,Cotton,2015/16,Production,1289.2,1000 MT,2026-07-30
CONAB,Cotton,2015/16,Production,1289.2,1000 MT,2026-07-31
CONAB,Cotton,2015/16,Production,1289.2,1000 MT,2026-08-02
CONAB,Cotton,2015/16,Production,1289.2,1000 MT,2026-08-03
CONAB,Cotton,2015/16,Production,1289.2,1000 MT,2026-08-04
CONAB,Cotton,2015/16,Production,1289.2,1000 MT,2026-08-05
CONAB,Cotton,2015/16,Production,1289.2,1000 MT,2026-08-06
CONAB,Cotton,2015/16,Production,1289.2,1000 MT,2026-08-07
CONAB,Cotton,2015/16,Production,1289.2,1000 MT,2026-08-08
CONAB,Cotton,2015/16,Production,1289.2,1000 MT,2026-08-10
CONAB,Cotton,2015/16,Production,1289.2,1000 MT,2026-08-11
CONAB,Cotton,2015/16,Production,1289.2,1000 MT,2026-08-12
CONAB,Cotton,2015/16,Production,1289.2,1000 MT,2026-08-13
CONAB,Cotton,2015/16,Yield,1349.664991624791,KG/HA,2026-07-28
CONAB,Cotton,2015/16,Yield,1349.664991624791,KG/HA,2026-07-30
CONAB,Cotton,2015/16,Yield,1349.664991624791,KG/HA,2026-07-31
CONAB,Cotton,2015/16,Yield,1349.664991624791,KG/HA,2026-08-02
CONAB,Cotton,2015/16,Yield,1349.664991624791,KG/HA,2026-08-03
CONAB,Cotton,2015/16,Yield,1349.664991624791,KG/HA,2026-08-04
CONAB,Cotton,2015/16,Yield,1349.664991624791,KG/HA,2026-08-05
CONAB,Cotton,2015/16,Yield,1349.664991624791,KG/HA,2026-08-06
CONAB,Cotton,2015/16,Yield,1349.664991624791,KG/HA,2026-08-07
CONAB,Cotton,2015/16,Yield,1349.664991624791,KG/HA,2026-08-08
CONAB,Cotton,2015/16,Yield,1349.664991624791,KG/HA,2026-08-10
CONAB,Cotton,2015/16,Yield,1349.664991624791,KG/HA,2026-08-11
CONAB,Cotton,2015/16,Yield,1349.664991624791,KG/HA,2026-08-12
CONAB,Cotton,2015/16,Yield,1349.664991624791,KG/HA,2026-08-13
CONAB,Cotton,2016/17,Area,939.4999999999999,1000 HA,2026-07-28
CONAB,Cotton,2016/17,Area,939.4999999999999,1000 HA,2026-07-30
CONAB,Cotton,2016/17,Area,939.4999999999999,1000 HA,2026-07-31
CONAB,Cotton,2016/17,Area,939.4999999999999,1000 HA,2026-08-02
CONAB,Cotton,2016/17,Area,939.4999999999999,1000 HA,2026-08-03
CONAB,Cotton,2016/17,Area,939.4999999999999,1000 HA,2026-08-04
CONAB,Cotton,2016/17,Area,939.4999999999999,1000 HA,2026-08-05
CONAB,Cotton,2016/17,Area,939.4999999999999,1000 HA,2026-08-06
CONAB,Cotton,2016/17,Area,939.4999999999999,1000 HA,2026-08-07
CONAB,Cotton,2016/17,Area,939.4999999999999,1000 HA,2026-08-08
CONAB,Cotton,2016/17,Area,939.4999999999999,1000 HA,2026-08-10
CONAB,Cotton,2016/17,Area,939.4999999999999,1000 HA,2026-08-11
CONAB,Cotton,2016/17,Area,939.4999999999999,1000 HA,2026-08-12
CONAB,Cotton,2016/17,Area,939.4999999999999,1000 HA,2026-08-13
CONAB,Cotton,2016/17,Production,1529.7,1000 MT,2026-07-28
CONAB,Cotton,2016/17,Production,1529.7,1000 MT,2026-07-30
CONAB,Cotton,2016/17,Production,1529.7,1000 MT,2026-07-31
CONAB,Cotton,2016/17,Production,1529.7,1000 MT,2026-08-02
CONAB,Cotton,2016/17,Production,1529.7,1000 MT,2026-08-03
CONAB,Cotton,2016/17,Production,1529.7,1000 MT,2026-08-04
CONAB,Cotton,2016/17,Production,1529.7,1000 MT,2026-08-05
CONAB,Cotton,2016/17,Production,1529.7,1000 MT,2026-08-06
CONAB,Cotton,2016/17,Production,1529.7,1000 MT,2026-08-07
CONAB,Cotton,2016/17,Production,1529.7,1000 MT,2026-08-08
CONAB,Cotton,2016/17,Production,1529.7,1000 MT,2026-08-10
CONAB,Cotton,2016/17,Production,1529.7,1000 MT,2026-08-11
CONAB,Cotton,2016/17,Production,1529.7,1000 MT,2026-08-12
CONAB,Cotton,2016/17,Production,1529.7,1000 MT,2026-08-13
CONAB,Cotton,2016/17,Yield,1628.2064928153275,KG/HA,2026-07-28
CONAB,Cotton,2016/17,Yield,1628.2064928153275,KG/HA,2026-07-30
CONAB,Cotton,2016/17,Yield,1628.2064928153275,KG/HA,2026-07-31
CONAB,Cotton,2016/17,Yield,1628.2064928153275,KG/HA,2026-08-02
CONAB,Cotton,2016/17,Yield,1628.2064928153275,KG/HA,2026-08-03
CONAB,Cotton,2016/17,Yield,1628.2064928153275,KG/HA,2026-08-04
CONAB,Cotton,2016/17,Yield,1628.2064928153275,KG/HA,2026-08-05
CONAB,Cotton,2016/17,Yield,1628.2064928153275,KG/HA,2026-08-06
CONAB,Cotton,2016/17,Yield,1628.2064928153275,KG/HA,2026-08-07
CONAB,Cotton,2016/17,Yield,1628.2064928153275,KG/HA,2026-08-08
CONAB,Cotton,2016/17,Yield,1628.2064928153275,KG/HA,2026-08-10
CONAB,Cotton,2016/17,Yield,1628.2064928153275,KG/HA,2026-08-11
CONAB,Cotton,2016/17,Yield,1628.2064928153275,KG/HA,2026-08-12
CONAB,Cotton,2016/17,Yield,1628.2064928153275,KG/HA,2026-08-13
CONAB,Cotton,2017/18,Area,1175.8999999999999,1000 HA,2026-07-28
CONAB,Cotton,2017/18,Area,1175.8999999999999,1000 HA,2026-07-30
CONAB,Cotton,2017/18,Area,1175.8999999999999,1000 HA,2026-07-31
CONAB,Cotton,2017/18,Area,1175.8999999999999,1000 HA,2026-08-02
CONAB,Cotton,2017/18,Area,1175.8999999999999,1000 HA,2026-08-03
CONAB,Cotton,2017/18,Area,1175.8999999999999,1000 HA,2026-08-04
CONAB,Cotton,2017/18,Area,1175.8999999999999,1000 HA,2026-08-05
CONAB,Cotton,2017/18,Area,1175.8999999999999,1000 HA,2026-08-06
CONAB,Cotton,2017/18,Area,1175.8999999999999,1000 HA,2026-08-07
CONAB,Cotton,2017/18,Area,1175.8999999999999,1000 HA,2026-08-08
CONAB,Cotton,2017/18,Area,1175.8999999999999,1000 HA,2026-08-10
CONAB,Cotton,2017/18,Area,1175.8999999999999,1000 HA,2026-08-11
CONAB,Cotton,2017/18,Area,1175.8999999999999,1000 HA,2026-08-12
CONAB,Cotton,2017/18,Area,1175.8999999999999,1000 HA,2026-08-13
CONAB,Cotton,2017/18,Production,2006.1000000000001,1000 MT,2026-07-28
CONAB,Cotton,2017/18,Production,2006.1000000000001,1000 MT,2026-07-30
CONAB,Cotton,2017/18,Production,2006.1000000000001,1000 MT,2026-07-31
CONAB,Cotton,2017/18,Production,2006.1000000000001,1000 MT,2026-08-02
CONAB,Cotton,2017/18,Production,2006.1000000000001,1000 MT,2026-08-03
CONAB,Cotton,2017/18,Production,2006.1000000000001,1000 MT,2026-08-04
CONAB,Cotton,2017/18,Production,2006.1000000000001,1000 MT,2026-08-05
CONAB,Cotton,2017/18,Production,2006.1000000000001,1000 MT,2026-08-06
CONAB,Cotton,2017/18,Production,2006.1000000000001,1000 MT,2026-08-07
CONAB,Cotton,2017/18,Production,2006.1000000000001,1000 MT,2026-08-08
CONAB,Cotton,2017/18,Production,2006.1000000000001,1000 MT,2026-08-10
CONAB,Cotton,2017/18,Production,2006.1000000000001,1000 MT,2026-08-11
CONAB,Cotton,2017/18,Production,2006.1000000000001,1000 MT,2026-08-12
CONAB,Cotton,2017/18,Production,2006.1000000000001,1000 MT,2026-08-13
CONAB,Cotton,2017/18,Yield,1706.0124160217708,KG/HA,2026-07-28
CONAB,Cotton,2017/18,Yield,1706.0124160217708,KG/HA,2026-07-30
CONAB,Cotton,2017/18,Yield,1706.0124160217708,KG/HA,2026-07-31
CONAB,Cotton,2017/18,Yield,1706.0124160217708,KG/HA,2026-08-02
CONAB,Cotton,2017/18,Yield,1706.0124160217708,KG/HA,2026-08-03
CONAB,Cotton,2017/18,Yield,1706.0124160217708,KG/HA,2026-08-04
CONAB,Cotton,2017/18,Yield,1706.0124160217708,KG/HA,2026-08-05
CONAB,Cotton,2017/18,Yield,1706.0124160217708,KG/HA,2026-08-06
CONAB,Cotton,2017/18,Yield,1706.0124160217708,KG/HA,2026-08-07
CONAB,Cotton,2017/18,Yield,1706.0124160217708,KG/HA,2026-08-08
CONAB,Cotton,2017/18,Yield,1706.0124160217708,KG/HA,2026-08-10
CONAB,Cotton,2017/18,Yield,1706.0124160217708,KG/HA,2026-08-11
CONAB,Cotton,2017/18,Yield,1706.0124160217708,KG/HA,2026-08-12
CONAB,Cotton,2017/18,Yield,1706.0124160217708,KG/HA,2026-08-13
CONAB,Cotton,2018/19,Area,1618.1999999999998,1000 HA,2026-07-28
CONAB,Cotton,2018/19,Area,1618.1999999999998,1000 HA,2026-07-30
CONAB,Cotton,2018/19,Area,1618.1999999999998,1000 HA,2026-07-31
CONAB,Cotton,2018/19,Area,1618.1999999999998,1000 HA,2026-08-02
CONAB,Cotton,2018/19,Area,1618.1999999999998,1000 HA,2026-08-03
CONAB,Cotton,2018/19,Area,1618.1999999999998,1000 HA,2026-08-04
CONAB,Cotton,2018/19,Area,1618.1999999999998,1000 HA,2026-08-05
CONAB,Cotton,2018/19,Area,1618.1999999999998,1000 HA,2026-08-06
CONAB,Cotton,2018/19,Area,1618.1999999999998,1000 HA,2026-08-07
CONAB,Cotton,2018/19,Area,1618.1999999999998,1000 HA,2026-08-08
CONAB,Cotton,2018/19,Area,1618.1999999999998,1000 HA,2026-08-10
CONAB,Cotton,2018/19,Area,1618.1999999999998,1000 HA,2026-08-11
CONAB,Cotton,2018/19,Area,1618.1999999999998,1000 HA,2026-08-12
CONAB,Cotton,2018/19,Area,1618.1999999999998,1000 HA,2026-08-13
CONAB,Cotton,2018/19,Production,2778.8,1000 MT,2026-07-28
CONAB,Cotton,2018/19,Production,2778.8,1000 MT,2026-07-30
CONAB,Cotton,2018/19,Production,2778.8,1000 MT,2026-07-31
CONAB,Cotton,2018/19,Production,2778.8,1000 MT,2026-08-02
CONAB,Cotton,2018/19,Production,2778.8,1000 MT,2026-08-03
CONAB,Cotton,2018/19,Production,2778.8,1000 MT,2026-08-04
CONAB,Cotton,2018/19,Production,2778.8,1000 MT,2026-08-05
CONAB,Cotton,2018/19,Production,2778.8,1000 MT,2026-08-06
CONAB,Cotton,2018/19,Production,2778.8,1000 MT,2026-08-07
CONAB,Cotton,2018/19,Production,2778.8,1000 MT,2026-08-08
CONAB,Cotton,2018/19,Production,2778.8,1000 MT,2026-08-10
CONAB,Cotton,2018/19,Production,2778.8,1000 MT,2026-08-11
CONAB,Cotton,2018/19,Production,2778.8,1000 MT,2026-08-12
CONAB,Cotton,2018/19,Production,2778.8,1000 MT,2026-08-13
CONAB,Cotton,2018/19,Yield,1717.2166604869612,KG/HA,2026-07-28
CONAB,Cotton,2018/19,Yield,1717.2166604869612,KG/HA,2026-07-30
CONAB,Cotton,2018/19,Yield,1717.2166604869612,KG/HA,2026-07-31
CONAB,Cotton,2018/19,Yield,1717.2166604869612,KG/HA,2026-08-02
CONAB,Cotton,2018/19,Yield,1717.2166604869612,KG/HA,2026-08-03
CONAB,Cotton,2018/19,Yield,1717.2166604869612,KG/HA,2026-08-04
CONAB,Cotton,2018/19,Yield,1717.2166604869612,KG/HA,2026-08-05
CONAB,Cotton,2018/19,Yield,1717.2166604869612,KG/HA,2026-08-06
CONAB,Cotton,2018/19,Yield,1717.2166604869612,KG/HA,2026-08-07
CONAB,Cotton,2018/19,Yield,1717.2166604869612,KG/HA,2026-08-08
CONAB,Cotton,2018/19,Yield,1717.2166604869612,KG/HA,2026-08-10
CONAB,Cotton,2018/19,Yield,1717.2166604869612,KG/HA,2026-08-11
CONAB,Cotton,2018/19,Yield,1717.2166604869612,KG/HA,2026-08-12
CONAB,Cotton,2018/19,Yield,1717.2166604869612,KG/HA,2026-08-13
CONAB,Cotton,2019/20,Area,1665.6000000000001,1000 HA,2026-07-28
CONAB,Cotton,2019/20,Area,1665.6000000000001,1000 HA,2026-07-30
CONAB,Cotton,2019/20,Area,1665.6000000000001,1000 HA,2026-07-31
CONAB,Cotton,2019/20,Area,1665.6000000000001,1000 HA,2026-08-02
CONAB,Cotton,2019/20,Area,1665.6000000000001,1000 HA,2026-08-03
CONAB,Cotton,2019/20,Area,1665.6000000000001,1000 HA,2026-08-04
CONAB,Cotton,2019/20,Area,1665.6000000000001,1000 HA,2026-08-05
CONAB,Cotton,2019/20,Area,1665.6000000000001,1000 HA,2026-08-06
CONAB,Cotton,2019/20,Area,1665.6000000000001,1000 HA,2026-08-07
CONAB,Cotton,2019/20,Area,1665.6000000000001,1000 HA,2026-08-08
CONAB,Cotton,2019/20,Area,1665.6000000000001,1000 HA,2026-08-10
CONAB,Cotton,2019/20,Area,1665.6000000000001,1000 HA,2026-08-11
CONAB,Cotton,2019/20,Area,1665.6000000000001,1000 HA,2026-08-12
CONAB,Cotton,2019/20,Area,1665.6000000000001,1000 HA,2026-08-13
CONAB,Cotton,2019/20,Production,3001.6,1000 MT,2026-07-28
CONAB,Cotton,2019/20,Production,3001.6,1000 MT,2026-07-30
CONAB,Cotton,2019/20,Production,3001.6,1000 MT,2026-07-31
CONAB,Cotton,2019/20,Production,3001.6,1000 MT,2026-08-02
CONAB,Cotton,2019/20,Production,3001.6,1000 MT,2026-08-03
CONAB,Cotton,2019/20,Production,3001.6,1000 MT,2026-08-04
CONAB,Cotton,2019/20,Production,3001.6,1000 MT,2026-08-05
CONAB,Cotton,2019/20,Production,3001.6,1000 MT,2026-08-06
CONAB,Cotton,2019/20,Production,3001.6,1000 MT,2026-08-07
CONAB,Cotton,2019/20,Production,3001.6,1000 MT,2026-08-08
CONAB,Cotton,2019/20,Production,3001.6,1000 MT,2026-08-10
CONAB,Cotton,2019/20,Production,3001.6,1000 MT,2026-08-11
CONAB,Cotton,2019/20,Production,3001.6,1000 MT,2026-08-12
CONAB,Cotton,2019/20,Production,3001.6,1000 MT,2026-08-13
CONAB,Cotton,2019/20,Yield,1802.113352545629,KG/HA,2026-07-28
CONAB,Cotton,2019/20,Yield,1802.113352545629,KG/HA,2026-07-30
CONAB,Cotton,2019/20,Yield,1802.113352545629,KG/HA,2026-07-31
CONAB,Cotton,2019/20,Yield,1802.113352545629,KG/HA,2026-08-02
CONAB,Cotton,2019/20,Yield,1802.113352545629,KG/HA,2026-08-03
CONAB,Cotton,2019/20,Yield,1802.113352545629,KG/HA,2026-08-04
CONAB,Cotton,2019/20,Yield,1802.113352545629,KG/HA,2026-08-05
CONAB,Cotton,2019/20,Yield,1802.113352545629,KG/HA,2026-08-06
CONAB,Cotton,2019/20,Yield,1802.113352545629,KG/HA,2026-08-07
CONAB,Cotton,2019/20,Yield,1802.113352545629,KG/HA,2026-08-08
CONAB,Cotton,2019/20,Yield,1802.113352545629,KG/HA,2026-08-10
CONAB,Cotton,2019/20,Yield,1802.113352545629,KG/HA,2026-08-11
CONAB,Cotton,2019/20,Yield,1802.113352545629,KG/HA,2026-08-12
CONAB,Cotton,2019/20,Yield,1802.113352545629,KG/HA,2026-08-13
CONAB,Cotton,2020/21,Area,1370.6,1000 HA,2026-07-28
CONAB,Cotton,2020/21,Area,1370.6,1000 HA,2026-07-30
CONAB,Cotton,2020/21,Area,1370.6,1000 HA,2026-07-31
CONAB,Cotton,2020/21,Area,1370.6,1000 HA,2026-08-02
CONAB,Cotton,2020/21,Area,1370.6,1000 HA,2026-08-03
CONAB,Cotton,2020/21,Area,1370.6,1000 HA,2026-08-04
CONAB,Cotton,2020/21,Area,1370.6,1000 HA,2026-08-05
CONAB,Cotton,2020/21,Area,1370.6,1000 HA,2026-08-06
CONAB,Cotton,2020/21,Area,1370.6,1000 HA,2026-08-07
CONAB,Cotton,2020/21,Area,1370.6,1000 HA,2026-08-08
CONAB,Cotton,2020/21,Area,1370.6,1000 HA,2026-08-10
CONAB,Cotton,2020/21,Area,1370.6,1000 HA,2026-08-11
CONAB,Cotton,2020/21,Area,1370.6,1000 HA,2026-08-12
CONAB,Cotton,2020/21,Area,1370.6,1000 HA,2026-08-13
CONAB,Cotton,2020/21,Production,2359.0,1000 MT,2026-07-28
CONAB,Cotton,2020/21,Production,2359.0,1000 MT,2026-07-30
CONAB,Cotton,2020/21,Production,2359.0,1000 MT,2026-07-31
CONAB,Cotton,2020/21,Production,2359.0,1000 MT,2026-08-02
CONAB,Cotton,2020/21,Production,2359.0,1000 MT,2026-08-03
CONAB,Cotton,2020/21,Production,2359.0,1000 MT,2026-08-04
CONAB,Cotton,2020/21,Production,2359.0,1000 MT,2026-08-05
CONAB,Cotton,2020/21,Production,2359.0,1000 MT,2026-08-06
CONAB,Cotton,2020/21,Production,2359.0,1000 MT,2026-08-07
CONAB,Cotton,2020/21,Production,2359.0,1000 MT,2026-08-08
CONAB,Cotton,2020/21,Production,2359.0,1000 MT,2026-08-10
CONAB,Cotton,2020/21,Production,2359.0,1000 MT,2026-08-11
CONAB,Cotton,2020/21,Production,2359.0,1000 MT,2026-08-12
CONAB,Cotton,2020/21,Production,2359.0,1000 MT,2026-08-13
CONAB,Cotton,2020/21,Yield,1721.144024514811,KG/HA,2026-07-28
CONAB,Cotton,2020/21,Yield,1721.144024514811,KG/HA,2026-07-30
CONAB,Cotton,2020/21,Yield,1721.144024514811,KG/HA,2026-07-31
CONAB,Cotton,2020/21,Yield,1721.144024514811,KG/HA,2026-08-02
CONAB,Cotton,2020/21,Yield,1721.144024514811,KG/HA,2026-08-03
CONAB,Cotton,2020/21,Yield,1721.144024514811,KG/HA,2026-08-04
CONAB,Cotton,2020/21,Yield,1721.144024514811,KG/HA,2026-08-05
CONAB,Cotton,2020/21,Yield,1721.144024514811,KG/HA,2026-08-06
CONAB,Cotton,2020/21,Yield,1721.144024514811,KG/HA,2026-08-07
CONAB,Cotton,2020/21,Yield,1721.144024514811,KG/HA,2026-08-08
CONAB,Cotton,2020/21,Yield,1721.144024514811,KG/HA,2026-08-10
CONAB,Cotton,2020/21,Yield,1721.144024514811,KG/HA,2026-08-11
CONAB,Cotton,2020/21,Yield,1721.144024514811,KG/HA,2026-08-12
CONAB,Cotton,2020/21,Yield,1721.144024514811,KG/HA,2026-08-13
CONAB,Cotton,2021/22,Area,1600.3999999999999,1000 HA,2026-07-28
CONAB,Cotton,2021/22,Area,1600.3999999999999,1000 HA,2026-07-30
CONAB,Cotton,2021/22,Area,1600.3999999999999,1000 HA,2026-07-31
CONAB,Cotton,2021/22,Area,1600.3999999999999,1000 HA,2026-08-02
CONAB,Cotton,2021/22,Area,1600.3999999999999,1000 HA,2026-08-03
CONAB,Cotton,2021/22,Area,1600.3999999999999,1000 HA,2026-08-04
CONAB,Cotton,2021/22,Area,1600.3999999999999,1000 HA,2026-08-05
CONAB,Cotton,2021/22,Area,1600.3999999999999,1000 HA,2026-08-06
CONAB,Cotton,2021/22,Area,1600.3999999999999,1000 HA,2026-08-07
CONAB,Cotton,2021/22,Area,1600.3999999999999,1000 HA,2026-08-08
CONAB,Cotton,2021/22,Area,1600.3999999999999,1000 HA,2026-08-10
CONAB,Cotton,2021/22,Area,1600.3999999999999,1000 HA,2026-08-11
CONAB,Cotton,2021/22,Area,1600.3999999999999,1000 HA,2026-08-12
CONAB,Cotton,2021/22,Area,1600.3999999999999,1000 HA,2026-08-13
CONAB,Cotton,2021/22,Production,2550.1,1000 MT,2026-07-28
CONAB,Cotton,2021/22,Production,2550.1,1000 MT,2026-07-30
CONAB,Cotton,2021/22,Production,2550.1,1000 MT,2026-07-31
CONAB,Cotton,2021/22,Production,2550.1,1000 MT,2026-08-02
CONAB,Cotton,2021/22,Production,2550.1,1000 MT,2026-08-03
CONAB,Cotton,2021/22,Production,2550.1,1000 MT,2026-08-04
CONAB,Cotton,2021/22,Production,2550.1,1000 MT,2026-08-05
CONAB,Cotton,2021/22,Production,2550.1,1000 MT,2026-08-06
CONAB,Cotton,2021/22,Production,2550.1,1000 MT,2026-08-07
CONAB,Cotton,2021/22,Production,2550.1,1000 MT,2026-08-08
CONAB,Cotton,2021/22,Production,2550.1,1000 MT,2026-08-10
CONAB,Cotton,2021/22,Production,2550.1,1000 MT,2026-08-11
CONAB,Cotton,2021/22,Production,2550.1,1000 MT,2026-08-12
CONAB,Cotton,2021/22,Production,2550.1,1000 MT,2026-08-13
CONAB,Cotton,2021/22,Yield,1593.4141464633842,KG/HA,2026-07-28
CONAB,Cotton,2021/22,Yield,1593.4141464633842,KG/HA,2026-07-30
CONAB,Cotton,2021/22,Yield,1593.4141464633842,KG/HA,2026-07-31
CONAB,Cotton,2021/22,Yield,1593.4141464633842,KG/HA,2026-08-02
CONAB,Cotton,2021/22,Yield,1593.4141464633842,KG/HA,2026-08-03
CONAB,Cotton,2021/22,Yield,1593.4141464633842,KG/HA,2026-08-04
CONAB,Cotton,2021/22,Yield,1593.4141464633842,KG/HA,2026-08-05
CONAB,Cotton,2021/22,Yield,1593.4141464633842,KG/HA,2026-08-06
CONAB,Cotton,2021/22,Yield,1593.4141464633842,KG/HA,2026-08-07
CONAB,Cotton,2021/22,Yield,1593.4141464633842,KG/HA,2026-08-08
CONAB,Cotton,2021/22,Yield,1593.4141464633842,KG/HA,2026-08-10
CONAB,Cotton,2021/22,Yield,1593.4141464633842,KG/HA,2026-08-11
CONAB,Cotton,2021/22,Yield,1593.4141464633842,KG/HA,2026-08-12
CONAB,Cotton,2021/22,Yield,1593.4141464633842,KG/HA,2026-08-13
CONAB,Cotton,2022/23,Area,1663.6999999999998,1000 HA,2026-07-28
CONAB,Cotton,2022/23,Area,1663.6999999999998,1000 HA,2026-07-30
CONAB,Cotton,2022/23,Area,1663.6999999999998,1000 HA,2026-07-31
CONAB,Cotton,2022/23,Area,1663.6999999999998,1000 HA,2026-08-02
CONAB,Cotton,2022/23,Area,1663.6999999999998,1000 HA,2026-08-03
CONAB,Cotton,2022/23,Area,1663.6999999999998,1000 HA,2026-08-04
CONAB,Cotton,2022/23,Area,1663.6999999999998,1000 HA,2026-08-05
CONAB,Cotton,2022/23,Area,1663.6999999999998,1000 HA,2026-08-06
CONAB,Cotton,2022/23,Area,1663.6999999999998,1000 HA,2026-08-07
CONAB,Cotton,2022/23,Area,1663.6999999999998,1000 HA,2026-08-08
CONAB,Cotton,2022/23,Area,1663.6999999999998,1000 HA,2026-08-10
CONAB,Cotton,2022/23,Area,1663.6999999999998,1000 HA,2026-08-11
CONAB,Cotton,2022/23,Area,1663.6999999999998,1000 HA,2026-08-12
CONAB,Cotton,2022/23,Area,1663.6999999999998,1000 HA,2026-08-13
CONAB,Cotton,2022/23,Production,3150.1,1000 MT,2026-07-28
CONAB,Cotton,2022/23,Production,3150.1,1000 MT,2026-07-30
CONAB,Cotton,2022/23,Production,3150.1,1000 MT,2026-07-31
CONAB,Cotton,2022/23,Production,3150.1,1000 MT,2026-08-02
CONAB,Cotton,2022/23,Production,3150.1,1000 MT,2026-08-03
CONAB,Cotton,2022/23,Production,3150.1,1000 MT,2026-08-04
CONAB,Cotton,2022/23,Production,3150.1,1000 MT,2026-08-05
CONAB,Cotton,2022/23,Production,3150.1,1000 MT,2026-08-06
CONAB,Cotton,2022/23,Production,3150.1,1000 MT,2026-08-07
CONAB,Cotton,2022/23,Production,3150.1,1000 MT,2026-08-08
CONAB,Cotton,2022/23,Production,3150.1,1000 MT,2026-08-10
CONAB,Cotton,2022/23,Production,3150.1,1000 MT,2026-08-11
CONAB,Cotton,2022/23,Production,3150.1,1000 MT,2026-08-12
CONAB,Cotton,2022/23,Production,3150.1,1000 MT,2026-08-13
CONAB,Cotton,2022/23,Yield,1893.4303059445815,KG/HA,2026-07-28
CONAB,Cotton,2022/23,Yield,1893.4303059445815,KG/HA,2026-07-30
CONAB,Cotton,2022/23,Yield,1893.4303059445815,KG/HA,2026-07-31
CONAB,Cotton,2022/23,Yield,1893.4303059445815,KG/HA,2026-08-02
CONAB,Cotton,2022/23,Yield,1893.4303059445815,KG/HA,2026-08-03
CONAB,Cotton,2022/23,Yield,1893.4303059445815,KG/HA,2026-08-04
CONAB,Cotton,2022/23,Yield,1893.4303059445815,KG/HA,2026-08-05
CONAB,Cotton,2022/23,Yield,1893.4303059445815,KG/HA,2026-08-06
CONAB,Cotton,2022/23,Yield,1893.4303059445815,KG/HA,2026-08-07
CONAB,Cotton,2022/23,Yield,1893.4303059445815,KG/HA,2026-08-08
CONAB,Cotton,2022/23,Yield,1893.4303059445815,KG/HA,2026-08-10
CONAB,Cotton,2022/23,Yield,1893.4303059445815,KG/HA,2026-08-11
CONAB,Cotton,2022/23,Yield,1893.4303059445815,KG/HA,2026-08-12
CONAB,Cotton,2022/23,Yield,1893.4303059445815,KG/HA,2026-08-13
CONAB,Cotton,2023/24,Area,1944.1999999999998,1000 HA,2026-07-28
CONAB,Cotton,2023/24,Area,1944.1999999999998,1000 HA,2026-07-30
CONAB,Cotton,2023/24,Area,1944.1999999999998,1000 HA,2026-07-31
CONAB,Cotton,2023/24,Area,1944.1999999999998,1000 HA,2026-08-02
CONAB,Cotton,2023/24,Area,1944.1999999999998,1000 HA,2026-08-03
CONAB,Cotton,2023/24,Area,1944.1999999999998,1000 HA,2026-08-04
CONAB,Cotton,2023/24,Area,1944.1999999999998,1000 HA,2026-08-05
CONAB,Cotton,2023/24,Area,1944.1999999999998,1000 HA,2026-08-06
CONAB,Cotton,2023/24,Area,1944.1999999999998,1000 HA,2026-08-07
CONAB,Cotton,2023/24,Area,1944.1999999999998,1000 HA,2026-08-08
CONAB,Cotton,2023/24,Area,1944.1999999999998,1000 HA,2026-08-10
CONAB,Cotton,2023/24,Area,1944.1999999999998,1000 HA,2026-08-11
CONAB,Cotton,2023/24,Area,1944.1999999999998,1000 HA,2026-08-12
CONAB,Cotton,2023/24,Area,1944.1999999999998,1000 HA,2026-08-13
CONAB,Cotton,2023/24,Production,3654.0,1000 MT,2026-07-28
CONAB,Cotton,2023/24,Production,3654.0,1000 MT,2026-07-30
CONAB,Cotton,2023/24,Production,3654.0,1000 MT,2026-07-31
CONAB,Cotton,2023/24,Production,3654.0,1000 MT,2026-08-02
CONAB,Cotton,2023/24,Production,3654.0,1000 MT,2026-08-03
CONAB,Cotton,2023/24,Production,3654.0,1000 MT,2026-08-04
CONAB,Cotton,2023/24,Production,3654.0,1000 MT,2026-08-05
CONAB,Cotton,2023/24,Production,3654.0,1000 MT,2026-08-06
CONAB,Cotton,2023/24,Production,3654.0,1000 MT,2026-08-07
CONAB,Cotton,2023/24,Production,3654.0,1000 MT,2026-08-08
CONAB,Cotton,2023/24,Production,3654.0,1000 MT,2026-08-10
CONAB,Cotton,2023/24,Production,3654.0,1000 MT,2026-08-11
CONAB,Cotton,2023/24,Production,3654.0,1000 MT,2026-08-12
CONAB,Cotton,2023/24,Production,3654.0,1000 MT,2026-08-13
CONAB,Cotton,2023/24,Yield,1879.4362719884787,KG/HA,2026-07-28
CONAB,Cotton,2023/24,Yield,1879.4362719884787,KG/HA,2026-07-30
CONAB,Cotton,2023/24,Yield,1879.4362719884787,KG/HA,2026-07-31
CONAB,Cotton,2023/24,Yield,1879.4362719884787,KG/HA,2026-08-02
CONAB,Cotton,2023/24,Yield,1879.4362719884787,KG/HA,2026-08-03
CONAB,Cotton,2023/24,Yield,1879.4362719884787,KG/HA,2026-08-04
CONAB,Cotton,2023/24,Yield,1879.4362719884787,KG/HA,2026-08-05
CONAB,Cotton,2023/24,Yield,1879.4362719884787,KG/HA,2026-08-06
CONAB,Cotton,2023/24,Yield,1879.4362719884787,KG/HA,2026-08-07
CONAB,Cotton,2023/24,Yield,1879.4362719884787,KG/HA,2026-08-08
CONAB,Cotton,2023/24,Yield,1879.4362719884787,KG/HA,2026-08-10
CONAB,Cotton,2023/24,Yield,1879.4362719884787,KG/HA,2026-08-11
CONAB,Cotton,2023/24,Yield,1879.4362719884787,KG/HA,2026-08-12
CONAB,Cotton,2023/24,Yield,1879.4362719884787,KG/HA,2026-08-13
CONAB,Cotton,2024/25,Area,2086.1,1000 HA,2026-07-28
CONAB,Cotton,2024/25,Area,2086.1,1000 HA,2026-07-30
CONAB,Cotton,2024/25,Area,2086.1,1000 HA,2026-07-31
CONAB,Cotton,2024/25,Area,2086.1,1000 HA,2026-08-02
CONAB,Cotton,2024/25,Area,2086.1,1000 HA,2026-08-03
CONAB,Cotton,2024/25,Area,2086.1,1000 HA,2026-08-04
CONAB,Cotton,2024/25,Area,2086.1,1000 HA,2026-08-05
CONAB,Cotton,2024/25,Area,2086.1,1000 HA,2026-08-06
CONAB,Cotton,2024/25,Area,2086.1,1000 HA,2026-08-07
CONAB,Cotton,2024/25,Area,2086.1,1000 HA,2026-08-08
CONAB,Cotton,2024/25,Area,2086.1,1000 HA,2026-08-10
CONAB,Cotton,2024/25,Area,2086.1,1000 HA,2026-08-11
CONAB,Cotton,2024/25,Area,2086.1,1000 HA,2026-08-12
CONAB,Cotton,2024/25,Area,2086.1,1000 HA,2026-08-13
CONAB,Cotton,2024/25,Production,4061.1000000000004,1000 MT,2026-07-28
CONAB,Cotton,2024/25,Production,4061.1000000000004,1000 MT,2026-07-30
CONAB,Cotton,2024/25,Production,4061.1000000000004,1000 MT,2026-07-31
CONAB,Cotton,2024/25,Production,4061.1000000000004,1000 MT,2026-08-02
CONAB,Cotton,2024/25,Production,4061.1000000000004,1000 MT,2026-08-03
CONAB,Cotton,2024/25,Production,4061.1000000000004,1000 MT,2026-08-04
CONAB,Cotton,2024/25,Production,4061.1000000000004,1000 MT,2026-08-05
CONAB,Cotton,2024/25,Production,4061.1000000000004,1000 MT,2026-08-06
CONAB,Cotton,2024/25,Production,4061.1000000000004,1000 MT,2026-08-07
CONAB,Cotton,2024/25,Production,4061.1000000000004,1000 MT,2026-08-08
CONAB,Cotton,2024/25,Production,4061.1000000000004,1000 MT,2026-08-10
CONAB,Cotton,2024/25,Production,4061.1000000000004,1000 MT,2026-08-11
CONAB,Cotton,2024/25,Production,4061.1000000000004,1000 MT,2026-08-12
CONAB,Cotton,2024/25,Production,4061.1000000000004,1000 MT,2026-08-13
CONAB,Cotton,2024/25,Yield,1946.7427256603235,KG/HA,2026-07-28
CONAB,Cotton,2024/25,Yield,1946.7427256603235,KG/HA,2026-07-30
CONAB,Cotton,2024/25,Yield,1946.7427256603235,KG/HA,2026-07-31
CONAB,Cotton,2024/25,Yield,1946.7427256603235,KG/HA,2026-08-02
CONAB,Cotton,2024/25,Yield,1946.7427256603235,KG/HA,2026-08-03
CONAB,Cotton,2024/25,Yield,1946.7427256603235,KG/HA,2026-08-04
CONAB,Cotton,2024/25,Yield,1946.7427256603235,KG/HA,2026-08-05
CONAB,Cotton,2024/25,Yield,1946.7427256603235,KG/HA,2026-08-06
CONAB,Cotton,2024/25,Yield,1946.7427256603235,KG/HA,2026-08-07
CONAB,Cotton,2024/25,Yield,1946.7427256603235,KG/HA,2026-08-08
CONAB,Cotton,2024/25,Yield,1946.7427256603235,KG/HA,2026-08-10
CONAB,Cotton,2024/25,Yield,1946.7427256603235,KG/HA,2026-08-11
CONAB,Cotton,2024/25,Yield,1946.7427256603235,KG/HA,2026-08-12
CONAB,Cotton,2024/25,Yield,1946.7427256603235,KG/HA,2026-08-13
CONAB,Cotton,2025/26,Area,2020.2,1000 HA,2026-07-28
CONAB,Cotton,2025/26,Area,2020.2,1000 HA,2026-07-30
CONAB,Cotton,2025/26,Area,2020.2,1000 HA,2026-07-31
CONAB,Cotton,2025/26,Area,2020.2,1000 HA,2026-08-02
CONAB,Cotton,2025/26,Area,2020.2,1000 HA,2026-08-03
CONAB,Cotton,2025/26,Area,2020.2,1000 HA,2026-08-04
CONAB,Cotton,2025/26,Area,2020.2,1000 HA,2026-08-05
CONAB,Cotton,2025/26,Area,2020.2,1000 HA,2026-08-06
CONAB,Cotton,2025/26,Area,2020.2,1000 HA,2026-08-07
CONAB,Cotton,2025/26,Area,2020.2,1000 HA,2026-08-08
CONAB,Cotton,2025/26,Area,2020.2,1000 HA,2026-08-10
CONAB,Cotton,2025/26,Area,2020.2,1000 HA,2026-08-11
CONAB,Cotton,2025/26,Area,2020.2,1000 HA,2026-08-12
CONAB,Cotton,2025/26,Area,2020.2,1000 HA,2026-08-13
CONAB,Cotton,2025/26,Production,3978.4,1000 MT,2026-07-28
CONAB,Cotton,2025/26,Production,3978.4,1000 MT,2026-07-30
CONAB,Cotton,2025/26,Production,3978.4,1000 MT,2026-07-31
CONAB,Cotton,2025/26,Production,3978.4,1000 MT,2026-08-02
CONAB,Cotton,2025/26,Production,3978.4,1000 MT,2026-08-03
CONAB,Cotton,2025/26,Production,3978.4,1000 MT,2026-08-04
CONAB,Cotton,2025/26,Production,3978.4,1000 MT,2026-08-05
CONAB,Cotton,2025/26,Production,3978.4,1000 MT,2026-08-06
CONAB,Cotton,2025/26,Production,3978.4,1000 MT,2026-08-07
CONAB,Cotton,2025/26,Production,3978.4,1000 MT,2026-08-08
CONAB,Cotton,2025/26,Production,3978.4,1000 MT,2026-08-10
CONAB,Cotton,2025/26,Production,3978.4,1000 MT,2026-08-11
CONAB,Cotton,2025/26,Production,3978.4,1000 MT,2026-08-12
CONAB,Cotton,2025/26,Production,3978.4,1000 MT,2026-08-13
CONAB,Cotton,2025/26,Yield,1969.3099693099693,KG/HA,2026-07-28
CONAB,Cotton,2025/26,Yield,1969.3099693099693,KG/HA,2026-07-30
CONAB,Cotton,2025/26,Yield,1969.3099693099693,KG/HA,2026-07-31
CONAB,Cotton,2025/26,Yield,1969.3099693099693,KG/HA,2026-08-02
CONAB,Cotton,2025/26,Yield,1969.3099693099693,KG/HA,2026-08-03
CONAB,Cotton,2025/26,Yield,1969.3099693099693,KG/HA,2026-08-04
CONAB,Cotton,2025/26,Yield,1969.3099693099693,KG/HA,2026-08-05
CONAB,Cotton,2025/26,Yield,1969.3099693099693,KG/HA,2026-08-06
CONAB,Cotton,2025/26,Yield,1969.3099693099693,KG/HA,2026-08-07
CONAB,Cotton,2025/26,Yield,1969.3099693099693,KG/HA,2026-08-08
CONAB,Cotton,2025/26,Yield,1969.3099693099693,KG/HA,2026-08-10
CONAB,Cotton,2025/26,Yield,1969.3099693099693,KG/HA,2026-08-11
CONAB,Cotton,2025/26,Yield,1969.3099693099693,KG/HA,2026-08-12
CONAB,Cotton,2025/26,Yield,1969.3099693099693,KG/HA,2026-08-13
CONAB,Soybeans,1976/77,Area,6949.0,1000 HA,2026-07-28
CONAB,Soybeans,1976/77,Area,6949.0,1000 HA,2026-07-30
CONAB,Soybeans,1976/77,Area,6949.0,1000 HA,2026-07-31
CONAB,Soybeans,1976/77,Area,6949.0,1000 HA,2026-08-02
CONAB,Soybeans,1976/77,Area,6949.0,1000 HA,2026-08-03
CONAB,Soybeans,1976/77,Area,6949.0,1000 HA,2026-08-04
CONAB,Soybeans,1976/77,Area,6949.0,1000 HA,2026-08-05
CONAB,Soybeans,1976/77,Area,6949.0,1000 HA,2026-08-06
CONAB,Soybeans,1976/77,Area,6949.0,1000 HA,2026-08-07
CONAB,Soybeans,1976/77,Area,6949.0,1000 HA,2026-08-08
CONAB,Soybeans,1976/77,Area,6949.0,1000 HA,2026-08-10
CONAB,Soybeans,1976/77,Area,6949.0,1000 HA,2026-08-11
CONAB,Soybeans,1976/77,Area,6949.0,1000 HA,2026-08-12
CONAB,Soybeans,1976/77,Area,6949.0,1000 HA,2026-08-13
CONAB,Soybeans,1976/77,Production,12145.0,1000 MT,2026-07-28
CONAB,Soybeans,1976/77,Production,12145.0,1000 MT,2026-07-30
CONAB,Soybeans,1976/77,Production,12145.0,1000 MT,2026-07-31
CONAB,Soybeans,1976/77,Production,12145.0,1000 MT,2026-08-02
CONAB,Soybeans,1976/77,Production,12145.0,1000 MT,2026-08-03
CONAB,Soybeans,1976/77,Production,12145.0,1000 MT,2026-08-04
CONAB,Soybeans,1976/77,Production,12145.0,1000 MT,2026-08-05
CONAB,Soybeans,1976/77,Production,12145.0,1000 MT,2026-08-06
CONAB,Soybeans,1976/77,Production,12145.0,1000 MT,2026-08-07
CONAB,Soybeans,1976/77,Production,12145.0,1000 MT,2026-08-08
CONAB,Soybeans,1976/77,Production,12145.0,1000 MT,2026-08-10
CONAB,Soybeans,1976/77,Production,12145.0,1000 MT,2026-08-11
CONAB,Soybeans,1976/77,Production,12145.0,1000 MT,2026-08-12
CONAB,Soybeans,1976/77,Production,12145.0,1000 MT,2026-08-13
CONAB,Soybeans,1976/77,Yield,1747.7334868326377,KG/HA,2026-07-28
CONAB,Soybeans,1976/77,Yield,1747.7334868326377,KG/HA,2026-07-30
CONAB,Soybeans,1976/77,Yield,1747.7334868326377,KG/HA,2026-07-31
CONAB,Soybeans,1976/77,Yield,1747.7334868326377,KG/HA,2026-08-02
CONAB,Soybeans,1976/77,Yield,1747.7334868326377,KG/HA,2026-08-03
CONAB,Soybeans,1976/77,Yield,1747.7334868326377,KG/HA,2026-08-04
CONAB,Soybeans,1976/77,Yield,1747.7334868326377,KG/HA,2026-08-05
CONAB,Soybeans,1976/77,Yield,1747.7334868326377,KG/HA,2026-08-06
CONAB,Soybeans,1976/77,Yield,1747.7334868326377,KG/HA,2026-08-07
CONAB,Soybeans,1976/77,Yield,1747.7334868326377,KG/HA,2026-08-08
CONAB,Soybeans,1976/77,Yield,1747.7334868326377,KG/HA,2026-08-10
CONAB,Soybeans,1976/77,Yield,1747.7334868326377,KG/HA,2026-08-11
CONAB,Soybeans,1976/77,Yield,1747.7334868326377,KG/HA,2026-08-12
CONAB,Soybeans,1976/77,Yield,1747.7334868326377,KG/HA,2026-08-13
CONAB,Soybeans,1977/78,Area,7780.0,1000 HA,2026-07-28
CONAB,Soybeans,1977/78,Area,7780.0,1000 HA,2026-07-30
CONAB,Soybeans,1977/78,Area,7780.0,1000 HA,2026-07-31
CONAB,Soybeans,1977/78,Area,7780.0,1000 HA,2026-08-02
CONAB,Soybeans,1977/78,Area,7780.0,1000 HA,2026-08-03
CONAB,Soybeans,1977/78,Area,7780.0,1000 HA,2026-08-04
CONAB,Soybeans,1977/78,Area,7780.0,1000 HA,2026-08-05
CONAB,Soybeans,1977/78,Area,7780.0,1000 HA,2026-08-06
CONAB,Soybeans,1977/78,Area,7780.0,1000 HA,2026-08-07
CONAB,Soybeans,1977/78,Area,7780.0,1000 HA,2026-08-08
CONAB,Soybeans,1977/78,Area,7780.0,1000 HA,2026-08-10
CONAB,Soybeans,1977/78,Area,7780.0,1000 HA,2026-08-11
CONAB,Soybeans,1977/78,Area,7780.0,1000 HA,2026-08-12
CONAB,Soybeans,1977/78,Area,7780.0,1000 HA,2026-08-13
CONAB,Soybeans,1977/78,Production,9726.0,1000 MT,2026-07-28
CONAB,Soybeans,1977/78,Production,9726.0,1000 MT,2026-07-30
CONAB,Soybeans,1977/78,Production,9726.0,1000 MT,2026-07-31
CONAB,Soybeans,1977/78,Production,9726.0,1000 MT,2026-08-02
CONAB,Soybeans,1977/78,Production,9726.0,1000 MT,2026-08-03
CONAB,Soybeans,1977/78,Production,9726.0,1000 MT,2026-08-04
CONAB,Soybeans,1977/78,Production,9726.0,1000 MT,2026-08-05
CONAB,Soybeans,1977/78,Production,9726.0,1000 MT,2026-08-06
CONAB,Soybeans,1977/78,Production,9726.0,1000 MT,2026-08-07
CONAB,Soybeans,1977/78,Production,9726.0,1000 MT,2026-08-08
CONAB,Soybeans,1977/78,Production,9726.0,1000 MT,2026-08-10
CONAB,Soybeans,1977/78,Production,9726.0,1000 MT,2026-08-11
CONAB,Soybeans,1977/78,Production,9726.0,1000 MT,2026-08-12
CONAB,Soybeans,1977/78,Production,9726.0,1000 MT,2026-08-13
CONAB,Soybeans,1977/78,Yield,1250.1285347043702,KG/HA,2026-07-28
CONAB,Soybeans,1977/78,Yield,1250.1285347043702,KG/HA,2026-07-30
CONAB,Soybeans,1977/78,Yield,1250.1285347043702,KG/HA,2026-07-31
CONAB,Soybeans,1977/78,Yield,1250.1285347043702,KG/HA,2026-08-02
CONAB,Soybeans,1977/78,Yield,1250.1285347043702,KG/HA,2026-08-03
CONAB,Soybeans,1977/78,Yield,1250.1285347043702,KG/HA,2026-08-04
CONAB,Soybeans,1977/78,Yield,1250.1285347043702,KG/HA,2026-08-05
CONAB,Soybeans,1977/78,Yield,1250.1285347043702,KG/HA,2026-08-06
CONAB,Soybeans,1977/78,Yield,1250.1285347043702,KG/HA,2026-08-07
CONAB,Soybeans,1977/78,Yield,1250.1285347043702,KG/HA,2026-08-08
CONAB,Soybeans,1977/78,Yield,1250.1285347043702,KG/HA,2026-08-10
CONAB,Soybeans,1977/78,Yield,1250.1285347043702,KG/HA,2026-08-11
CONAB,Soybeans,1977/78,Yield,1250.1285347043702,KG/HA,2026-08-12
CONAB,Soybeans,1977/78,Yield,1250.1285347043702,KG/HA,2026-08-13
CONAB,Soybeans,1978/79,Area,8151.0,1000 HA,2026-07-28
CONAB,Soybeans,1978/79,Area,8151.0,1000 HA,2026-07-30
CONAB,Soybeans,1978/79,Area,8151.0,1000 HA,2026-07-31
CONAB,Soybeans,1978/79,Area,8151.0,1000 HA,2026-08-02
CONAB,Soybeans,1978/79,Area,8151.0,1000 HA,2026-08-03
CONAB,Soybeans,1978/79,Area,8151.0,1000 HA,2026-08-04
CONAB,Soybeans,1978/79,Area,8151.0,1000 HA,2026-08-05
CONAB,Soybeans,1978/79,Area,8151.0,1000 HA,2026-08-06
CONAB,Soybeans,1978/79,Area,8151.0,1000 HA,2026-08-07
CONAB,Soybeans,1978/79,Area,8151.0,1000 HA,2026-08-08
CONAB,Soybeans,1978/79,Area,8151.0,1000 HA,2026-08-10
CONAB,Soybeans,1978/79,Area,8151.0,1000 HA,2026-08-11
CONAB,Soybeans,1978/79,Area,8151.0,1000 HA,2026-08-12
CONAB,Soybeans,1978/79,Area,8151.0,1000 HA,2026-08-13
CONAB,Soybeans,1978/79,Production,10200.0,1000 MT,2026-07-28
CONAB,Soybeans,1978/79,Production,10200.0,1000 MT,2026-07-30
CONAB,Soybeans,1978/79,Production,10200.0,1000 MT,2026-07-31
CONAB,Soybeans,1978/79,Production,10200.0,1000 MT,2026-08-02
CONAB,Soybeans,1978/79,Production,10200.0,1000 MT,2026-08-03
CONAB,Soybeans,1978/79,Production,10200.0,1000 MT,2026-08-04
CONAB,Soybeans,1978/79,Production,10200.0,1000 MT,2026-08-05
CONAB,Soybeans,1978/79,Production,10200.0,1000 MT,2026-08-06
CONAB,Soybeans,1978/79,Production,10200.0,1000 MT,2026-08-07
CONAB,Soybeans,1978/79,Production,10200.0,1000 MT,2026-08-08
CONAB,Soybeans,1978/79,Production,10200.0,1000 MT,2026-08-10
CONAB,Soybeans,1978/79,Production,10200.0,1000 MT,2026-08-11
CONAB,Soybeans,1978/79,Production,10200.0,1000 MT,2026-08-12
CONAB,Soybeans,1978/79,Production,10200.0,1000 MT,2026-08-13
CONAB,Soybeans,1978/79,Yield,1251.3801987486197,KG/HA,2026-07-28
CONAB,Soybeans,1978/79,Yield,1251.3801987486197,KG/HA,2026-07-30
CONAB,Soybeans,1978/79,Yield,1251.3801987486197,KG/HA,2026-07-31
CONAB,Soybeans,1978/79,Yield,1251.3801987486197,KG/HA,2026-08-02
CONAB,Soybeans,1978/79,Yield,1251.3801987486197,KG/HA,2026-08-03
CONAB,Soybeans,1978/79,Yield,1251.3801987486197,KG/HA,2026-08-04
CONAB,Soybeans,1978/79,Yield,1251.3801987486197,KG/HA,2026-08-05
CONAB,Soybeans,1978/79,Yield,1251.3801987486197,KG/HA,2026-08-06
CONAB,Soybeans,1978/79,Yield,1251.3801987486197,KG/HA,2026-08-07
CONAB,Soybeans,1978/79,Yield,1251.3801987486197,KG/HA,2026-08-08
CONAB,Soybeans,1978/79,Yield,1251.3801987486197,KG/HA,2026-08-10
CONAB,Soybeans,1978/79,Yield,1251.3801987486197,KG/HA,2026-08-11
CONAB,Soybeans,1978/79,Yield,1251.3801987486197,KG/HA,2026-08-12
CONAB,Soybeans,1978/79,Yield,1251.3801987486197,KG/HA,2026-08-13
CONAB,Soybeans,1979/80,Area,8755.9,1000 HA,2026-07-28
CONAB,Soybeans,1979/80,Area,8755.9,1000 HA,2026-07-30
CONAB,Soybeans,1979/80,Area,8755.9,1000 HA,2026-07-31
CONAB,Soybeans,1979/80,Area,8755.9,1000 HA,2026-08-02
CONAB,Soybeans,1979/80,Area,8755.9,1000 HA,2026-08-03
CONAB,Soybeans,1979/80,Area,8755.9,1000 HA,2026-08-04
CONAB,Soybeans,1979/80,Area,8755.9,1000 HA,2026-08-05
CONAB,Soybeans,1979/80,Area,8755.9,1000 HA,2026-08-06
CONAB,Soybeans,1979/80,Area,8755.9,1000 HA,2026-08-07
CONAB,Soybeans,1979/80,Area,8755.9,1000 HA,2026-08-08
CONAB,Soybeans,1979/80,Area,8755.9,1000 HA,2026-08-10
CONAB,Soybeans,1979/80,Area,8755.9,1000 HA,2026-08-11
CONAB,Soybeans,1979/80,Area,8755.9,1000 HA,2026-08-12
CONAB,Soybeans,1979/80,Area,8755.9,1000 HA,2026-08-13
CONAB,Soybeans,1979/80,Production,14887.400000000001,1000 MT,2026-07-28
CONAB,Soybeans,1979/80,Production,14887.400000000001,1000 MT,2026-07-30
CONAB,Soybeans,1979/80,Production,14887.400000000001,1000 MT,2026-07-31
CONAB,Soybeans,1979/80,Production,14887.400000000001,1000 MT,2026-08-02
CONAB,Soybeans,1979/80,Production,14887.400000000001,1000 MT,2026-08-03
CONAB,Soybeans,1979/80,Production,14887.400000000001,1000 MT,2026-08-04
CONAB,Soybeans,1979/80,Production,14887.400000000001,1000 MT,2026-08-05
CONAB,Soybeans,1979/80,Production,14887.400000000001,1000 MT,2026-08-06
CONAB,Soybeans,1979/80,Production,14887.400000000001,1000 MT,2026-08-07
CONAB,Soybeans,1979/80,Production,14887.400000000001,1000 MT,2026-08-08
CONAB,Soybeans,1979/80,Production,14887.400000000001,1000 MT,2026-08-10
CONAB,Soybeans,1979/80,Production,14887.400000000001,1000 MT,2026-08-11
CONAB,Soybeans,1979/80,Production,14887.400000000001,1000 MT,2026-08-12
CONAB,Soybeans,1979/80,Production,14887.400000000001,1000 MT,2026-08-13
CONAB,Soybeans,1979/80,Yield,1700.2706746308204,KG/HA,2026-07-28
CONAB,Soybeans,1979/80,Yield,1700.2706746308204,KG/HA,2026-07-30
CONAB,Soybeans,1979/80,Yield,1700.2706746308204,KG/HA,2026-07-31
CONAB,Soybeans,1979/80,Yield,1700.2706746308204,KG/HA,2026-08-02
CONAB,Soybeans,1979/80,Yield,1700.2706746308204,KG/HA,2026-08-03
CONAB,Soybeans,1979/80,Yield,1700.2706746308204,KG/HA,2026-08-04
CONAB,Soybeans,1979/80,Yield,1700.2706746308204,KG/HA,2026-08-05
CONAB,Soybeans,1979/80,Yield,1700.2706746308204,KG/HA,2026-08-06
CONAB,Soybeans,1979/80,Yield,1700.2706746308204,KG/HA,2026-08-07
CONAB,Soybeans,1979/80,Yield,1700.2706746308204,KG/HA,2026-08-08
CONAB,Soybeans,1979/80,Yield,1700.2706746308204,KG/HA,2026-08-10
CONAB,Soybeans,1979/80,Yield,1700.2706746308204,KG/HA,2026-08-11
CONAB,Soybeans,1979/80,Yield,1700.2706746308204,KG/HA,2026-08-12
CONAB,Soybeans,1979/80,Yield,1700.2706746308204,KG/HA,2026-08-13
CONAB,Soybeans,1980/81,Area,8693.4,1000 HA,2026-07-28
CONAB,Soybeans,1980/81,Area,8693.4,1000 HA,2026-07-30
CONAB,Soybeans,1980/81,Area,8693.4,1000 HA,2026-07-31
CONAB,Soybeans,1980/81,Area,8693.4,1000 HA,2026-08-02
CONAB,Soybeans,1980/81,Area,8693.4,1000 HA,2026-08-03
CONAB,Soybeans,1980/81,Area,8693.4,1000 HA,2026-08-04
CONAB,Soybeans,1980/81,Area,8693.4,1000 HA,2026-08-05
CONAB,Soybeans,1980/81,Area,8693.4,1000 HA,2026-08-06
CONAB,Soybeans,1980/81,Area,8693.4,1000 HA,2026-08-07
CONAB,Soybeans,1980/81,Area,8693.4,1000 HA,2026-08-08
CONAB,Soybeans,1980/81,Area,8693.4,1000 HA,2026-08-10
CONAB,Soybeans,1980/81,Area,8693.4,1000 HA,2026-08-11
CONAB,Soybeans,1980/81,Area,8693.4,1000 HA,2026-08-12
CONAB,Soybeans,1980/81,Area,8693.4,1000 HA,2026-08-13
CONAB,Soybeans,1980/81,Production,15484.8,1000 MT,2026-07-28
CONAB,Soybeans,1980/81,Production,15484.8,1000 MT,2026-07-30
CONAB,Soybeans,1980/81,Production,15484.8,1000 MT,2026-07-31
CONAB,Soybeans,1980/81,Production,15484.8,1000 MT,2026-08-02
CONAB,Soybeans,1980/81,Production,15484.8,1000 MT,2026-08-03
CONAB,Soybeans,1980/81,Production,15484.8,1000 MT,2026-08-04
CONAB,Soybeans,1980/81,Production,15484.8,1000 MT,2026-08-05
CONAB,Soybeans,1980/81,Production,15484.8,1000 MT,2026-08-06
CONAB,Soybeans,1980/81,Production,15484.8,1000 MT,2026-08-07
CONAB,Soybeans,1980/81,Production,15484.8,1000 MT,2026-08-08
CONAB,Soybeans,1980/81,Production,15484.8,1000 MT,2026-08-10
CONAB,Soybeans,1980/81,Production,15484.8,1000 MT,2026-08-11
CONAB,Soybeans,1980/81,Production,15484.8,1000 MT,2026-08-12
CONAB,Soybeans,1980/81,Production,15484.8,1000 MT,2026-08-13
CONAB,Soybeans,1980/81,Yield,1781.2133342535717,KG/HA,2026-07-28
CONAB,Soybeans,1980/81,Yield,1781.2133342535717,KG/HA,2026-07-30
CONAB,Soybeans,1980/81,Yield,1781.2133342535717,KG/HA,2026-07-31
CONAB,Soybeans,1980/81,Yield,1781.2133342535717,KG/HA,2026-08-02
CONAB,Soybeans,1980/81,Yield,1781.2133342535717,KG/HA,2026-08-03
CONAB,Soybeans,1980/81,Yield,1781.2133342535717,KG/HA,2026-08-04
CONAB,Soybeans,1980/81,Yield,1781.2133342535717,KG/HA,2026-08-05
CONAB,Soybeans,1980/81,Yield,1781.2133342535717,KG/HA,2026-08-06
CONAB,Soybeans,1980/81,Yield,1781.2133342535717,KG/HA,2026-08-07
CONAB,Soybeans,1980/81,Yield,1781.2133342535717,KG/HA,2026-08-08
CONAB,Soybeans,1980/81,Yield,1781.2133342535717,KG/HA,2026-08-10
CONAB,Soybeans,1980/81,Yield,1781.2133342535717,KG/HA,2026-08-11
CONAB,Soybeans,1980/81,Yield,1781.2133342535717,KG/HA,2026-08-12
CONAB,Soybeans,1980/81,Yield,1781.2133342535717,KG/HA,2026-08-13
CONAB,Soybeans,1981/82,Area,8393.2,1000 HA,2026-07-28
CONAB,Soybeans,1981/82,Area,8393.2,1000 HA,2026-07-30
CONAB,Soybeans,1981/82,Area,8393.2,1000 HA,2026-07-31
CONAB,Soybeans,1981/82,Area,8393.2,1000 HA,2026-08-02
CONAB,Soybeans,1981/82,Area,8393.2,1000 HA,2026-08-03
CONAB,Soybeans,1981/82,Area,8393.2,1000 HA,2026-08-04
CONAB,Soybeans,1981/82,Area,8393.2,1000 HA,2026-08-05
CONAB,Soybeans,1981/82,Area,8393.2,1000 HA,2026-08-06
CONAB,Soybeans,1981/82,Area,8393.2,1000 HA,2026-08-07
CONAB,Soybeans,1981/82,Area,8393.2,1000 HA,2026-08-08
CONAB,Soybeans,1981/82,Area,8393.2,1000 HA,2026-08-10
CONAB,Soybeans,1981/82,Area,8393.2,1000 HA,2026-08-11
CONAB,Soybeans,1981/82,Area,8393.2,1000 HA,2026-08-12
CONAB,Soybeans,1981/82,Area,8393.2,1000 HA,2026-08-13
CONAB,Soybeans,1981/82,Production,12890.9,1000 MT,2026-07-28
CONAB,Soybeans,1981/82,Production,12890.9,1000 MT,2026-07-30
CONAB,Soybeans,1981/82,Production,12890.9,1000 MT,2026-07-31
CONAB,Soybeans,1981/82,Production,12890.9,1000 MT,2026-08-02
CONAB,Soybeans,1981/82,Production,12890.9,1000 MT,2026-08-03
CONAB,Soybeans,1981/82,Production,12890.9,1000 MT,2026-08-04
CONAB,Soybeans,1981/82,Production,12890.9,1000 MT,2026-08-05
CONAB,Soybeans,1981/82,Production,12890.9,1000 MT,2026-08-06
CONAB,Soybeans,1981/82,Production,12890.9,1000 MT,2026-08-07
CONAB,Soybeans,1981/82,Production,12890.9,1000 MT,2026-08-08
CONAB,Soybeans,1981/82,Production,12890.9,1000 MT,2026-08-10
CONAB,Soybeans,1981/82,Production,12890.9,1000 MT,2026-08-11
CONAB,Soybeans,1981/82,Production,12890.9,1000 MT,2026-08-12
CONAB,Soybeans,1981/82,Production,12890.9,1000 MT,2026-08-13
CONAB,Soybeans,1981/82,Yield,1535.8742791783823,KG/HA,2026-07-28
CONAB,Soybeans,1981/82,Yield,1535.8742791783823,KG/HA,2026-07-30
CONAB,Soybeans,1981/82,Yield,1535.8742791783823,KG/HA,2026-07-31
CONAB,Soybeans,1981/82,Yield,1535.8742791783823,KG/HA,2026-08-02
CONAB,Soybeans,1981/82,Yield,1535.8742791783823,KG/HA,2026-08-03
CONAB,Soybeans,1981/82,Yield,1535.8742791783823,KG/HA,2026-08-04
CONAB,Soybeans,1981/82,Yield,1535.8742791783823,KG/HA,2026-08-05
CONAB,Soybeans,1981/82,Yield,1535.8742791783823,KG/HA,2026-08-06
CONAB,Soybeans,1981/82,Yield,1535.8742791783823,KG/HA,2026-08-07
CONAB,Soybeans,1981/82,Yield,1535.8742791783823,KG/HA,2026-08-08
CONAB,Soybeans,1981/82,Yield,1535.8742791783823,KG/HA,2026-08-10
CONAB,Soybeans,1981/82,Yield,1535.8742791783823,KG/HA,2026-08-11
CONAB,Soybeans,1981/82,Yield,1535.8742791783823,KG/HA,2026-08-12
CONAB,Soybeans,1981/82,Yield,1535.8742791783823,KG/HA,2026-08-13
CONAB,Soybeans,1982/83,Area,8412.0,1000 HA,2026-07-28
CONAB,Soybeans,1982/83,Area,8412.0,1000 HA,2026-07-30
CONAB,Soybeans,1982/83,Area,8412.0,1000 HA,2026-07-31
CONAB,Soybeans,1982/83,Area,8412.0,1000 HA,2026-08-02
CONAB,Soybeans,1982/83,Area,8412.0,1000 HA,2026-08-03
CONAB,Soybeans,1982/83,Area,8412.0,1000 HA,2026-08-04
CONAB,Soybeans,1982/83,Area,8412.0,1000 HA,2026-08-05
CONAB,Soybeans,1982/83,Area,8412.0,1000 HA,2026-08-06
CONAB,Soybeans,1982/83,Area,8412.0,1000 HA,2026-08-07
CONAB,Soybeans,1982/83,Area,8412.0,1000 HA,2026-08-08
CONAB,Soybeans,1982/83,Area,8412.0,1000 HA,2026-08-10
CONAB,Soybeans,1982/83,Area,8412.0,1000 HA,2026-08-11
CONAB,Soybeans,1982/83,Area,8412.0,1000 HA,2026-08-12
CONAB,Soybeans,1982/83,Area,8412.0,1000 HA,2026-08-13
CONAB,Soybeans,1982/83,Production,14532.9,1000 MT,2026-07-28
CONAB,Soybeans,1982/83,Production,14532.9,1000 MT,2026-07-30
CONAB,Soybeans,1982/83,Production,14532.9,1000 MT,2026-07-31
CONAB,Soybeans,1982/83,Production,14532.9,1000 MT,2026-08-02
CONAB,Soybeans,1982/83,Production,14532.9,1000 MT,2026-08-03
CONAB,Soybeans,1982/83,Production,14532.9,1000 MT,2026-08-04
CONAB,Soybeans,1982/83,Production,14532.9,1000 MT,2026-08-05
CONAB,Soybeans,1982/83,Production,14532.9,1000 MT,2026-08-06
CONAB,Soybeans,1982/83,Production,14532.9,1000 MT,2026-08-07
CONAB,Soybeans,1982/83,Production,14532.9,1000 MT,2026-08-08
CONAB,Soybeans,1982/83,Production,14532.9,1000 MT,2026-08-10
CONAB,Soybeans,1982/83,Production,14532.9,1000 MT,2026-08-11
CONAB,Soybeans,1982/83,Production,14532.9,1000 MT,2026-08-12
CONAB,Soybeans,1982/83,Production,14532.9,1000 MT,2026-08-13
CONAB,Soybeans,1982/83,Yield,1727.639087018545,KG/HA,2026-07-28
CONAB,Soybeans,1982/83,Yield,1727.639087018545,KG/HA,2026-07-30
CONAB,Soybeans,1982/83,Yield,1727.639087018545,KG/HA,2026-07-31
CONAB,Soybeans,1982/83,Yield,1727.639087018545,KG/HA,2026-08-02
CONAB,Soybeans,1982/83,Yield,1727.639087018545,KG/HA,2026-08-03
CONAB,Soybeans,1982/83,Yield,1727.639087018545,KG/HA,2026-08-04
CONAB,Soybeans,1982/83,Yield,1727.639087018545,KG/HA,2026-08-05
CONAB,Soybeans,1982/83,Yield,1727.639087018545,KG/HA,2026-08-06
CONAB,Soybeans,1982/83,Yield,1727.639087018545,KG/HA,2026-08-07
CONAB,Soybeans,1982/83,Yield,1727.639087018545,KG/HA,2026-08-08
CONAB,Soybeans,1982/83,Yield,1727.639087018545,KG/HA,2026-08-10
CONAB,Soybeans,1982/83,Yield,1727.639087018545,KG/HA,2026-08-11
CONAB,Soybeans,1982/83,Yield,1727.639087018545,KG/HA,2026-08-12
CONAB,Soybeans,1982/83,Yield,1727.639087018545,KG/HA,2026-08-13
CONAB,Soybeans,1983/84,Area,9162.9,1000 HA,2026-07-28
CONAB,Soybeans,1983/84,Area,9162.9,1000 HA,2026-07-30
CONAB,Soybeans,1983/84,Area,9162.9,1000 HA,2026-07-31
CONAB,Soybeans,1983/84,Area,9162.9,1000 HA,2026-08-02
CONAB,Soybeans,1983/84,Area,9162.9,1000 HA,2026-08-03
CONAB,Soybeans,1983/84,Area,9162.9,1000 HA,2026-08-04
CONAB,Soybeans,1983/84,Area,9162.9,1000 HA,2026-08-05
CONAB,Soybeans,1983/84,Area,9162.9,1000 HA,2026-08-06
CONAB,Soybeans,1983/84,Area,9162.9,1000 HA,2026-08-07
CONAB,Soybeans,1983/84,Area,9162.9,1000 HA,2026-08-08
CONAB,Soybeans,1983/84,Area,9162.9,1000 HA,2026-08-10
CONAB,Soybeans,1983/84,Area,9162.9,1000 HA,2026-08-11
CONAB,Soybeans,1983/84,Area,9162.9,1000 HA,2026-08-12
CONAB,Soybeans,1983/84,Area,9162.9,1000 HA,2026-08-13
CONAB,Soybeans,1983/84,Production,15340.5,1000 MT,2026-07-28
CONAB,Soybeans,1983/84,Production,15340.5,1000 MT,2026-07-30
CONAB,Soybeans,1983/84,Production,15340.5,1000 MT,2026-07-31
CONAB,Soybeans,1983/84,Production,15340.5,1000 MT,2026-08-02
CONAB,Soybeans,1983/84,Production,15340.5,1000 MT,2026-08-03
CONAB,Soybeans,1983/84,Production,15340.5,1000 MT,2026-08-04
CONAB,Soybeans,1983/84,Production,15340.5,1000 MT,2026-08-05
CONAB,Soybeans,1983/84,Production,15340.5,1000 MT,2026-08-06
CONAB,Soybeans,1983/84,Production,15340.5,1000 MT,2026-08-07
CONAB,Soybeans,1983/84,Production,15340.5,1000 MT,2026-08-08
CONAB,Soybeans,1983/84,Production,15340.5,1000 MT,2026-08-10
CONAB,Soybeans,1983/84,Production,15340.5,1000 MT,2026-08-11
CONAB,Soybeans,1983/84,Production,15340.5,1000 MT,2026-08-12
CONAB,Soybeans,1983/84,Production,15340.5,1000 MT,2026-08-13
CONAB,Soybeans,1983/84,Yield,1674.1970336902073,KG/HA,2026-07-28
CONAB,Soybeans,1983/84,Yield,1674.1970336902073,KG/HA,2026-07-30
CONAB,Soybeans,1983/84,Yield,1674.1970336902073,KG/HA,2026-07-31
CONAB,Soybeans,1983/84,Yield,1674.1970336902073,KG/HA,2026-08-02
CONAB,Soybeans,1983/84,Yield,1674.1970336902073,KG/HA,2026-08-03
CONAB,Soybeans,1983/84,Yield,1674.1970336902073,KG/HA,2026-08-04
CONAB,Soybeans,1983/84,Yield,1674.1970336902073,KG/HA,2026-08-05
CONAB,Soybeans,1983/84,Yield,1674.1970336902073,KG/HA,2026-08-06
CONAB,Soybeans,1983/84,Yield,1674.1970336902073,KG/HA,2026-08-07
CONAB,Soybeans,1983/84,Yield,1674.1970336902073,KG/HA,2026-08-08
CONAB,Soybeans,1983/84,Yield,1674.1970336902073,KG/HA,2026-08-10
CONAB,Soybeans,1983/84,Yield,1674.1970336902073,KG/HA,2026-08-11
CONAB,Soybeans,1983/84,Yield,1674.1970336902073,KG/HA,2026-08-12
CONAB,Soybeans,1983/84,Yield,1674.1970336902073,KG/HA,2026-08-13
CONAB,Soybeans,1984/85,Area,10074.0,1000 HA,2026-07-28
CONAB,Soybeans,1984/85,Area,10074.0,1000 HA,2026-07-30
CONAB,Soybeans,1984/85,Area,10074.0,1000 HA,2026-07-31
CONAB,Soybeans,1984/85,Area,10074.0,1000 HA,2026-08-02
CONAB,Soybeans,1984/85,Area,10074.0,1000 HA,2026-08-03
CONAB,Soybeans,1984/85,Area,10074.0,1000 HA,2026-08-04
CONAB,Soybeans,1984/85,Area,10074.0,1000 HA,2026-08-05
CONAB,Soybeans,1984/85,Area,10074.0,1000 HA,2026-08-06
CONAB,Soybeans,1984/85,Area,10074.0,1000 HA,2026-08-07
CONAB,Soybeans,1984/85,Area,10074.0,1000 HA,2026-08-08
CONAB,Soybeans,1984/85,Area,10074.0,1000 HA,2026-08-10
CONAB,Soybeans,1984/85,Area,10074.0,1000 HA,2026-08-11
CONAB,Soybeans,1984/85,Area,10074.0,1000 HA,2026-08-12
CONAB,Soybeans,1984/85,Area,10074.0,1000 HA,2026-08-13
CONAB,Soybeans,1984/85,Production,18211.5,1000 MT,2026-07-28
CONAB,Soybeans,1984/85,Production,18211.5,1000 MT,2026-07-30
CONAB,Soybeans,1984/85,Production,18211.5,1000 MT,2026-07-31
CONAB,Soybeans,1984/85,Production,18211.5,1000 MT,2026-08-02
CONAB,Soybeans,1984/85,Production,18211.5,1000 MT,2026-08-03
CONAB,Soybeans,1984/85,Production,18211.5,1000 MT,2026-08-04
CONAB,Soybeans,1984/85,Production,18211.5,1000 MT,2026-08-05
CONAB,Soybeans,1984/85,Production,18211.5,1000 MT,2026-08-06
CONAB,Soybeans,1984/85,Production,18211.5,1000 MT,2026-08-07
CONAB,Soybeans,1984/85,Production,18211.5,1000 MT,2026-08-08
CONAB,Soybeans,1984/85,Production,18211.5,1000 MT,2026-08-10
CONAB,Soybeans,1984/85,Production,18211.5,1000 MT,2026-08-11
CONAB,Soybeans,1984/85,Production,18211.5,1000 MT,2026-08-12
CONAB,Soybeans,1984/85,Production,18211.5,1000 MT,2026-08-13
CONAB,Soybeans,1984/85,Yield,1807.772483621203,KG/HA,2026-07-28
CONAB,Soybeans,1984/85,Yield,1807.772483621203,KG/HA,2026-07-30
CONAB,Soybeans,1984/85,Yield,1807.772483621203,KG/HA,2026-07-31
CONAB,Soybeans,1984/85,Yield,1807.772483621203,KG/HA,2026-08-02
CONAB,Soybeans,1984/85,Yield,1807.772483621203,KG/HA,2026-08-03
CONAB,Soybeans,1984/85,Yield,1807.772483621203,KG/HA,2026-08-04
CONAB,Soybeans,1984/85,Yield,1807.772483621203,KG/HA,2026-08-05
CONAB,Soybeans,1984/85,Yield,1807.772483621203,KG/HA,2026-08-06
CONAB,Soybeans,1984/85,Yield,1807.772483621203,KG/HA,2026-08-07
CONAB,Soybeans,1984/85,Yield,1807.772483621203,KG/HA,2026-08-08
CONAB,Soybeans,1984/85,Yield,1807.772483621203,KG/HA,2026-08-10
CONAB,Soybeans,1984/85,Yield,1807.772483621203,KG/HA,2026-08-11
CONAB,Soybeans,1984/85,Yield,1807.772483621203,KG/HA,2026-08-12
CONAB,Soybeans,1984/85,Yield,1807.772483621203,KG/HA,2026-08-13
CONAB,Soybeans,1985/86,Area,9644.4,1000 HA,2026-07-28
CONAB,Soybeans,1985/86,Area,9644.4,1000 HA,2026-07-30
CONAB,Soybeans,1985/86,Area,9644.4,1000 HA,2026-07-31
CONAB,Soybeans,1985/86,Area,9644.4,1000 HA,2026-08-02
CONAB,Soybeans,1985/86,Area,9644.4,1000 HA,2026-08-03
CONAB,Soybeans,1985/86,Area,9644.4,1000 HA,2026-08-04
CONAB,Soybeans,1985/86,Area,9644.4,1000 HA,2026-08-05
CONAB,Soybeans,1985/86,Area,9644.4,1000 HA,2026-08-06
CONAB,Soybeans,1985/86,Area,9644.4,1000 HA,2026-08-07
CONAB,Soybeans,1985/86,Area,9644.4,1000 HA,2026-08-08
CONAB,Soybeans,1985/86,Area,9644.4,1000 HA,2026-08-10
CONAB,Soybeans,1985/86,Area,9644.4,1000 HA,2026-08-11
CONAB,Soybeans,1985/86,Area,9644.4,1000 HA,2026-08-12
CONAB,Soybeans,1985/86,Area,9644.4,1000 HA,2026-08-13
CONAB,Soybeans,1985/86,Production,13207.5,1000 MT,2026-07-28
CONAB,Soybeans,1985/86,Production,13207.5,1000 MT,2026-07-30
CONAB,Soybeans,1985/86,Production,13207.5,1000 MT,2026-07-31
CONAB,Soybeans,1985/86,Production,13207.5,1000 MT,2026-08-02
CONAB,Soybeans,1985/86,Production,13207.5,1000 MT,2026-08-03
CONAB,Soybeans,1985/86,Production,13207.5,1000 MT,2026-08-04
CONAB,Soybeans,1985/86,Production,13207.5,1000 MT,2026-08-05
CONAB,Soybeans,1985/86,Production,13207.5,1000 MT,2026-08-06
CONAB,Soybeans,1985/86,Production,13207.5,1000 MT,2026-08-07
CONAB,Soybeans,1985/86,Production,13207.5,1000 MT,2026-08-08
CONAB,Soybeans,1985/86,Production,13207.5,1000 MT,2026-08-10
CONAB,Soybeans,1985/86,Production,13207.5,1000 MT,2026-08-11
CONAB,Soybeans,1985/86,Production,13207.5,1000 MT,2026-08-12
CONAB,Soybeans,1985/86,Production,13207.5,1000 MT,2026-08-13
CONAB,Soybeans,1985/86,Yield,1369.4475550578575,KG/HA,2026-07-28
CONAB,Soybeans,1985/86,Yield,1369.4475550578575,KG/HA,2026-07-30
CONAB,Soybeans,1985/86,Yield,1369.4475550578575,KG/HA,2026-07-31
CONAB,Soybeans,1985/86,Yield,1369.4475550578575,KG/HA,2026-08-02
CONAB,Soybeans,1985/86,Yield,1369.4475550578575,KG/HA,2026-08-03
CONAB,Soybeans,1985/86,Yield,1369.4475550578575,KG/HA,2026-08-04
CONAB,Soybeans,1985/86,Yield,1369.4475550578575,KG/HA,2026-08-05
CONAB,Soybeans,1985/86,Yield,1369.4475550578575,KG/HA,2026-08-06
CONAB,Soybeans,1985/86,Yield,1369.4475550578575,KG/HA,2026-08-07
CONAB,Soybeans,1985/86,Yield,1369.4475550578575,KG/HA,2026-08-08
CONAB,Soybeans,1985/86,Yield,1369.4475550578575,KG/HA,2026-08-10
CONAB,Soybeans,1985/86,Yield,1369.4475550578575,KG/HA,2026-08-11
CONAB,Soybeans,1985/86,Yield,1369.4475550578575,KG/HA,2026-08-12
CONAB,Soybeans,1985/86,Yield,1369.4475550578575,KG/HA,2026-08-13
CONAB,Soybeans,1986/87,Area,9221.7,1000 HA,2026-07-28
CONAB,Soybeans,1986/87,Area,9221.7,1000 HA,2026-07-30
CONAB,Soybeans,1986/87,Area,9221.7,1000 HA,2026-07-31
CONAB,Soybeans,1986/87,Area,9221.7,1000 HA,2026-08-02
CONAB,Soybeans,1986/87,Area,9221.7,1000 HA,2026-08-03
CONAB,Soybeans,1986/87,Area,9221.7,1000 HA,2026-08-04
CONAB,Soybeans,1986/87,Area,9221.7,1000 HA,2026-08-05
CONAB,Soybeans,1986/87,Area,9221.7,1000 HA,2026-08-06
CONAB,Soybeans,1986/87,Area,9221.7,1000 HA,2026-08-07
CONAB,Soybeans,1986/87,Area,9221.7,1000 HA,2026-08-08
CONAB,Soybeans,1986/87,Area,9221.7,1000 HA,2026-08-10
CONAB,Soybeans,1986/87,Area,9221.7,1000 HA,2026-08-11
CONAB,Soybeans,1986/87,Area,9221.7,1000 HA,2026-08-12
CONAB,Soybeans,1986/87,Area,9221.7,1000 HA,2026-08-13
CONAB,Soybeans,1986/87,Production,17071.5,1000 MT,2026-07-28
CONAB,Soybeans,1986/87,Production,17071.5,1000 MT,2026-07-30
CONAB,Soybeans,1986/87,Production,17071.5,1000 MT,2026-07-31
CONAB,Soybeans,1986/87,Production,17071.5,1000 MT,2026-08-02
CONAB,Soybeans,1986/87,Production,17071.5,1000 MT,2026-08-03
CONAB,Soybeans,1986/87,Production,17071.5,1000 MT,2026-08-04
CONAB,Soybeans,1986/87,Production,17071.5,1000 MT,2026-08-05
CONAB,Soybeans,1986/87,Production,17071.5,1000 MT,2026-08-06
CONAB,Soybeans,1986/87,Production,17071.5,1000 MT,2026-08-07
CONAB,Soybeans,1986/87,Production,17071.5,1000 MT,2026-08-08
CONAB,Soybeans,1986/87,Production,17071.5,1000 MT,2026-08-10
CONAB,Soybeans,1986/87,Production,17071.5,1000 MT,2026-08-11
CONAB,Soybeans,1986/87,Production,17071.5,1000 MT,2026-08-12
CONAB,Soybeans,1986/87,Production,17071.5,1000 MT,2026-08-13
CONAB,Soybeans,1986/87,Yield,1851.2313347864276,KG/HA,2026-07-28
CONAB,Soybeans,1986/87,Yield,1851.2313347864276,KG/HA,2026-07-30
CONAB,Soybeans,1986/87,Yield,1851.2313347864276,KG/HA,2026-07-31
CONAB,Soybeans,1986/87,Yield,1851.2313347864276,KG/HA,2026-08-02
CONAB,Soybeans,1986/87,Yield,1851.2313347864276,KG/HA,2026-08-03
CONAB,Soybeans,1986/87,Yield,1851.2313347864276,KG/HA,2026-08-04
CONAB,Soybeans,1986/87,Yield,1851.2313347864276,KG/HA,2026-08-05
CONAB,Soybeans,1986/87,Yield,1851.2313347864276,KG/HA,2026-08-06
CONAB,Soybeans,1986/87,Yield,1851.2313347864276,KG/HA,2026-08-07
CONAB,Soybeans,1986/87,Yield,1851.2313347864276,KG/HA,2026-08-08
CONAB,Soybeans,1986/87,Yield,1851.2313347864276,KG/HA,2026-08-10
CONAB,Soybeans,1986/87,Yield,1851.2313347864276,KG/HA,2026-08-11
CONAB,Soybeans,1986/87,Yield,1851.2313347864276,KG/HA,2026-08-12
CONAB,Soybeans,1986/87,Yield,1851.2313347864276,KG/HA,2026-08-13
CONAB,Soybeans,1987/88,Area,10706.6,1000 HA,2026-07-28
CONAB,Soybeans,1987/88,Area,10706.6,1000 HA,2026-07-30
CONAB,Soybeans,1987/88,Area,10706.6,1000 HA,2026-07-31
CONAB,Soybeans,1987/88,Area,10706.6,1000 HA,2026-08-02
CONAB,Soybeans,1987/88,Area,10706.6,1000 HA,2026-08-03
CONAB,Soybeans,1987/88,Area,10706.6,1000 HA,2026-08-04
CONAB,Soybeans,1987/88,Area,10706.6,1000 HA,2026-08-05
CONAB,Soybeans,1987/88,Area,10706.6,1000 HA,2026-08-06
CONAB,Soybeans,1987/88,Area,10706.6,1000 HA,2026-08-07
CONAB,Soybeans,1987/88,Area,10706.6,1000 HA,2026-08-08
CONAB,Soybeans,1987/88,Area,10706.6,1000 HA,2026-08-10
CONAB,Soybeans,1987/88,Area,10706.6,1000 HA,2026-08-11
CONAB,Soybeans,1987/88,Area,10706.6,1000 HA,2026-08-12
CONAB,Soybeans,1987/88,Area,10706.6,1000 HA,2026-08-13
CONAB,Soybeans,1987/88,Production,18127.0,1000 MT,2026-07-28
CONAB,Soybeans,1987/88,Production,18127.0,1000 MT,2026-07-30
CONAB,Soybeans,1987/88,Production,18127.0,1000 MT,2026-07-31
CONAB,Soybeans,1987/88,Production,18127.0,1000 MT,2026-08-02
CONAB,Soybeans,1987/88,Production,18127.0,1000 MT,2026-08-03
CONAB,Soybeans,1987/88,Production,18127.0,1000 MT,2026-08-04
CONAB,Soybeans,1987/88,Production,18127.0,1000 MT,2026-08-05
CONAB,Soybeans,1987/88,Production,18127.0,1000 MT,2026-08-06
CONAB,Soybeans,1987/88,Production,18127.0,1000 MT,2026-08-07
CONAB,Soybeans,1987/88,Production,18127.0,1000 MT,2026-08-08
CONAB,Soybeans,1987/88,Production,18127.0,1000 MT,2026-08-10
CONAB,Soybeans,1987/88,Production,18127.0,1000 MT,2026-08-11
CONAB,Soybeans,1987/88,Production,18127.0,1000 MT,2026-08-12
CONAB,Soybeans,1987/88,Production,18127.0,1000 MT,2026-08-13
CONAB,Soybeans,1987/88,Yield,1693.0678273214653,KG/HA,2026-07-28
CONAB,Soybeans,1987/88,Yield,1693.0678273214653,KG/HA,2026-07-30
CONAB,Soybeans,1987/88,Yield,1693.0678273214653,KG/HA,2026-07-31
CONAB,Soybeans,1987/88,Yield,1693.0678273214653,KG/HA,2026-08-02
CONAB,Soybeans,1987/88,Yield,1693.0678273214653,KG/HA,2026-08-03
CONAB,Soybeans,1987/88,Yield,1693.0678273214653,KG/HA,2026-08-04
CONAB,Soybeans,1987/88,Yield,1693.0678273214653,KG/HA,2026-08-05
CONAB,Soybeans,1987/88,Yield,1693.0678273214653,KG/HA,2026-08-06
CONAB,Soybeans,1987/88,Yield,1693.0678273214653,KG/HA,2026-08-07
CONAB,Soybeans,1987/88,Yield,1693.0678273214653,KG/HA,2026-08-08
CONAB,Soybeans,1987/88,Yield,1693.0678273214653,KG/HA,2026-08-10
CONAB,Soybeans,1987/88,Yield,1693.0678273214653,KG/HA,2026-08-11
CONAB,Soybeans,1987/88,Yield,1693.0678273214653,KG/HA,2026-08-12
CONAB,Soybeans,1987/88,Yield,1693.0678273214653,KG/HA,2026-08-13
CONAB,Soybeans,1988/89,Area,12252.8,1000 HA,2026-07-28
CONAB,Soybeans,1988/89,Area,12252.8,1000 HA,2026-07-30
CONAB,Soybeans,1988/89,Area,12252.8,1000 HA,2026-07-31
CONAB,Soybeans,1988/89,Area,12252.8,1000 HA,2026-08-02
CONAB,Soybeans,1988/89,Area,12252.8,1000 HA,2026-08-03
CONAB,Soybeans,1988/89,Area,12252.8,1000 HA,2026-08-04
CONAB,Soybeans,1988/89,Area,12252.8,1000 HA,2026-08-05
CONAB,Soybeans,1988/89,Area,12252.8,1000 HA,2026-08-06
CONAB,Soybeans,1988/89,Area,12252.8,1000 HA,2026-08-07
CONAB,Soybeans,1988/89,Area,12252.8,1000 HA,2026-08-08
CONAB,Soybeans,1988/89,Area,12252.8,1000 HA,2026-08-10
CONAB,Soybeans,1988/89,Area,12252.8,1000 HA,2026-08-11
CONAB,Soybeans,1988/89,Area,12252.8,1000 HA,2026-08-12
CONAB,Soybeans,1988/89,Area,12252.8,1000 HA,2026-08-13
CONAB,Soybeans,1988/89,Production,23929.2,1000 MT,2026-07-28
CONAB,Soybeans,1988/89,Production,23929.2,1000 MT,2026-07-30
CONAB,Soybeans,1988/89,Production,23929.2,1000 MT,2026-07-31
CONAB,Soybeans,1988/89,Production,23929.2,1000 MT,2026-08-02
CONAB,Soybeans,1988/89,Production,23929.2,1000 MT,2026-08-03
CONAB,Soybeans,1988/89,Production,23929.2,1000 MT,2026-08-04
CONAB,Soybeans,1988/89,Production,23929.2,1000 MT,2026-08-05
CONAB,Soybeans,1988/89,Production,23929.2,1000 MT,2026-08-06
CONAB,Soybeans,1988/89,Production,23929.2,1000 MT,2026-08-07
CONAB,Soybeans,1988/89,Production,23929.2,1000 MT,2026-08-08
CONAB,Soybeans,1988/89,Production,23929.2,1000 MT,2026-08-10
CONAB,Soybeans,1988/89,Production,23929.2,1000 MT,2026-08-11
CONAB,Soybeans,1988/89,Production,23929.2,1000 MT,2026-08-12
CONAB,Soybeans,1988/89,Production,23929.2,1000 MT,2026-08-13
CONAB,Soybeans,1988/89,Yield,1952.9576913032124,KG/HA,2026-07-28
CONAB,Soybeans,1988/89,Yield,1952.9576913032124,KG/HA,2026-07-30
CONAB,Soybeans,1988/89,Yield,1952.9576913032124,KG/HA,2026-07-31
CONAB,Soybeans,1988/89,Yield,1952.9576913032124,KG/HA,2026-08-02
CONAB,Soybeans,1988/89,Yield,1952.9576913032124,KG/HA,2026-08-03
CONAB,Soybeans,1988/89,Yield,1952.9576913032124,KG/HA,2026-08-04
CONAB,Soybeans,1988/89,Yield,1952.9576913032124,KG/HA,2026-08-05
CONAB,Soybeans,1988/89,Yield,1952.9576913032124,KG/HA,2026-08-06
CONAB,Soybeans,1988/89,Yield,1952.9576913032124,KG/HA,2026-08-07
CONAB,Soybeans,1988/89,Yield,1952.9576913032124,KG/HA,2026-08-08
CONAB,Soybeans,1988/89,Yield,1952.9576913032124,KG/HA,2026-08-10
CONAB,Soybeans,1988/89,Yield,1952.9576913032124,KG/HA,2026-08-11
CONAB,Soybeans,1988/89,Yield,1952.9576913032124,KG/HA,2026-08-12
CONAB,Soybeans,1988/89,Yield,1952.9576913032124,KG/HA,2026-08-13
CONAB,Soybeans,1989/90,Area,11551.4,1000 HA,2026-07-28
CONAB,Soybeans,1989/90,Area,11551.4,1000 HA,2026-07-30
CONAB,Soybeans,1989/90,Area,11551.4,1000 HA,2026-07-31
CONAB,Soybeans,1989/90,Area,11551.4,1000 HA,2026-08-02
CONAB,Soybeans,1989/90,Area,11551.4,1000 HA,2026-08-03
CONAB,Soybeans,1989/90,Area,11551.4,1000 HA,2026-08-04
CONAB,Soybeans,1989/90,Area,11551.4,1000 HA,2026-08-05
CONAB,Soybeans,1989/90,Area,11551.4,1000 HA,2026-08-06
CONAB,Soybeans,1989/90,Area,11551.4,1000 HA,2026-08-07
CONAB,Soybeans,1989/90,Area,11551.4,1000 HA,2026-08-08
CONAB,Soybeans,1989/90,Area,11551.4,1000 HA,2026-08-10
CONAB,Soybeans,1989/90,Area,11551.4,1000 HA,2026-08-11
CONAB,Soybeans,1989/90,Area,11551.4,1000 HA,2026-08-12
CONAB,Soybeans,1989/90,Area,11551.4,1000 HA,2026-08-13
CONAB,Soybeans,1989/90,Production,20101.3,1000 MT,2026-07-28
CONAB,Soybeans,1989/90,Production,20101.3,1000 MT,2026-07-30
CONAB,Soybeans,1989/90,Production,20101.3,1000 MT,2026-07-31
CONAB,Soybeans,1989/90,Production,20101.3,1000 MT,2026-08-02
CONAB,Soybeans,1989/90,Production,20101.3,1000 MT,2026-08-03
CONAB,Soybeans,1989/90,Production,20101.3,1000 MT,2026-08-04
CONAB,Soybeans,1989/90,Production,20101.3,1000 MT,2026-08-05
CONAB,Soybeans,1989/90,Production,20101.3,1000 MT,2026-08-06
CONAB,Soybeans,1989/90,Production,20101.3,1000 MT,2026-08-07
CONAB,Soybeans,1989/90,Production,20101.3,1000 MT,2026-08-08
CONAB,Soybeans,1989/90,Production,20101.3,1000 MT,2026-08-10
CONAB,Soybeans,1989/90,Production,20101.3,1000 MT,2026-08-11
CONAB,Soybeans,1989/90,Production,20101.3,1000 MT,2026-08-12
CONAB,Soybeans,1989/90,Production,20101.3,1000 MT,2026-08-13
CONAB,Soybeans,1989/90,Yield,1740.1613657219038,KG/HA,2026-07-28
CONAB,Soybeans,1989/90,Yield,1740.1613657219038,KG/HA,2026-07-30
CONAB,Soybeans,1989/90,Yield,1740.1613657219038,KG/HA,2026-07-31
CONAB,Soybeans,1989/90,Yield,1740.1613657219038,KG/HA,2026-08-02
CONAB,Soybeans,1989/90,Yield,1740.1613657219038,KG/HA,2026-08-03
CONAB,Soybeans,1989/90,Yield,1740.1613657219038,KG/HA,2026-08-04
CONAB,Soybeans,1989/90,Yield,1740.1613657219038,KG/HA,2026-08-05
CONAB,Soybeans,1989/90,Yield,1740.1613657219038,KG/HA,2026-08-06
CONAB,Soybeans,1989/90,Yield,1740.1613657219038,KG/HA,2026-08-07
CONAB,Soybeans,1989/90,Yield,1740.1613657219038,KG/HA,2026-08-08
CONAB,Soybeans,1989/90,Yield,1740.1613657219038,KG/HA,2026-08-10
CONAB,Soybeans,1989/90,Yield,1740.1613657219038,KG/HA,2026-08-11
CONAB,Soybeans,1989/90,Yield,1740.1613657219038,KG/HA,2026-08-12
CONAB,Soybeans,1989/90,Yield,1740.1613657219038,KG/HA,2026-08-13
CONAB,Soybeans,1990/91,Area,9742.5,1000 HA,2026-07-28
CONAB,Soybeans,1990/91,Area,9742.5,1000 HA,2026-07-30
CONAB,Soybeans,1990/91,Area,9742.5,1000 HA,2026-07-31
CONAB,Soybeans,1990/91,Area,9742.5,1000 HA,2026-08-02
CONAB,Soybeans,1990/91,Area,9742.5,1000 HA,2026-08-03
CONAB,Soybeans,1990/91,Area,9742.5,1000 HA,2026-08-04
CONAB,Soybeans,1990/91,Area,9742.5,1000 HA,2026-08-05
CONAB,Soybeans,1990/91,Area,9742.5,1000 HA,2026-08-06
CONAB,Soybeans,1990/91,Area,9742.5,1000 HA,2026-08-07
CONAB,Soybeans,1990/91,Area,9742.5,1000 HA,2026-08-08
CONAB,Soybeans,1990/91,Area,9742.5,1000 HA,2026-08-10
CONAB,Soybeans,1990/91,Area,9742.5,1000 HA,2026-08-11
CONAB,Soybeans,1990/91,Area,9742.5,1000 HA,2026-08-12
CONAB,Soybeans,1990/91,Area,9742.5,1000 HA,2026-08-13
CONAB,Soybeans,1990/91,Production,15394.5,1000 MT,2026-07-28
CONAB,Soybeans,1990/91,Production,15394.5,1000 MT,2026-07-30
CONAB,Soybeans,1990/91,Production,15394.5,1000 MT,2026-07-31
CONAB,Soybeans,1990/91,Production,15394.5,1000 MT,2026-08-02
CONAB,Soybeans,1990/91,Production,15394.5,1000 MT,2026-08-03
CONAB,Soybeans,1990/91,Production,15394.5,1000 MT,2026-08-04
CONAB,Soybeans,1990/91,Production,15394.5,1000 MT,2026-08-05
CONAB,Soybeans,1990/91,Production,15394.5,1000 MT,2026-08-06
CONAB,Soybeans,1990/91,Production,15394.5,1000 MT,2026-08-07
CONAB,Soybeans,1990/91,Production,15394.5,1000 MT,2026-08-08
CONAB,Soybeans,1990/91,Production,15394.5,1000 MT,2026-08-10
CONAB,Soybeans,1990/91,Production,15394.5,1000 MT,2026-08-11
CONAB,Soybeans,1990/91,Production,15394.5,1000 MT,2026-08-12
CONAB,Soybeans,1990/91,Production,15394.5,1000 MT,2026-08-13
CONAB,Soybeans,1990/91,Yield,1580.1385681293302,KG/HA,2026-07-28
CONAB,Soybeans,1990/91,Yield,1580.1385681293302,KG/HA,2026-07-30
CONAB,Soybeans,1990/91,Yield,1580.1385681293302,KG/HA,2026-07-31
CONAB,Soybeans,1990/91,Yield,1580.1385681293302,KG/HA,2026-08-02
CONAB,Soybeans,1990/91,Yield,1580.1385681293302,KG/HA,2026-08-03
CONAB,Soybeans,1990/91,Yield,1580.1385681293302,KG/HA,2026-08-04
CONAB,Soybeans,1990/91,Yield,1580.1385681293302,KG/HA,2026-08-05
CONAB,Soybeans,1990/91,Yield,1580.1385681293302,KG/HA,2026-08-06
CONAB,Soybeans,1990/91,Yield,1580.1385681293302,KG/HA,2026-08-07
CONAB,Soybeans,1990/91,Yield,1580.1385681293302,KG/HA,2026-08-08
CONAB,Soybeans,1990/91,Yield,1580.1385681293302,KG/HA,2026-08-10
CONAB,Soybeans,1990/91,Yield,1580.1385681293302,KG/HA,2026-08-11
CONAB,Soybeans,1990/91,Yield,1580.1385681293302,KG/HA,2026-08-12
CONAB,Soybeans,1990/91,Yield,1580.1385681293302,KG/HA,2026-08-13
CONAB,Soybeans,1991/92,Area,9582.2,1000 HA,2026-07-28
CONAB,Soybeans,1991/92,Area,9582.2,1000 HA,2026-07-30
CONAB,Soybeans,1991/92,Area,9582.2,1000 HA,2026-07-31
CONAB,Soybeans,1991/92,Area,9582.2,1000 HA,2026-08-02
CONAB,Soybeans,1991/92,Area,9582.2,1000 HA,2026-08-03
CONAB,Soybeans,1991/92,Area,9582.2,1000 HA,2026-08-04
CONAB,Soybeans,1991/92,Area,9582.2,1000 HA,2026-08-05
CONAB,Soybeans,1991/92,Area,9582.2,1000 HA,2026-08-06
CONAB,Soybeans,1991/92,Area,9582.2,1000 HA,2026-08-07
CONAB,Soybeans,1991/92,Area,9582.2,1000 HA,2026-08-08
CONAB,Soybeans,1991/92,Area,9582.2,1000 HA,2026-08-10
CONAB,Soybeans,1991/92,Area,9582.2,1000 HA,2026-08-11
CONAB,Soybeans,1991/92,Area,9582.2,1000 HA,2026-08-12
CONAB,Soybeans,1991/92,Area,9582.2,1000 HA,2026-08-13
CONAB,Soybeans,1991/92,Production,19418.6,1000 MT,2026-07-28
CONAB,Soybeans,1991/92,Production,19418.6,1000 MT,2026-07-30
CONAB,Soybeans,1991/92,Production,19418.6,1000 MT,2026-07-31
CONAB,Soybeans,1991/92,Production,19418.6,1000 MT,2026-08-02
CONAB,Soybeans,1991/92,Production,19418.6,1000 MT,2026-08-03
CONAB,Soybeans,1991/92,Production,19418.6,1000 MT,2026-08-04
CONAB,Soybeans,1991/92,Production,19418.6,1000 MT,2026-08-05
CONAB,Soybeans,1991/92,Production,19418.6,1000 MT,2026-08-06
CONAB,Soybeans,1991/92,Production,19418.6,1000 MT,2026-08-07
CONAB,Soybeans,1991/92,Production,19418.6,1000 MT,2026-08-08
CONAB,Soybeans,1991/92,Production,19418.6,1000 MT,2026-08-10
CONAB,Soybeans,1991/92,Production,19418.6,1000 MT,2026-08-11
CONAB,Soybeans,1991/92,Production,19418.6,1000 MT,2026-08-12
CONAB,Soybeans,1991/92,Production,19418.6,1000 MT,2026-08-13
CONAB,Soybeans,1991/92,Yield,2026.5283546575938,KG/HA,2026-07-28
CONAB,Soybeans,1991/92,Yield,2026.5283546575938,KG/HA,2026-07-30
CONAB,Soybeans,1991/92,Yield,2026.5283546575938,KG/HA,2026-07-31
CONAB,Soybeans,1991/92,Yield,2026.5283546575938,KG/HA,2026-08-02
CONAB,Soybeans,1991/92,Yield,2026.5283546575938,KG/HA,2026-08-03
CONAB,Soybeans,1991/92,Yield,2026.5283546575938,KG/HA,2026-08-04
CONAB,Soybeans,1991/92,Yield,2026.5283546575938,KG/HA,2026-08-05
CONAB,Soybeans,1991/92,Yield,2026.5283546575938,KG/HA,2026-08-06
CONAB,Soybeans,1991/92,Yield,2026.5283546575938,KG/HA,2026-08-07
CONAB,Soybeans,1991/92,Yield,2026.5283546575938,KG/HA,2026-08-08
CONAB,Soybeans,1991/92,Yield,2026.5283546575938,KG/HA,2026-08-10
CONAB,Soybeans,1991/92,Yield,2026.5283546575938,KG/HA,2026-08-11
CONAB,Soybeans,1991/92,Yield,2026.5283546575938,KG/HA,2026-08-12
CONAB,Soybeans,1991/92,Yield,2026.5283546575938,KG/HA,2026-08-13
CONAB,Soybeans,1992/93,Area,10717.0,1000 HA,2026-07-28
CONAB,Soybeans,1992/93,Area,10717.0,1000 HA,2026-07-30
CONAB,Soybeans,1992/93,Area,10717.0,1000 HA,2026-07-31
CONAB,Soybeans,1992/93,Area,10717.0,1000 HA,2026-08-02
CONAB,Soybeans,1992/93,Area,10717.0,1000 HA,2026-08-03
CONAB,Soybeans,1992/93,Area,10717.0,1000 HA,2026-08-04
CONAB,Soybeans,1992/93,Area,10717.0,1000 HA,2026-08-05
CONAB,Soybeans,1992/93,Area,10717.0,1000 HA,2026-08-06
CONAB,Soybeans,1992/93,Area,10717.0,1000 HA,2026-08-07
CONAB,Soybeans,1992/93,Area,10717.0,1000 HA,2026-08-08
CONAB,Soybeans,1992/93,Area,10717.0,1000 HA,2026-08-10
CONAB,Soybeans,1992/93,Area,10717.0,1000 HA,2026-08-11
CONAB,Soybeans,1992/93,Area,10717.0,1000 HA,2026-08-12
CONAB,Soybeans,1992/93,Area,10717.0,1000 HA,2026-08-13
CONAB,Soybeans,1992/93,Production,23042.100000000002,1000 MT,2026-07-28
CONAB,Soybeans,1992/93,Production,23042.100000000002,1000 MT,2026-07-30
CONAB,Soybeans,1992/93,Production,23042.100000000002,1000 MT,2026-07-31
CONAB,Soybeans,1992/93,Production,23042.100000000002,1000 MT,2026-08-02
CONAB,Soybeans,1992/93,Production,23042.100000000002,1000 MT,2026-08-03
CONAB,Soybeans,1992/93,Production,23042.100000000002,1000 MT,2026-08-04
CONAB,Soybeans,1992/93,Production,23042.100000000002,1000 MT,2026-08-05
CONAB,Soybeans,1992/93,Production,23042.100000000002,1000 MT,2026-08-06
CONAB,Soybeans,1992/93,Production,23042.100000000002,1000 MT,2026-08-07
CONAB,Soybeans,1992/93,Production,23042.100000000002,1000 MT,2026-08-08
CONAB,Soybeans,1992/93,Production,23042.100000000002,1000 MT,2026-08-10
CONAB,Soybeans,1992/93,Production,23042.100000000002,1000 MT,2026-08-11
CONAB,Soybeans,1992/93,Production,23042.100000000002,1000 MT,2026-08-12
CONAB,Soybeans,1992/93,Production,23042.100000000002,1000 MT,2026-08-13
CONAB,Soybeans,1992/93,Yield,2150.051320332183,KG/HA,2026-07-28
CONAB,Soybeans,1992/93,Yield,2150.051320332183,KG/HA,2026-07-30
CONAB,Soybeans,1992/93,Yield,2150.051320332183,KG/HA,2026-07-31
CONAB,Soybeans,1992/93,Yield,2150.051320332183,KG/HA,2026-08-02
CONAB,Soybeans,1992/93,Yield,2150.051320332183,KG/HA,2026-08-03
CONAB,Soybeans,1992/93,Yield,2150.051320332183,KG/HA,2026-08-04
CONAB,Soybeans,1992/93,Yield,2150.051320332183,KG/HA,2026-08-05
CONAB,Soybeans,1992/93,Yield,2150.051320332183,KG/HA,2026-08-06
CONAB,Soybeans,1992/93,Yield,2150.051320332183,KG/HA,2026-08-07
CONAB,Soybeans,1992/93,Yield,2150.051320332183,KG/HA,2026-08-08
CONAB,Soybeans,1992/93,Yield,2150.051320332183,KG/HA,2026-08-10
CONAB,Soybeans,1992/93,Yield,2150.051320332183,KG/HA,2026-08-11
CONAB,Soybeans,1992/93,Yield,2150.051320332183,KG/HA,2026-08-12
CONAB,Soybeans,1992/93,Yield,2150.051320332183,KG/HA,2026-08-13
CONAB,Soybeans,1993/94,Area,11501.7,1000 HA,2026-07-28
CONAB,Soybeans,1993/94,Area,11501.7,1000 HA,2026-07-30
CONAB,Soybeans,1993/94,Area,11501.7,1000 HA,2026-07-31
CONAB,Soybeans,1993/94,Area,11501.7,1000 HA,2026-08-02
CONAB,Soybeans,1993/94,Area,11501.7,1000 HA,2026-08-03
CONAB,Soybeans,1993/94,Area,11501.7,1000 HA,2026-08-04
CONAB,Soybeans,1993/94,Area,11501.7,1000 HA,2026-08-05
CONAB,Soybeans,1993/94,Area,11501.7,1000 HA,2026-08-06
CONAB,Soybeans,1993/94,Area,11501.7,1000 HA,2026-08-07
CONAB,Soybeans,1993/94,Area,11501.7,1000 HA,2026-08-08
CONAB,Soybeans,1993/94,Area,11501.7,1000 HA,2026-08-10
CONAB,Soybeans,1993/94,Area,11501.7,1000 HA,2026-08-11
CONAB,Soybeans,1993/94,Area,11501.7,1000 HA,2026-08-12
CONAB,Soybeans,1993/94,Area,11501.7,1000 HA,2026-08-13
CONAB,Soybeans,1993/94,Production,25059.2,1000 MT,2026-07-28
CONAB,Soybeans,1993/94,Production,25059.2,1000 MT,2026-07-30
CONAB,Soybeans,1993/94,Production,25059.2,1000 MT,2026-07-31
CONAB,Soybeans,1993/94,Production,25059.2,1000 MT,2026-08-02
CONAB,Soybeans,1993/94,Production,25059.2,1000 MT,2026-08-03
CONAB,Soybeans,1993/94,Production,25059.2,1000 MT,2026-08-04
CONAB,Soybeans,1993/94,Production,25059.2,1000 MT,2026-08-05
CONAB,Soybeans,1993/94,Production,25059.2,1000 MT,2026-08-06
CONAB,Soybeans,1993/94,Production,25059.2,1000 MT,2026-08-07
CONAB,Soybeans,1993/94,Production,25059.2,1000 MT,2026-08-08
CONAB,Soybeans,1993/94,Production,25059.2,1000 MT,2026-08-10
CONAB,Soybeans,1993/94,Production,25059.2,1000 MT,2026-08-11
CONAB,Soybeans,1993/94,Production,25059.2,1000 MT,2026-08-12
CONAB,Soybeans,1993/94,Production,25059.2,1000 MT,2026-08-13
CONAB,Soybeans,1993/94,Yield,2178.738795134632,KG/HA,2026-07-28
CONAB,Soybeans,1993/94,Yield,2178.738795134632,KG/HA,2026-07-30
CONAB,Soybeans,1993/94,Yield,2178.738795134632,KG/HA,2026-07-31
CONAB,Soybeans,1993/94,Yield,2178.738795134632,KG/HA,2026-08-02
CONAB,Soybeans,1993/94,Yield,2178.738795134632,KG/HA,2026-08-03
CONAB,Soybeans,1993/94,Yield,2178.738795134632,KG/HA,2026-08-04
CONAB,Soybeans,1993/94,Yield,2178.738795134632,KG/HA,2026-08-05
CONAB,Soybeans,1993/94,Yield,2178.738795134632,KG/HA,2026-08-06
CONAB,Soybeans,1993/94,Yield,2178.738795134632,KG/HA,2026-08-07
CONAB,Soybeans,1993/94,Yield,2178.738795134632,KG/HA,2026-08-08
CONAB,Soybeans,1993/94,Yield,2178.738795134632,KG/HA,2026-08-10
CONAB,Soybeans,1993/94,Yield,2178.738795134632,KG/HA,2026-08-11
CONAB,Soybeans,1993/94,Yield,2178.738795134632,KG/HA,2026-08-12
CONAB,Soybeans,1993/94,Yield,2178.738795134632,KG/HA,2026-08-13
CONAB,Soybeans,1994/95,Area,11678.7,1000 HA,2026-07-28
CONAB,Soybeans,1994/95,Area,11678.7,1000 HA,2026-07-30
CONAB,Soybeans,1994/95,Area,11678.7,1000 HA,2026-07-31
CONAB,Soybeans,1994/95,Area,11678.7,1000 HA,2026-08-02
CONAB,Soybeans,1994/95,Area,11678.7,1000 HA,2026-08-03
CONAB,Soybeans,1994/95,Area,11678.7,1000 HA,2026-08-04
CONAB,Soybeans,1994/95,Area,11678.7,1000 HA,2026-08-05
CONAB,Soybeans,1994/95,Area,11678.7,1000 HA,2026-08-06
CONAB,Soybeans,1994/95,Area,11678.7,1000 HA,2026-08-07
CONAB,Soybeans,1994/95,Area,11678.7,1000 HA,2026-08-08
CONAB,Soybeans,1994/95,Area,11678.7,1000 HA,2026-08-10
CONAB,Soybeans,1994/95,Area,11678.7,1000 HA,2026-08-11
CONAB,Soybeans,1994/95,Area,11678.7,1000 HA,2026-08-12
CONAB,Soybeans,1994/95,Area,11678.7,1000 HA,2026-08-13
CONAB,Soybeans,1994/95,Production,25934.100000000002,1000 MT,2026-07-28
CONAB,Soybeans,1994/95,Production,25934.100000000002,1000 MT,2026-07-30
CONAB,Soybeans,1994/95,Production,25934.100000000002,1000 MT,2026-07-31
CONAB,Soybeans,1994/95,Production,25934.100000000002,1000 MT,2026-08-02
CONAB,Soybeans,1994/95,Production,25934.100000000002,1000 MT,2026-08-03
CONAB,Soybeans,1994/95,Production,25934.100000000002,1000 MT,2026-08-04
CONAB,Soybeans,1994/95,Production,25934.100000000002,1000 MT,2026-08-05
CONAB,Soybeans,1994/95,Production,25934.100000000002,1000 MT,2026-08-06
CONAB,Soybeans,1994/95,Production,25934.100000000002,1000 MT,2026-08-07
CONAB,Soybeans,1994/95,Production,25934.100000000002,1000 MT,2026-08-08
CONAB,Soybeans,1994/95,Production,25934.100000000002,1000 MT,2026-08-10
CONAB,Soybeans,1994/95,Production,25934.100000000002,1000 MT,2026-08-11
CONAB,Soybeans,1994/95,Production,25934.100000000002,1000 MT,2026-08-12
CONAB,Soybeans,1994/95,Production,25934.100000000002,1000 MT,2026-08-13
CONAB,Soybeans,1994/95,Yield,2220.632433404403,KG/HA,2026-07-28
CONAB,Soybeans,1994/95,Yield,2220.632433404403,KG/HA,2026-07-30
CONAB,Soybeans,1994/95,Yield,2220.632433404403,KG/HA,2026-07-31
CONAB,Soybeans,1994/95,Yield,2220.632433404403,KG/HA,2026-08-02
CONAB,Soybeans,1994/95,Yield,2220.632433404403,KG/HA,2026-08-03
CONAB,Soybeans,1994/95,Yield,2220.632433404403,KG/HA,2026-08-04
CONAB,Soybeans,1994/95,Yield,2220.632433404403,KG/HA,2026-08-05
CONAB,Soybeans,1994/95,Yield,2220.632433404403,KG/HA,2026-08-06
CONAB,Soybeans,1994/95,Yield,2220.632433404403,KG/HA,2026-08-07
CONAB,Soybeans,1994/95,Yield,2220.632433404403,KG/HA,2026-08-08
CONAB,Soybeans,1994/95,Yield,2220.632433404403,KG/HA,2026-08-10
CONAB,Soybeans,1994/95,Yield,2220.632433404403,KG/HA,2026-08-11
CONAB,Soybeans,1994/95,Yield,2220.632433404403,KG/HA,2026-08-12
CONAB,Soybeans,1994/95,Yield,2220.632433404403,KG/HA,2026-08-13
CONAB,Soybeans,1995/96,Area,10663.2,1000 HA,2026-07-28
CONAB,Soybeans,1995/96,Area,10663.2,1000 HA,2026-07-30
CONAB,Soybeans,1995/96,Area,10663.2,1000 HA,2026-07-31
CONAB,Soybeans,1995/96,Area,10663.2,1000 HA,2026-08-02
CONAB,Soybeans,1995/96,Area,10663.2,1000 HA,2026-08-03
CONAB,Soybeans,1995/96,Area,10663.2,1000 HA,2026-08-04
CONAB,Soybeans,1995/96,Area,10663.2,1000 HA,2026-08-05
CONAB,Soybeans,1995/96,Area,10663.2,1000 HA,2026-08-06
CONAB,Soybeans,1995/96,Area,10663.2,1000 HA,2026-08-07
CONAB,Soybeans,1995/96,Area,10663.2,1000 HA,2026-08-08
CONAB,Soybeans,1995/96,Area,10663.2,1000 HA,2026-08-10
CONAB,Soybeans,1995/96,Area,10663.2,1000 HA,2026-08-11
CONAB,Soybeans,1995/96,Area,10663.2,1000 HA,2026-08-12
CONAB,Soybeans,1995/96,Area,10663.2,1000 HA,2026-08-13
CONAB,Soybeans,1995/96,Production,23189.7,1000 MT,2026-07-28
CONAB,Soybeans,1995/96,Production,23189.7,1000 MT,2026-07-30
CONAB,Soybeans,1995/96,Production,23189.7,1000 MT,2026-07-31
CONAB,Soybeans,1995/96,Production,23189.7,1000 MT,2026-08-02
CONAB,Soybeans,1995/96,Production,23189.7,1000 MT,2026-08-03
CONAB,Soybeans,1995/96,Production,23189.7,1000 MT,2026-08-04
CONAB,Soybeans,1995/96,Production,23189.7,1000 MT,2026-08-05
CONAB,Soybeans,1995/96,Production,23189.7,1000 MT,2026-08-06
CONAB,Soybeans,1995/96,Production,23189.7,1000 MT,2026-08-07
CONAB,Soybeans,1995/96,Production,23189.7,1000 MT,2026-08-08
CONAB,Soybeans,1995/96,Production,23189.7,1000 MT,2026-08-10
CONAB,Soybeans,1995/96,Production,23189.7,1000 MT,2026-08-11
CONAB,Soybeans,1995/96,Production,23189.7,1000 MT,2026-08-12
CONAB,Soybeans,1995/96,Production,23189.7,1000 MT,2026-08-13
CONAB,Soybeans,1995/96,Yield,2174.7411658789106,KG/HA,2026-07-28
CONAB,Soybeans,1995/96,Yield,2174.7411658789106,KG/HA,2026-07-30
CONAB,Soybeans,1995/96,Yield,2174.7411658789106,KG/HA,2026-07-31
CONAB,Soybeans,1995/96,Yield,2174.7411658789106,KG/HA,2026-08-02
CONAB,Soybeans,1995/96,Yield,2174.7411658789106,KG/HA,2026-08-03
CONAB,Soybeans,1995/96,Yield,2174.7411658789106,KG/HA,2026-08-04
CONAB,Soybeans,1995/96,Yield,2174.7411658789106,KG/HA,2026-08-05
CONAB,Soybeans,1995/96,Yield,2174.7411658789106,KG/HA,2026-08-06
CONAB,Soybeans,1995/96,Yield,2174.7411658789106,KG/HA,2026-08-07
CONAB,Soybeans,1995/96,Yield,2174.7411658789106,KG/HA,2026-08-08
CONAB,Soybeans,1995/96,Yield,2174.7411658789106,KG/HA,2026-08-10
CONAB,Soybeans,1995/96,Yield,2174.7411658789106,KG/HA,2026-08-11
CONAB,Soybeans,1995/96,Yield,2174.7411658789106,KG/HA,2026-08-12
CONAB,Soybeans,1995/96,Yield,2174.7411658789106,KG/HA,2026-08-13
CONAB,Soybeans,1996/97,Area,11381.3,1000 HA,2026-07-28
CONAB,Soybeans,1996/97,Area,11381.3,1000 HA,2026-07-30
CONAB,Soybeans,1996/97,Area,11381.3,1000 HA,2026-07-31
CONAB,Soybeans,1996/97,Area,11381.3,1000 HA,2026-08-02
CONAB,Soybeans,1996/97,Area,11381.3,1000 HA,2026-08-03
CONAB,Soybeans,1996/97,Area,11381.3,1000 HA,2026-08-04
CONAB,Soybeans,1996/97,Area,11381.3,1000 HA,2026-08-05
CONAB,Soybeans,1996/97,Area,11381.3,1000 HA,2026-08-06
CONAB,Soybeans,1996/97,Area,11381.3,1000 HA,2026-08-07
CONAB,Soybeans,1996/97,Area,11381.3,1000 HA,2026-08-08
CONAB,Soybeans,1996/97,Area,11381.3,1000 HA,2026-08-10
CONAB,Soybeans,1996/97,Area,11381.3,1000 HA,2026-08-11
CONAB,Soybeans,1996/97,Area,11381.3,1000 HA,2026-08-12
CONAB,Soybeans,1996/97,Area,11381.3,1000 HA,2026-08-13
CONAB,Soybeans,1996/97,Production,26160.0,1000 MT,2026-07-28
CONAB,Soybeans,1996/97,Production,26160.0,1000 MT,2026-07-30
CONAB,Soybeans,1996/97,Production,26160.0,1000 MT,2026-07-31
CONAB,Soybeans,1996/97,Production,26160.0,1000 MT,2026-08-02
CONAB,Soybeans,1996/97,Production,26160.0,1000 MT,2026-08-03
CONAB,Soybeans,1996/97,Production,26160.0,1000 MT,2026-08-04
CONAB,Soybeans,1996/97,Production,26160.0,1000 MT,2026-08-05
CONAB,Soybeans,1996/97,Production,26160.0,1000 MT,2026-08-06
CONAB,Soybeans,1996/97,Production,26160.0,1000 MT,2026-08-07
CONAB,Soybeans,1996/97,Production,26160.0,1000 MT,2026-08-08
CONAB,Soybeans,1996/97,Production,26160.0,1000 MT,2026-08-10
CONAB,Soybeans,1996/97,Production,26160.0,1000 MT,2026-08-11
CONAB,Soybeans,1996/97,Production,26160.0,1000 MT,2026-08-12
CONAB,Soybeans,1996/97,Production,26160.0,1000 MT,2026-08-13
CONAB,Soybeans,1996/97,Yield,2298.5072004076865,KG/HA,2026-07-28
CONAB,Soybeans,1996/97,Yield,2298.5072004076865,KG/HA,2026-07-30
CONAB,Soybeans,1996/97,Yield,2298.5072004076865,KG/HA,2026-07-31
CONAB,Soybeans,1996/97,Yield,2298.5072004076865,KG/HA,2026-08-02
CONAB,Soybeans,1996/97,Yield,2298.5072004076865,KG/HA,2026-08-03
CONAB,Soybeans,1996/97,Yield,2298.5072004076865,KG/HA,2026-08-04
CONAB,Soybeans,1996/97,Yield,2298.5072004076865,KG/HA,2026-08-05
CONAB,Soybeans,1996/97,Yield,2298.5072004076865,KG/HA,2026-08-06
CONAB,Soybeans,1996/97,Yield,2298.5072004076865,KG/HA,2026-08-07
CONAB,Soybeans,1996/97,Yield,2298.5072004076865,KG/HA,2026-08-08
CONAB,Soybeans,1996/97,Yield,2298.5072004076865,KG/HA,2026-08-10
CONAB,Soybeans,1996/97,Yield,2298.5072004076865,KG/HA,2026-08-11
CONAB,Soybeans,1996/97,Yield,2298.5072004076865,KG/HA,2026-08-12
CONAB,Soybeans,1996/97,Yield,2298.5072004076865,KG/HA,2026-08-13
CONAB,Soybeans,1997/98,Area,13157.9,1000 HA,2026-07-28
CONAB,Soybeans,1997/98,Area,13157.9,1000 HA,2026-07-30
CONAB,Soybeans,1997/98,Area,13157.9,1000 HA,2026-07-31
CONAB,Soybeans,1997/98,Area,13157.9,1000 HA,2026-08-02
CONAB,Soybeans,1997/98,Area,13157.9,1000 HA,2026-08-03
CONAB,Soybeans,1997/98,Area,13157.9,1000 HA,2026-08-04
CONAB,Soybeans,1997/98,Area,13157.9,1000 HA,2026-08-05
CONAB,Soybeans,1997/98,Area,13157.9,1000 HA,2026-08-06
CONAB,Soybeans,1997/98,Area,13157.9,1000 HA,2026-08-07
CONAB,Soybeans,1997/98,Area,13157.9,1000 HA,2026-08-08
CONAB,Soybeans,1997/98,Area,13157.9,1000 HA,2026-08-10
CONAB,Soybeans,1997/98,Area,13157.9,1000 HA,2026-08-11
CONAB,Soybeans,1997/98,Area,13157.9,1000 HA,2026-08-12
CONAB,Soybeans,1997/98,Area,13157.9,1000 HA,2026-08-13
CONAB,Soybeans,1997/98,Production,31369.9,1000 MT,2026-07-28
CONAB,Soybeans,1997/98,Production,31369.9,1000 MT,2026-07-30
CONAB,Soybeans,1997/98,Production,31369.9,1000 MT,2026-07-31
CONAB,Soybeans,1997/98,Production,31369.9,1000 MT,2026-08-02
CONAB,Soybeans,1997/98,Production,31369.9,1000 MT,2026-08-03
CONAB,Soybeans,1997/98,Production,31369.9,1000 MT,2026-08-04
CONAB,Soybeans,1997/98,Production,31369.9,1000 MT,2026-08-05
CONAB,Soybeans,1997/98,Production,31369.9,1000 MT,2026-08-06
CONAB,Soybeans,1997/98,Production,31369.9,1000 MT,2026-08-07
CONAB,Soybeans,1997/98,Production,31369.9,1000 MT,2026-08-08
CONAB,Soybeans,1997/98,Production,31369.9,1000 MT,2026-08-10
CONAB,Soybeans,1997/98,Production,31369.9,1000 MT,2026-08-11
CONAB,Soybeans,1997/98,Production,31369.9,1000 MT,2026-08-12
CONAB,Soybeans,1997/98,Production,31369.9,1000 MT,2026-08-13
CONAB,Soybeans,1997/98,Yield,2384.111446355422,KG/HA,2026-07-28
CONAB,Soybeans,1997/98,Yield,2384.111446355422,KG/HA,2026-07-30
CONAB,Soybeans,1997/98,Yield,2384.111446355422,KG/HA,2026-07-31
CONAB,Soybeans,1997/98,Yield,2384.111446355422,KG/HA,2026-08-02
CONAB,Soybeans,1997/98,Yield,2384.111446355422,KG/HA,2026-08-03
CONAB,Soybeans,1997/98,Yield,2384.111446355422,KG/HA,2026-08-04
CONAB,Soybeans,1997/98,Yield,2384.111446355422,KG/HA,2026-08-05
CONAB,Soybeans,1997/98,Yield,2384.111446355422,KG/HA,2026-08-06
CONAB,Soybeans,1997/98,Yield,2384.111446355422,KG/HA,2026-08-07
CONAB,Soybeans,1997/98,Yield,2384.111446355422,KG/HA,2026-08-08
CONAB,Soybeans,1997/98,Yield,2384.111446355422,KG/HA,2026-08-10
CONAB,Soybeans,1997/98,Yield,2384.111446355422,KG/HA,2026-08-11
CONAB,Soybeans,1997/98,Yield,2384.111446355422,KG/HA,2026-08-12
CONAB,Soybeans,1997/98,Yield,2384.111446355422,KG/HA,2026-08-13
CONAB,Soybeans,1998/99,Area,12995.2,1000 HA,2026-07-28
CONAB,Soybeans,1998/99,Area,12995.2,1000 HA,2026-07-30
CONAB,Soybeans,1998/99,Area,12995.2,1000 HA,2026-07-31
CONAB,Soybeans,1998/99,Area,12995.2,1000 HA,2026-08-02
CONAB,Soybeans,1998/99,Area,12995.2,1000 HA,2026-08-03
CONAB,Soybeans,1998/99,Area,12995.2,1000 HA,2026-08-04
CONAB,Soybeans,1998/99,Area,12995.2,1000 HA,2026-08-05
CONAB,Soybeans,1998/99,Area,12995.2,1000 HA,2026-08-06
CONAB,Soybeans,1998/99,Area,12995.2,1000 HA,2026-08-07
CONAB,Soybeans,1998/99,Area,12995.2,1000 HA,2026-08-08
CONAB,Soybeans,1998/99,Area,12995.2,1000 HA,2026-08-10
CONAB,Soybeans,1998/99,Area,12995.2,1000 HA,2026-08-11
CONAB,Soybeans,1998/99,Area,12995.2,1000 HA,2026-08-12
CONAB,Soybeans,1998/99,Area,12995.2,1000 HA,2026-08-13
CONAB,Soybeans,1998/99,Production,30765.0,1000 MT,2026-07-28
CONAB,Soybeans,1998/99,Production,30765.0,1000 MT,2026-07-30
CONAB,Soybeans,1998/99,Production,30765.0,1000 MT,2026-07-31
CONAB,Soybeans,1998/99,Production,30765.0,1000 MT,2026-08-02
CONAB,Soybeans,1998/99,Production,30765.0,1000 MT,2026-08-03
CONAB,Soybeans,1998/99,Production,30765.0,1000 MT,2026-08-04
CONAB,Soybeans,1998/99,Production,30765.0,1000 MT,2026-08-05
CONAB,Soybeans,1998/99,Production,30765.0,1000 MT,2026-08-06
CONAB,Soybeans,1998/99,Production,30765.0,1000 MT,2026-08-07
CONAB,Soybeans,1998/99,Production,30765.0,1000 MT,2026-08-08
CONAB,Soybeans,1998/99,Production,30765.0,1000 MT,2026-08-10
CONAB,Soybeans,1998/99,Production,30765.0,1000 MT,2026-08-11
CONAB,Soybeans,1998/99,Production,30765.0,1000 MT,2026-08-12
CONAB,Soybeans,1998/99,Production,30765.0,1000 MT,2026-08-13
CONAB,Soybeans,1998/99,Yield,2367.4125831076085,KG/HA,2026-07-28
CONAB,Soybeans,1998/99,Yield,2367.4125831076085,KG/HA,2026-07-30
CONAB,Soybeans,1998/99,Yield,2367.4125831076085,KG/HA,2026-07-31
CONAB,Soybeans,1998/99,Yield,2367.4125831076085,KG/HA,2026-08-02
CONAB,Soybeans,1998/99,Yield,2367.4125831076085,KG/HA,2026-08-03
CONAB,Soybeans,1998/99,Yield,2367.4125831076085,KG/HA,2026-08-04
CONAB,Soybeans,1998/99,Yield,2367.4125831076085,KG/HA,2026-08-05
CONAB,Soybeans,1998/99,Yield,2367.4125831076085,KG/HA,2026-08-06
CONAB,Soybeans,1998/99,Yield,2367.4125831076085,KG/HA,2026-08-07
CONAB,Soybeans,1998/99,Yield,2367.4125831076085,KG/HA,2026-08-08
CONAB,Soybeans,1998/99,Yield,2367.4125831076085,KG/HA,2026-08-10
CONAB,Soybeans,1998/99,Yield,2367.4125831076085,KG/HA,2026-08-11
CONAB,Soybeans,1998/99,Yield,2367.4125831076085,KG/HA,2026-08-12
CONAB,Soybeans,1998/99,Yield,2367.4125831076085,KG/HA,2026-08-13
CONAB,Soybeans,1999/00,Area,13622.9,1000 HA,2026-07-28
CONAB,Soybeans,1999/00,Area,13622.9,1000 HA,2026-07-30
CONAB,Soybeans,1999/00,Area,13622.9,1000 HA,2026-07-31
CONAB,Soybeans,1999/00,Area,13622.9,1000 HA,2026-08-02
CONAB,Soybeans,1999/00,Area,13622.9,1000 HA,2026-08-03
CONAB,Soybeans,1999/00,Area,13622.9,1000 HA,2026-08-04
CONAB,Soybeans,1999/00,Area,13622.9,1000 HA,2026-08-05
CONAB,Soybeans,1999/00,Area,13622.9,1000 HA,2026-08-06
CONAB,Soybeans,1999/00,Area,13622.9,1000 HA,2026-08-07
CONAB,Soybeans,1999/00,Area,13622.9,1000 HA,2026-08-08
CONAB,Soybeans,1999/00,Area,13622.9,1000 HA,2026-08-10
CONAB,Soybeans,1999/00,Area,13622.9,1000 HA,2026-08-11
CONAB,Soybeans,1999/00,Area,13622.9,1000 HA,2026-08-12
CONAB,Soybeans,1999/00,Area,13622.9,1000 HA,2026-08-13
CONAB,Soybeans,1999/00,Production,32344.6,1000 MT,2026-07-28
CONAB,Soybeans,1999/00,Production,32344.6,1000 MT,2026-07-30
CONAB,Soybeans,1999/00,Production,32344.6,1000 MT,2026-07-31
CONAB,Soybeans,1999/00,Production,32344.6,1000 MT,2026-08-02
CONAB,Soybeans,1999/00,Production,32344.6,1000 MT,2026-08-03
CONAB,Soybeans,1999/00,Production,32344.6,1000 MT,2026-08-04
CONAB,Soybeans,1999/00,Production,32344.6,1000 MT,2026-08-05
CONAB,Soybeans,1999/00,Production,32344.6,1000 MT,2026-08-06
CONAB,Soybeans,1999/00,Production,32344.6,1000 MT,2026-08-07
CONAB,Soybeans,1999/00,Production,32344.6,1000 MT,2026-08-08
CONAB,Soybeans,1999/00,Production,32344.6,1000 MT,2026-08-10
CONAB,Soybeans,1999/00,Production,32344.6,1000 MT,2026-08-11
CONAB,Soybeans,1999/00,Production,32344.6,1000 MT,2026-08-12
CONAB,Soybeans,1999/00,Production,32344.6,1000 MT,2026-08-13
CONAB,Soybeans,1999/00,Yield,2374.2815406411264,KG/HA,2026-07-28
CONAB,Soybeans,1999/00,Yield,2374.2815406411264,KG/HA,2026-07-30
CONAB,Soybeans,1999/00,Yield,2374.2815406411264,KG/HA,2026-07-31
CONAB,Soybeans,1999/00,Yield,2374.2815406411264,KG/HA,2026-08-02
CONAB,Soybeans,1999/00,Yield,2374.2815406411264,KG/HA,2026-08-03
CONAB,Soybeans,1999/00,Yield,2374.2815406411264,KG/HA,2026-08-04
CONAB,Soybeans,1999/00,Yield,2374.2815406411264,KG/HA,2026-08-05
CONAB,Soybeans,1999/00,Yield,2374.2815406411264,KG/HA,2026-08-06
CONAB,Soybeans,1999/00,Yield,2374.2815406411264,KG/HA,2026-08-07
CONAB,Soybeans,1999/00,Yield,2374.2815406411264,KG/HA,2026-08-08
CONAB,Soybeans,1999/00,Yield,2374.2815406411264,KG/HA,2026-08-10
CONAB,Soybeans,1999/00,Yield,2374.2815406411264,KG/HA,2026-08-11
CONAB,Soybeans,1999/00,Yield,2374.2815406411264,KG/HA,2026-08-12
CONAB,Soybeans,1999/00,Yield,2374.2815406411264,KG/HA,2026-08-13
CONAB,Soybeans,2000/01,Area,13969.8,1000 HA,2026-07-28
CONAB,Soybeans,2000/01,Area,13969.8,1000 HA,2026-07-30
CONAB,Soybeans,2000/01,Area,13969.8,1000 HA,2026-07-31
CONAB,Soybeans,2000/01,Area,13969.8,1000 HA,2026-08-02
CONAB,Soybeans,2000/01,Area,13969.8,1000 HA,2026-08-03
CONAB,Soybeans,2000/01,Area,13969.8,1000 HA,2026-08-04
CONAB,Soybeans,2000/01,Area,13969.8,1000 HA,2026-08-05
CONAB,Soybeans,2000/01,Area,13969.8,1000 HA,2026-08-06
CONAB,Soybeans,2000/01,Area,13969.8,1000 HA,2026-08-07
CONAB,Soybeans,2000/01,Area,13969.8,1000 HA,2026-08-08
CONAB,Soybeans,2000/01,Area,13969.8,1000 HA,2026-08-10
CONAB,Soybeans,2000/01,Area,13969.8,1000 HA,2026-08-11
CONAB,Soybeans,2000/01,Area,13969.8,1000 HA,2026-08-12
CONAB,Soybeans,2000/01,Area,13969.8,1000 HA,2026-08-13
CONAB,Soybeans,2000/01,Production,38431.799999999996,1000 MT,2026-07-28
CONAB,Soybeans,2000/01,Production,38431.799999999996,1000 MT,2026-07-30
CONAB,Soybeans,2000/01,Production,38431.799999999996,1000 MT,2026-07-31
CONAB,Soybeans,2000/01,Production,38431.799999999996,1000 MT,2026-08-02
CONAB,Soybeans,2000/01,Production,38431.799999999996,1000 MT,2026-08-03
CONAB,Soybeans,2000/01,Production,38431.799999999996,1000 MT,2026-08-04
CONAB,Soybeans,2000/01,Production,38431.799999999996,1000 MT,2026-08-05
CONAB,Soybeans,2000/01,Production,38431.799999999996,1000 MT,2026-08-06
CONAB,Soybeans,2000/01,Production,38431.799999999996,1000 MT,2026-08-07
CONAB,Soybeans,2000/01,Production,38431.799999999996,1000 MT,2026-08-08
CONAB,Soybeans,2000/01,Production,38431.799999999996,1000 MT,2026-08-10
CONAB,Soybeans,2000/01,Production,38431.799999999996,1000 MT,2026-08-11
CONAB,Soybeans,2000/01,Production,38431.799999999996,1000 MT,2026-08-12
CONAB,Soybeans,2000/01,Production,38431.799999999996,1000 MT,2026-08-13
CONAB,Soybeans,2000/01,Yield,2751.063007344414,KG/HA,2026-07-28
CONAB,Soybeans,2000/01,Yield,2751.063007344414,KG/HA,2026-07-30
CONAB,Soybeans,2000/01,Yield,2751.063007344414,KG/HA,2026-07-31
CONAB,Soybeans,2000/01,Yield,2751.063007344414,KG/HA,2026-08-02
CONAB,Soybeans,2000/01,Yield,2751.063007344414,KG/HA,2026-08-03
CONAB,Soybeans,2000/01,Yield,2751.063007344414,KG/HA,2026-08-04
CONAB,Soybeans,2000/01,Yield,2751.063007344414,KG/HA,2026-08-05
CONAB,Soybeans,2000/01,Yield,2751.063007344414,KG/HA,2026-08-06
CONAB,Soybeans,2000/01,Yield,2751.063007344414,KG/HA,2026-08-07
CONAB,Soybeans,2000/01,Yield,2751.063007344414,KG/HA,2026-08-08
CONAB,Soybeans,2000/01,Yield,2751.063007344414,KG/HA,2026-08-10
CONAB,Soybeans,2000/01,Yield,2751.063007344414,KG/HA,2026-08-11
CONAB,Soybeans,2000/01,Yield,2751.063007344414,KG/HA,2026-08-12
CONAB,Soybeans,2000/01,Yield,2751.063007344414,KG/HA,2026-08-13
CONAB,Soybeans,2001/02,Area,16386.2,1000 HA,2026-07-28
CONAB,Soybeans,2001/02,Area,16386.2,1000 HA,2026-07-30
CONAB,Soybeans,2001/02,Area,16386.2,1000 HA,2026-07-31
CONAB,Soybeans,2001/02,Area,16386.2,1000 HA,2026-08-02
CONAB,Soybeans,2001/02,Area,16386.2,1000 HA,2026-08-03
CONAB,Soybeans,2001/02,Area,16386.2,1000 HA,2026-08-04
CONAB,Soybeans,2001/02,Area,16386.2,1000 HA,2026-08-05
CONAB,Soybeans,2001/02,Area,16386.2,1000 HA,2026-08-06
CONAB,Soybeans,2001/02,Area,16386.2,1000 HA,2026-08-07
CONAB,Soybeans,2001/02,Area,16386.2,1000 HA,2026-08-08
CONAB,Soybeans,2001/02,Area,16386.2,1000 HA,2026-08-10
CONAB,Soybeans,2001/02,Area,16386.2,1000 HA,2026-08-11
CONAB,Soybeans,2001/02,Area,16386.2,1000 HA,2026-08-12
CONAB,Soybeans,2001/02,Area,16386.2,1000 HA,2026-08-13
CONAB,Soybeans,2001/02,Production,41916.9,1000 MT,2026-07-28
CONAB,Soybeans,2001/02,Production,41916.9,1000 MT,2026-07-30
CONAB,Soybeans,2001/02,Production,41916.9,1000 MT,2026-07-31
CONAB,Soybeans,2001/02,Production,41916.9,1000 MT,2026-08-02
CONAB,Soybeans,2001/02,Production,41916.9,1000 MT,2026-08-03
CONAB,Soybeans,2001/02,Production,41916.9,1000 MT,2026-08-04
CONAB,Soybeans,2001/02,Production,41916.9,1000 MT,2026-08-05
CONAB,Soybeans,2001/02,Production,41916.9,1000 MT,2026-08-06
CONAB,Soybeans,2001/02,Production,41916.9,1000 MT,2026-08-07
CONAB,Soybeans,2001/02,Production,41916.9,1000 MT,2026-08-08
CONAB,Soybeans,2001/02,Production,41916.9,1000 MT,2026-08-10
CONAB,Soybeans,2001/02,Production,41916.9,1000 MT,2026-08-11
CONAB,Soybeans,2001/02,Production,41916.9,1000 MT,2026-08-12
CONAB,Soybeans,2001/02,Production,41916.9,1000 MT,2026-08-13
CONAB,Soybeans,2001/02,Yield,2558.0610513724964,KG/HA,2026-07-28
CONAB,Soybeans,2001/02,Yield,2558.0610513724964,KG/HA,2026-07-30
CONAB,Soybeans,2001/02,Yield,2558.0610513724964,KG/HA,2026-07-31
CONAB,Soybeans,2001/02,Yield,2558.0610513724964,KG/HA,2026-08-02
CONAB,Soybeans,2001/02,Yield,2558.0610513724964,KG/HA,2026-08-03
CONAB,Soybeans,2001/02,Yield,2558.0610513724964,KG/HA,2026-08-04
CONAB,Soybeans,2001/02,Yield,2558.0610513724964,KG/HA,2026-08-05
CONAB,Soybeans,2001/02,Yield,2558.0610513724964,KG/HA,2026-08-06
CONAB,Soybeans,2001/02,Yield,2558.0610513724964,KG/HA,2026-08-07
CONAB,Soybeans,2001/02,Yield,2558.0610513724964,KG/HA,2026-08-08
CONAB,Soybeans,2001/02,Yield,2558.0610513724964,KG/HA,2026-08-10
CONAB,Soybeans,2001/02,Yield,2558.0610513724964,KG/HA,2026-08-11
CONAB,Soybeans,2001/02,Yield,2558.0610513724964,KG/HA,2026-08-12
CONAB,Soybeans,2001/02,Yield,2558.0610513724964,KG/HA,2026-08-13
CONAB,Soybeans,2002/03,Area,18474.8,1000 HA,2026-07-28
CONAB,Soybeans,2002/03,Area,18474.8,1000 HA,2026-07-30
CONAB,Soybeans,2002/03,Area,18474.8,1000 HA,2026-07-31
CONAB,Soybeans,2002/03,Area,18474.8,1000 HA,2026-08-02
CONAB,Soybeans,2002/03,Area,18474.8,1000 HA,2026-08-03
CONAB,Soybeans,2002/03,Area,18474.8,1000 HA,2026-08-04
CONAB,Soybeans,2002/03,Area,18474.8,1000 HA,2026-08-05
CONAB,Soybeans,2002/03,Area,18474.8,1000 HA,2026-08-06
CONAB,Soybeans,2002/03,Area,18474.8,1000 HA,2026-08-07
CONAB,Soybeans,2002/03,Area,18474.8,1000 HA,2026-08-08
CONAB,Soybeans,2002/03,Area,18474.8,1000 HA,2026-08-10
CONAB,Soybeans,2002/03,Area,18474.8,1000 HA,2026-08-11
CONAB,Soybeans,2002/03,Area,18474.8,1000 HA,2026-08-12
CONAB,Soybeans,2002/03,Area,18474.8,1000 HA,2026-08-13
CONAB,Soybeans,2002/03,Production,52017.5,1000 MT,2026-07-28
CONAB,Soybeans,2002/03,Production,52017.5,1000 MT,2026-07-30
CONAB,Soybeans,2002/03,Production,52017.5,1000 MT,2026-07-31
CONAB,Soybeans,2002/03,Production,52017.5,1000 MT,2026-08-02
CONAB,Soybeans,2002/03,Production,52017.5,1000 MT,2026-08-03
CONAB,Soybeans,2002/03,Production,52017.5,1000 MT,2026-08-04
CONAB,Soybeans,2002/03,Production,52017.5,1000 MT,2026-08-05
CONAB,Soybeans,2002/03,Production,52017.5,1000 MT,2026-08-06
CONAB,Soybeans,2002/03,Production,52017.5,1000 MT,2026-08-07
CONAB,Soybeans,2002/03,Production,52017.5,1000 MT,2026-08-08
CONAB,Soybeans,2002/03,Production,52017.5,1000 MT,2026-08-10
CONAB,Soybeans,2002/03,Production,52017.5,1000 MT,2026-08-11
CONAB,Soybeans,2002/03,Production,52017.5,1000 MT,2026-08-12
CONAB,Soybeans,2002/03,Production,52017.5,1000 MT,2026-08-13
CONAB,Soybeans,2002/03,Yield,2815.592049710958,KG/HA,2026-07-28
CONAB,Soybeans,2002/03,Yield,2815.592049710958,KG/HA,2026-07-30
CONAB,Soybeans,2002/03,Yield,2815.592049710958,KG/HA,2026-07-31
CONAB,Soybeans,2002/03,Yield,2815.592049710958,KG/HA,2026-08-02
CONAB,Soybeans,2002/03,Yield,2815.592049710958,KG/HA,2026-08-03
CONAB,Soybeans,2002/03,Yield,2815.592049710958,KG/HA,2026-08-04
CONAB,Soybeans,2002/03,Yield,2815.592049710958,KG/HA,2026-08-05
CONAB,Soybeans,2002/03,Yield,2815.592049710958,KG/HA,2026-08-06
CONAB,Soybeans,2002/03,Yield,2815.592049710958,KG/HA,2026-08-07
CONAB,Soybeans,2002/03,Yield,2815.592049710958,KG/HA,2026-08-08
CONAB,Soybeans,2002/03,Yield,2815.592049710958,KG/HA,2026-08-10
CONAB,Soybeans,2002/03,Yield,2815.592049710958,KG/HA,2026-08-11
CONAB,Soybeans,2002/03,Yield,2815.592049710958,KG/HA,2026-08-12
CONAB,Soybeans,2002/03,Yield,2815.592049710958,KG/HA,2026-08-13
CONAB,Soybeans,2003/04,Area,21375.8,1000 HA,2026-07-28
CONAB,Soybeans,2003/04,Area,21375.8,1000 HA,2026-07-30
CONAB,Soybeans,2003/04,Area,21375.8,1000 HA,2026-07-31
CONAB,Soybeans,2003/04,Area,21375.8,1000 HA,2026-08-02
CONAB,Soybeans,2003/04,Area,21375.8,1000 HA,2026-08-03
CONAB,Soybeans,2003/04,Area,21375.8,1000 HA,2026-08-04
CONAB,Soybeans,2003/04,Area,21375.8,1000 HA,2026-08-05
CONAB,Soybeans,2003/04,Area,21375.8,1000 HA,2026-08-06
CONAB,Soybeans,2003/04,Area,21375.8,1000 HA,2026-08-07
CONAB,Soybeans,2003/04,Area,21375.8,1000 HA,2026-08-08
CONAB,Soybeans,2003/04,Area,21375.8,1000 HA,2026-08-10
CONAB,Soybeans,2003/04,Area,21375.8,1000 HA,2026-08-11
CONAB,Soybeans,2003/04,Area,21375.8,1000 HA,2026-08-12
CONAB,Soybeans,2003/04,Area,21375.8,1000 HA,2026-08-13
CONAB,Soybeans,2003/04,Production,49792.7,1000 MT,2026-07-28
CONAB,Soybeans,2003/04,Production,49792.7,1000 MT,2026-07-30
CONAB,Soybeans,2003/04,Production,49792.7,1000 MT,2026-07-31
CONAB,Soybeans,2003/04,Production,49792.7,1000 MT,2026-08-02
CONAB,Soybeans,2003/04,Production,49792.7,1000 MT,2026-08-03
CONAB,Soybeans,2003/04,Production,49792.7,1000 MT,2026-08-04
CONAB,Soybeans,2003/04,Production,49792.7,1000 MT,2026-08-05
CONAB,Soybeans,2003/04,Production,49792.7,1000 MT,2026-08-06
CONAB,Soybeans,2003/04,Production,49792.7,1000 MT,2026-08-07
CONAB,Soybeans,2003/04,Production,49792.7,1000 MT,2026-08-08
CONAB,Soybeans,2003/04,Production,49792.7,1000 MT,2026-08-10
CONAB,Soybeans,2003/04,Production,49792.7,1000 MT,2026-08-11
CONAB,Soybeans,2003/04,Production,49792.7,1000 MT,2026-08-12
CONAB,Soybeans,2003/04,Production,49792.7,1000 MT,2026-08-13
CONAB,Soybeans,2003/04,Yield,2329.39585886844,KG/HA,2026-07-28
CONAB,Soybeans,2003/04,Yield,2329.39585886844,KG/HA,2026-07-30
CONAB,Soybeans,2003/04,Yield,2329.39585886844,KG/HA,2026-07-31
CONAB,Soybeans,2003/04,Yield,2329.39585886844,KG/HA,2026-08-02
CONAB,Soybeans,2003/04,Yield,2329.39585886844,KG/HA,2026-08-03
CONAB,Soybeans,2003/04,Yield,2329.39585886844,KG/HA,2026-08-04
CONAB,Soybeans,2003/04,Yield,2329.39585886844,KG/HA,2026-08-05
CONAB,Soybeans,2003/04,Yield,2329.39585886844,KG/HA,2026-08-06
CONAB,Soybeans,2003/04,Yield,2329.39585886844,KG/HA,2026-08-07
CONAB,Soybeans,2003/04,Yield,2329.39585886844,KG/HA,2026-08-08
CONAB,Soybeans,2003/04,Yield,2329.39585886844,KG/HA,2026-08-10
CONAB,Soybeans,2003/04,Yield,2329.39585886844,KG/HA,2026-08-11
CONAB,Soybeans,2003/04,Yield,2329.39585886844,KG/HA,2026-08-12
CONAB,Soybeans,2003/04,Yield,2329.39585886844,KG/HA,2026-08-13
CONAB,Soybeans,2004/05,Area,23301.1,1000 HA,2026-07-28
CONAB,Soybeans,2004/05,Area,23301.1,1000 HA,2026-07-30
CONAB,Soybeans,2004/05,Area,23301.1,1000 HA,2026-07-31
CONAB,Soybeans,2004/05,Area,23301.1,1000 HA,2026-08-02
CONAB,Soybeans,2004/05,Area,23301.1,1000 HA,2026-08-03
CONAB,Soybeans,2004/05,Area,23301.1,1000 HA,2026-08-04
CONAB,Soybeans,2004/05,Area,23301.1,1000 HA,2026-08-05
CONAB,Soybeans,2004/05,Area,23301.1,1000 HA,2026-08-06
CONAB,Soybeans,2004/05,Area,23301.1,1000 HA,2026-08-07
CONAB,Soybeans,2004/05,Area,23301.1,1000 HA,2026-08-08
CONAB,Soybeans,2004/05,Area,23301.1,1000 HA,2026-08-10
CONAB,Soybeans,2004/05,Area,23301.1,1000 HA,2026-08-11
CONAB,Soybeans,2004/05,Area,23301.1,1000 HA,2026-08-12
CONAB,Soybeans,2004/05,Area,23301.1,1000 HA,2026-08-13
CONAB,Soybeans,2004/05,Production,52304.7,1000 MT,2026-07-28
CONAB,Soybeans,2004/05,Production,52304.7,1000 MT,2026-07-30
CONAB,Soybeans,2004/05,Production,52304.7,1000 MT,2026-07-31
CONAB,Soybeans,2004/05,Production,52304.7,1000 MT,2026-08-02
CONAB,Soybeans,2004/05,Production,52304.7,1000 MT,2026-08-03
CONAB,Soybeans,2004/05,Production,52304.7,1000 MT,2026-08-04
CONAB,Soybeans,2004/05,Production,52304.7,1000 MT,2026-08-05
CONAB,Soybeans,2004/05,Production,52304.7,1000 MT,2026-08-06
CONAB,Soybeans,2004/05,Production,52304.7,1000 MT,2026-08-07
CONAB,Soybeans,2004/05,Production,52304.7,1000 MT,2026-08-08
CONAB,Soybeans,2004/05,Production,52304.7,1000 MT,2026-08-10
CONAB,Soybeans,2004/05,Production,52304.7,1000 MT,2026-08-11
CONAB,Soybeans,2004/05,Production,52304.7,1000 MT,2026-08-12
CONAB,Soybeans,2004/05,Production,52304.7,1000 MT,2026-08-13
CONAB,Soybeans,2004/05,Yield,2244.7309354493996,KG/HA,2026-07-28
CONAB,Soybeans,2004/05,Yield,2244.7309354493996,KG/HA,2026-07-30
CONAB,Soybeans,2004/05,Yield,2244.7309354493996,KG/HA,2026-07-31
CONAB,Soybeans,2004/05,Yield,2244.7309354493996,KG/HA,2026-08-02
CONAB,Soybeans,2004/05,Yield,2244.7309354493996,KG/HA,2026-08-03
CONAB,Soybeans,2004/05,Yield,2244.7309354493996,KG/HA,2026-08-04
CONAB,Soybeans,2004/05,Yield,2244.7309354493996,KG/HA,2026-08-05
CONAB,Soybeans,2004/05,Yield,2244.7309354493996,KG/HA,2026-08-06
CONAB,Soybeans,2004/05,Yield,2244.7309354493996,KG/HA,2026-08-07
CONAB,Soybeans,2004/05,Yield,2244.7309354493996,KG/HA,2026-08-08
CONAB,Soybeans,2004/05,Yield,2244.7309354493996,KG/HA,2026-08-10
CONAB,Soybeans,2004/05,Yield,2244.7309354493996,KG/HA,2026-08-11
CONAB,Soybeans,2004/05,Yield,2244.7309354493996,KG/HA,2026-08-12
CONAB,Soybeans,2004/05,Yield,2244.7309354493996,KG/HA,2026-08-13
CONAB,Soybeans,2005/06,Area,22749.4,1000 HA,2026-07-28
CONAB,Soybeans,2005/06,Area,22749.4,1000 HA,2026-07-30
CONAB,Soybeans,2005/06,Area,22749.4,1000 HA,2026-07-31
CONAB,Soybeans,2005/06,Area,22749.4,1000 HA,2026-08-02
CONAB,Soybeans,2005/06,Area,22749.4,1000 HA,2026-08-03
CONAB,Soybeans,2005/06,Area,22749.4,1000 HA,2026-08-04
CONAB,Soybeans,2005/06,Area,22749.4,1000 HA,2026-08-05
CONAB,Soybeans,2005/06,Area,22749.4,1000 HA,2026-08-06
CONAB,Soybeans,2005/06,Area,22749.4,1000 HA,2026-08-07
CONAB,Soybeans,2005/06,Area,22749.4,1000 HA,2026-08-08
CONAB,Soybeans,2005/06,Area,22749.4,1000 HA,2026-08-10
CONAB,Soybeans,2005/06,Area,22749.4,1000 HA,2026-08-11
CONAB,Soybeans,2005/06,Area,22749.4,1000 HA,2026-08-12
CONAB,Soybeans,2005/06,Area,22749.4,1000 HA,2026-08-13
CONAB,Soybeans,2005/06,Production,55027.100000000006,1000 MT,2026-07-28
CONAB,Soybeans,2005/06,Production,55027.100000000006,1000 MT,2026-07-30
CONAB,Soybeans,2005/06,Production,55027.100000000006,1000 MT,2026-07-31
CONAB,Soybeans,2005/06,Production,55027.100000000006,1000 MT,2026-08-02
CONAB,Soybeans,2005/06,Production,55027.100000000006,1000 MT,2026-08-03
CONAB,Soybeans,2005/06,Production,55027.100000000006,1000 MT,2026-08-04
CONAB,Soybeans,2005/06,Production,55027.100000000006,1000 MT,2026-08-05
CONAB,Soybeans,2005/06,Production,55027.100000000006,1000 MT,2026-08-06
CONAB,Soybeans,2005/06,Production,55027.100000000006,1000 MT,2026-08-07
CONAB,Soybeans,2005/06,Production,55027.100000000006,1000 MT,2026-08-08
CONAB,Soybeans,2005/06,Production,55027.100000000006,1000 MT,2026-08-10
CONAB,Soybeans,2005/06,Production,55027.100000000006,1000 MT,2026-08-11
CONAB,Soybeans,2005/06,Production,55027.100000000006,1000 MT,2026-08-12
CONAB,Soybeans,2005/06,Production,55027.100000000006,1000 MT,2026-08-13
CONAB,Soybeans,2005/06,Yield,2418.8374198879974,KG/HA,2026-07-28
CONAB,Soybeans,2005/06,Yield,2418.8374198879974,KG/HA,2026-07-30
CONAB,Soybeans,2005/06,Yield,2418.8374198879974,KG/HA,2026-07-31
CONAB,Soybeans,2005/06,Yield,2418.8374198879974,KG/HA,2026-08-02
CONAB,Soybeans,2005/06,Yield,2418.8374198879974,KG/HA,2026-08-03
CONAB,Soybeans,2005/06,Yield,2418.8374198879974,KG/HA,2026-08-04
CONAB,Soybeans,2005/06,Yield,2418.8374198879974,KG/HA,2026-08-05
CONAB,Soybeans,2005/06,Yield,2418.8374198879974,KG/HA,2026-08-06
CONAB,Soybeans,2005/06,Yield,2418.8374198879974,KG/HA,2026-08-07
CONAB,Soybeans,2005/06,Yield,2418.8374198879974,KG/HA,2026-08-08
CONAB,Soybeans,2005/06,Yield,2418.8374198879974,KG/HA,2026-08-10
CONAB,Soybeans,2005/06,Yield,2418.8374198879974,KG/HA,2026-08-11
CONAB,Soybeans,2005/06,Yield,2418.8374198879974,KG/HA,2026-08-12
CONAB,Soybeans,2005/06,Yield,2418.8374198879974,KG/HA,2026-08-13
CONAB,Soybeans,2006/07,Area,20686.8,1000 HA,2026-07-28
CONAB,Soybeans,2006/07,Area,20686.8,1000 HA,2026-07-30
CONAB,Soybeans,2006/07,Area,20686.8,1000 HA,2026-07-31
CONAB,Soybeans,2006/07,Area,20686.8,1000 HA,2026-08-02
CONAB,Soybeans,2006/07,Area,20686.8,1000 HA,2026-08-03
CONAB,Soybeans,2006/07,Area,20686.8,1000 HA,2026-08-04
CONAB,Soybeans,2006/07,Area,20686.8,1000 HA,2026-08-05
CONAB,Soybeans,2006/07,Area,20686.8,1000 HA,2026-08-06
CONAB,Soybeans,2006/07,Area,20686.8,1000 HA,2026-08-07
CONAB,Soybeans,2006/07,Area,20686.8,1000 HA,2026-08-08
CONAB,Soybeans,2006/07,Area,20686.8,1000 HA,2026-08-10
CONAB,Soybeans,2006/07,Area,20686.8,1000 HA,2026-08-11
CONAB,Soybeans,2006/07,Area,20686.8,1000 HA,2026-08-12
CONAB,Soybeans,2006/07,Area,20686.8,1000 HA,2026-08-13
CONAB,Soybeans,2006/07,Production,58391.8,1000 MT,2026-07-28
CONAB,Soybeans,2006/07,Production,58391.8,1000 MT,2026-07-30
CONAB,Soybeans,2006/07,Production,58391.8,1000 MT,2026-07-31
CONAB,Soybeans,2006/07,Production,58391.8,1000 MT,2026-08-02
CONAB,Soybeans,2006/07,Production,58391.8,1000 MT,2026-08-03
CONAB,Soybeans,2006/07,Production,58391.8,1000 MT,2026-08-04
CONAB,Soybeans,2006/07,Production,58391.8,1000 MT,2026-08-05
CONAB,Soybeans,2006/07,Production,58391.8,1000 MT,2026-08-06
CONAB,Soybeans,2006/07,Production,58391.8,1000 MT,2026-08-07
CONAB,Soybeans,2006/07,Production,58391.8,1000 MT,2026-08-08
CONAB,Soybeans,2006/07,Production,58391.8,1000 MT,2026-08-10
CONAB,Soybeans,2006/07,Production,58391.8,1000 MT,2026-08-11
CONAB,Soybeans,2006/07,Production,58391.8,1000 MT,2026-08-12
CONAB,Soybeans,2006/07,Production,58391.8,1000 MT,2026-08-13
CONAB,Soybeans,2006/07,Yield,2822.659860394068,KG/HA,2026-07-28
CONAB,Soybeans,2006/07,Yield,2822.659860394068,KG/HA,2026-07-30
CONAB,Soybeans,2006/07,Yield,2822.659860394068,KG/HA,2026-07-31
CONAB,Soybeans,2006/07,Yield,2822.659860394068,KG/HA,2026-08-02
CONAB,Soybeans,2006/07,Yield,2822.659860394068,KG/HA,2026-08-03
CONAB,Soybeans,2006/07,Yield,2822.659860394068,KG/HA,2026-08-04
CONAB,Soybeans,2006/07,Yield,2822.659860394068,KG/HA,2026-08-05
CONAB,Soybeans,2006/07,Yield,2822.659860394068,KG/HA,2026-08-06
CONAB,Soybeans,2006/07,Yield,2822.659860394068,KG/HA,2026-08-07
CONAB,Soybeans,2006/07,Yield,2822.659860394068,KG/HA,2026-08-08
CONAB,Soybeans,2006/07,Yield,2822.659860394068,KG/HA,2026-08-10
CONAB,Soybeans,2006/07,Yield,2822.659860394068,KG/HA,2026-08-11
CONAB,Soybeans,2006/07,Yield,2822.659860394068,KG/HA,2026-08-12
CONAB,Soybeans,2006/07,Yield,2822.659860394068,KG/HA,2026-08-13
CONAB,Soybeans,2007/08,Area,21313.1,1000 HA,2026-07-28
CONAB,Soybeans,2007/08,Area,21313.1,1000 HA,2026-07-30
CONAB,Soybeans,2007/08,Area,21313.1,1000 HA,2026-07-31
CONAB,Soybeans,2007/08,Area,21313.1,1000 HA,2026-08-02
CONAB,Soybeans,2007/08,Area,21313.1,1000 HA,2026-08-03
CONAB,Soybeans,2007/08,Area,21313.1,1000 HA,2026-08-04
CONAB,Soybeans,2007/08,Area,21313.1,1000 HA,2026-08-05
CONAB,Soybeans,2007/08,Area,21313.1,1000 HA,2026-08-06
CONAB,Soybeans,2007/08,Area,21313.1,1000 HA,2026-08-07
CONAB,Soybeans,2007/08,Area,21313.1,1000 HA,2026-08-08
CONAB,Soybeans,2007/08,Area,21313.1,1000 HA,2026-08-10
CONAB,Soybeans,2007/08,Area,21313.1,1000 HA,2026-08-11
CONAB,Soybeans,2007/08,Area,21313.1,1000 HA,2026-08-12
CONAB,Soybeans,2007/08,Area,21313.1,1000 HA,2026-08-13
CONAB,Soybeans,2007/08,Production,60017.700000000004,1000 MT,2026-07-28
CONAB,Soybeans,2007/08,Production,60017.700000000004,1000 MT,2026-07-30
CONAB,Soybeans,2007/08,Production,60017.700000000004,1000 MT,2026-07-31
CONAB,Soybeans,2007/08,Production,60017.700000000004,1000 MT,2026-08-02
CONAB,Soybeans,2007/08,Production,60017.700000000004,1000 MT,2026-08-03
CONAB,Soybeans,2007/08,Production,60017.700000000004,1000 MT,2026-08-04
CONAB,Soybeans,2007/08,Production,60017.700000000004,1000 MT,2026-08-05
CONAB,Soybeans,2007/08,Production,60017.700000000004,1000 MT,2026-08-06
CONAB,Soybeans,2007/08,Production,60017.700000000004,1000 MT,2026-08-07
CONAB,Soybeans,2007/08,Production,60017.700000000004,1000 MT,2026-08-08
CONAB,Soybeans,2007/08,Production,60017.700000000004,1000 MT,2026-08-10
CONAB,Soybeans,2007/08,Production,60017.700000000004,1000 MT,2026-08-11
CONAB,Soybeans,2007/08,Production,60017.700000000004,1000 MT,2026-08-12
CONAB,Soybeans,2007/08,Production,60017.700000000004,1000 MT,2026-08-13
CONAB,Soybeans,2007/08,Yield,2816.0004879628023,KG/HA,2026-07-28
CONAB,Soybeans,2007/08,Yield,2816.0004879628023,KG/HA,2026-07-30
CONAB,Soybeans,2007/08,Yield,2816.0004879628023,KG/HA,2026-07-31
CONAB,Soybeans,2007/08,Yield,2816.0004879628023,KG/HA,2026-08-02
CONAB,Soybeans,2007/08,Yield,2816.0004879628023,KG/HA,2026-08-03
CONAB,Soybeans,2007/08,Yield,2816.0004879628023,KG/HA,2026-08-04
CONAB,Soybeans,2007/08,Yield,2816.0004879628023,KG/HA,2026-08-05
CONAB,Soybeans,2007/08,Yield,2816.0004879628023,KG/HA,2026-08-06
CONAB,Soybeans,2007/08,Yield,2816.0004879628023,KG/HA,2026-08-07
CONAB,Soybeans,2007/08,Yield,2816.0004879628023,KG/HA,2026-08-08
CONAB,Soybeans,2007/08,Yield,2816.0004879628023,KG/HA,2026-08-10
CONAB,Soybeans,2007/08,Yield,2816.0004879628023,KG/HA,2026-08-11
CONAB,Soybeans,2007/08,Yield,2816.0004879628023,KG/HA,2026-08-12
CONAB,Soybeans,2007/08,Yield,2816.0004879628023,KG/HA,2026-08-13
CONAB,Soybeans,2008/09,Area,21743.1,1000 HA,2026-07-28
CONAB,Soybeans,2008/09,Area,21743.1,1000 HA,2026-07-30
CONAB,Soybeans,2008/09,Area,21743.1,1000 HA,2026-07-31
CONAB,Soybeans,2008/09,Area,21743.1,1000 HA,2026-08-02
CONAB,Soybeans,2008/09,Area,21743.1,1000 HA,2026-08-03
CONAB,Soybeans,2008/09,Area,21743.1,1000 HA,2026-08-04
CONAB,Soybeans,2008/09,Area,21743.1,1000 HA,2026-08-05
CONAB,Soybeans,2008/09,Area,21743.1,1000 HA,2026-08-06
CONAB,Soybeans,2008/09,Area,21743.1,1000 HA,2026-08-07
CONAB,Soybeans,2008/09,Area,21743.1,1000 HA,2026-08-08
CONAB,Soybeans,2008/09,Area,21743.1,1000 HA,2026-08-10
CONAB,Soybeans,2008/09,Area,21743.1,1000 HA,2026-08-11
CONAB,Soybeans,2008/09,Area,21743.1,1000 HA,2026-08-12
CONAB,Soybeans,2008/09,Area,21743.1,1000 HA,2026-08-13
CONAB,Soybeans,2008/09,Production,57165.5,1000 MT,2026-07-28
CONAB,Soybeans,2008/09,Production,57165.5,1000 MT,2026-07-30
CONAB,Soybeans,2008/09,Production,57165.5,1000 MT,2026-07-31
CONAB,Soybeans,2008/09,Production,57165.5,1000 MT,2026-08-02
CONAB,Soybeans,2008/09,Production,57165.5,1000 MT,2026-08-03
CONAB,Soybeans,2008/09,Production,57165.5,1000 MT,2026-08-04
CONAB,Soybeans,2008/09,Production,57165.5,1000 MT,2026-08-05
CONAB,Soybeans,2008/09,Production,57165.5,1000 MT,2026-08-06
CONAB,Soybeans,2008/09,Production,57165.5,1000 MT,2026-08-07
CONAB,Soybeans,2008/09,Production,57165.5,1000 MT,2026-08-08
CONAB,Soybeans,2008/09,Production,57165.5,1000 MT,2026-08-10
CONAB,Soybeans,2008/09,Production,57165.5,1000 MT,2026-08-11
CONAB,Soybeans,2008/09,Production,57165.5,1000 MT,2026-08-12
CONAB,Soybeans,2008/09,Production,57165.5,1000 MT,2026-08-13
CONAB,Soybeans,2008/09,Yield,2629.1329203287482,KG/HA,2026-07-28
CONAB,Soybeans,2008/09,Yield,2629.1329203287482,KG/HA,2026-07-30
CONAB,Soybeans,2008/09,Yield,2629.1329203287482,KG/HA,2026-07-31
CONAB,Soybeans,2008/09,Yield,2629.1329203287482,KG/HA,2026-08-02
CONAB,Soybeans,2008/09,Yield,2629.1329203287482,KG/HA,2026-08-03
CONAB,Soybeans,2008/09,Yield,2629.1329203287482,KG/HA,2026-08-04
CONAB,Soybeans,2008/09,Yield,2629.1329203287482,KG/HA,2026-08-05
CONAB,Soybeans,2008/09,Yield,2629.1329203287482,KG/HA,2026-08-06
CONAB,Soybeans,2008/09,Yield,2629.1329203287482,KG/HA,2026-08-07
CONAB,Soybeans,2008/09,Yield,2629.1329203287482,KG/HA,2026-08-08
CONAB,Soybeans,2008/09,Yield,2629.1329203287482,KG/HA,2026-08-10
CONAB,Soybeans,2008/09,Yield,2629.1329203287482,KG/HA,2026-08-11
CONAB,Soybeans,2008/09,Yield,2629.1329203287482,KG/HA,2026-08-12
CONAB,Soybeans,2008/09,Yield,2629.1329203287482,KG/HA,2026-08-13
CONAB,Soybeans,2009/10,Area,23467.9,1000 HA,2026-07-28
CONAB,Soybeans,2009/10,Area,23467.9,1000 HA,2026-07-30
CONAB,Soybeans,2009/10,Area,23467.9,1000 HA,2026-07-31
CONAB,Soybeans,2009/10,Area,23467.9,1000 HA,2026-08-02
CONAB,Soybeans,2009/10,Area,23467.9,1000 HA,2026-08-03
CONAB,Soybeans,2009/10,Area,23467.9,1000 HA,2026-08-04
CONAB,Soybeans,2009/10,Area,23467.9,1000 HA,2026-08-05
CONAB,Soybeans,2009/10,Area,23467.9,1000 HA,2026-08-06
CONAB,Soybeans,2009/10,Area,23467.9,1000 HA,2026-08-07
CONAB,Soybeans,2009/10,Area,23467.9,1000 HA,2026-08-08
CONAB,Soybeans,2009/10,Area,23467.9,1000 HA,2026-08-10
CONAB,Soybeans,2009/10,Area,23467.9,1000 HA,2026-08-11
CONAB,Soybeans,2009/10,Area,23467.9,1000 HA,2026-08-12
CONAB,Soybeans,2009/10,Area,23467.9,1000 HA,2026-08-13
CONAB,Soybeans,2009/10,Production,68688.2,1000 MT,2026-07-28
CONAB,Soybeans,2009/10,Production,68688.2,1000 MT,2026-07-30
CONAB,Soybeans,2009/10,Production,68688.2,1000 MT,2026-07-31
CONAB,Soybeans,2009/10,Production,68688.2,1000 MT,2026-08-02
CONAB,Soybeans,2009/10,Production,68688.2,1000 MT,2026-08-03
CONAB,Soybeans,2009/10,Production,68688.2,1000 MT,2026-08-04
CONAB,Soybeans,2009/10,Production,68688.2,1000 MT,2026-08-05
CONAB,Soybeans,2009/10,Production,68688.2,1000 MT,2026-08-06
CONAB,Soybeans,2009/10,Production,68688.2,1000 MT,2026-08-07
CONAB,Soybeans,2009/10,Production,68688.2,1000 MT,2026-08-08
CONAB,Soybeans,2009/10,Production,68688.2,1000 MT,2026-08-10
CONAB,Soybeans,2009/10,Production,68688.2,1000 MT,2026-08-11
CONAB,Soybeans,2009/10,Production,68688.2,1000 MT,2026-08-12
CONAB,Soybeans,2009/10,Production,68688.2,1000 MT,2026-08-13
CONAB,Soybeans,2009/10,Yield,2926.9001487137743,KG/HA,2026-07-28
CONAB,Soybeans,2009/10,Yield,2926.9001487137743,KG/HA,2026-07-30
CONAB,Soybeans,2009/10,Yield,2926.9001487137743,KG/HA,2026-07-31
CONAB,Soybeans,2009/10,Yield,2926.9001487137743,KG/HA,2026-08-02
CONAB,Soybeans,2009/10,Yield,2926.9001487137743,KG/HA,2026-08-03
CONAB,Soybeans,2009/10,Yield,2926.9001487137743,KG/HA,2026-08-04
CONAB,Soybeans,2009/10,Yield,2926.9001487137743,KG/HA,2026-08-05
CONAB,Soybeans,2009/10,Yield,2926.9001487137743,KG/HA,2026-08-06
CONAB,Soybeans,2009/10,Yield,2926.9001487137743,KG/HA,2026-08-07
CONAB,Soybeans,2009/10,Yield,2926.9001487137743,KG/HA,2026-08-08
CONAB,Soybeans,2009/10,Yield,2926.9001487137743,KG/HA,2026-08-10
CONAB,Soybeans,2009/10,Yield,2926.9001487137743,KG/HA,2026-08-11
CONAB,Soybeans,2009/10,Yield,2926.9001487137743,KG/HA,2026-08-12
CONAB,Soybeans,2009/10,Yield,2926.9001487137743,KG/HA,2026-08-13
CONAB,Soybeans,2010/11,Area,24181.0,1000 HA,2026-07-28
CONAB,Soybeans,2010/11,Area,24181.0,1000 HA,2026-07-30
CONAB,Soybeans,2010/11,Area,24181.0,1000 HA,2026-07-31
CONAB,Soybeans,2010/11,Area,24181.0,1000 HA,2026-08-02
CONAB,Soybeans,2010/11,Area,24181.0,1000 HA,2026-08-03
CONAB,Soybeans,2010/11,Area,24181.0,1000 HA,2026-08-04
CONAB,Soybeans,2010/11,Area,24181.0,1000 HA,2026-08-05
CONAB,Soybeans,2010/11,Area,24181.0,1000 HA,2026-08-06
CONAB,Soybeans,2010/11,Area,24181.0,1000 HA,2026-08-07
CONAB,Soybeans,2010/11,Area,24181.0,1000 HA,2026-08-08
CONAB,Soybeans,2010/11,Area,24181.0,1000 HA,2026-08-10
CONAB,Soybeans,2010/11,Area,24181.0,1000 HA,2026-08-11
CONAB,Soybeans,2010/11,Area,24181.0,1000 HA,2026-08-12
CONAB,Soybeans,2010/11,Area,24181.0,1000 HA,2026-08-13
CONAB,Soybeans,2010/11,Production,75324.3,1000 MT,2026-07-28
CONAB,Soybeans,2010/11,Production,75324.3,1000 MT,2026-07-30
CONAB,Soybeans,2010/11,Production,75324.3,1000 MT,2026-07-31
CONAB,Soybeans,2010/11,Production,75324.3,1000 MT,2026-08-02
CONAB,Soybeans,2010/11,Production,75324.3,1000 MT,2026-08-03
CONAB,Soybeans,2010/11,Production,75324.3,1000 MT,2026-08-04
CONAB,Soybeans,2010/11,Production,75324.3,1000 MT,2026-08-05
CONAB,Soybeans,2010/11,Production,75324.3,1000 MT,2026-08-06
CONAB,Soybeans,2010/11,Production,75324.3,1000 MT,2026-08-07
CONAB,Soybeans,2010/11,Production,75324.3,1000 MT,2026-08-08
CONAB,Soybeans,2010/11,Production,75324.3,1000 MT,2026-08-10
CONAB,Soybeans,2010/11,Production,75324.3,1000 MT,2026-08-11
CONAB,Soybeans,2010/11,Production,75324.3,1000 MT,2026-08-12
CONAB,Soybeans,2010/11,Production,75324.3,1000 MT,2026-08-13
CONAB,Soybeans,2010/11,Yield,3115.0200570696,KG/HA,2026-07-28
CONAB,Soybeans,2010/11,Yield,3115.0200570696,KG/HA,2026-07-30
CONAB,Soybeans,2010/11,Yield,3115.0200570696,KG/HA,2026-07-31
CONAB,Soybeans,2010/11,Yield,3115.0200570696,KG/HA,2026-08-02
CONAB,Soybeans,2010/11,Yield,3115.0200570696,KG/HA,2026-08-03
CONAB,Soybeans,2010/11,Yield,3115.0200570696,KG/HA,2026-08-04
CONAB,Soybeans,2010/11,Yield,3115.0200570696,KG/HA,2026-08-05
CONAB,Soybeans,2010/11,Yield,3115.0200570696,KG/HA,2026-08-06
CONAB,Soybeans,2010/11,Yield,3115.0200570696,KG/HA,2026-08-07
CONAB,Soybeans,2010/11,Yield,3115.0200570696,KG/HA,2026-08-08
CONAB,Soybeans,2010/11,Yield,3115.0200570696,KG/HA,2026-08-10
CONAB,Soybeans,2010/11,Yield,3115.0200570696,KG/HA,2026-08-11
CONAB,Soybeans,2010/11,Yield,3115.0200570696,KG/HA,2026-08-12
CONAB,Soybeans,2010/11,Yield,3115.0200570696,KG/HA,2026-08-13
CONAB,Soybeans,2011/12,Area,25042.2,1000 HA,2026-07-28
CONAB,Soybeans,2011/12,Area,25042.2,1000 HA,2026-07-30
CONAB,Soybeans,2011/12,Area,25042.2,1000 HA,2026-07-31
CONAB,Soybeans,2011/12,Area,25042.2,1000 HA,2026-08-02
CONAB,Soybeans,2011/12,Area,25042.2,1000 HA,2026-08-03
CONAB,Soybeans,2011/12,Area,25042.2,1000 HA,2026-08-04
CONAB,Soybeans,2011/12,Area,25042.2,1000 HA,2026-08-05
CONAB,Soybeans,2011/12,Area,25042.2,1000 HA,2026-08-06
CONAB,Soybeans,2011/12,Area,25042.2,1000 HA,2026-08-07
CONAB,Soybeans,2011/12,Area,25042.2,1000 HA,2026-08-08
CONAB,Soybeans,2011/12,Area,25042.2,1000 HA,2026-08-10
CONAB,Soybeans,2011/12,Area,25042.2,1000 HA,2026-08-11
CONAB,Soybeans,2011/12,Area,25042.2,1000 HA,2026-08-12
CONAB,Soybeans,2011/12,Area,25042.2,1000 HA,2026-08-13
CONAB,Soybeans,2011/12,Production,66383.0,1000 MT,2026-07-28
CONAB,Soybeans,2011/12,Production,66383.0,1000 MT,2026-07-30
CONAB,Soybeans,2011/12,Production,66383.0,1000 MT,2026-07-31
CONAB,Soybeans,2011/12,Production,66383.0,1000 MT,2026-08-02
CONAB,Soybeans,2011/12,Production,66383.0,1000 MT,2026-08-03
CONAB,Soybeans,2011/12,Production,66383.0,1000 MT,2026-08-04
CONAB,Soybeans,2011/12,Production,66383.0,1000 MT,2026-08-05
CONAB,Soybeans,2011/12,Production,66383.0,1000 MT,2026-08-06
CONAB,Soybeans,2011/12,Production,66383.0,1000 MT,2026-08-07
CONAB,Soybeans,2011/12,Production,66383.0,1000 MT,2026-08-08
CONAB,Soybeans,2011/12,Production,66383.0,1000 MT,2026-08-10
CONAB,Soybeans,2011/12,Production,66383.0,1000 MT,2026-08-11
CONAB,Soybeans,2011/12,Production,66383.0,1000 MT,2026-08-12
CONAB,Soybeans,2011/12,Production,66383.0,1000 MT,2026-08-13
CONAB,Soybeans,2011/12,Yield,2650.8453730103583,KG/HA,2026-07-28
CONAB,Soybeans,2011/12,Yield,2650.8453730103583,KG/HA,2026-07-30
CONAB,Soybeans,2011/12,Yield,2650.8453730103583,KG/HA,2026-07-31
CONAB,Soybeans,2011/12,Yield,2650.8453730103583,KG/HA,2026-08-02
CONAB,Soybeans,2011/12,Yield,2650.8453730103583,KG/HA,2026-08-03
CONAB,Soybeans,2011/12,Yield,2650.8453730103583,KG/HA,2026-08-04
CONAB,Soybeans,2011/12,Yield,2650.8453730103583,KG/HA,2026-08-05
CONAB,Soybeans,2011/12,Yield,2650.8453730103583,KG/HA,2026-08-06
CONAB,Soybeans,2011/12,Yield,2650.8453730103583,KG/HA,2026-08-07
CONAB,Soybeans,2011/12,Yield,2650.8453730103583,KG/HA,2026-08-08
CONAB,Soybeans,2011/12,Yield,2650.8453730103583,KG/HA,2026-08-10
CONAB,Soybeans,2011/12,Yield,2650.8453730103583,KG/HA,2026-08-11
CONAB,Soybeans,2011/12,Yield,2650.8453730103583,KG/HA,2026-08-12
CONAB,Soybeans,2011/12,Yield,2650.8453730103583,KG/HA,2026-08-13
CONAB,Soybeans,2012/13,Area,27736.100000000002,1000 HA,2026-07-28
CONAB,Soybeans,2012/13,Area,27736.100000000002,1000 HA,2026-07-30
CONAB,Soybeans,2012/13,Area,27736.100000000002,1000 HA,2026-07-31
CONAB,Soybeans,2012/13,Area,27736.100000000002,1000 HA,2026-08-02
CONAB,Soybeans,2012/13,Area,27736.100000000002,1000 HA,2026-08-03
CONAB,Soybeans,2012/13,Area,27736.100000000002,1000 HA,2026-08-04
CONAB,Soybeans,2012/13,Area,27736.100000000002,1000 HA,2026-08-05
CONAB,Soybeans,2012/13,Area,27736.100000000002,1000 HA,2026-08-06
CONAB,Soybeans,2012/13,Area,27736.100000000002,1000 HA,2026-08-07
CONAB,Soybeans,2012/13,Area,27736.100000000002,1000 HA,2026-08-08
CONAB,Soybeans,2012/13,Area,27736.100000000002,1000 HA,2026-08-10
CONAB,Soybeans,2012/13,Area,27736.100000000002,1000 HA,2026-08-11
CONAB,Soybeans,2012/13,Area,27736.100000000002,1000 HA,2026-08-12
CONAB,Soybeans,2012/13,Area,27736.100000000002,1000 HA,2026-08-13
CONAB,Soybeans,2012/13,Production,81499.4,1000 MT,2026-07-28
CONAB,Soybeans,2012/13,Production,81499.4,1000 MT,2026-07-30
CONAB,Soybeans,2012/13,Production,81499.4,1000 MT,2026-07-31
CONAB,Soybeans,2012/13,Production,81499.4,1000 MT,2026-08-02
CONAB,Soybeans,2012/13,Production,81499.4,1000 MT,2026-08-03
CONAB,Soybeans,2012/13,Production,81499.4,1000 MT,2026-08-04
CONAB,Soybeans,2012/13,Production,81499.4,1000 MT,2026-08-05
CONAB,Soybeans,2012/13,Production,81499.4,1000 MT,2026-08-06
CONAB,Soybeans,2012/13,Production,81499.4,1000 MT,2026-08-07
CONAB,Soybeans,2012/13,Production,81499.4,1000 MT,2026-08-08
CONAB,Soybeans,2012/13,Production,81499.4,1000 MT,2026-08-10
CONAB,Soybeans,2012/13,Production,81499.4,1000 MT,2026-08-11
CONAB,Soybeans,2012/13,Production,81499.4,1000 MT,2026-08-12
CONAB,Soybeans,2012/13,Production,81499.4,1000 MT,2026-08-13
CONAB,Soybeans,2012/13,Yield,2938.3871560889957,KG/HA,2026-07-28
CONAB,Soybeans,2012/13,Yield,2938.3871560889957,KG/HA,2026-07-30
CONAB,Soybeans,2012/13,Yield,2938.3871560889957,KG/HA,2026-07-31
CONAB,Soybeans,2012/13,Yield,2938.3871560889957,KG/HA,2026-08-02
CONAB,Soybeans,2012/13,Yield,2938.3871560889957,KG/HA,2026-08-03
CONAB,Soybeans,2012/13,Yield,2938.3871560889957,KG/HA,2026-08-04
CONAB,Soybeans,2012/13,Yield,2938.3871560889957,KG/HA,2026-08-05
CONAB,Soybeans,2012/13,Yield,2938.3871560889957,KG/HA,2026-08-06
CONAB,Soybeans,2012/13,Yield,2938.3871560889957,KG/HA,2026-08-07
CONAB,Soybeans,2012/13,Yield,2938.3871560889957,KG/HA,2026-08-08
CONAB,Soybeans,2012/13,Yield,2938.3871560889957,KG/HA,2026-08-10
CONAB,Soybeans,2012/13,Yield,2938.3871560889957,KG/HA,2026-08-11
CONAB,Soybeans,2012/13,Yield,2938.3871560889957,KG/HA,2026-08-12
CONAB,Soybeans,2012/13,Yield,2938.3871560889957,KG/HA,2026-08-13
CONAB,Soybeans,2013/14,Area,30173.1,1000 HA,2026-07-28
CONAB,Soybeans,2013/14,Area,30173.1,1000 HA,2026-07-30
CONAB,Soybeans,2013/14,Area,30173.1,1000 HA,2026-07-31
CONAB,Soybeans,2013/14,Area,30173.1,1000 HA,2026-08-02
CONAB,Soybeans,2013/14,Area,30173.1,1000 HA,2026-08-03
CONAB,Soybeans,2013/14,Area,30173.1,1000 HA,2026-08-04
CONAB,Soybeans,2013/14,Area,30173.1,1000 HA,2026-08-05
CONAB,Soybeans,2013/14,Area,30173.1,1000 HA,2026-08-06
CONAB,Soybeans,2013/14,Area,30173.1,1000 HA,2026-08-07
CONAB,Soybeans,2013/14,Area,30173.1,1000 HA,2026-08-08
CONAB,Soybeans,2013/14,Area,30173.1,1000 HA,2026-08-10
CONAB,Soybeans,2013/14,Area,30173.1,1000 HA,2026-08-11
CONAB,Soybeans,2013/14,Area,30173.1,1000 HA,2026-08-12
CONAB,Soybeans,2013/14,Area,30173.1,1000 HA,2026-08-13
CONAB,Soybeans,2013/14,Production,86172.7,1000 MT,2026-07-28
CONAB,Soybeans,2013/14,Production,86172.7,1000 MT,2026-07-30
CONAB,Soybeans,2013/14,Production,86172.7,1000 MT,2026-07-31
CONAB,Soybeans,2013/14,Production,86172.7,1000 MT,2026-08-02
CONAB,Soybeans,2013/14,Production,86172.7,1000 MT,2026-08-03
CONAB,Soybeans,2013/14,Production,86172.7,1000 MT,2026-08-04
CONAB,Soybeans,2013/14,Production,86172.7,1000 MT,2026-08-05
CONAB,Soybeans,2013/14,Production,86172.7,1000 MT,2026-08-06
CONAB,Soybeans,2013/14,Production,86172.7,1000 MT,2026-08-07
CONAB,Soybeans,2013/14,Production,86172.7,1000 MT,2026-08-08
CONAB,Soybeans,2013/14,Production,86172.7,1000 MT,2026-08-10
CONAB,Soybeans,2013/14,Production,86172.7,1000 MT,2026-08-11
CONAB,Soybeans,2013/14,Production,86172.7,1000 MT,2026-08-12
CONAB,Soybeans,2013/14,Production,86172.7,1000 MT,2026-08-13
CONAB,Soybeans,2013/14,Yield,2855.9445333757553,KG/HA,2026-07-28
CONAB,Soybeans,2013/14,Yield,2855.9445333757553,KG/HA,2026-07-30
CONAB,Soybeans,2013/14,Yield,2855.9445333757553,KG/HA,2026-07-31
CONAB,Soybeans,2013/14,Yield,2855.9445333757553,KG/HA,2026-08-02
CONAB,Soybeans,2013/14,Yield,2855.9445333757553,KG/HA,2026-08-03
CONAB,Soybeans,2013/14,Yield,2855.9445333757553,KG/HA,2026-08-04
CONAB,Soybeans,2013/14,Yield,2855.9445333757553,KG/HA,2026-08-05
CONAB,Soybeans,2013/14,Yield,2855.9445333757553,KG/HA,2026-08-06
CONAB,Soybeans,2013/14,Yield,2855.9445333757553,KG/HA,2026-08-07
CONAB,Soybeans,2013/14,Yield,2855.9445333757553,KG/HA,2026-08-08
CONAB,Soybeans,2013/14,Yield,2855.9445333757553,KG/HA,2026-08-10
CONAB,Soybeans,2013/14,Yield,2855.9445333757553,KG/HA,2026-08-11
CONAB,Soybeans,2013/14,Yield,2855.9445333757553,KG/HA,2026-08-12
CONAB,Soybeans,2013/14,Yield,2855.9445333757553,KG/HA,2026-08-13
CONAB,Soybeans,2014/15,Area,32092.9,1000 HA,2026-07-28
CONAB,Soybeans,2014/15,Area,32092.9,1000 HA,2026-07-30
CONAB,Soybeans,2014/15,Area,32092.9,1000 HA,2026-07-31
CONAB,Soybeans,2014/15,Area,32092.9,1000 HA,2026-08-02
CONAB,Soybeans,2014/15,Area,32092.9,1000 HA,2026-08-03
CONAB,Soybeans,2014/15,Area,32092.9,1000 HA,2026-08-04
CONAB,Soybeans,2014/15,Area,32092.9,1000 HA,2026-08-05
CONAB,Soybeans,2014/15,Area,32092.9,1000 HA,2026-08-06
CONAB,Soybeans,2014/15,Area,32092.9,1000 HA,2026-08-07
CONAB,Soybeans,2014/15,Area,32092.9,1000 HA,2026-08-08
CONAB,Soybeans,2014/15,Area,32092.9,1000 HA,2026-08-10
CONAB,Soybeans,2014/15,Area,32092.9,1000 HA,2026-08-11
CONAB,Soybeans,2014/15,Area,32092.9,1000 HA,2026-08-12
CONAB,Soybeans,2014/15,Area,32092.9,1000 HA,2026-08-13
CONAB,Soybeans,2014/15,Production,97093.9,1000 MT,2026-07-28
CONAB,Soybeans,2014/15,Production,97093.9,1000 MT,2026-07-30
CONAB,Soybeans,2014/15,Production,97093.9,1000 MT,2026-07-31
CONAB,Soybeans,2014/15,Production,97093.9,1000 MT,2026-08-02
CONAB,Soybeans,2014/15,Production,97093.9,1000 MT,2026-08-03
CONAB,Soybeans,2014/15,Production,97093.9,1000 MT,2026-08-04
CONAB,Soybeans,2014/15,Production,97093.9,1000 MT,2026-08-05
CONAB,Soybeans,2014/15,Production,97093.9,1000 MT,2026-08-06
CONAB,Soybeans,2014/15,Production,97093.9,1000 MT,2026-08-07
CONAB,Soybeans,2014/15,Production,97093.9,1000 MT,2026-08-08
CONAB,Soybeans,2014/15,Production,97093.9,1000 MT,2026-08-10
CONAB,Soybeans,2014/15,Production,97093.9,1000 MT,2026-08-11
CONAB,Soybeans,2014/15,Production,97093.9,1000 MT,2026-08-12
CONAB,Soybeans,2014/15,Production,97093.9,1000 MT,2026-08-13
CONAB,Soybeans,2014/15,Yield,3025.4012569758415,KG/HA,2026-07-28
CONAB,Soybeans,2014/15,Yield,3025.4012569758415,KG/HA,2026-07-30
CONAB,Soybeans,2014/15,Yield,3025.4012569758415,KG/HA,2026-07-31
CONAB,Soybeans,2014/15,Yield,3025.4012569758415,KG/HA,2026-08-02
CONAB,Soybeans,2014/15,Yield,3025.4012569758415,KG/HA,2026-08-03
CONAB,Soybeans,2014/15,Yield,3025.4012569758415,KG/HA,2026-08-04
CONAB,Soybeans,2014/15,Yield,3025.4012569758415,KG/HA,2026-08-05
CONAB,Soybeans,2014/15,Yield,3025.4012569758415,KG/HA,2026-08-06
CONAB,Soybeans,2014/15,Yield,3025.4012569758415,KG/HA,2026-08-07
CONAB,Soybeans,2014/15,Yield,3025.4012569758415,KG/HA,2026-08-08
CONAB,Soybeans,2014/15,Yield,3025.4012569758415,KG/HA,2026-08-10
CONAB,Soybeans,2014/15,Yield,3025.4012569758415,KG/HA,2026-08-11
CONAB,Soybeans,2014/15,Yield,3025.4012569758415,KG/HA,2026-08-12
CONAB,Soybeans,2014/15,Yield,3025.4012569758415,KG/HA,2026-08-13
CONAB,Soybeans,2015/16,Area,33228.4,1000 HA,2026-07-28
CONAB,Soybeans,2015/16,Area,33228.4,1000 HA,2026-07-30
CONAB,Soybeans,2015/16,Area,33228.4,1000 HA,2026-07-31
CONAB,Soybeans,2015/16,Area,33228.4,1000 HA,2026-08-02
CONAB,Soybeans,2015/16,Area,33228.4,1000 HA,2026-08-03
CONAB,Soybeans,2015/16,Area,33228.4,1000 HA,2026-08-04
CONAB,Soybeans,2015/16,Area,33228.4,1000 HA,2026-08-05
CONAB,Soybeans,2015/16,Area,33228.4,1000 HA,2026-08-06
CONAB,Soybeans,2015/16,Area,33228.4,1000 HA,2026-08-07
CONAB,Soybeans,2015/16,Area,33228.4,1000 HA,2026-08-08
CONAB,Soybeans,2015/16,Area,33228.4,1000 HA,2026-08-10
CONAB,Soybeans,2015/16,Area,33228.4,1000 HA,2026-08-11
CONAB,Soybeans,2015/16,Area,33228.4,1000 HA,2026-08-12
CONAB,Soybeans,2015/16,Area,33228.4,1000 HA,2026-08-13
CONAB,Soybeans,2015/16,Production,95697.6,1000 MT,2026-07-28
CONAB,Soybeans,2015/16,Production,95697.6,1000 MT,2026-07-30
CONAB,Soybeans,2015/16,Production,95697.6,1000 MT,2026-07-31
CONAB,Soybeans,2015/16,Production,95697.6,1000 MT,2026-08-02
CONAB,Soybeans,2015/16,Production,95697.6,1000 MT,2026-08-03
CONAB,Soybeans,2015/16,Production,95697.6,1000 MT,2026-08-04
CONAB,Soybeans,2015/16,Production,95697.6,1000 MT,2026-08-05
CONAB,Soybeans,2015/16,Production,95697.6,1000 MT,2026-08-06
CONAB,Soybeans,2015/16,Production,95697.6,1000 MT,2026-08-07
CONAB,Soybeans,2015/16,Production,95697.6,1000 MT,2026-08-08
CONAB,Soybeans,2015/16,Production,95697.6,1000 MT,2026-08-10
CONAB,Soybeans,2015/16,Production,95697.6,1000 MT,2026-08-11
CONAB,Soybeans,2015/16,Production,95697.6,1000 MT,2026-08-12
CONAB,Soybeans,2015/16,Production,95697.6,1000 MT,2026-08-13
CONAB,Soybeans,2015/16,Yield,2879.9942218102588,KG/HA,2026-07-28
CONAB,Soybeans,2015/16,Yield,2879.9942218102588,KG/HA,2026-07-30
CONAB,Soybeans,2015/16,Yield,2879.9942218102588,KG/HA,2026-07-31
CONAB,Soybeans,2015/16,Yield,2879.9942218102588,KG/HA,2026-08-02
CONAB,Soybeans,2015/16,Yield,2879.9942218102588,KG/HA,2026-08-03
CONAB,Soybeans,2015/16,Yield,2879.9942218102588,KG/HA,2026-08-04
CONAB,Soybeans,2015/16,Yield,2879.9942218102588,KG/HA,2026-08-05
CONAB,Soybeans,2015/16,Yield,2879.9942218102588,KG/HA,2026-08-06
CONAB,Soybeans,2015/16,Yield,2879.9942218102588,KG/HA,2026-08-07
CONAB,Soybeans,2015/16,Yield,2879.9942218102588,KG/HA,2026-08-08
CONAB,Soybeans,2015/16,Yield,2879.9942218102588,KG/HA,2026-08-10
CONAB,Soybeans,2015/16,Yield,2879.9942218102588,KG/HA,2026-08-11
CONAB,Soybeans,2015/16,Yield,2879.9942218102588,KG/HA,2026-08-12
CONAB,Soybeans,2015/16,Yield,2879.9942218102588,KG/HA,2026-08-13
CONAB,Soybeans,2016/17,Area,33909.4,1000 HA,2026-07-28
CONAB,Soybeans,2016/17,Area,33909.4,1000 HA,2026-07-30
CONAB,Soybeans,2016/17,Area,33909.4,1000 HA,2026-07-31
CONAB,Soybeans,2016/17,Area,33909.4,1000 HA,2026-08-02
CONAB,Soybeans,2016/17,Area,33909.4,1000 HA,2026-08-03
CONAB,Soybeans,2016/17,Area,33909.4,1000 HA,2026-08-04
CONAB,Soybeans,2016/17,Area,33909.4,1000 HA,2026-08-05
CONAB,Soybeans,2016/17,Area,33909.4,1000 HA,2026-08-06
CONAB,Soybeans,2016/17,Area,33909.4,1000 HA,2026-08-07
CONAB,Soybeans,2016/17,Area,33909.4,1000 HA,2026-08-08
CONAB,Soybeans,2016/17,Area,33909.4,1000 HA,2026-08-10
CONAB,Soybeans,2016/17,Area,33909.4,1000 HA,2026-08-11
CONAB,Soybeans,2016/17,Area,33909.4,1000 HA,2026-08-12
CONAB,Soybeans,2016/17,Area,33909.4,1000 HA,2026-08-13
CONAB,Soybeans,2016/17,Production,115026.4,1000 MT,2026-07-28
CONAB,Soybeans,2016/17,Production,115026.4,1000 MT,2026-07-30
CONAB,Soybeans,2016/17,Production,115026.4,1000 MT,2026-07-31
CONAB,Soybeans,2016/17,Production,115026.4,1000 MT,2026-08-02
CONAB,Soybeans,2016/17,Production,115026.4,1000 MT,2026-08-03
CONAB,Soybeans,2016/17,Production,115026.4,1000 MT,2026-08-04
CONAB,Soybeans,2016/17,Production,115026.4,1000 MT,2026-08-05
CONAB,Soybeans,2016/17,Production,115026.4,1000 MT,2026-08-06
CONAB,Soybeans,2016/17,Production,115026.4,1000 MT,2026-08-07
CONAB,Soybeans,2016/17,Production,115026.4,1000 MT,2026-08-08
CONAB,Soybeans,2016/17,Production,115026.4,1000 MT,2026-08-10
CONAB,Soybeans,2016/17,Production,115026.4,1000 MT,2026-08-11
CONAB,Soybeans,2016/17,Production,115026.4,1000 MT,2026-08-12
CONAB,Soybeans,2016/17,Production,115026.4,1000 MT,2026-08-13
CONAB,Soybeans,2016/17,Yield,3392.1685432357986,KG/HA,2026-07-28
CONAB,Soybeans,2016/17,Yield,3392.1685432357986,KG/HA,2026-07-30
CONAB,Soybeans,2016/17,Yield,3392.1685432357986,KG/HA,2026-07-31
CONAB,Soybeans,2016/17,Yield,3392.1685432357986,KG/HA,2026-08-02
CONAB,Soybeans,2016/17,Yield,3392.1685432357986,KG/HA,2026-08-03
CONAB,Soybeans,2016/17,Yield,3392.1685432357986,KG/HA,2026-08-04
CONAB,Soybeans,2016/17,Yield,3392.1685432357986,KG/HA,2026-08-05
CONAB,Soybeans,2016/17,Yield,3392.1685432357986,KG/HA,2026-08-06
CONAB,Soybeans,2016/17,Yield,3392.1685432357986,KG/HA,2026-08-07
CONAB,Soybeans,2016/17,Yield,3392.1685432357986,KG/HA,2026-08-08
CONAB,Soybeans,2016/17,Yield,3392.1685432357986,KG/HA,2026-08-10
CONAB,Soybeans,2016/17,Yield,3392.1685432357986,KG/HA,2026-08-11
CONAB,Soybeans,2016/17,Yield,3392.1685432357986,KG/HA,2026-08-12
CONAB,Soybeans,2016/17,Yield,3392.1685432357986,KG/HA,2026-08-13
CONAB,Soybeans,2017/18,Area,35149.200000000004,1000 HA,2026-07-28
CONAB,Soybeans,2017/18,Area,35149.200000000004,1000 HA,2026-07-30
CONAB,Soybeans,2017/18,Area,35149.200000000004,1000 HA,2026-07-31
CONAB,Soybeans,2017/18,Area,35149.200000000004,1000 HA,2026-08-02
CONAB,Soybeans,2017/18,Area,35149.200000000004,1000 HA,2026-08-03
CONAB,Soybeans,2017/18,Area,35149.200000000004,1000 HA,2026-08-04
CONAB,Soybeans,2017/18,Area,35149.200000000004,1000 HA,2026-08-05
CONAB,Soybeans,2017/18,Area,35149.200000000004,1000 HA,2026-08-06
CONAB,Soybeans,2017/18,Area,35149.200000000004,1000 HA,2026-08-07
CONAB,Soybeans,2017/18,Area,35149.200000000004,1000 HA,2026-08-08
CONAB,Soybeans,2017/18,Area,35149.200000000004,1000 HA,2026-08-10
CONAB,Soybeans,2017/18,Area,35149.200000000004,1000 HA,2026-08-11
CONAB,Soybeans,2017/18,Area,35149.200000000004,1000 HA,2026-08-12
CONAB,Soybeans,2017/18,Area,35149.200000000004,1000 HA,2026-08-13
CONAB,Soybeans,2017/18,Production,123258.90000000001,1000 MT,2026-07-28
CONAB,Soybeans,2017/18,Production,123258.90000000001,1000 MT,2026-07-30
CONAB,Soybeans,2017/18,Production,123258.90000000001,1000 MT,2026-07-31
CONAB,Soybeans,2017/18,Production,123258.90000000001,1000 MT,2026-08-02
CONAB,Soybeans,2017/18,Production,123258.90000000001,1000 MT,2026-08-03
CONAB,Soybeans,2017/18,Production,123258.90000000001,1000 MT,2026-08-04
CONAB,Soybeans,2017/18,Production,123258.90000000001,1000 MT,2026-08-05
CONAB,Soybeans,2017/18,Production,123258.90000000001,1000 MT,2026-08-06
CONAB,Soybeans,2017/18,Production,123258.90000000001,1000 MT,2026-08-07
CONAB,Soybeans,2017/18,Production,123258.90000000001,1000 MT,2026-08-08
CONAB,Soybeans,2017/18,Production,123258.90000000001,1000 MT,2026-08-10
CONAB,Soybeans,2017/18,Production,123258.90000000001,1000 MT,2026-08-11
CONAB,Soybeans,2017/18,Production,123258.90000000001,1000 MT,2026-08-12
CONAB,Soybeans,2017/18,Production,123258.90000000001,1000 MT,2026-08-13
CONAB,Soybeans,2017/18,Yield,3506.734150421631,KG/HA,2026-07-28
CONAB,Soybeans,2017/18,Yield,3506.734150421631,KG/HA,2026-07-30
CONAB,Soybeans,2017/18,Yield,3506.734150421631,KG/HA,2026-07-31
CONAB,Soybeans,2017/18,Yield,3506.734150421631,KG/HA,2026-08-02
CONAB,Soybeans,2017/18,Yield,3506.734150421631,KG/HA,2026-08-03
CONAB,Soybeans,2017/18,Yield,3506.734150421631,KG/HA,2026-08-04
CONAB,Soybeans,2017/18,Yield,3506.734150421631,KG/HA,2026-08-05
CONAB,Soybeans,2017/18,Yield,3506.734150421631,KG/HA,2026-08-06
CONAB,Soybeans,2017/18,Yield,3506.734150421631,KG/HA,2026-08-07
CONAB,Soybeans,2017/18,Yield,3506.734150421631,KG/HA,2026-08-08
CONAB,Soybeans,2017/18,Yield,3506.734150421631,KG/HA,2026-08-10
CONAB,Soybeans,2017/18,Yield,3506.734150421631,KG/HA,2026-08-11
CONAB,Soybeans,2017/18,Yield,3506.734150421631,KG/HA,2026-08-12
CONAB,Soybeans,2017/18,Yield,3506.734150421631,KG/HA,2026-08-13
CONAB,Soybeans,2018/19,Area,35876.0,1000 HA,2026-07-28
CONAB,Soybeans,2018/19,Area,35876.0,1000 HA,2026-07-30
CONAB,Soybeans,2018/19,Area,35876.0,1000 HA,2026-07-31
CONAB,Soybeans,2018/19,Area,35876.0,1000 HA,2026-08-02
CONAB,Soybeans,2018/19,Area,35876.0,1000 HA,2026-08-03
CONAB,Soybeans,2018/19,Area,35876.0,1000 HA,2026-08-04
CONAB,Soybeans,2018/19,Area,35876.0,1000 HA,2026-08-05
CONAB,Soybeans,2018/19,Area,35876.0,1000 HA,2026-08-06
CONAB,Soybeans,2018/19,Area,35876.0,1000 HA,2026-08-07
CONAB,Soybeans,2018/19,Area,35876.0,1000 HA,2026-08-08
CONAB,Soybeans,2018/19,Area,35876.0,1000 HA,2026-08-10
CONAB,Soybeans,2018/19,Area,35876.0,1000 HA,2026-08-11
CONAB,Soybeans,2018/19,Area,35876.0,1000 HA,2026-08-12
CONAB,Soybeans,2018/19,Area,35876.0,1000 HA,2026-08-13
CONAB,Soybeans,2018/19,Production,119718.1,1000 MT,2026-07-28
CONAB,Soybeans,2018/19,Production,119718.1,1000 MT,2026-07-30
CONAB,Soybeans,2018/19,Production,119718.1,1000 MT,2026-07-31
CONAB,Soybeans,2018/19,Production,119718.1,1000 MT,2026-08-02
CONAB,Soybeans,2018/19,Production,119718.1,1000 MT,2026-08-03
CONAB,Soybeans,2018/19,Production,119718.1,1000 MT,2026-08-04
CONAB,Soybeans,2018/19,Production,119718.1,1000 MT,2026-08-05
CONAB,Soybeans,2018/19,Production,119718.1,1000 MT,2026-08-06
CONAB,Soybeans,2018/19,Production,119718.1,1000 MT,2026-08-07
CONAB,Soybeans,2018/19,Production,119718.1,1000 MT,2026-08-08
CONAB,Soybeans,2018/19,Production,119718.1,1000 MT,2026-08-10
CONAB,Soybeans,2018/19,Production,119718.1,1000 MT,2026-08-11
CONAB,Soybeans,2018/19,Production,119718.1,1000 MT,2026-08-12
CONAB,Soybeans,2018/19,Production,119718.1,1000 MT,2026-08-13
CONAB,Soybeans,2018/19,Yield,3336.996878135801,KG/HA,2026-07-28
CONAB,Soybeans,2018/19,Yield,3336.996878135801,KG/HA,2026-07-30
CONAB,Soybeans,2018/19,Yield,3336.996878135801,KG/HA,2026-07-31
CONAB,Soybeans,2018/19,Yield,3336.996878135801,KG/HA,2026-08-02
CONAB,Soybeans,2018/19,Yield,3336.996878135801,KG/HA,2026-08-03
CONAB,Soybeans,2018/19,Yield,3336.996878135801,KG/HA,2026-08-04
CONAB,Soybeans,2018/19,Yield,3336.996878135801,KG/HA,2026-08-05
CONAB,Soybeans,2018/19,Yield,3336.996878135801,KG/HA,2026-08-06
CONAB,Soybeans,2018/19,Yield,3336.996878135801,KG/HA,2026-08-07
CONAB,Soybeans,2018/19,Yield,3336.996878135801,KG/HA,2026-08-08
CONAB,Soybeans,2018/19,Yield,3336.996878135801,KG/HA,2026-08-10
CONAB,Soybeans,2018/19,Yield,3336.996878135801,KG/HA,2026-08-11
CONAB,Soybeans,2018/19,Yield,3336.996878135801,KG/HA,2026-08-12
CONAB,Soybeans,2018/19,Yield,3336.996878135801,KG/HA,2026-08-13
CONAB,Soybeans,2019/20,Area,36948.0,1000 HA,2026-07-28
CONAB,Soybeans,2019/20,Area,36948.0,1000 HA,2026-07-30
CONAB,Soybeans,2019/20,Area,36948.0,1000 HA,2026-07-31
CONAB,Soybeans,2019/20,Area,36948.0,1000 HA,2026-08-02
CONAB,Soybeans,2019/20,Area,36948.0,1000 HA,2026-08-03
CONAB,Soybeans,2019/20,Area,36948.0,1000 HA,2026-08-04
CONAB,Soybeans,2019/20,Area,36948.0,1000 HA,2026-08-05
CONAB,Soybeans,2019/20,Area,36948.0,1000 HA,2026-08-06
CONAB,Soybeans,2019/20,Area,36948.0,1000 HA,2026-08-07
CONAB,Soybeans,2019/20,Area,36948.0,1000 HA,2026-08-08
CONAB,Soybeans,2019/20,Area,36948.0,1000 HA,2026-08-10
CONAB,Soybeans,2019/20,Area,36948.0,1000 HA,2026-08-11
CONAB,Soybeans,2019/20,Area,36948.0,1000 HA,2026-08-12
CONAB,Soybeans,2019/20,Area,36948.0,1000 HA,2026-08-13
CONAB,Soybeans,2019/20,Production,124845.0,1000 MT,2026-07-28
CONAB,Soybeans,2019/20,Production,124845.0,1000 MT,2026-07-30
CONAB,Soybeans,2019/20,Production,124845.0,1000 MT,2026-07-31
CONAB,Soybeans,2019/20,Production,124845.0,1000 MT,2026-08-02
CONAB,Soybeans,2019/20,Production,124845.0,1000 MT,2026-08-03
CONAB,Soybeans,2019/20,Production,124845.0,1000 MT,2026-08-04
CONAB,Soybeans,2019/20,Production,124845.0,1000 MT,2026-08-05
CONAB,Soybeans,2019/20,Production,124845.0,1000 MT,2026-08-06
CONAB,Soybeans,2019/20,Production,124845.0,1000 MT,2026-08-07
CONAB,Soybeans,2019/20,Production,124845.0,1000 MT,2026-08-08
CONAB,Soybeans,2019/20,Production,124845.0,1000 MT,2026-08-10
CONAB,Soybeans,2019/20,Production,124845.0,1000 MT,2026-08-11
CONAB,Soybeans,2019/20,Production,124845.0,1000 MT,2026-08-12
CONAB,Soybeans,2019/20,Production,124845.0,1000 MT,2026-08-13
CONAB,Soybeans,2019/20,Yield,3378.9379668723614,KG/HA,2026-07-28
CONAB,Soybeans,2019/20,Yield,3378.9379668723614,KG/HA,2026-07-30
CONAB,Soybeans,2019/20,Yield,3378.9379668723614,KG/HA,2026-07-31
CONAB,Soybeans,2019/20,Yield,3378.9379668723614,KG/HA,2026-08-02
CONAB,Soybeans,2019/20,Yield,3378.9379668723614,KG/HA,2026-08-03
CONAB,Soybeans,2019/20,Yield,3378.9379668723614,KG/HA,2026-08-04
CONAB,Soybeans,2019/20,Yield,3378.9379668723614,KG/HA,2026-08-05
CONAB,Soybeans,2019/20,Yield,3378.9379668723614,KG/HA,2026-08-06
CONAB,Soybeans,2019/20,Yield,3378.9379668723614,KG/HA,2026-08-07
CONAB,Soybeans,2019/20,Yield,3378.9379668723614,KG/HA,2026-08-08
CONAB,Soybeans,2019/20,Yield,3378.9379668723614,KG/HA,2026-08-10
CONAB,Soybeans,2019/20,Yield,3378.9379668723614,KG/HA,2026-08-11
CONAB,Soybeans,2019/20,Yield,3378.9379668723614,KG/HA,2026-08-12
CONAB,Soybeans,2019/20,Yield,3378.9379668723614,KG/HA,2026-08-13
CONAB,Soybeans,2020/21,Area,39531.2,1000 HA,2026-07-28
CONAB,Soybeans,2020/21,Area,39531.2,1000 HA,2026-07-30
CONAB,Soybeans,2020/21,Area,39531.2,1000 HA,2026-07-31
CONAB,Soybeans,2020/21,Area,39531.2,1000 HA,2026-08-02
CONAB,Soybeans,2020/21,Area,39531.2,1000 HA,2026-08-03
CONAB,Soybeans,2020/21,Area,39531.2,1000 HA,2026-08-04
CONAB,Soybeans,2020/21,Area,39531.2,1000 HA,2026-08-05
CONAB,Soybeans,2020/21,Area,39531.2,1000 HA,2026-08-06
CONAB,Soybeans,2020/21,Area,39531.2,1000 HA,2026-08-07
CONAB,Soybeans,2020/21,Area,39531.2,1000 HA,2026-08-08
CONAB,Soybeans,2020/21,Area,39531.2,1000 HA,2026-08-10
CONAB,Soybeans,2020/21,Area,39531.2,1000 HA,2026-08-11
CONAB,Soybeans,2020/21,Area,39531.2,1000 HA,2026-08-12
CONAB,Soybeans,2020/21,Area,39531.2,1000 HA,2026-08-13
CONAB,Soybeans,2020/21,Production,139385.3,1000 MT,2026-07-28
CONAB,Soybeans,2020/21,Production,139385.3,1000 MT,2026-07-30
CONAB,Soybeans,2020/21,Production,139385.3,1000 MT,2026-07-31
CONAB,Soybeans,2020/21,Production,139385.3,1000 MT,2026-08-02
CONAB,Soybeans,2020/21,Production,139385.3,1000 MT,2026-08-03
CONAB,Soybeans,2020/21,Production,139385.3,1000 MT,2026-08-04
CONAB,Soybeans,2020/21,Production,139385.3,1000 MT,2026-08-05
CONAB,Soybeans,2020/21,Production,139385.3,1000 MT,2026-08-06
CONAB,Soybeans,2020/21,Production,139385.3,1000 MT,2026-08-07
CONAB,Soybeans,2020/21,Production,139385.3,1000 MT,2026-08-08
CONAB,Soybeans,2020/21,Production,139385.3,1000 MT,2026-08-10
CONAB,Soybeans,2020/21,Production,139385.3,1000 MT,2026-08-11
CONAB,Soybeans,2020/21,Production,139385.3,1000 MT,2026-08-12
CONAB,Soybeans,2020/21,Production,139385.3,1000 MT,2026-08-13
CONAB,Soybeans,2020/21,Yield,3525.956712672522,KG/HA,2026-07-28
CONAB,Soybeans,2020/21,Yield,3525.956712672522,KG/HA,2026-07-30
CONAB,Soybeans,2020/21,Yield,3525.956712672522,KG/HA,2026-07-31
CONAB,Soybeans,2020/21,Yield,3525.956712672522,KG/HA,2026-08-02
CONAB,Soybeans,2020/21,Yield,3525.956712672522,KG/HA,2026-08-03
CONAB,Soybeans,2020/21,Yield,3525.956712672522,KG/HA,2026-08-04
CONAB,Soybeans,2020/21,Yield,3525.956712672522,KG/HA,2026-08-05
CONAB,Soybeans,2020/21,Yield,3525.956712672522,KG/HA,2026-08-06
CONAB,Soybeans,2020/21,Yield,3525.956712672522,KG/HA,2026-08-07
CONAB,Soybeans,2020/21,Yield,3525.956712672522,KG/HA,2026-08-08
CONAB,Soybeans,2020/21,Yield,3525.956712672522,KG/HA,2026-08-10
CONAB,Soybeans,2020/21,Yield,3525.956712672522,KG/HA,2026-08-11
CONAB,Soybeans,2020/21,Yield,3525.956712672522,KG/HA,2026-08-12
CONAB,Soybeans,2020/21,Yield,3525.956712672522,KG/HA,2026-08-13
CONAB,Soybeans,2021/22,Area,41793.8,1000 HA,2026-07-28
CONAB,Soybeans,2021/22,Area,41793.8,1000 HA,2026-07-30
CONAB,Soybeans,2021/22,Area,41793.8,1000 HA,2026-07-31
CONAB,Soybeans,2021/22,Area,41793.8,1000 HA,2026-08-02
CONAB,Soybeans,2021/22,Area,41793.8,1000 HA,2026-08-03
CONAB,Soybeans,2021/22,Area,41793.8,1000 HA,2026-08-04
CONAB,Soybeans,2021/22,Area,41793.8,1000 HA,2026-08-05
CONAB,Soybeans,2021/22,Area,41793.8,1000 HA,2026-08-06
CONAB,Soybeans,2021/22,Area,41793.8,1000 HA,2026-08-07
CONAB,Soybeans,2021/22,Area,41793.8,1000 HA,2026-08-08
CONAB,Soybeans,2021/22,Area,41793.8,1000 HA,2026-08-10
CONAB,Soybeans,2021/22,Area,41793.8,1000 HA,2026-08-11
CONAB,Soybeans,2021/22,Area,41793.8,1000 HA,2026-08-12
CONAB,Soybeans,2021/22,Area,41793.8,1000 HA,2026-08-13
CONAB,Soybeans,2021/22,Production,130828.7,1000 MT,2026-07-28
CONAB,Soybeans,2021/22,Production,130828.7,1000 MT,2026-07-30
CONAB,Soybeans,2021/22,Production,130828.7,1000 MT,2026-07-31
CONAB,Soybeans,2021/22,Production,130828.7,1000 MT,2026-08-02
CONAB,Soybeans,2021/22,Production,130828.7,1000 MT,2026-08-03
CONAB,Soybeans,2021/22,Production,130828.7,1000 MT,2026-08-04
CONAB,Soybeans,2021/22,Production,130828.7,1000 MT,2026-08-05
CONAB,Soybeans,2021/22,Production,130828.7,1000 MT,2026-08-06
CONAB,Soybeans,2021/22,Production,130828.7,1000 MT,2026-08-07
CONAB,Soybeans,2021/22,Production,130828.7,1000 MT,2026-08-08
CONAB,Soybeans,2021/22,Production,130828.7,1000 MT,2026-08-10
CONAB,Soybeans,2021/22,Production,130828.7,1000 MT,2026-08-11
CONAB,Soybeans,2021/22,Production,130828.7,1000 MT,2026-08-12
CONAB,Soybeans,2021/22,Production,130828.7,1000 MT,2026-08-13
CONAB,Soybeans,2021/22,Yield,3130.3375141767438,KG/HA,2026-07-28
CONAB,Soybeans,2021/22,Yield,3130.3375141767438,KG/HA,2026-07-30
CONAB,Soybeans,2021/22,Yield,3130.3375141767438,KG/HA,2026-07-31
CONAB,Soybeans,2021/22,Yield,3130.3375141767438,KG/HA,2026-08-02
CONAB,Soybeans,2021/22,Yield,3130.3375141767438,KG/HA,2026-08-03
CONAB,Soybeans,2021/22,Yield,3130.3375141767438,KG/HA,2026-08-04
CONAB,Soybeans,2021/22,Yield,3130.3375141767438,KG/HA,2026-08-05
CONAB,Soybeans,2021/22,Yield,3130.3375141767438,KG/HA,2026-08-06
CONAB,Soybeans,2021/22,Yield,3130.3375141767438,KG/HA,2026-08-07
CONAB,Soybeans,2021/22,Yield,3130.3375141767438,KG/HA,2026-08-08
CONAB,Soybeans,2021/22,Yield,3130.3375141767438,KG/HA,2026-08-10
CONAB,Soybeans,2021/22,Yield,3130.3375141767438,KG/HA,2026-08-11
CONAB,Soybeans,2021/22,Yield,3130.3375141767438,KG/HA,2026-08-12
CONAB,Soybeans,2021/22,Yield,3130.3375141767438,KG/HA,2026-08-13
CONAB,Soybeans,2022/23,Area,44514.7,1000 HA,2026-07-28
CONAB,Soybeans,2022/23,Area,44514.7,1000 HA,2026-07-30
CONAB,Soybeans,2022/23,Area,44514.7,1000 HA,2026-07-31
CONAB,Soybeans,2022/23,Area,44514.7,1000 HA,2026-08-02
CONAB,Soybeans,2022/23,Area,44514.7,1000 HA,2026-08-03
CONAB,Soybeans,2022/23,Area,44514.7,1000 HA,2026-08-04
CONAB,Soybeans,2022/23,Area,44514.7,1000 HA,2026-08-05
CONAB,Soybeans,2022/23,Area,44514.7,1000 HA,2026-08-06
CONAB,Soybeans,2022/23,Area,44514.7,1000 HA,2026-08-07
CONAB,Soybeans,2022/23,Area,44514.7,1000 HA,2026-08-08
CONAB,Soybeans,2022/23,Area,44514.7,1000 HA,2026-08-10
CONAB,Soybeans,2022/23,Area,44514.7,1000 HA,2026-08-11
CONAB,Soybeans,2022/23,Area,44514.7,1000 HA,2026-08-12
CONAB,Soybeans,2022/23,Area,44514.7,1000 HA,2026-08-13
CONAB,Soybeans,2022/23,Production,159154.3,1000 MT,2026-07-28
CONAB,Soybeans,2022/23,Production,159154.3,1000 MT,2026-07-30
CONAB,Soybeans,2022/23,Production,159154.3,1000 MT,2026-07-31
CONAB,Soybeans,2022/23,Production,159154.3,1000 MT,2026-08-02
CONAB,Soybeans,2022/23,Production,159154.3,1000 MT,2026-08-03
CONAB,Soybeans,2022/23,Production,159154.3,1000 MT,2026-08-04
CONAB,Soybeans,2022/23,Production,159154.3,1000 MT,2026-08-05
CONAB,Soybeans,2022/23,Production,159154.3,1000 MT,2026-08-06
CONAB,Soybeans,2022/23,Production,159154.3,1000 MT,2026-08-07
CONAB,Soybeans,2022/23,Production,159154.3,1000 MT,2026-08-08
CONAB,Soybeans,2022/23,Production,159154.3,1000 MT,2026-08-10
CONAB,Soybeans,2022/23,Production,159154.3,1000 MT,2026-08-11
CONAB,Soybeans,2022/23,Production,159154.3,1000 MT,2026-08-12
CONAB,Soybeans,2022/23,Production,159154.3,1000 MT,2026-08-13
CONAB,Soybeans,2022/23,Yield,3575.320062810712,KG/HA,2026-07-28
CONAB,Soybeans,2022/23,Yield,3575.320062810712,KG/HA,2026-07-30
CONAB,Soybeans,2022/23,Yield,3575.320062810712,KG/HA,2026-07-31
CONAB,Soybeans,2022/23,Yield,3575.320062810712,KG/HA,2026-08-02
CONAB,Soybeans,2022/23,Yield,3575.320062810712,KG/HA,2026-08-03
CONAB,Soybeans,2022/23,Yield,3575.320062810712,KG/HA,2026-08-04
CONAB,Soybeans,2022/23,Yield,3575.320062810712,KG/HA,2026-08-05
CONAB,Soybeans,2022/23,Yield,3575.320062810712,KG/HA,2026-08-06
CONAB,Soybeans,2022/23,Yield,3575.320062810712,KG/HA,2026-08-07
CONAB,Soybeans,2022/23,Yield,3575.320062810712,KG/HA,2026-08-08
CONAB,Soybeans,2022/23,Yield,3575.320062810712,KG/HA,2026-08-10
CONAB,Soybeans,2022/23,Yield,3575.320062810712,KG/HA,2026-08-11
CONAB,Soybeans,2022/23,Yield,3575.320062810712,KG/HA,2026-08-12
CONAB,Soybeans,2022/23,Yield,3575.320062810712,KG/HA,2026-08-13
CONAB,Soybeans,2023/24,Area,46095.9,1000 HA,2026-07-28
CONAB,Soybeans,2023/24,Area,46095.9,1000 HA,2026-07-30
CONAB,Soybeans,2023/24,Area,46095.9,1000 HA,2026-07-31
CONAB,Soybeans,2023/24,Area,46095.9,1000 HA,2026-08-02
CONAB,Soybeans,2023/24,Area,46095.9,1000 HA,2026-08-03
CONAB,Soybeans,2023/24,Area,46095.9,1000 HA,2026-08-04
CONAB,Soybeans,2023/24,Area,46095.9,1000 HA,2026-08-05
CONAB,Soybeans,2023/24,Area,46095.9,1000 HA,2026-08-06
CONAB,Soybeans,2023/24,Area,46095.9,1000 HA,2026-08-07
CONAB,Soybeans,2023/24,Area,46095.9,1000 HA,2026-08-08
CONAB,Soybeans,2023/24,Area,46095.9,1000 HA,2026-08-10
CONAB,Soybeans,2023/24,Area,46095.9,1000 HA,2026-08-11
CONAB,Soybeans,2023/24,Area,46095.9,1000 HA,2026-08-12
CONAB,Soybeans,2023/24,Area,46095.9,1000 HA,2026-08-13
CONAB,Soybeans,2023/24,Production,151283.4,1000 MT,2026-07-28
CONAB,Soybeans,2023/24,Production,151283.4,1000 MT,2026-07-30
CONAB,Soybeans,2023/24,Production,151283.4,1000 MT,2026-07-31
CONAB,Soybeans,2023/24,Production,151283.4,1000 MT,2026-08-02
CONAB,Soybeans,2023/24,Production,151283.4,1000 MT,2026-08-03
CONAB,Soybeans,2023/24,Production,151283.4,1000 MT,2026-08-04
CONAB,Soybeans,2023/24,Production,151283.4,1000 MT,2026-08-05
CONAB,Soybeans,2023/24,Production,151283.4,1000 MT,2026-08-06
CONAB,Soybeans,2023/24,Production,151283.4,1000 MT,2026-08-07
CONAB,Soybeans,2023/24,Production,151283.4,1000 MT,2026-08-08
CONAB,Soybeans,2023/24,Production,151283.4,1000 MT,2026-08-10
CONAB,Soybeans,2023/24,Production,151283.4,1000 MT,2026-08-11
CONAB,Soybeans,2023/24,Production,151283.4,1000 MT,2026-08-12
CONAB,Soybeans,2023/24,Production,151283.4,1000 MT,2026-08-13
CONAB,Soybeans,2023/24,Yield,3281.927459925937,KG/HA,2026-07-28
CONAB,Soybeans,2023/24,Yield,3281.927459925937,KG/HA,2026-07-30
CONAB,Soybeans,2023/24,Yield,3281.927459925937,KG/HA,2026-07-31
CONAB,Soybeans,2023/24,Yield,3281.927459925937,KG/HA,2026-08-02
CONAB,Soybeans,2023/24,Yield,3281.927459925937,KG/HA,2026-08-03
CONAB,Soybeans,2023/24,Yield,3281.927459925937,KG/HA,2026-08-04
CONAB,Soybeans,2023/24,Yield,3281.927459925937,KG/HA,2026-08-05
CONAB,Soybeans,2023/24,Yield,3281.927459925937,KG/HA,2026-08-06
CONAB,Soybeans,2023/24,Yield,3281.927459925937,KG/HA,2026-08-07
CONAB,Soybeans,2023/24,Yield,3281.927459925937,KG/HA,2026-08-08
CONAB,Soybeans,2023/24,Yield,3281.927459925937,KG/HA,2026-08-10
CONAB,Soybeans,2023/24,Yield,3281.927459925937,KG/HA,2026-08-11
CONAB,Soybeans,2023/24,Yield,3281.927459925937,KG/HA,2026-08-12
CONAB,Soybeans,2023/24,Yield,3281.927459925937,KG/HA,2026-08-13
CONAB,Soybeans,2024/25,Area,47350.6,1000 HA,2026-07-28
CONAB,Soybeans,2024/25,Area,47350.6,1000 HA,2026-07-30
CONAB,Soybeans,2024/25,Area,47350.6,1000 HA,2026-07-31
CONAB,Soybeans,2024/25,Area,47350.6,1000 HA,2026-08-02
CONAB,Soybeans,2024/25,Area,47350.6,1000 HA,2026-08-03
CONAB,Soybeans,2024/25,Area,47350.6,1000 HA,2026-08-04
CONAB,Soybeans,2024/25,Area,47350.6,1000 HA,2026-08-05
CONAB,Soybeans,2024/25,Area,47350.6,1000 HA,2026-08-06
CONAB,Soybeans,2024/25,Area,47350.6,1000 HA,2026-08-07
CONAB,Soybeans,2024/25,Area,47350.6,1000 HA,2026-08-08
CONAB,Soybeans,2024/25,Area,47350.6,1000 HA,2026-08-10
CONAB,Soybeans,2024/25,Area,47350.6,1000 HA,2026-08-11
CONAB,Soybeans,2024/25,Area,47350.6,1000 HA,2026-08-12
CONAB,Soybeans,2024/25,Area,47350.6,1000 HA,2026-08-13
CONAB,Soybeans,2024/25,Production,171472.3,1000 MT,2026-07-28
CONAB,Soybeans,2024/25,Production,171472.3,1000 MT,2026-07-30
CONAB,Soybeans,2024/25,Production,171472.3,1000 MT,2026-07-31
CONAB,Soybeans,2024/25,Production,171472.3,1000 MT,2026-08-02
CONAB,Soybeans,2024/25,Production,171472.3,1000 MT,2026-08-03
CONAB,Soybeans,2024/25,Production,171472.3,1000 MT,2026-08-04
CONAB,Soybeans,2024/25,Production,171472.3,1000 MT,2026-08-05
CONAB,Soybeans,2024/25,Production,171472.3,1000 MT,2026-08-06
CONAB,Soybeans,2024/25,Production,171472.3,1000 MT,2026-08-07
CONAB,Soybeans,2024/25,Production,171472.3,1000 MT,2026-08-08
CONAB,Soybeans,2024/25,Production,171472.3,1000 MT,2026-08-10
CONAB,Soybeans,2024/25,Production,171472.3,1000 MT,2026-08-11
CONAB,Soybeans,2024/25,Production,171472.3,1000 MT,2026-08-12
CONAB,Soybeans,2024/25,Production,171472.3,1000 MT,2026-08-13
CONAB,Soybeans,2024/25,Yield,3621.3332038031194,KG/HA,2026-07-28
CONAB,Soybeans,2024/25,Yield,3621.3332038031194,KG/HA,2026-07-30
CONAB,Soybeans,2024/25,Yield,3621.3332038031194,KG/HA,2026-07-31
CONAB,Soybeans,2024/25,Yield,3621.3332038031194,KG/HA,2026-08-02
CONAB,Soybeans,2024/25,Yield,3621.3332038031194,KG/HA,2026-08-03
CONAB,Soybeans,2024/25,Yield,3621.3332038031194,KG/HA,2026-08-04
CONAB,Soybeans,2024/25,Yield,3621.3332038031194,KG/HA,2026-08-05
CONAB,Soybeans,2024/25,Yield,3621.3332038031194,KG/HA,2026-08-06
CONAB,Soybeans,2024/25,Yield,3621.3332038031194,KG/HA,2026-08-07
CONAB,Soybeans,2024/25,Yield,3621.3332038031194,KG/HA,2026-08-08
CONAB,Soybeans,2024/25,Yield,3621.3332038031194,KG/HA,2026-08-10
CONAB,Soybeans,2024/25,Yield,3621.3332038031194,KG/HA,2026-08-11
CONAB,Soybeans,2024/25,Yield,3621.3332038031194,KG/HA,2026-08-12
CONAB,Soybeans,2024/25,Yield,3621.3332038031194,KG/HA,2026-08-13
CONAB,Soybeans,2025/26,Area,48563.3,1000 HA,2026-07-28
CONAB,Soybeans,2025/26,Area,48563.3,1000 HA,2026-07-30
CONAB,Soybeans,2025/26,Area,48563.3,1000 HA,2026-07-31
CONAB,Soybeans,2025/26,Area,48563.3,1000 HA,2026-08-02
CONAB,Soybeans,2025/26,Area,48563.3,1000 HA,2026-08-03
CONAB,Soybeans,2025/26,Area,48563.3,1000 HA,2026-08-04
CONAB,Soybeans,2025/26,Area,48563.3,1000 HA,2026-08-05
CONAB,Soybeans,2025/26,Area,48563.3,1000 HA,2026-08-06
CONAB,Soybeans,2025/26,Area,48563.3,1000 HA,2026-08-07
CONAB,Soybeans,2025/26,Area,48563.3,1000 HA,2026-08-08
CONAB,Soybeans,2025/26,Area,48563.3,1000 HA,2026-08-10
CONAB,Soybeans,2025/26,Area,48563.3,1000 HA,2026-08-11
CONAB,Soybeans,2025/26,Area,48563.3,1000 HA,2026-08-12
CONAB,Soybeans,2025/26,Area,48563.3,1000 HA,2026-08-13
CONAB,Soybeans,2025/26,Production,180252.69999999998,1000 MT,2026-07-28
CONAB,Soybeans,2025/26,Production,180252.69999999998,1000 MT,2026-07-30
CONAB,Soybeans,2025/26,Production,180252.69999999998,1000 MT,2026-07-31
CONAB,Soybeans,2025/26,Production,180252.69999999998,1000 MT,2026-08-02
CONAB,Soybeans,2025/26,Production,180252.69999999998,1000 MT,2026-08-03
CONAB,Soybeans,2025/26,Production,180252.69999999998,1000 MT,2026-08-04
CONAB,Soybeans,2025/26,Production,180252.69999999998,1000 MT,2026-08-05
CONAB,Soybeans,2025/26,Production,180252.69999999998,1000 MT,2026-08-06
CONAB,Soybeans,2025/26,Production,180252.69999999998,1000 MT,2026-08-07
CONAB,Soybeans,2025/26,Production,180252.69999999998,1000 MT,2026-08-08
CONAB,Soybeans,2025/26,Production,180252.69999999998,1000 MT,2026-08-10
CONAB,Soybeans,2025/26,Production,180252.69999999998,1000 MT,2026-08-11
CONAB,Soybeans,2025/26,Production,180252.69999999998,1000 MT,2026-08-12
CONAB,Soybeans,2025/26,Production,180252.69999999998,1000 MT,2026-08-13
CONAB,Soybeans,2025/26,Yield,3711.7061649434854,KG/HA,2026-07-28
CONAB,Soybeans,2025/26,Yield,3711.7061649434854,KG/HA,2026-07-30
CONAB,Soybeans,2025/26,Yield,3711.7061649434854,KG/HA,2026-07-31
CONAB,Soybeans,2025/26,Yield,3711.7061649434854,KG/HA,2026-08-02
CONAB,Soybeans,2025/26,Yield,3711.7061649434854,KG/HA,2026-08-03
CONAB,Soybeans,2025/26,Yield,3711.7061649434854,KG/HA,2026-08-04
CONAB,Soybeans,2025/26,Yield,3711.7061649434854,KG/HA,2026-08-05
CONAB,Soybeans,2025/26,Yield,3711.7061649434854,KG/HA,2026-08-06
CONAB,Soybeans,2025/26,Yield,3711.7061649434854,KG/HA,2026-08-07
CONAB,Soybeans,2025/26,Yield,3711.7061649434854,KG/HA,2026-08-08
CONAB,Soybeans,2025/26,Yield,3711.7061649434854,KG/HA,2026-08-10
CONAB,Soybeans,2025/26,Yield,3711.7061649434854,KG/HA,2026-08-11
CONAB,Soybeans,2025/26,Yield,3711.7061649434854,KG/HA,2026-08-12
CONAB,Soybeans,2025/26,Yield,3711.7061649434854,KG/HA,2026-08-13
CONAB,Wheat,1977,Area,3153.3,1000 HA,2026-07-28
CONAB,Wheat,1977,Area,3153.3,1000 HA,2026-07-30
CONAB,Wheat,1977,Area,3153.3,1000 HA,2026-07-31
CONAB,Wheat,1977,Area,3153.3,1000 HA,2026-08-02
CONAB,Wheat,1977,Area,3153.3,1000 HA,2026-08-03
CONAB,Wheat,1977,Area,3153.3,1000 HA,2026-08-04
CONAB,Wheat,1977,Area,3153.3,1000 HA,2026-08-05
CONAB,Wheat,1977,Area,3153.3,1000 HA,2026-08-06
CONAB,Wheat,1977,Area,3153.3,1000 HA,2026-08-07
CONAB,Wheat,1977,Area,3153.3,1000 HA,2026-08-08
CONAB,Wheat,1977,Area,3153.3,1000 HA,2026-08-10
CONAB,Wheat,1977,Area,3153.3,1000 HA,2026-08-11
CONAB,Wheat,1977,Area,3153.3,1000 HA,2026-08-12
CONAB,Wheat,1977,Area,3153.3,1000 HA,2026-08-13
CONAB,Wheat,1977,Production,2066.0,1000 MT,2026-07-28
CONAB,Wheat,1977,Production,2066.0,1000 MT,2026-07-30
CONAB,Wheat,1977,Production,2066.0,1000 MT,2026-07-31
CONAB,Wheat,1977,Production,2066.0,1000 MT,2026-08-02
CONAB,Wheat,1977,Production,2066.0,1000 MT,2026-08-03
CONAB,Wheat,1977,Production,2066.0,1000 MT,2026-08-04
CONAB,Wheat,1977,Production,2066.0,1000 MT,2026-08-05
CONAB,Wheat,1977,Production,2066.0,1000 MT,2026-08-06
CONAB,Wheat,1977,Production,2066.0,1000 MT,2026-08-07
CONAB,Wheat,1977,Production,2066.0,1000 MT,2026-08-08
CONAB,Wheat,1977,Production,2066.0,1000 MT,2026-08-10
CONAB,Wheat,1977,Production,2066.0,1000 MT,2026-08-11
CONAB,Wheat,1977,Production,2066.0,1000 MT,2026-08-12
CONAB,Wheat,1977,Production,2066.0,1000 MT,2026-08-13
CONAB,Wheat,1977,Yield,655.1866298798085,KG/HA,2026-07-28
CONAB,Wheat,1977,Yield,655.1866298798085,KG/HA,2026-07-30
CONAB,Wheat,1977,Yield,655.1866298798085,KG/HA,2026-07-31
CONAB,Wheat,1977,Yield,655.1866298798085,KG/HA,2026-08-02
CONAB,Wheat,1977,Yield,655.1866298798085,KG/HA,2026-08-03
CONAB,Wheat,1977,Yield,655.1866298798085,KG/HA,2026-08-04
CONAB,Wheat,1977,Yield,655.1866298798085,KG/HA,2026-08-05
CONAB,Wheat,1977,Yield,655.1866298798085,KG/HA,2026-08-06
CONAB,Wheat,1977,Yield,655.1866298798085,KG/HA,2026-08-07
CONAB,Wheat,1977,Yield,655.1866298798085,KG/HA,2026-08-08
CONAB,Wheat,1977,Yield,655.1866298798085,KG/HA,2026-08-10
CONAB,Wheat,1977,Yield,655.1866298798085,KG/HA,2026-08-11
CONAB,Wheat,1977,Yield,655.1866298798085,KG/HA,2026-08-12
CONAB,Wheat,1977,Yield,655.1866298798085,KG/HA,2026-08-13
CONAB,Wheat,1978,Area,2811.2,1000 HA,2026-07-28
CONAB,Wheat,1978,Area,2811.2,1000 HA,2026-07-30
CONAB,Wheat,1978,Area,2811.2,1000 HA,2026-07-31
CONAB,Wheat,1978,Area,2811.2,1000 HA,2026-08-02
CONAB,Wheat,1978,Area,2811.2,1000 HA,2026-08-03
CONAB,Wheat,1978,Area,2811.2,1000 HA,2026-08-04
CONAB,Wheat,1978,Area,2811.2,1000 HA,2026-08-05
CONAB,Wheat,1978,Area,2811.2,1000 HA,2026-08-06
CONAB,Wheat,1978,Area,2811.2,1000 HA,2026-08-07
CONAB,Wheat,1978,Area,2811.2,1000 HA,2026-08-08
CONAB,Wheat,1978,Area,2811.2,1000 HA,2026-08-10
CONAB,Wheat,1978,Area,2811.2,1000 HA,2026-08-11
CONAB,Wheat,1978,Area,2811.2,1000 HA,2026-08-12
CONAB,Wheat,1978,Area,2811.2,1000 HA,2026-08-13
CONAB,Wheat,1978,Production,2680.0,1000 MT,2026-07-28
CONAB,Wheat,1978,Production,2680.0,1000 MT,2026-07-30
CONAB,Wheat,1978,Production,2680.0,1000 MT,2026-07-31
CONAB,Wheat,1978,Production,2680.0,1000 MT,2026-08-02
CONAB,Wheat,1978,Production,2680.0,1000 MT,2026-08-03
CONAB,Wheat,1978,Production,2680.0,1000 MT,2026-08-04
CONAB,Wheat,1978,Production,2680.0,1000 MT,2026-08-05
CONAB,Wheat,1978,Production,2680.0,1000 MT,2026-08-06
CONAB,Wheat,1978,Production,2680.0,1000 MT,2026-08-07
CONAB,Wheat,1978,Production,2680.0,1000 MT,2026-08-08
CONAB,Wheat,1978,Production,2680.0,1000 MT,2026-08-10
CONAB,Wheat,1978,Production,2680.0,1000 MT,2026-08-11
CONAB,Wheat,1978,Production,2680.0,1000 MT,2026-08-12
CONAB,Wheat,1978,Production,2680.0,1000 MT,2026-08-13
CONAB,Wheat,1978,Yield,953.3295389869095,KG/HA,2026-07-28
CONAB,Wheat,1978,Yield,953.3295389869095,KG/HA,2026-07-30
CONAB,Wheat,1978,Yield,953.3295389869095,KG/HA,2026-07-31
CONAB,Wheat,1978,Yield,953.3295389869095,KG/HA,2026-08-02
CONAB,Wheat,1978,Yield,953.3295389869095,KG/HA,2026-08-03
CONAB,Wheat,1978,Yield,953.3295389869095,KG/HA,2026-08-04
CONAB,Wheat,1978,Yield,953.3295389869095,KG/HA,2026-08-05
CONAB,Wheat,1978,Yield,953.3295389869095,KG/HA,2026-08-06
CONAB,Wheat,1978,Yield,953.3295389869095,KG/HA,2026-08-07
CONAB,Wheat,1978,Yield,953.3295389869095,KG/HA,2026-08-08
CONAB,Wheat,1978,Yield,953.3295389869095,KG/HA,2026-08-10
CONAB,Wheat,1978,Yield,953.3295389869095,KG/HA,2026-08-11
CONAB,Wheat,1978,Yield,953.3295389869095,KG/HA,2026-08-12
CONAB,Wheat,1978,Yield,953.3295389869095,KG/HA,2026-08-13
CONAB,Wheat,1979,Area,3897.6,1000 HA,2026-07-28
CONAB,Wheat,1979,Area,3897.6,1000 HA,2026-07-30
CONAB,Wheat,1979,Area,3897.6,1000 HA,2026-07-31
CONAB,Wheat,1979,Area,3897.6,1000 HA,2026-08-02
CONAB,Wheat,1979,Area,3897.6,1000 HA,2026-08-03
CONAB,Wheat,1979,Area,3897.6,1000 HA,2026-08-04
CONAB,Wheat,1979,Area,3897.6,1000 HA,2026-08-05
CONAB,Wheat,1979,Area,3897.6,1000 HA,2026-08-06
CONAB,Wheat,1979,Area,3897.6,1000 HA,2026-08-07
CONAB,Wheat,1979,Area,3897.6,1000 HA,2026-08-08
CONAB,Wheat,1979,Area,3897.6,1000 HA,2026-08-10
CONAB,Wheat,1979,Area,3897.6,1000 HA,2026-08-11
CONAB,Wheat,1979,Area,3897.6,1000 HA,2026-08-12
CONAB,Wheat,1979,Area,3897.6,1000 HA,2026-08-13
CONAB,Wheat,1979,Production,2861.0,1000 MT,2026-07-28
CONAB,Wheat,1979,Production,2861.0,1000 MT,2026-07-30
CONAB,Wheat,1979,Production,2861.0,1000 MT,2026-07-31
CONAB,Wheat,1979,Production,2861.0,1000 MT,2026-08-02
CONAB,Wheat,1979,Production,2861.0,1000 MT,2026-08-03
CONAB,Wheat,1979,Production,2861.0,1000 MT,2026-08-04
CONAB,Wheat,1979,Production,2861.0,1000 MT,2026-08-05
CONAB,Wheat,1979,Production,2861.0,1000 MT,2026-08-06
CONAB,Wheat,1979,Production,2861.0,1000 MT,2026-08-07
CONAB,Wheat,1979,Production,2861.0,1000 MT,2026-08-08
CONAB,Wheat,1979,Production,2861.0,1000 MT,2026-08-10
CONAB,Wheat,1979,Production,2861.0,1000 MT,2026-08-11
CONAB,Wheat,1979,Production,2861.0,1000 MT,2026-08-12
CONAB,Wheat,1979,Production,2861.0,1000 MT,2026-08-13
CONAB,Wheat,1979,Yield,734.0414614121511,KG/HA,2026-07-28
CONAB,Wheat,1979,Yield,734.0414614121511,KG/HA,2026-07-30
CONAB,Wheat,1979,Yield,734.0414614121511,KG/HA,2026-07-31
CONAB,Wheat,1979,Yield,734.0414614121511,KG/HA,2026-08-02
CONAB,Wheat,1979,Yield,734.0414614121511,KG/HA,2026-08-03
CONAB,Wheat,1979,Yield,734.0414614121511,KG/HA,2026-08-04
CONAB,Wheat,1979,Yield,734.0414614121511,KG/HA,2026-08-05
CONAB,Wheat,1979,Yield,734.0414614121511,KG/HA,2026-08-06
CONAB,Wheat,1979,Yield,734.0414614121511,KG/HA,2026-08-07
CONAB,Wheat,1979,Yield,734.0414614121511,KG/HA,2026-08-08
CONAB,Wheat,1979,Yield,734.0414614121511,KG/HA,2026-08-10
CONAB,Wheat,1979,Yield,734.0414614121511,KG/HA,2026-08-11
CONAB,Wheat,1979,Yield,734.0414614121511,KG/HA,2026-08-12
CONAB,Wheat,1979,Yield,734.0414614121511,KG/HA,2026-08-13
CONAB,Wheat,1980,Area,3105.2,1000 HA,2026-07-28
CONAB,Wheat,1980,Area,3105.2,1000 HA,2026-07-30
CONAB,Wheat,1980,Area,3105.2,1000 HA,2026-07-31
CONAB,Wheat,1980,Area,3105.2,1000 HA,2026-08-02
CONAB,Wheat,1980,Area,3105.2,1000 HA,2026-08-03
CONAB,Wheat,1980,Area,3105.2,1000 HA,2026-08-04
CONAB,Wheat,1980,Area,3105.2,1000 HA,2026-08-05
CONAB,Wheat,1980,Area,3105.2,1000 HA,2026-08-06
CONAB,Wheat,1980,Area,3105.2,1000 HA,2026-08-07
CONAB,Wheat,1980,Area,3105.2,1000 HA,2026-08-08
CONAB,Wheat,1980,Area,3105.2,1000 HA,2026-08-10
CONAB,Wheat,1980,Area,3105.2,1000 HA,2026-08-11
CONAB,Wheat,1980,Area,3105.2,1000 HA,2026-08-12
CONAB,Wheat,1980,Area,3105.2,1000 HA,2026-08-13
CONAB,Wheat,1980,Production,2729.0,1000 MT,2026-07-28
CONAB,Wheat,1980,Production,2729.0,1000 MT,2026-07-30
CONAB,Wheat,1980,Production,2729.0,1000 MT,2026-07-31
CONAB,Wheat,1980,Production,2729.0,1000 MT,2026-08-02
CONAB,Wheat,1980,Production,2729.0,1000 MT,2026-08-03
CONAB,Wheat,1980,Production,2729.0,1000 MT,2026-08-04
CONAB,Wheat,1980,Production,2729.0,1000 MT,2026-08-05
CONAB,Wheat,1980,Production,2729.0,1000 MT,2026-08-06
CONAB,Wheat,1980,Production,2729.0,1000 MT,2026-08-07
CONAB,Wheat,1980,Production,2729.0,1000 MT,2026-08-08
CONAB,Wheat,1980,Production,2729.0,1000 MT,2026-08-10
CONAB,Wheat,1980,Production,2729.0,1000 MT,2026-08-11
CONAB,Wheat,1980,Production,2729.0,1000 MT,2026-08-12
CONAB,Wheat,1980,Production,2729.0,1000 MT,2026-08-13
CONAB,Wheat,1980,Yield,878.8483833569497,KG/HA,2026-07-28
CONAB,Wheat,1980,Yield,878.8483833569497,KG/HA,2026-07-30
CONAB,Wheat,1980,Yield,878.8483833569497,KG/HA,2026-07-31
CONAB,Wheat,1980,Yield,878.8483833569497,KG/HA,2026-08-02
CONAB,Wheat,1980,Yield,878.8483833569497,KG/HA,2026-08-03
CONAB,Wheat,1980,Yield,878.8483833569497,KG/HA,2026-08-04
CONAB,Wheat,1980,Yield,878.8483833569497,KG/HA,2026-08-05
CONAB,Wheat,1980,Yield,878.8483833569497,KG/HA,2026-08-06
CONAB,Wheat,1980,Yield,878.8483833569497,KG/HA,2026-08-07
CONAB,Wheat,1980,Yield,878.8483833569497,KG/HA,2026-08-08
CONAB,Wheat,1980,Yield,878.8483833569497,KG/HA,2026-08-10
CONAB,Wheat,1980,Yield,878.8483833569497,KG/HA,2026-08-11
CONAB,Wheat,1980,Yield,878.8483833569497,KG/HA,2026-08-12
CONAB,Wheat,1980,Yield,878.8483833569497,KG/HA,2026-08-13
CONAB,Wheat,1981,Area,2114.1,1000 HA,2026-07-28
CONAB,Wheat,1981,Area,2114.1,1000 HA,2026-07-30
CONAB,Wheat,1981,Area,2114.1,1000 HA,2026-07-31
CONAB,Wheat,1981,Area,2114.1,1000 HA,2026-08-02
CONAB,Wheat,1981,Area,2114.1,1000 HA,2026-08-03
CONAB,Wheat,1981,Area,2114.1,1000 HA,2026-08-04
CONAB,Wheat,1981,Area,2114.1,1000 HA,2026-08-05
CONAB,Wheat,1981,Area,2114.1,1000 HA,2026-08-06
CONAB,Wheat,1981,Area,2114.1,1000 HA,2026-08-07
CONAB,Wheat,1981,Area,2114.1,1000 HA,2026-08-08
CONAB,Wheat,1981,Area,2114.1,1000 HA,2026-08-10
CONAB,Wheat,1981,Area,2114.1,1000 HA,2026-08-11
CONAB,Wheat,1981,Area,2114.1,1000 HA,2026-08-12
CONAB,Wheat,1981,Area,2114.1,1000 HA,2026-08-13
CONAB,Wheat,1981,Production,2217.0,1000 MT,2026-07-28
CONAB,Wheat,1981,Production,2217.0,1000 MT,2026-07-30
CONAB,Wheat,1981,Production,2217.0,1000 MT,2026-07-31
CONAB,Wheat,1981,Production,2217.0,1000 MT,2026-08-02
CONAB,Wheat,1981,Production,2217.0,1000 MT,2026-08-03
CONAB,Wheat,1981,Production,2217.0,1000 MT,2026-08-04
CONAB,Wheat,1981,Production,2217.0,1000 MT,2026-08-05
CONAB,Wheat,1981,Production,2217.0,1000 MT,2026-08-06
CONAB,Wheat,1981,Production,2217.0,1000 MT,2026-08-07
CONAB,Wheat,1981,Production,2217.0,1000 MT,2026-08-08
CONAB,Wheat,1981,Production,2217.0,1000 MT,2026-08-10
CONAB,Wheat,1981,Production,2217.0,1000 MT,2026-08-11
CONAB,Wheat,1981,Production,2217.0,1000 MT,2026-08-12
CONAB,Wheat,1981,Production,2217.0,1000 MT,2026-08-13
CONAB,Wheat,1981,Yield,1048.673194267064,KG/HA,2026-07-28
CONAB,Wheat,1981,Yield,1048.673194267064,KG/HA,2026-07-30
CONAB,Wheat,1981,Yield,1048.673194267064,KG/HA,2026-07-31
CONAB,Wheat,1981,Yield,1048.673194267064,KG/HA,2026-08-02
CONAB,Wheat,1981,Yield,1048.673194267064,KG/HA,2026-08-03
CONAB,Wheat,1981,Yield,1048.673194267064,KG/HA,2026-08-04
CONAB,Wheat,1981,Yield,1048.673194267064,KG/HA,2026-08-05
CONAB,Wheat,1981,Yield,1048.673194267064,KG/HA,2026-08-06
CONAB,Wheat,1981,Yield,1048.673194267064,KG/HA,2026-08-07
CONAB,Wheat,1981,Yield,1048.673194267064,KG/HA,2026-08-08
CONAB,Wheat,1981,Yield,1048.673194267064,KG/HA,2026-08-10
CONAB,Wheat,1981,Yield,1048.673194267064,KG/HA,2026-08-11
CONAB,Wheat,1981,Yield,1048.673194267064,KG/HA,2026-08-12
CONAB,Wheat,1981,Yield,1048.673194267064,KG/HA,2026-08-13
CONAB,Wheat,1982,Area,2878.6,1000 HA,2026-07-28
CONAB,Wheat,1982,Area,2878.6,1000 HA,2026-07-30
CONAB,Wheat,1982,Area,2878.6,1000 HA,2026-07-31
CONAB,Wheat,1982,Area,2878.6,1000 HA,2026-08-02
CONAB,Wheat,1982,Area,2878.6,1000 HA,2026-08-03
CONAB,Wheat,1982,Area,2878.6,1000 HA,2026-08-04
CONAB,Wheat,1982,Area,2878.6,1000 HA,2026-08-05
CONAB,Wheat,1982,Area,2878.6,1000 HA,2026-08-06
CONAB,Wheat,1982,Area,2878.6,1000 HA,2026-08-07
CONAB,Wheat,1982,Area,2878.6,1000 HA,2026-08-08
CONAB,Wheat,1982,Area,2878.6,1000 HA,2026-08-10
CONAB,Wheat,1982,Area,2878.6,1000 HA,2026-08-11
CONAB,Wheat,1982,Area,2878.6,1000 HA,2026-08-12
CONAB,Wheat,1982,Area,2878.6,1000 HA,2026-08-13
CONAB,Wheat,1982,Production,1876.1000000000001,1000 MT,2026-07-28
CONAB,Wheat,1982,Production,1876.1000000000001,1000 MT,2026-07-30
CONAB,Wheat,1982,Production,1876.1000000000001,1000 MT,2026-07-31
CONAB,Wheat,1982,Production,1876.1000000000001,1000 MT,2026-08-02
CONAB,Wheat,1982,Production,1876.1000000000001,1000 MT,2026-08-03
CONAB,Wheat,1982,Production,1876.1000000000001,1000 MT,2026-08-04
CONAB,Wheat,1982,Production,1876.1000000000001,1000 MT,2026-08-05
CONAB,Wheat,1982,Production,1876.1000000000001,1000 MT,2026-08-06
CONAB,Wheat,1982,Production,1876.1000000000001,1000 MT,2026-08-07
CONAB,Wheat,1982,Production,1876.1000000000001,1000 MT,2026-08-08
CONAB,Wheat,1982,Production,1876.1000000000001,1000 MT,2026-08-10
CONAB,Wheat,1982,Production,1876.1000000000001,1000 MT,2026-08-11
CONAB,Wheat,1982,Production,1876.1000000000001,1000 MT,2026-08-12
CONAB,Wheat,1982,Production,1876.1000000000001,1000 MT,2026-08-13
CONAB,Wheat,1982,Yield,651.7404293753909,KG/HA,2026-07-28
CONAB,Wheat,1982,Yield,651.7404293753909,KG/HA,2026-07-30
CONAB,Wheat,1982,Yield,651.7404293753909,KG/HA,2026-07-31
CONAB,Wheat,1982,Yield,651.7404293753909,KG/HA,2026-08-02
CONAB,Wheat,1982,Yield,651.7404293753909,KG/HA,2026-08-03
CONAB,Wheat,1982,Yield,651.7404293753909,KG/HA,2026-08-04
CONAB,Wheat,1982,Yield,651.7404293753909,KG/HA,2026-08-05
CONAB,Wheat,1982,Yield,651.7404293753909,KG/HA,2026-08-06
CONAB,Wheat,1982,Yield,651.7404293753909,KG/HA,2026-08-07
CONAB,Wheat,1982,Yield,651.7404293753909,KG/HA,2026-08-08
CONAB,Wheat,1982,Yield,651.7404293753909,KG/HA,2026-08-10
CONAB,Wheat,1982,Yield,651.7404293753909,KG/HA,2026-08-11
CONAB,Wheat,1982,Yield,651.7404293753909,KG/HA,2026-08-12
CONAB,Wheat,1982,Yield,651.7404293753909,KG/HA,2026-08-13
CONAB,Wheat,1983,Area,1932.1000000000001,1000 HA,2026-07-28
CONAB,Wheat,1983,Area,1932.1000000000001,1000 HA,2026-07-30
CONAB,Wheat,1983,Area,1932.1000000000001,1000 HA,2026-07-31
CONAB,Wheat,1983,Area,1932.1000000000001,1000 HA,2026-08-02
CONAB,Wheat,1983,Area,1932.1000000000001,1000 HA,2026-08-03
CONAB,Wheat,1983,Area,1932.1000000000001,1000 HA,2026-08-04
CONAB,Wheat,1983,Area,1932.1000000000001,1000 HA,2026-08-05
CONAB,Wheat,1983,Area,1932.1000000000001,1000 HA,2026-08-06
CONAB,Wheat,1983,Area,1932.1000000000001,1000 HA,2026-08-07
CONAB,Wheat,1983,Area,1932.1000000000001,1000 HA,2026-08-08
CONAB,Wheat,1983,Area,1932.1000000000001,1000 HA,2026-08-10
CONAB,Wheat,1983,Area,1932.1000000000001,1000 HA,2026-08-11
CONAB,Wheat,1983,Area,1932.1000000000001,1000 HA,2026-08-12
CONAB,Wheat,1983,Area,1932.1000000000001,1000 HA,2026-08-13
CONAB,Wheat,1983,Production,2191.3999999999996,1000 MT,2026-07-28
CONAB,Wheat,1983,Production,2191.3999999999996,1000 MT,2026-07-30
CONAB,Wheat,1983,Production,2191.3999999999996,1000 MT,2026-07-31
CONAB,Wheat,1983,Production,2191.3999999999996,1000 MT,2026-08-02
CONAB,Wheat,1983,Production,2191.3999999999996,1000 MT,2026-08-03
CONAB,Wheat,1983,Production,2191.3999999999996,1000 MT,2026-08-04
CONAB,Wheat,1983,Production,2191.3999999999996,1000 MT,2026-08-05
CONAB,Wheat,1983,Production,2191.3999999999996,1000 MT,2026-08-06
CONAB,Wheat,1983,Production,2191.3999999999996,1000 MT,2026-08-07
CONAB,Wheat,1983,Production,2191.3999999999996,1000 MT,2026-08-08
CONAB,Wheat,1983,Production,2191.3999999999996,1000 MT,2026-08-10
CONAB,Wheat,1983,Production,2191.3999999999996,1000 MT,2026-08-11
CONAB,Wheat,1983,Production,2191.3999999999996,1000 MT,2026-08-12
CONAB,Wheat,1983,Production,2191.3999999999996,1000 MT,2026-08-13
CONAB,Wheat,1983,Yield,1134.2063040215307,KG/HA,2026-07-28
CONAB,Wheat,1983,Yield,1134.2063040215307,KG/HA,2026-07-30
CONAB,Wheat,1983,Yield,1134.2063040215307,KG/HA,2026-07-31
CONAB,Wheat,1983,Yield,1134.2063040215307,KG/HA,2026-08-02
CONAB,Wheat,1983,Yield,1134.2063040215307,KG/HA,2026-08-03
CONAB,Wheat,1983,Yield,1134.2063040215307,KG/HA,2026-08-04
CONAB,Wheat,1983,Yield,1134.2063040215307,KG/HA,2026-08-05
CONAB,Wheat,1983,Yield,1134.2063040215307,KG/HA,2026-08-06
CONAB,Wheat,1983,Yield,1134.2063040215307,KG/HA,2026-08-07
CONAB,Wheat,1983,Yield,1134.2063040215307,KG/HA,2026-08-08
CONAB,Wheat,1983,Yield,1134.2063040215307,KG/HA,2026-08-10
CONAB,Wheat,1983,Yield,1134.2063040215307,KG/HA,2026-08-11
CONAB,Wheat,1983,Yield,1134.2063040215307,KG/HA,2026-08-12
CONAB,Wheat,1983,Yield,1134.2063040215307,KG/HA,2026-08-13
CONAB,Wheat,1984,Area,2013.0,1000 HA,2026-07-28
CONAB,Wheat,1984,Area,2013.0,1000 HA,2026-07-30
CONAB,Wheat,1984,Area,2013.0,1000 HA,2026-07-31
CONAB,Wheat,1984,Area,2013.0,1000 HA,2026-08-02
CONAB,Wheat,1984,Area,2013.0,1000 HA,2026-08-03
CONAB,Wheat,1984,Area,2013.0,1000 HA,2026-08-04
CONAB,Wheat,1984,Area,2013.0,1000 HA,2026-08-05
CONAB,Wheat,1984,Area,2013.0,1000 HA,2026-08-06
CONAB,Wheat,1984,Area,2013.0,1000 HA,2026-08-07
CONAB,Wheat,1984,Area,2013.0,1000 HA,2026-08-08
CONAB,Wheat,1984,Area,2013.0,1000 HA,2026-08-10
CONAB,Wheat,1984,Area,2013.0,1000 HA,2026-08-11
CONAB,Wheat,1984,Area,2013.0,1000 HA,2026-08-12
CONAB,Wheat,1984,Area,2013.0,1000 HA,2026-08-13
CONAB,Wheat,1984,Production,2029.3,1000 MT,2026-07-28
CONAB,Wheat,1984,Production,2029.3,1000 MT,2026-07-30
CONAB,Wheat,1984,Production,2029.3,1000 MT,2026-07-31
CONAB,Wheat,1984,Production,2029.3,1000 MT,2026-08-02
CONAB,Wheat,1984,Production,2029.3,1000 MT,2026-08-03
CONAB,Wheat,1984,Production,2029.3,1000 MT,2026-08-04
CONAB,Wheat,1984,Production,2029.3,1000 MT,2026-08-05
CONAB,Wheat,1984,Production,2029.3,1000 MT,2026-08-06
CONAB,Wheat,1984,Production,2029.3,1000 MT,2026-08-07
CONAB,Wheat,1984,Production,2029.3,1000 MT,2026-08-08
CONAB,Wheat,1984,Production,2029.3,1000 MT,2026-08-10
CONAB,Wheat,1984,Production,2029.3,1000 MT,2026-08-11
CONAB,Wheat,1984,Production,2029.3,1000 MT,2026-08-12
CONAB,Wheat,1984,Production,2029.3,1000 MT,2026-08-13
CONAB,Wheat,1984,Yield,1008.0973671137605,KG/HA,2026-07-28
CONAB,Wheat,1984,Yield,1008.0973671137605,KG/HA,2026-07-30
CONAB,Wheat,1984,Yield,1008.0973671137605,KG/HA,2026-07-31
CONAB,Wheat,1984,Yield,1008.0973671137605,KG/HA,2026-08-02
CONAB,Wheat,1984,Yield,1008.0973671137605,KG/HA,2026-08-03
CONAB,Wheat,1984,Yield,1008.0973671137605,KG/HA,2026-08-04
CONAB,Wheat,1984,Yield,1008.0973671137605,KG/HA,2026-08-05
CONAB,Wheat,1984,Yield,1008.0973671137605,KG/HA,2026-08-06
CONAB,Wheat,1984,Yield,1008.0973671137605,KG/HA,2026-08-07
CONAB,Wheat,1984,Yield,1008.0973671137605,KG/HA,2026-08-08
CONAB,Wheat,1984,Yield,1008.0973671137605,KG/HA,2026-08-10
CONAB,Wheat,1984,Yield,1008.0973671137605,KG/HA,2026-08-11
CONAB,Wheat,1984,Yield,1008.0973671137605,KG/HA,2026-08-12
CONAB,Wheat,1984,Yield,1008.0973671137605,KG/HA,2026-08-13
CONAB,Wheat,1985,Area,2614.4,1000 HA,2026-07-28
CONAB,Wheat,1985,Area,2614.4,1000 HA,2026-07-30
CONAB,Wheat,1985,Area,2614.4,1000 HA,2026-07-31
CONAB,Wheat,1985,Area,2614.4,1000 HA,2026-08-02
CONAB,Wheat,1985,Area,2614.4,1000 HA,2026-08-03
CONAB,Wheat,1985,Area,2614.4,1000 HA,2026-08-04
CONAB,Wheat,1985,Area,2614.4,1000 HA,2026-08-05
CONAB,Wheat,1985,Area,2614.4,1000 HA,2026-08-06
CONAB,Wheat,1985,Area,2614.4,1000 HA,2026-08-07
CONAB,Wheat,1985,Area,2614.4,1000 HA,2026-08-08
CONAB,Wheat,1985,Area,2614.4,1000 HA,2026-08-10
CONAB,Wheat,1985,Area,2614.4,1000 HA,2026-08-11
CONAB,Wheat,1985,Area,2614.4,1000 HA,2026-08-12
CONAB,Wheat,1985,Area,2614.4,1000 HA,2026-08-13
CONAB,Wheat,1985,Production,4324.3,1000 MT,2026-07-28
CONAB,Wheat,1985,Production,4324.3,1000 MT,2026-07-30
CONAB,Wheat,1985,Production,4324.3,1000 MT,2026-07-31
CONAB,Wheat,1985,Production,4324.3,1000 MT,2026-08-02
CONAB,Wheat,1985,Production,4324.3,1000 MT,2026-08-03
CONAB,Wheat,1985,Production,4324.3,1000 MT,2026-08-04
CONAB,Wheat,1985,Production,4324.3,1000 MT,2026-08-05
CONAB,Wheat,1985,Production,4324.3,1000 MT,2026-08-06
CONAB,Wheat,1985,Production,4324.3,1000 MT,2026-08-07
CONAB,Wheat,1985,Production,4324.3,1000 MT,2026-08-08
CONAB,Wheat,1985,Production,4324.3,1000 MT,2026-08-10
CONAB,Wheat,1985,Production,4324.3,1000 MT,2026-08-11
CONAB,Wheat,1985,Production,4324.3,1000 MT,2026-08-12
CONAB,Wheat,1985,Production,4324.3,1000 MT,2026-08-13
CONAB,Wheat,1985,Yield,1654.031517747858,KG/HA,2026-07-28
CONAB,Wheat,1985,Yield,1654.031517747858,KG/HA,2026-07-30
CONAB,Wheat,1985,Yield,1654.031517747858,KG/HA,2026-07-31
CONAB,Wheat,1985,Yield,1654.031517747858,KG/HA,2026-08-02
CONAB,Wheat,1985,Yield,1654.031517747858,KG/HA,2026-08-03
CONAB,Wheat,1985,Yield,1654.031517747858,KG/HA,2026-08-04
CONAB,Wheat,1985,Yield,1654.031517747858,KG/HA,2026-08-05
CONAB,Wheat,1985,Yield,1654.031517747858,KG/HA,2026-08-06
CONAB,Wheat,1985,Yield,1654.031517747858,KG/HA,2026-08-07
CONAB,Wheat,1985,Yield,1654.031517747858,KG/HA,2026-08-08
CONAB,Wheat,1985,Yield,1654.031517747858,KG/HA,2026-08-10
CONAB,Wheat,1985,Yield,1654.031517747858,KG/HA,2026-08-11
CONAB,Wheat,1985,Yield,1654.031517747858,KG/HA,2026-08-12
CONAB,Wheat,1985,Yield,1654.031517747858,KG/HA,2026-08-13
CONAB,Wheat,1986,Area,3908.8,1000 HA,2026-07-28
CONAB,Wheat,1986,Area,3908.8,1000 HA,2026-07-30
CONAB,Wheat,1986,Area,3908.8,1000 HA,2026-07-31
CONAB,Wheat,1986,Area,3908.8,1000 HA,2026-08-02
CONAB,Wheat,1986,Area,3908.8,1000 HA,2026-08-03
CONAB,Wheat,1986,Area,3908.8,1000 HA,2026-08-04
CONAB,Wheat,1986,Area,3908.8,1000 HA,2026-08-05
CONAB,Wheat,1986,Area,3908.8,1000 HA,2026-08-06
CONAB,Wheat,1986,Area,3908.8,1000 HA,2026-08-07
CONAB,Wheat,1986,Area,3908.8,1000 HA,2026-08-08
CONAB,Wheat,1986,Area,3908.8,1000 HA,2026-08-10
CONAB,Wheat,1986,Area,3908.8,1000 HA,2026-08-11
CONAB,Wheat,1986,Area,3908.8,1000 HA,2026-08-12
CONAB,Wheat,1986,Area,3908.8,1000 HA,2026-08-13
CONAB,Wheat,1986,Production,5632.7,1000 MT,2026-07-28
CONAB,Wheat,1986,Production,5632.7,1000 MT,2026-07-30
CONAB,Wheat,1986,Production,5632.7,1000 MT,2026-07-31
CONAB,Wheat,1986,Production,5632.7,1000 MT,2026-08-02
CONAB,Wheat,1986,Production,5632.7,1000 MT,2026-08-03
CONAB,Wheat,1986,Production,5632.7,1000 MT,2026-08-04
CONAB,Wheat,1986,Production,5632.7,1000 MT,2026-08-05
CONAB,Wheat,1986,Production,5632.7,1000 MT,2026-08-06
CONAB,Wheat,1986,Production,5632.7,1000 MT,2026-08-07
CONAB,Wheat,1986,Production,5632.7,1000 MT,2026-08-08
CONAB,Wheat,1986,Production,5632.7,1000 MT,2026-08-10
CONAB,Wheat,1986,Production,5632.7,1000 MT,2026-08-11
CONAB,Wheat,1986,Production,5632.7,1000 MT,2026-08-12
CONAB,Wheat,1986,Production,5632.7,1000 MT,2026-08-13
CONAB,Wheat,1986,Yield,1441.0304952926729,KG/HA,2026-07-28
CONAB,Wheat,1986,Yield,1441.0304952926729,KG/HA,2026-07-30
CONAB,Wheat,1986,Yield,1441.0304952926729,KG/HA,2026-07-31
CONAB,Wheat,1986,Yield,1441.0304952926729,KG/HA,2026-08-02
CONAB,Wheat,1986,Yield,1441.0304952926729,KG/HA,2026-08-03
CONAB,Wheat,1986,Yield,1441.0304952926729,KG/HA,2026-08-04
CONAB,Wheat,1986,Yield,1441.0304952926729,KG/HA,2026-08-05
CONAB,Wheat,1986,Yield,1441.0304952926729,KG/HA,2026-08-06
CONAB,Wheat,1986,Yield,1441.0304952926729,KG/HA,2026-08-07
CONAB,Wheat,1986,Yield,1441.0304952926729,KG/HA,2026-08-08
CONAB,Wheat,1986,Yield,1441.0304952926729,KG/HA,2026-08-10
CONAB,Wheat,1986,Yield,1441.0304952926729,KG/HA,2026-08-11
CONAB,Wheat,1986,Yield,1441.0304952926729,KG/HA,2026-08-12
CONAB,Wheat,1986,Yield,1441.0304952926729,KG/HA,2026-08-13
CONAB,Wheat,1987,Area,3429.6,1000 HA,2026-07-28
CONAB,Wheat,1987,Area,3429.6,1000 HA,2026-07-30
CONAB,Wheat,1987,Area,3429.6,1000 HA,2026-07-31
CONAB,Wheat,1987,Area,3429.6,1000 HA,2026-08-02
CONAB,Wheat,1987,Area,3429.6,1000 HA,2026-08-03
CONAB,Wheat,1987,Area,3429.6,1000 HA,2026-08-04
CONAB,Wheat,1987,Area,3429.6,1000 HA,2026-08-05
CONAB,Wheat,1987,Area,3429.6,1000 HA,2026-08-06
CONAB,Wheat,1987,Area,3429.6,1000 HA,2026-08-07
CONAB,Wheat,1987,Area,3429.6,1000 HA,2026-08-08
CONAB,Wheat,1987,Area,3429.6,1000 HA,2026-08-10
CONAB,Wheat,1987,Area,3429.6,1000 HA,2026-08-11
CONAB,Wheat,1987,Area,3429.6,1000 HA,2026-08-12
CONAB,Wheat,1987,Area,3429.6,1000 HA,2026-08-13
CONAB,Wheat,1987,Production,6126.8,1000 MT,2026-07-28
CONAB,Wheat,1987,Production,6126.8,1000 MT,2026-07-30
CONAB,Wheat,1987,Production,6126.8,1000 MT,2026-07-31
CONAB,Wheat,1987,Production,6126.8,1000 MT,2026-08-02
CONAB,Wheat,1987,Production,6126.8,1000 MT,2026-08-03
CONAB,Wheat,1987,Production,6126.8,1000 MT,2026-08-04
CONAB,Wheat,1987,Production,6126.8,1000 MT,2026-08-05
CONAB,Wheat,1987,Production,6126.8,1000 MT,2026-08-06
CONAB,Wheat,1987,Production,6126.8,1000 MT,2026-08-07
CONAB,Wheat,1987,Production,6126.8,1000 MT,2026-08-08
CONAB,Wheat,1987,Production,6126.8,1000 MT,2026-08-10
CONAB,Wheat,1987,Production,6126.8,1000 MT,2026-08-11
CONAB,Wheat,1987,Production,6126.8,1000 MT,2026-08-12
CONAB,Wheat,1987,Production,6126.8,1000 MT,2026-08-13
CONAB,Wheat,1987,Yield,1786.4473991135994,KG/HA,2026-07-28
CONAB,Wheat,1987,Yield,1786.4473991135994,KG/HA,2026-07-30
CONAB,Wheat,1987,Yield,1786.4473991135994,KG/HA,2026-07-31
CONAB,Wheat,1987,Yield,1786.4473991135994,KG/HA,2026-08-02
CONAB,Wheat,1987,Yield,1786.4473991135994,KG/HA,2026-08-03
CONAB,Wheat,1987,Yield,1786.4473991135994,KG/HA,2026-08-04
CONAB,Wheat,1987,Yield,1786.4473991135994,KG/HA,2026-08-05
CONAB,Wheat,1987,Yield,1786.4473991135994,KG/HA,2026-08-06
CONAB,Wheat,1987,Yield,1786.4473991135994,KG/HA,2026-08-07
CONAB,Wheat,1987,Yield,1786.4473991135994,KG/HA,2026-08-08
CONAB,Wheat,1987,Yield,1786.4473991135994,KG/HA,2026-08-10
CONAB,Wheat,1987,Yield,1786.4473991135994,KG/HA,2026-08-11
CONAB,Wheat,1987,Yield,1786.4473991135994,KG/HA,2026-08-12
CONAB,Wheat,1987,Yield,1786.4473991135994,KG/HA,2026-08-13
CONAB,Wheat,1988,Area,3490.3,1000 HA,2026-07-28
CONAB,Wheat,1988,Area,3490.3,1000 HA,2026-07-30
CONAB,Wheat,1988,Area,3490.3,1000 HA,2026-07-31
CONAB,Wheat,1988,Area,3490.3,1000 HA,2026-08-02
CONAB,Wheat,1988,Area,3490.3,1000 HA,2026-08-03
CONAB,Wheat,1988,Area,3490.3,1000 HA,2026-08-04
CONAB,Wheat,1988,Area,3490.3,1000 HA,2026-08-05
CONAB,Wheat,1988,Area,3490.3,1000 HA,2026-08-06
CONAB,Wheat,1988,Area,3490.3,1000 HA,2026-08-07
CONAB,Wheat,1988,Area,3490.3,1000 HA,2026-08-08
CONAB,Wheat,1988,Area,3490.3,1000 HA,2026-08-10
CONAB,Wheat,1988,Area,3490.3,1000 HA,2026-08-11
CONAB,Wheat,1988,Area,3490.3,1000 HA,2026-08-12
CONAB,Wheat,1988,Area,3490.3,1000 HA,2026-08-13
CONAB,Wheat,1988,Production,5846.5,1000 MT,2026-07-28
CONAB,Wheat,1988,Production,5846.5,1000 MT,2026-07-30
CONAB,Wheat,1988,Production,5846.5,1000 MT,2026-07-31
CONAB,Wheat,1988,Production,5846.5,1000 MT,2026-08-02
CONAB,Wheat,1988,Production,5846.5,1000 MT,2026-08-03
CONAB,Wheat,1988,Production,5846.5,1000 MT,2026-08-04
CONAB,Wheat,1988,Production,5846.5,1000 MT,2026-08-05
CONAB,Wheat,1988,Production,5846.5,1000 MT,2026-08-06
CONAB,Wheat,1988,Production,5846.5,1000 MT,2026-08-07
CONAB,Wheat,1988,Production,5846.5,1000 MT,2026-08-08
CONAB,Wheat,1988,Production,5846.5,1000 MT,2026-08-10
CONAB,Wheat,1988,Production,5846.5,1000 MT,2026-08-11
CONAB,Wheat,1988,Production,5846.5,1000 MT,2026-08-12
CONAB,Wheat,1988,Production,5846.5,1000 MT,2026-08-13
CONAB,Wheat,1988,Yield,1675.0709108099588,KG/HA,2026-07-28
CONAB,Wheat,1988,Yield,1675.0709108099588,KG/HA,2026-07-30
CONAB,Wheat,1988,Yield,1675.0709108099588,KG/HA,2026-07-31
CONAB,Wheat,1988,Yield,1675.0709108099588,KG/HA,2026-08-02
CONAB,Wheat,1988,Yield,1675.0709108099588,KG/HA,2026-08-03
CONAB,Wheat,1988,Yield,1675.0709108099588,KG/HA,2026-08-04
CONAB,Wheat,1988,Yield,1675.0709108099588,KG/HA,2026-08-05
CONAB,Wheat,1988,Yield,1675.0709108099588,KG/HA,2026-08-06
CONAB,Wheat,1988,Yield,1675.0709108099588,KG/HA,2026-08-07
CONAB,Wheat,1988,Yield,1675.0709108099588,KG/HA,2026-08-08
CONAB,Wheat,1988,Yield,1675.0709108099588,KG/HA,2026-08-10
CONAB,Wheat,1988,Yield,1675.0709108099588,KG/HA,2026-08-11
CONAB,Wheat,1988,Yield,1675.0709108099588,KG/HA,2026-08-12
CONAB,Wheat,1988,Yield,1675.0709108099588,KG/HA,2026-08-13
CONAB,Wheat,1989,Area,3306.6,1000 HA,2026-07-28
CONAB,Wheat,1989,Area,3306.6,1000 HA,2026-07-30
CONAB,Wheat,1989,Area,3306.6,1000 HA,2026-07-31
CONAB,Wheat,1989,Area,3306.6,1000 HA,2026-08-02
CONAB,Wheat,1989,Area,3306.6,1000 HA,2026-08-03
CONAB,Wheat,1989,Area,3306.6,1000 HA,2026-08-04
CONAB,Wheat,1989,Area,3306.6,1000 HA,2026-08-05
CONAB,Wheat,1989,Area,3306.6,1000 HA,2026-08-06
CONAB,Wheat,1989,Area,3306.6,1000 HA,2026-08-07
CONAB,Wheat,1989,Area,3306.6,1000 HA,2026-08-08
CONAB,Wheat,1989,Area,3306.6,1000 HA,2026-08-10
CONAB,Wheat,1989,Area,3306.6,1000 HA,2026-08-11
CONAB,Wheat,1989,Area,3306.6,1000 HA,2026-08-12
CONAB,Wheat,1989,Area,3306.6,1000 HA,2026-08-13
CONAB,Wheat,1989,Production,5478.4,1000 MT,2026-07-28
CONAB,Wheat,1989,Production,5478.4,1000 MT,2026-07-30
CONAB,Wheat,1989,Production,5478.4,1000 MT,2026-07-31
CONAB,Wheat,1989,Production,5478.4,1000 MT,2026-08-02
CONAB,Wheat,1989,Production,5478.4,1000 MT,2026-08-03
CONAB,Wheat,1989,Production,5478.4,1000 MT,2026-08-04
CONAB,Wheat,1989,Production,5478.4,1000 MT,2026-08-05
CONAB,Wheat,1989,Production,5478.4,1000 MT,2026-08-06
CONAB,Wheat,1989,Production,5478.4,1000 MT,2026-08-07
CONAB,Wheat,1989,Production,5478.4,1000 MT,2026-08-08
CONAB,Wheat,1989,Production,5478.4,1000 MT,2026-08-10
CONAB,Wheat,1989,Production,5478.4,1000 MT,2026-08-11
CONAB,Wheat,1989,Production,5478.4,1000 MT,2026-08-12
CONAB,Wheat,1989,Production,5478.4,1000 MT,2026-08-13
CONAB,Wheat,1989,Yield,1656.8075969273573,KG/HA,2026-07-28
CONAB,Wheat,1989,Yield,1656.8075969273573,KG/HA,2026-07-30
CONAB,Wheat,1989,Yield,1656.8075969273573,KG/HA,2026-07-31
CONAB,Wheat,1989,Yield,1656.8075969273573,KG/HA,2026-08-02
CONAB,Wheat,1989,Yield,1656.8075969273573,KG/HA,2026-08-03
CONAB,Wheat,1989,Yield,1656.8075969273573,KG/HA,2026-08-04
CONAB,Wheat,1989,Yield,1656.8075969273573,KG/HA,2026-08-05
CONAB,Wheat,1989,Yield,1656.8075969273573,KG/HA,2026-08-06
CONAB,Wheat,1989,Yield,1656.8075969273573,KG/HA,2026-08-07
CONAB,Wheat,1989,Yield,1656.8075969273573,KG/HA,2026-08-08
CONAB,Wheat,1989,Yield,1656.8075969273573,KG/HA,2026-08-10
CONAB,Wheat,1989,Yield,1656.8075969273573,KG/HA,2026-08-11
CONAB,Wheat,1989,Yield,1656.8075969273573,KG/HA,2026-08-12
CONAB,Wheat,1989,Yield,1656.8075969273573,KG/HA,2026-08-13
CONAB,Wheat,1990,Area,3283.3,1000 HA,2026-07-28
CONAB,Wheat,1990,Area,3283.3,1000 HA,2026-07-30
CONAB,Wheat,1990,Area,3283.3,1000 HA,2026-07-31
CONAB,Wheat,1990,Area,3283.3,1000 HA,2026-08-02
CONAB,Wheat,1990,Area,3283.3,1000 HA,2026-08-03
CONAB,Wheat,1990,Area,3283.3,1000 HA,2026-08-04
CONAB,Wheat,1990,Area,3283.3,1000 HA,2026-08-05
CONAB,Wheat,1990,Area,3283.3,1000 HA,2026-08-06
CONAB,Wheat,1990,Area,3283.3,1000 HA,2026-08-07
CONAB,Wheat,1990,Area,3283.3,1000 HA,2026-08-08
CONAB,Wheat,1990,Area,3283.3,1000 HA,2026-08-10
CONAB,Wheat,1990,Area,3283.3,1000 HA,2026-08-11
CONAB,Wheat,1990,Area,3283.3,1000 HA,2026-08-12
CONAB,Wheat,1990,Area,3283.3,1000 HA,2026-08-13
CONAB,Wheat,1990,Production,3304.0,1000 MT,2026-07-28
CONAB,Wheat,1990,Production,3304.0,1000 MT,2026-07-30
CONAB,Wheat,1990,Production,3304.0,1000 MT,2026-07-31
CONAB,Wheat,1990,Production,3304.0,1000 MT,2026-08-02
CONAB,Wheat,1990,Production,3304.0,1000 MT,2026-08-03
CONAB,Wheat,1990,Production,3304.0,1000 MT,2026-08-04
CONAB,Wheat,1990,Production,3304.0,1000 MT,2026-08-05
CONAB,Wheat,1990,Production,3304.0,1000 MT,2026-08-06
CONAB,Wheat,1990,Production,3304.0,1000 MT,2026-08-07
CONAB,Wheat,1990,Production,3304.0,1000 MT,2026-08-08
CONAB,Wheat,1990,Production,3304.0,1000 MT,2026-08-10
CONAB,Wheat,1990,Production,3304.0,1000 MT,2026-08-11
CONAB,Wheat,1990,Production,3304.0,1000 MT,2026-08-12
CONAB,Wheat,1990,Production,3304.0,1000 MT,2026-08-13
CONAB,Wheat,1990,Yield,1006.3046325343403,KG/HA,2026-07-28
CONAB,Wheat,1990,Yield,1006.3046325343403,KG/HA,2026-07-30
CONAB,Wheat,1990,Yield,1006.3046325343403,KG/HA,2026-07-31
CONAB,Wheat,1990,Yield,1006.3046325343403,KG/HA,2026-08-02
CONAB,Wheat,1990,Yield,1006.3046325343403,KG/HA,2026-08-03
CONAB,Wheat,1990,Yield,1006.3046325343403,KG/HA,2026-08-04
CONAB,Wheat,1990,Yield,1006.3046325343403,KG/HA,2026-08-05
CONAB,Wheat,1990,Yield,1006.3046325343403,KG/HA,2026-08-06
CONAB,Wheat,1990,Yield,1006.3046325343403,KG/HA,2026-08-07
CONAB,Wheat,1990,Yield,1006.3046325343403,KG/HA,2026-08-08
CONAB,Wheat,1990,Yield,1006.3046325343403,KG/HA,2026-08-10
CONAB,Wheat,1990,Yield,1006.3046325343403,KG/HA,2026-08-11
CONAB,Wheat,1990,Yield,1006.3046325343403,KG/HA,2026-08-12
CONAB,Wheat,1990,Yield,1006.3046325343403,KG/HA,2026-08-13
CONAB,Wheat,1991,Area,2145.8999999999996,1000 HA,2026-07-28
CONAB,Wheat,1991,Area,2145.8999999999996,1000 HA,2026-07-30
CONAB,Wheat,1991,Area,2145.8999999999996,1000 HA,2026-07-31
CONAB,Wheat,1991,Area,2145.8999999999996,1000 HA,2026-08-02
CONAB,Wheat,1991,Area,2145.8999999999996,1000 HA,2026-08-03
CONAB,Wheat,1991,Area,2145.8999999999996,1000 HA,2026-08-04
CONAB,Wheat,1991,Area,2145.8999999999996,1000 HA,2026-08-05
CONAB,Wheat,1991,Area,2145.8999999999996,1000 HA,2026-08-06
CONAB,Wheat,1991,Area,2145.8999999999996,1000 HA,2026-08-07
CONAB,Wheat,1991,Area,2145.8999999999996,1000 HA,2026-08-08
CONAB,Wheat,1991,Area,2145.8999999999996,1000 HA,2026-08-10
CONAB,Wheat,1991,Area,2145.8999999999996,1000 HA,2026-08-11
CONAB,Wheat,1991,Area,2145.8999999999996,1000 HA,2026-08-12
CONAB,Wheat,1991,Area,2145.8999999999996,1000 HA,2026-08-13
CONAB,Wheat,1991,Production,3077.8,1000 MT,2026-07-28
CONAB,Wheat,1991,Production,3077.8,1000 MT,2026-07-30
CONAB,Wheat,1991,Production,3077.8,1000 MT,2026-07-31
CONAB,Wheat,1991,Production,3077.8,1000 MT,2026-08-02
CONAB,Wheat,1991,Production,3077.8,1000 MT,2026-08-03
CONAB,Wheat,1991,Production,3077.8,1000 MT,2026-08-04
CONAB,Wheat,1991,Production,3077.8,1000 MT,2026-08-05
CONAB,Wheat,1991,Production,3077.8,1000 MT,2026-08-06
CONAB,Wheat,1991,Production,3077.8,1000 MT,2026-08-07
CONAB,Wheat,1991,Production,3077.8,1000 MT,2026-08-08
CONAB,Wheat,1991,Production,3077.8,1000 MT,2026-08-10
CONAB,Wheat,1991,Production,3077.8,1000 MT,2026-08-11
CONAB,Wheat,1991,Production,3077.8,1000 MT,2026-08-12
CONAB,Wheat,1991,Production,3077.8,1000 MT,2026-08-13
CONAB,Wheat,1991,Yield,1434.2700032620348,KG/HA,2026-07-28
CONAB,Wheat,1991,Yield,1434.2700032620348,KG/HA,2026-07-30
CONAB,Wheat,1991,Yield,1434.2700032620348,KG/HA,2026-07-31
CONAB,Wheat,1991,Yield,1434.2700032620348,KG/HA,2026-08-02
CONAB,Wheat,1991,Yield,1434.2700032620348,KG/HA,2026-08-03
CONAB,Wheat,1991,Yield,1434.2700032620348,KG/HA,2026-08-04
CONAB,Wheat,1991,Yield,1434.2700032620348,KG/HA,2026-08-05
CONAB,Wheat,1991,Yield,1434.2700032620348,KG/HA,2026-08-06
CONAB,Wheat,1991,Yield,1434.2700032620348,KG/HA,2026-08-07
CONAB,Wheat,1991,Yield,1434.2700032620348,KG/HA,2026-08-08
CONAB,Wheat,1991,Yield,1434.2700032620348,KG/HA,2026-08-10
CONAB,Wheat,1991,Yield,1434.2700032620348,KG/HA,2026-08-11
CONAB,Wheat,1991,Yield,1434.2700032620348,KG/HA,2026-08-12
CONAB,Wheat,1991,Yield,1434.2700032620348,KG/HA,2026-08-13
CONAB,Wheat,1992,Area,1997.8999999999999,1000 HA,2026-07-28
CONAB,Wheat,1992,Area,1997.8999999999999,1000 HA,2026-07-30
CONAB,Wheat,1992,Area,1997.8999999999999,1000 HA,2026-07-31
CONAB,Wheat,1992,Area,1997.8999999999999,1000 HA,2026-08-02
CONAB,Wheat,1992,Area,1997.8999999999999,1000 HA,2026-08-03
CONAB,Wheat,1992,Area,1997.8999999999999,1000 HA,2026-08-04
CONAB,Wheat,1992,Area,1997.8999999999999,1000 HA,2026-08-05
CONAB,Wheat,1992,Area,1997.8999999999999,1000 HA,2026-08-06
CONAB,Wheat,1992,Area,1997.8999999999999,1000 HA,2026-08-07
CONAB,Wheat,1992,Area,1997.8999999999999,1000 HA,2026-08-08
CONAB,Wheat,1992,Area,1997.8999999999999,1000 HA,2026-08-10
CONAB,Wheat,1992,Area,1997.8999999999999,1000 HA,2026-08-11
CONAB,Wheat,1992,Area,1997.8999999999999,1000 HA,2026-08-12
CONAB,Wheat,1992,Area,1997.8999999999999,1000 HA,2026-08-13
CONAB,Wheat,1992,Production,2739.2000000000003,1000 MT,2026-07-28
CONAB,Wheat,1992,Production,2739.2000000000003,1000 MT,2026-07-30
CONAB,Wheat,1992,Production,2739.2000000000003,1000 MT,2026-07-31
CONAB,Wheat,1992,Production,2739.2000000000003,1000 MT,2026-08-02
CONAB,Wheat,1992,Production,2739.2000000000003,1000 MT,2026-08-03
CONAB,Wheat,1992,Production,2739.2000000000003,1000 MT,2026-08-04
CONAB,Wheat,1992,Production,2739.2000000000003,1000 MT,2026-08-05
CONAB,Wheat,1992,Production,2739.2000000000003,1000 MT,2026-08-06
CONAB,Wheat,1992,Production,2739.2000000000003,1000 MT,2026-08-07
CONAB,Wheat,1992,Production,2739.2000000000003,1000 MT,2026-08-08
CONAB,Wheat,1992,Production,2739.2000000000003,1000 MT,2026-08-10
CONAB,Wheat,1992,Production,2739.2000000000003,1000 MT,2026-08-11
CONAB,Wheat,1992,Production,2739.2000000000003,1000 MT,2026-08-12
CONAB,Wheat,1992,Production,2739.2000000000003,1000 MT,2026-08-13
CONAB,Wheat,1992,Yield,1371.03959157115,KG/HA,2026-07-28
CONAB,Wheat,1992,Yield,1371.03959157115,KG/HA,2026-07-30
CONAB,Wheat,1992,Yield,1371.03959157115,KG/HA,2026-07-31
CONAB,Wheat,1992,Yield,1371.03959157115,KG/HA,2026-08-02
CONAB,Wheat,1992,Yield,1371.03959157115,KG/HA,2026-08-03
CONAB,Wheat,1992,Yield,1371.03959157115,KG/HA,2026-08-04
CONAB,Wheat,1992,Yield,1371.03959157115,KG/HA,2026-08-05
CONAB,Wheat,1992,Yield,1371.03959157115,KG/HA,2026-08-06
CONAB,Wheat,1992,Yield,1371.03959157115,KG/HA,2026-08-07
CONAB,Wheat,1992,Yield,1371.03959157115,KG/HA,2026-08-08
CONAB,Wheat,1992,Yield,1371.03959157115,KG/HA,2026-08-10
CONAB,Wheat,1992,Yield,1371.03959157115,KG/HA,2026-08-11
CONAB,Wheat,1992,Yield,1371.03959157115,KG/HA,2026-08-12
CONAB,Wheat,1992,Yield,1371.03959157115,KG/HA,2026-08-13
CONAB,Wheat,1993,Area,1641.8999999999999,1000 HA,2026-07-28
CONAB,Wheat,1993,Area,1641.8999999999999,1000 HA,2026-07-30
CONAB,Wheat,1993,Area,1641.8999999999999,1000 HA,2026-07-31
CONAB,Wheat,1993,Area,1641.8999999999999,1000 HA,2026-08-02
CONAB,Wheat,1993,Area,1641.8999999999999,1000 HA,2026-08-03
CONAB,Wheat,1993,Area,1641.8999999999999,1000 HA,2026-08-04
CONAB,Wheat,1993,Area,1641.8999999999999,1000 HA,2026-08-05
CONAB,Wheat,1993,Area,1641.8999999999999,1000 HA,2026-08-06
CONAB,Wheat,1993,Area,1641.8999999999999,1000 HA,2026-08-07
CONAB,Wheat,1993,Area,1641.8999999999999,1000 HA,2026-08-08
CONAB,Wheat,1993,Area,1641.8999999999999,1000 HA,2026-08-10
CONAB,Wheat,1993,Area,1641.8999999999999,1000 HA,2026-08-11
CONAB,Wheat,1993,Area,1641.8999999999999,1000 HA,2026-08-12
CONAB,Wheat,1993,Area,1641.8999999999999,1000 HA,2026-08-13
CONAB,Wheat,1993,Production,2051.8,1000 MT,2026-07-28
CONAB,Wheat,1993,Production,2051.8,1000 MT,2026-07-30
CONAB,Wheat,1993,Production,2051.8,1000 MT,2026-07-31
CONAB,Wheat,1993,Production,2051.8,1000 MT,2026-08-02
CONAB,Wheat,1993,Production,2051.8,1000 MT,2026-08-03
CONAB,Wheat,1993,Production,2051.8,1000 MT,2026-08-04
CONAB,Wheat,1993,Production,2051.8,1000 MT,2026-08-05
CONAB,Wheat,1993,Production,2051.8,1000 MT,2026-08-06
CONAB,Wheat,1993,Production,2051.8,1000 MT,2026-08-07
CONAB,Wheat,1993,Production,2051.8,1000 MT,2026-08-08
CONAB,Wheat,1993,Production,2051.8,1000 MT,2026-08-10
CONAB,Wheat,1993,Production,2051.8,1000 MT,2026-08-11
CONAB,Wheat,1993,Production,2051.8,1000 MT,2026-08-12
CONAB,Wheat,1993,Production,2051.8,1000 MT,2026-08-13
CONAB,Wheat,1993,Yield,1249.649795968086,KG/HA,2026-07-28
CONAB,Wheat,1993,Yield,1249.649795968086,KG/HA,2026-07-30
CONAB,Wheat,1993,Yield,1249.649795968086,KG/HA,2026-07-31
CONAB,Wheat,1993,Yield,1249.649795968086,KG/HA,2026-08-02
CONAB,Wheat,1993,Yield,1249.649795968086,KG/HA,2026-08-03
CONAB,Wheat,1993,Yield,1249.649795968086,KG/HA,2026-08-04
CONAB,Wheat,1993,Yield,1249.649795968086,KG/HA,2026-08-05
CONAB,Wheat,1993,Yield,1249.649795968086,KG/HA,2026-08-06
CONAB,Wheat,1993,Yield,1249.649795968086,KG/HA,2026-08-07
CONAB,Wheat,1993,Yield,1249.649795968086,KG/HA,2026-08-08
CONAB,Wheat,1993,Yield,1249.649795968086,KG/HA,2026-08-10
CONAB,Wheat,1993,Yield,1249.649795968086,KG/HA,2026-08-11
CONAB,Wheat,1993,Yield,1249.649795968086,KG/HA,2026-08-12
CONAB,Wheat,1993,Yield,1249.649795968086,KG/HA,2026-08-13
CONAB,Wheat,1994,Area,1446.0,1000 HA,2026-07-28
CONAB,Wheat,1994,Area,1446.0,1000 HA,2026-07-30
CONAB,Wheat,1994,Area,1446.0,1000 HA,2026-07-31
CONAB,Wheat,1994,Area,1446.0,1000 HA,2026-08-02
CONAB,Wheat,1994,Area,1446.0,1000 HA,2026-08-03
CONAB,Wheat,1994,Area,1446.0,1000 HA,2026-08-04
CONAB,Wheat,1994,Area,1446.0,1000 HA,2026-08-05
CONAB,Wheat,1994,Area,1446.0,1000 HA,2026-08-06
CONAB,Wheat,1994,Area,1446.0,1000 HA,2026-08-07
CONAB,Wheat,1994,Area,1446.0,1000 HA,2026-08-08
CONAB,Wheat,1994,Area,1446.0,1000 HA,2026-08-10
CONAB,Wheat,1994,Area,1446.0,1000 HA,2026-08-11
CONAB,Wheat,1994,Area,1446.0,1000 HA,2026-08-12
CONAB,Wheat,1994,Area,1446.0,1000 HA,2026-08-13
CONAB,Wheat,1994,Production,2137.8,1000 MT,2026-07-28
CONAB,Wheat,1994,Production,2137.8,1000 MT,2026-07-30
CONAB,Wheat,1994,Production,2137.8,1000 MT,2026-07-31
CONAB,Wheat,1994,Production,2137.8,1000 MT,2026-08-02
CONAB,Wheat,1994,Production,2137.8,1000 MT,2026-08-03
CONAB,Wheat,1994,Production,2137.8,1000 MT,2026-08-04
CONAB,Wheat,1994,Production,2137.8,1000 MT,2026-08-05
CONAB,Wheat,1994,Production,2137.8,1000 MT,2026-08-06
CONAB,Wheat,1994,Production,2137.8,1000 MT,2026-08-07
CONAB,Wheat,1994,Production,2137.8,1000 MT,2026-08-08
CONAB,Wheat,1994,Production,2137.8,1000 MT,2026-08-10
CONAB,Wheat,1994,Production,2137.8,1000 MT,2026-08-11
CONAB,Wheat,1994,Production,2137.8,1000 MT,2026-08-12
CONAB,Wheat,1994,Production,2137.8,1000 MT,2026-08-13
CONAB,Wheat,1994,Yield,1478.4232365145228,KG/HA,2026-07-28
CONAB,Wheat,1994,Yield,1478.4232365145228,KG/HA,2026-07-30
CONAB,Wheat,1994,Yield,1478.4232365145228,KG/HA,2026-07-31
CONAB,Wheat,1994,Yield,1478.4232365145228,KG/HA,2026-08-02
CONAB,Wheat,1994,Yield,1478.4232365145228,KG/HA,2026-08-03
CONAB,Wheat,1994,Yield,1478.4232365145228,KG/HA,2026-08-04
CONAB,Wheat,1994,Yield,1478.4232365145228,KG/HA,2026-08-05
CONAB,Wheat,1994,Yield,1478.4232365145228,KG/HA,2026-08-06
CONAB,Wheat,1994,Yield,1478.4232365145228,KG/HA,2026-08-07
CONAB,Wheat,1994,Yield,1478.4232365145228,KG/HA,2026-08-08
CONAB,Wheat,1994,Yield,1478.4232365145228,KG/HA,2026-08-10
CONAB,Wheat,1994,Yield,1478.4232365145228,KG/HA,2026-08-11
CONAB,Wheat,1994,Yield,1478.4232365145228,KG/HA,2026-08-12
CONAB,Wheat,1994,Yield,1478.4232365145228,KG/HA,2026-08-13
CONAB,Wheat,1995,Area,1033.8,1000 HA,2026-07-28
CONAB,Wheat,1995,Area,1033.8,1000 HA,2026-07-30
CONAB,Wheat,1995,Area,1033.8,1000 HA,2026-07-31
CONAB,Wheat,1995,Area,1033.8,1000 HA,2026-08-02
CONAB,Wheat,1995,Area,1033.8,1000 HA,2026-08-03
CONAB,Wheat,1995,Area,1033.8,1000 HA,2026-08-04
CONAB,Wheat,1995,Area,1033.8,1000 HA,2026-08-05
CONAB,Wheat,1995,Area,1033.8,1000 HA,2026-08-06
CONAB,Wheat,1995,Area,1033.8,1000 HA,2026-08-07
CONAB,Wheat,1995,Area,1033.8,1000 HA,2026-08-08
CONAB,Wheat,1995,Area,1033.8,1000 HA,2026-08-10
CONAB,Wheat,1995,Area,1033.8,1000 HA,2026-08-11
CONAB,Wheat,1995,Area,1033.8,1000 HA,2026-08-12
CONAB,Wheat,1995,Area,1033.8,1000 HA,2026-08-13
CONAB,Wheat,1995,Production,1524.3,1000 MT,2026-07-28
CONAB,Wheat,1995,Production,1524.3,1000 MT,2026-07-30
CONAB,Wheat,1995,Production,1524.3,1000 MT,2026-07-31
CONAB,Wheat,1995,Production,1524.3,1000 MT,2026-08-02
CONAB,Wheat,1995,Production,1524.3,1000 MT,2026-08-03
CONAB,Wheat,1995,Production,1524.3,1000 MT,2026-08-04
CONAB,Wheat,1995,Production,1524.3,1000 MT,2026-08-05
CONAB,Wheat,1995,Production,1524.3,1000 MT,2026-08-06
CONAB,Wheat,1995,Production,1524.3,1000 MT,2026-08-07
CONAB,Wheat,1995,Production,1524.3,1000 MT,2026-08-08
CONAB,Wheat,1995,Production,1524.3,1000 MT,2026-08-10
CONAB,Wheat,1995,Production,1524.3,1000 MT,2026-08-11
CONAB,Wheat,1995,Production,1524.3,1000 MT,2026-08-12
CONAB,Wheat,1995,Production,1524.3,1000 MT,2026-08-13
CONAB,Wheat,1995,Yield,1474.4631456761463,KG/HA,2026-07-28
CONAB,Wheat,1995,Yield,1474.4631456761463,KG/HA,2026-07-30
CONAB,Wheat,1995,Yield,1474.4631456761463,KG/HA,2026-07-31
CONAB,Wheat,1995,Yield,1474.4631456761463,KG/HA,2026-08-02
CONAB,Wheat,1995,Yield,1474.4631456761463,KG/HA,2026-08-03
CONAB,Wheat,1995,Yield,1474.4631456761463,KG/HA,2026-08-04
CONAB,Wheat,1995,Yield,1474.4631456761463,KG/HA,2026-08-05
CONAB,Wheat,1995,Yield,1474.4631456761463,KG/HA,2026-08-06
CONAB,Wheat,1995,Yield,1474.4631456761463,KG/HA,2026-08-07
CONAB,Wheat,1995,Yield,1474.4631456761463,KG/HA,2026-08-08
CONAB,Wheat,1995,Yield,1474.4631456761463,KG/HA,2026-08-10
CONAB,Wheat,1995,Yield,1474.4631456761463,KG/HA,2026-08-11
CONAB,Wheat,1995,Yield,1474.4631456761463,KG/HA,2026-08-12
CONAB,Wheat,1995,Yield,1474.4631456761463,KG/HA,2026-08-13
CONAB,Wheat,1996,Area,1832.8999999999999,1000 HA,2026-07-28
CONAB,Wheat,1996,Area,1832.8999999999999,1000 HA,2026-07-30
CONAB,Wheat,1996,Area,1832.8999999999999,1000 HA,2026-07-31
CONAB,Wheat,1996,Area,1832.8999999999999,1000 HA,2026-08-02
CONAB,Wheat,1996,Area,1832.8999999999999,1000 HA,2026-08-03
CONAB,Wheat,1996,Area,1832.8999999999999,1000 HA,2026-08-04
CONAB,Wheat,1996,Area,1832.8999999999999,1000 HA,2026-08-05
CONAB,Wheat,1996,Area,1832.8999999999999,1000 HA,2026-08-06
CONAB,Wheat,1996,Area,1832.8999999999999,1000 HA,2026-08-07
CONAB,Wheat,1996,Area,1832.8999999999999,1000 HA,2026-08-08
CONAB,Wheat,1996,Area,1832.8999999999999,1000 HA,2026-08-10
CONAB,Wheat,1996,Area,1832.8999999999999,1000 HA,2026-08-11
CONAB,Wheat,1996,Area,1832.8999999999999,1000 HA,2026-08-12
CONAB,Wheat,1996,Area,1832.8999999999999,1000 HA,2026-08-13
CONAB,Wheat,1996,Production,3197.5,1000 MT,2026-07-28
CONAB,Wheat,1996,Production,3197.5,1000 MT,2026-07-30
CONAB,Wheat,1996,Production,3197.5,1000 MT,2026-07-31
CONAB,Wheat,1996,Production,3197.5,1000 MT,2026-08-02
CONAB,Wheat,1996,Production,3197.5,1000 MT,2026-08-03
CONAB,Wheat,1996,Production,3197.5,1000 MT,2026-08-04
CONAB,Wheat,1996,Production,3197.5,1000 MT,2026-08-05
CONAB,Wheat,1996,Production,3197.5,1000 MT,2026-08-06
CONAB,Wheat,1996,Production,3197.5,1000 MT,2026-08-07
CONAB,Wheat,1996,Production,3197.5,1000 MT,2026-08-08
CONAB,Wheat,1996,Production,3197.5,1000 MT,2026-08-10
CONAB,Wheat,1996,Production,3197.5,1000 MT,2026-08-11
CONAB,Wheat,1996,Production,3197.5,1000 MT,2026-08-12
CONAB,Wheat,1996,Production,3197.5,1000 MT,2026-08-13
CONAB,Wheat,1996,Yield,1744.5032462218344,KG/HA,2026-07-28
CONAB,Wheat,1996,Yield,1744.5032462218344,KG/HA,2026-07-30
CONAB,Wheat,1996,Yield,1744.5032462218344,KG/HA,2026-07-31
CONAB,Wheat,1996,Yield,1744.5032462218344,KG/HA,2026-08-02
CONAB,Wheat,1996,Yield,1744.5032462218344,KG/HA,2026-08-03
CONAB,Wheat,1996,Yield,1744.5032462218344,KG/HA,2026-08-04
CONAB,Wheat,1996,Yield,1744.5032462218344,KG/HA,2026-08-05
CONAB,Wheat,1996,Yield,1744.5032462218344,KG/HA,2026-08-06
CONAB,Wheat,1996,Yield,1744.5032462218344,KG/HA,2026-08-07
CONAB,Wheat,1996,Yield,1744.5032462218344,KG/HA,2026-08-08
CONAB,Wheat,1996,Yield,1744.5032462218344,KG/HA,2026-08-10
CONAB,Wheat,1996,Yield,1744.5032462218344,KG/HA,2026-08-11
CONAB,Wheat,1996,Yield,1744.5032462218344,KG/HA,2026-08-12
CONAB,Wheat,1996,Yield,1744.5032462218344,KG/HA,2026-08-13
CONAB,Wheat,1997,Area,1500.9,1000 HA,2026-07-28
CONAB,Wheat,1997,Area,1500.9,1000 HA,2026-07-30
CONAB,Wheat,1997,Area,1500.9,1000 HA,2026-07-31
CONAB,Wheat,1997,Area,1500.9,1000 HA,2026-08-02
CONAB,Wheat,1997,Area,1500.9,1000 HA,2026-08-03
CONAB,Wheat,1997,Area,1500.9,1000 HA,2026-08-04
CONAB,Wheat,1997,Area,1500.9,1000 HA,2026-08-05
CONAB,Wheat,1997,Area,1500.9,1000 HA,2026-08-06
CONAB,Wheat,1997,Area,1500.9,1000 HA,2026-08-07
CONAB,Wheat,1997,Area,1500.9,1000 HA,2026-08-08
CONAB,Wheat,1997,Area,1500.9,1000 HA,2026-08-10
CONAB,Wheat,1997,Area,1500.9,1000 HA,2026-08-11
CONAB,Wheat,1997,Area,1500.9,1000 HA,2026-08-12
CONAB,Wheat,1997,Area,1500.9,1000 HA,2026-08-13
CONAB,Wheat,1997,Production,2406.9,1000 MT,2026-07-28
CONAB,Wheat,1997,Production,2406.9,1000 MT,2026-07-30
CONAB,Wheat,1997,Production,2406.9,1000 MT,2026-07-31
CONAB,Wheat,1997,Production,2406.9,1000 MT,2026-08-02
CONAB,Wheat,1997,Production,2406.9,1000 MT,2026-08-03
CONAB,Wheat,1997,Production,2406.9,1000 MT,2026-08-04
CONAB,Wheat,1997,Production,2406.9,1000 MT,2026-08-05
CONAB,Wheat,1997,Production,2406.9,1000 MT,2026-08-06
CONAB,Wheat,1997,Production,2406.9,1000 MT,2026-08-07
CONAB,Wheat,1997,Production,2406.9,1000 MT,2026-08-08
CONAB,Wheat,1997,Production,2406.9,1000 MT,2026-08-10
CONAB,Wheat,1997,Production,2406.9,1000 MT,2026-08-11
CONAB,Wheat,1997,Production,2406.9,1000 MT,2026-08-12
CONAB,Wheat,1997,Production,2406.9,1000 MT,2026-08-13
CONAB,Wheat,1997,Yield,1603.637817309614,KG/HA,2026-07-28
CONAB,Wheat,1997,Yield,1603.637817309614,KG/HA,2026-07-30
CONAB,Wheat,1997,Yield,1603.637817309614,KG/HA,2026-07-31
CONAB,Wheat,1997,Yield,1603.637817309614,KG/HA,2026-08-02
CONAB,Wheat,1997,Yield,1603.637817309614,KG/HA,2026-08-03
CONAB,Wheat,1997,Yield,1603.637817309614,KG/HA,2026-08-04
CONAB,Wheat,1997,Yield,1603.637817309614,KG/HA,2026-08-05
CONAB,Wheat,1997,Yield,1603.637817309614,KG/HA,2026-08-06
CONAB,Wheat,1997,Yield,1603.637817309614,KG/HA,2026-08-07
CONAB,Wheat,1997,Yield,1603.637817309614,KG/HA,2026-08-08
CONAB,Wheat,1997,Yield,1603.637817309614,KG/HA,2026-08-10
CONAB,Wheat,1997,Yield,1603.637817309614,KG/HA,2026-08-11
CONAB,Wheat,1997,Yield,1603.637817309614,KG/HA,2026-08-12
CONAB,Wheat,1997,Yield,1603.637817309614,KG/HA,2026-08-13
CONAB,Wheat,1998,Area,1373.2,1000 HA,2026-07-28
CONAB,Wheat,1998,Area,1373.2,1000 HA,2026-07-30
CONAB,Wheat,1998,Area,1373.2,1000 HA,2026-07-31
CONAB,Wheat,1998,Area,1373.2,1000 HA,2026-08-02
CONAB,Wheat,1998,Area,1373.2,1000 HA,2026-08-03
CONAB,Wheat,1998,Area,1373.2,1000 HA,2026-08-04
CONAB,Wheat,1998,Area,1373.2,1000 HA,2026-08-05
CONAB,Wheat,1998,Area,1373.2,1000 HA,2026-08-06
CONAB,Wheat,1998,Area,1373.2,1000 HA,2026-08-07
CONAB,Wheat,1998,Area,1373.2,1000 HA,2026-08-08
CONAB,Wheat,1998,Area,1373.2,1000 HA,2026-08-10
CONAB,Wheat,1998,Area,1373.2,1000 HA,2026-08-11
CONAB,Wheat,1998,Area,1373.2,1000 HA,2026-08-12
CONAB,Wheat,1998,Area,1373.2,1000 HA,2026-08-13
CONAB,Wheat,1998,Production,2187.7,1000 MT,2026-07-28
CONAB,Wheat,1998,Production,2187.7,1000 MT,2026-07-30
CONAB,Wheat,1998,Production,2187.7,1000 MT,2026-07-31
CONAB,Wheat,1998,Production,2187.7,1000 MT,2026-08-02
CONAB,Wheat,1998,Production,2187.7,1000 MT,2026-08-03
CONAB,Wheat,1998,Production,2187.7,1000 MT,2026-08-04
CONAB,Wheat,1998,Production,2187.7,1000 MT,2026-08-05
CONAB,Wheat,1998,Production,2187.7,1000 MT,2026-08-06
CONAB,Wheat,1998,Production,2187.7,1000 MT,2026-08-07
CONAB,Wheat,1998,Production,2187.7,1000 MT,2026-08-08
CONAB,Wheat,1998,Production,2187.7,1000 MT,2026-08-10
CONAB,Wheat,1998,Production,2187.7,1000 MT,2026-08-11
CONAB,Wheat,1998,Production,2187.7,1000 MT,2026-08-12
CONAB,Wheat,1998,Production,2187.7,1000 MT,2026-08-13
CONAB,Wheat,1998,Yield,1593.140110690358,KG/HA,2026-07-28
CONAB,Wheat,1998,Yield,1593.140110690358,KG/HA,2026-07-30
CONAB,Wheat,1998,Yield,1593.140110690358,KG/HA,2026-07-31
CONAB,Wheat,1998,Yield,1593.140110690358,KG/HA,2026-08-02
CONAB,Wheat,1998,Yield,1593.140110690358,KG/HA,2026-08-03
CONAB,Wheat,1998,Yield,1593.140110690358,KG/HA,2026-08-04
CONAB,Wheat,1998,Yield,1593.140110690358,KG/HA,2026-08-05
CONAB,Wheat,1998,Yield,1593.140110690358,KG/HA,2026-08-06
CONAB,Wheat,1998,Yield,1593.140110690358,KG/HA,2026-08-07
CONAB,Wheat,1998,Yield,1593.140110690358,KG/HA,2026-08-08
CONAB,Wheat,1998,Yield,1593.140110690358,KG/HA,2026-08-10
CONAB,Wheat,1998,Yield,1593.140110690358,KG/HA,2026-08-11
CONAB,Wheat,1998,Yield,1593.140110690358,KG/HA,2026-08-12
CONAB,Wheat,1998,Yield,1593.140110690358,KG/HA,2026-08-13
CONAB,Wheat,1999,Area,1251.8,1000 HA,2026-07-28
CONAB,Wheat,1999,Area,1251.8,1000 HA,2026-07-30
CONAB,Wheat,1999,Area,1251.8,1000 HA,2026-07-31
CONAB,Wheat,1999,Area,1251.8,1000 HA,2026-08-02
CONAB,Wheat,1999,Area,1251.8,1000 HA,2026-08-03
CONAB,Wheat,1999,Area,1251.8,1000 HA,2026-08-04
CONAB,Wheat,1999,Area,1251.8,1000 HA,2026-08-05
CONAB,Wheat,1999,Area,1251.8,1000 HA,2026-08-06
CONAB,Wheat,1999,Area,1251.8,1000 HA,2026-08-07
CONAB,Wheat,1999,Area,1251.8,1000 HA,2026-08-08
CONAB,Wheat,1999,Area,1251.8,1000 HA,2026-08-10
CONAB,Wheat,1999,Area,1251.8,1000 HA,2026-08-11
CONAB,Wheat,1999,Area,1251.8,1000 HA,2026-08-12
CONAB,Wheat,1999,Area,1251.8,1000 HA,2026-08-13
CONAB,Wheat,1999,Production,2402.8,1000 MT,2026-07-28
CONAB,Wheat,1999,Production,2402.8,1000 MT,2026-07-30
CONAB,Wheat,1999,Production,2402.8,1000 MT,2026-07-31
CONAB,Wheat,1999,Production,2402.8,1000 MT,2026-08-02
CONAB,Wheat,1999,Production,2402.8,1000 MT,2026-08-03
CONAB,Wheat,1999,Production,2402.8,1000 MT,2026-08-04
CONAB,Wheat,1999,Production,2402.8,1000 MT,2026-08-05
CONAB,Wheat,1999,Production,2402.8,1000 MT,2026-08-06
CONAB,Wheat,1999,Production,2402.8,1000 MT,2026-08-07
CONAB,Wheat,1999,Production,2402.8,1000 MT,2026-08-08
CONAB,Wheat,1999,Production,2402.8,1000 MT,2026-08-10
CONAB,Wheat,1999,Production,2402.8,1000 MT,2026-08-11
CONAB,Wheat,1999,Production,2402.8,1000 MT,2026-08-12
CONAB,Wheat,1999,Production,2402.8,1000 MT,2026-08-13
CONAB,Wheat,1999,Yield,1919.4759546253397,KG/HA,2026-07-28
CONAB,Wheat,1999,Yield,1919.4759546253397,KG/HA,2026-07-30
CONAB,Wheat,1999,Yield,1919.4759546253397,KG/HA,2026-07-31
CONAB,Wheat,1999,Yield,1919.4759546253397,KG/HA,2026-08-02
CONAB,Wheat,1999,Yield,1919.4759546253397,KG/HA,2026-08-03
CONAB,Wheat,1999,Yield,1919.4759546253397,KG/HA,2026-08-04
CONAB,Wheat,1999,Yield,1919.4759546253397,KG/HA,2026-08-05
CONAB,Wheat,1999,Yield,1919.4759546253397,KG/HA,2026-08-06
CONAB,Wheat,1999,Yield,1919.4759546253397,KG/HA,2026-08-07
CONAB,Wheat,1999,Yield,1919.4759546253397,KG/HA,2026-08-08
CONAB,Wheat,1999,Yield,1919.4759546253397,KG/HA,2026-08-10
CONAB,Wheat,1999,Yield,1919.4759546253397,KG/HA,2026-08-11
CONAB,Wheat,1999,Yield,1919.4759546253397,KG/HA,2026-08-12
CONAB,Wheat,1999,Yield,1919.4759546253397,KG/HA,2026-08-13
CONAB,Wheat,2000,Area,1468.1,1000 HA,2026-07-28
CONAB,Wheat,2000,Area,1468.1,1000 HA,2026-07-30
CONAB,Wheat,2000,Area,1468.1,1000 HA,2026-07-31
CONAB,Wheat,2000,Area,1468.1,1000 HA,2026-08-02
CONAB,Wheat,2000,Area,1468.1,1000 HA,2026-08-03
CONAB,Wheat,2000,Area,1468.1,1000 HA,2026-08-04
CONAB,Wheat,2000,Area,1468.1,1000 HA,2026-08-05
CONAB,Wheat,2000,Area,1468.1,1000 HA,2026-08-06
CONAB,Wheat,2000,Area,1468.1,1000 HA,2026-08-07
CONAB,Wheat,2000,Area,1468.1,1000 HA,2026-08-08
CONAB,Wheat,2000,Area,1468.1,1000 HA,2026-08-10
CONAB,Wheat,2000,Area,1468.1,1000 HA,2026-08-11
CONAB,Wheat,2000,Area,1468.1,1000 HA,2026-08-12
CONAB,Wheat,2000,Area,1468.1,1000 HA,2026-08-13
CONAB,Wheat,2000,Production,1658.4,1000 MT,2026-07-28
CONAB,Wheat,2000,Production,1658.4,1000 MT,2026-07-30
CONAB,Wheat,2000,Production,1658.4,1000 MT,2026-07-31
CONAB,Wheat,2000,Production,1658.4,1000 MT,2026-08-02
CONAB,Wheat,2000,Production,1658.4,1000 MT,2026-08-03
CONAB,Wheat,2000,Production,1658.4,1000 MT,2026-08-04
CONAB,Wheat,2000,Production,1658.4,1000 MT,2026-08-05
CONAB,Wheat,2000,Production,1658.4,1000 MT,2026-08-06
CONAB,Wheat,2000,Production,1658.4,1000 MT,2026-08-07
CONAB,Wheat,2000,Production,1658.4,1000 MT,2026-08-08
CONAB,Wheat,2000,Production,1658.4,1000 MT,2026-08-10
CONAB,Wheat,2000,Production,1658.4,1000 MT,2026-08-11
CONAB,Wheat,2000,Production,1658.4,1000 MT,2026-08-12
CONAB,Wheat,2000,Production,1658.4,1000 MT,2026-08-13
CONAB,Wheat,2000,Yield,1129.623322661944,KG/HA,2026-07-28
CONAB,Wheat,2000,Yield,1129.623322661944,KG/HA,2026-07-30
CONAB,Wheat,2000,Yield,1129.623322661944,KG/HA,2026-07-31
CONAB,Wheat,2000,Yield,1129.623322661944,KG/HA,2026-08-02
CONAB,Wheat,2000,Yield,1129.623322661944,KG/HA,2026-08-03
CONAB,Wheat,2000,Yield,1129.623322661944,KG/HA,2026-08-04
CONAB,Wheat,2000,Yield,1129.623322661944,KG/HA,2026-08-05
CONAB,Wheat,2000,Yield,1129.623322661944,KG/HA,2026-08-06
CONAB,Wheat,2000,Yield,1129.623322661944,KG/HA,2026-08-07
CONAB,Wheat,2000,Yield,1129.623322661944,KG/HA,2026-08-08
CONAB,Wheat,2000,Yield,1129.623322661944,KG/HA,2026-08-10
CONAB,Wheat,2000,Yield,1129.623322661944,KG/HA,2026-08-11
CONAB,Wheat,2000,Yield,1129.623322661944,KG/HA,2026-08-12
CONAB,Wheat,2000,Yield,1129.623322661944,KG/HA,2026-08-13
CONAB,Wheat,2001,Area,1710.2,1000 HA,2026-07-28
CONAB,Wheat,2001,Area,1710.2,1000 HA,2026-07-30
CONAB,Wheat,2001,Area,1710.2,1000 HA,2026-07-31
CONAB,Wheat,2001,Area,1710.2,1000 HA,2026-08-02
CONAB,Wheat,2001,Area,1710.2,1000 HA,2026-08-03
CONAB,Wheat,2001,Area,1710.2,1000 HA,2026-08-04
CONAB,Wheat,2001,Area,1710.2,1000 HA,2026-08-05
CONAB,Wheat,2001,Area,1710.2,1000 HA,2026-08-06
CONAB,Wheat,2001,Area,1710.2,1000 HA,2026-08-07
CONAB,Wheat,2001,Area,1710.2,1000 HA,2026-08-08
CONAB,Wheat,2001,Area,1710.2,1000 HA,2026-08-10
CONAB,Wheat,2001,Area,1710.2,1000 HA,2026-08-11
CONAB,Wheat,2001,Area,1710.2,1000 HA,2026-08-12
CONAB,Wheat,2001,Area,1710.2,1000 HA,2026-08-13
CONAB,Wheat,2001,Production,3194.2,1000 MT,2026-07-28
CONAB,Wheat,2001,Production,3194.2,1000 MT,2026-07-30
CONAB,Wheat,2001,Production,3194.2,1000 MT,2026-07-31
CONAB,Wheat,2001,Production,3194.2,1000 MT,2026-08-02
CONAB,Wheat,2001,Production,3194.2,1000 MT,2026-08-03
CONAB,Wheat,2001,Production,3194.2,1000 MT,2026-08-04
CONAB,Wheat,2001,Production,3194.2,1000 MT,2026-08-05
CONAB,Wheat,2001,Production,3194.2,1000 MT,2026-08-06
CONAB,Wheat,2001,Production,3194.2,1000 MT,2026-08-07
CONAB,Wheat,2001,Production,3194.2,1000 MT,2026-08-08
CONAB,Wheat,2001,Production,3194.2,1000 MT,2026-08-10
CONAB,Wheat,2001,Production,3194.2,1000 MT,2026-08-11
CONAB,Wheat,2001,Production,3194.2,1000 MT,2026-08-12
CONAB,Wheat,2001,Production,3194.2,1000 MT,2026-08-13
CONAB,Wheat,2001,Yield,1867.7347678634076,KG/HA,2026-07-28
CONAB,Wheat,2001,Yield,1867.7347678634076,KG/HA,2026-07-30
CONAB,Wheat,2001,Yield,1867.7347678634076,KG/HA,2026-07-31
CONAB,Wheat,2001,Yield,1867.7347678634076,KG/HA,2026-08-02
CONAB,Wheat,2001,Yield,1867.7347678634076,KG/HA,2026-08-03
CONAB,Wheat,2001,Yield,1867.7347678634076,KG/HA,2026-08-04
CONAB,Wheat,2001,Yield,1867.7347678634076,KG/HA,2026-08-05
CONAB,Wheat,2001,Yield,1867.7347678634076,KG/HA,2026-08-06
CONAB,Wheat,2001,Yield,1867.7347678634076,KG/HA,2026-08-07
CONAB,Wheat,2001,Yield,1867.7347678634076,KG/HA,2026-08-08
CONAB,Wheat,2001,Yield,1867.7347678634076,KG/HA,2026-08-10
CONAB,Wheat,2001,Yield,1867.7347678634076,KG/HA,2026-08-11
CONAB,Wheat,2001,Yield,1867.7347678634076,KG/HA,2026-08-12
CONAB,Wheat,2001,Yield,1867.7347678634076,KG/HA,2026-08-13
CONAB,Wheat,2002,Area,2051.6,1000 HA,2026-07-28
CONAB,Wheat,2002,Area,2051.6,1000 HA,2026-07-30
CONAB,Wheat,2002,Area,2051.6,1000 HA,2026-07-31
CONAB,Wheat,2002,Area,2051.6,1000 HA,2026-08-02
CONAB,Wheat,2002,Area,2051.6,1000 HA,2026-08-03
CONAB,Wheat,2002,Area,2051.6,1000 HA,2026-08-04
CONAB,Wheat,2002,Area,2051.6,1000 HA,2026-08-05
CONAB,Wheat,2002,Area,2051.6,1000 HA,2026-08-06
CONAB,Wheat,2002,Area,2051.6,1000 HA,2026-08-07
CONAB,Wheat,2002,Area,2051.6,1000 HA,2026-08-08
CONAB,Wheat,2002,Area,2051.6,1000 HA,2026-08-10
CONAB,Wheat,2002,Area,2051.6,1000 HA,2026-08-11
CONAB,Wheat,2002,Area,2051.6,1000 HA,2026-08-12
CONAB,Wheat,2002,Area,2051.6,1000 HA,2026-08-13
CONAB,Wheat,2002,Production,2913.9,1000 MT,2026-07-28
CONAB,Wheat,2002,Production,2913.9,1000 MT,2026-07-30
CONAB,Wheat,2002,Production,2913.9,1000 MT,2026-07-31
CONAB,Wheat,2002,Production,2913.9,1000 MT,2026-08-02
CONAB,Wheat,2002,Production,2913.9,1000 MT,2026-08-03
CONAB,Wheat,2002,Production,2913.9,1000 MT,2026-08-04
CONAB,Wheat,2002,Production,2913.9,1000 MT,2026-08-05
CONAB,Wheat,2002,Production,2913.9,1000 MT,2026-08-06
CONAB,Wheat,2002,Production,2913.9,1000 MT,2026-08-07
CONAB,Wheat,2002,Production,2913.9,1000 MT,2026-08-08
CONAB,Wheat,2002,Production,2913.9,1000 MT,2026-08-10
CONAB,Wheat,2002,Production,2913.9,1000 MT,2026-08-11
CONAB,Wheat,2002,Production,2913.9,1000 MT,2026-08-12
CONAB,Wheat,2002,Production,2913.9,1000 MT,2026-08-13
CONAB,Wheat,2002,Yield,1420.3061025541042,KG/HA,2026-07-28
CONAB,Wheat,2002,Yield,1420.3061025541042,KG/HA,2026-07-30
CONAB,Wheat,2002,Yield,1420.3061025541042,KG/HA,2026-07-31
CONAB,Wheat,2002,Yield,1420.3061025541042,KG/HA,2026-08-02
CONAB,Wheat,2002,Yield,1420.3061025541042,KG/HA,2026-08-03
CONAB,Wheat,2002,Yield,1420.3061025541042,KG/HA,2026-08-04
CONAB,Wheat,2002,Yield,1420.3061025541042,KG/HA,2026-08-05
CONAB,Wheat,2002,Yield,1420.3061025541042,KG/HA,2026-08-06
CONAB,Wheat,2002,Yield,1420.3061025541042,KG/HA,2026-08-07
CONAB,Wheat,2002,Yield,1420.3061025541042,KG/HA,2026-08-08
CONAB,Wheat,2002,Yield,1420.3061025541042,KG/HA,2026-08-10
CONAB,Wheat,2002,Yield,1420.3061025541042,KG/HA,2026-08-11
CONAB,Wheat,2002,Yield,1420.3061025541042,KG/HA,2026-08-12
CONAB,Wheat,2002,Yield,1420.3061025541042,KG/HA,2026-08-13
CONAB,Wheat,2003,Area,2727.2999999999997,1000 HA,2026-07-28
CONAB,Wheat,2003,Area,2727.2999999999997,1000 HA,2026-07-30
CONAB,Wheat,2003,Area,2727.2999999999997,1000 HA,2026-07-31
CONAB,Wheat,2003,Area,2727.2999999999997,1000 HA,2026-08-02
CONAB,Wheat,2003,Area,2727.2999999999997,1000 HA,2026-08-03
CONAB,Wheat,2003,Area,2727.2999999999997,1000 HA,2026-08-04
CONAB,Wheat,2003,Area,2727.2999999999997,1000 HA,2026-08-05
CONAB,Wheat,2003,Area,2727.2999999999997,1000 HA,2026-08-06
CONAB,Wheat,2003,Area,2727.2999999999997,1000 HA,2026-08-07
CONAB,Wheat,2003,Area,2727.2999999999997,1000 HA,2026-08-08
CONAB,Wheat,2003,Area,2727.2999999999997,1000 HA,2026-08-10
CONAB,Wheat,2003,Area,2727.2999999999997,1000 HA,2026-08-11
CONAB,Wheat,2003,Area,2727.2999999999997,1000 HA,2026-08-12
CONAB,Wheat,2003,Area,2727.2999999999997,1000 HA,2026-08-13
CONAB,Wheat,2003,Production,6073.5,1000 MT,2026-07-28
CONAB,Wheat,2003,Production,6073.5,1000 MT,2026-07-30
CONAB,Wheat,2003,Production,6073.5,1000 MT,2026-07-31
CONAB,Wheat,2003,Production,6073.5,1000 MT,2026-08-02
CONAB,Wheat,2003,Production,6073.5,1000 MT,2026-08-03
CONAB,Wheat,2003,Production,6073.5,1000 MT,2026-08-04
CONAB,Wheat,2003,Production,6073.5,1000 MT,2026-08-05
CONAB,Wheat,2003,Production,6073.5,1000 MT,2026-08-06
CONAB,Wheat,2003,Production,6073.5,1000 MT,2026-08-07
CONAB,Wheat,2003,Production,6073.5,1000 MT,2026-08-08
CONAB,Wheat,2003,Production,6073.5,1000 MT,2026-08-10
CONAB,Wheat,2003,Production,6073.5,1000 MT,2026-08-11
CONAB,Wheat,2003,Production,6073.5,1000 MT,2026-08-12
CONAB,Wheat,2003,Production,6073.5,1000 MT,2026-08-13
CONAB,Wheat,2003,Yield,2226.927730722693,KG/HA,2026-07-28
CONAB,Wheat,2003,Yield,2226.927730722693,KG/HA,2026-07-30
CONAB,Wheat,2003,Yield,2226.927730722693,KG/HA,2026-07-31
CONAB,Wheat,2003,Yield,2226.927730722693,KG/HA,2026-08-02
CONAB,Wheat,2003,Yield,2226.927730722693,KG/HA,2026-08-03
CONAB,Wheat,2003,Yield,2226.927730722693,KG/HA,2026-08-04
CONAB,Wheat,2003,Yield,2226.927730722693,KG/HA,2026-08-05
CONAB,Wheat,2003,Yield,2226.927730722693,KG/HA,2026-08-06
CONAB,Wheat,2003,Yield,2226.927730722693,KG/HA,2026-08-07
CONAB,Wheat,2003,Yield,2226.927730722693,KG/HA,2026-08-08
CONAB,Wheat,2003,Yield,2226.927730722693,KG/HA,2026-08-10
CONAB,Wheat,2003,Yield,2226.927730722693,KG/HA,2026-08-11
CONAB,Wheat,2003,Yield,2226.927730722693,KG/HA,2026-08-12
CONAB,Wheat,2003,Yield,2226.927730722693,KG/HA,2026-08-13
CONAB,Wheat,2004,Area,2756.2999999999997,1000 HA,2026-07-28
CONAB,Wheat,2004,Area,2756.2999999999997,1000 HA,2026-07-30
CONAB,Wheat,2004,Area,2756.2999999999997,1000 HA,2026-07-31
CONAB,Wheat,2004,Area,2756.2999999999997,1000 HA,2026-08-02
CONAB,Wheat,2004,Area,2756.2999999999997,1000 HA,2026-08-03
CONAB,Wheat,2004,Area,2756.2999999999997,1000 HA,2026-08-04
CONAB,Wheat,2004,Area,2756.2999999999997,1000 HA,2026-08-05
CONAB,Wheat,2004,Area,2756.2999999999997,1000 HA,2026-08-06
CONAB,Wheat,2004,Area,2756.2999999999997,1000 HA,2026-08-07
CONAB,Wheat,2004,Area,2756.2999999999997,1000 HA,2026-08-08
CONAB,Wheat,2004,Area,2756.2999999999997,1000 HA,2026-08-10
CONAB,Wheat,2004,Area,2756.2999999999997,1000 HA,2026-08-11
CONAB,Wheat,2004,Area,2756.2999999999997,1000 HA,2026-08-12
CONAB,Wheat,2004,Area,2756.2999999999997,1000 HA,2026-08-13
CONAB,Wheat,2004,Production,5845.900000000001,1000 MT,2026-07-28
CONAB,Wheat,2004,Production,5845.900000000001,1000 MT,2026-07-30
CONAB,Wheat,2004,Production,5845.900000000001,1000 MT,2026-07-31
CONAB,Wheat,2004,Production,5845.900000000001,1000 MT,2026-08-02
CONAB,Wheat,2004,Production,5845.900000000001,1000 MT,2026-08-03
CONAB,Wheat,2004,Production,5845.900000000001,1000 MT,2026-08-04
CONAB,Wheat,2004,Production,5845.900000000001,1000 MT,2026-08-05
CONAB,Wheat,2004,Production,5845.900000000001,1000 MT,2026-08-06
CONAB,Wheat,2004,Production,5845.900000000001,1000 MT,2026-08-07
CONAB,Wheat,2004,Production,5845.900000000001,1000 MT,2026-08-08
CONAB,Wheat,2004,Production,5845.900000000001,1000 MT,2026-08-10
CONAB,Wheat,2004,Production,5845.900000000001,1000 MT,2026-08-11
CONAB,Wheat,2004,Production,5845.900000000001,1000 MT,2026-08-12
CONAB,Wheat,2004,Production,5845.900000000001,1000 MT,2026-08-13
CONAB,Wheat,2004,Yield,2120.9229764539423,KG/HA,2026-07-28
CONAB,Wheat,2004,Yield,2120.9229764539423,KG/HA,2026-07-30
CONAB,Wheat,2004,Yield,2120.9229764539423,KG/HA,2026-07-31
CONAB,Wheat,2004,Yield,2120.9229764539423,KG/HA,2026-08-02
CONAB,Wheat,2004,Yield,2120.9229764539423,KG/HA,2026-08-03
CONAB,Wheat,2004,Yield,2120.9229764539423,KG/HA,2026-08-04
CONAB,Wheat,2004,Yield,2120.9229764539423,KG/HA,2026-08-05
CONAB,Wheat,2004,Yield,2120.9229764539423,KG/HA,2026-08-06
CONAB,Wheat,2004,Yield,2120.9229764539423,KG/HA,2026-08-07
CONAB,Wheat,2004,Yield,2120.9229764539423,KG/HA,2026-08-08
CONAB,Wheat,2004,Yield,2120.9229764539423,KG/HA,2026-08-10
CONAB,Wheat,2004,Yield,2120.9229764539423,KG/HA,2026-08-11
CONAB,Wheat,2004,Yield,2120.9229764539423,KG/HA,2026-08-12
CONAB,Wheat,2004,Yield,2120.9229764539423,KG/HA,2026-08-13
CONAB,Wheat,2005,Area,2361.7999999999997,1000 HA,2026-07-28
CONAB,Wheat,2005,Area,2361.7999999999997,1000 HA,2026-07-30
CONAB,Wheat,2005,Area,2361.7999999999997,1000 HA,2026-07-31
CONAB,Wheat,2005,Area,2361.7999999999997,1000 HA,2026-08-02
CONAB,Wheat,2005,Area,2361.7999999999997,1000 HA,2026-08-03
CONAB,Wheat,2005,Area,2361.7999999999997,1000 HA,2026-08-04
CONAB,Wheat,2005,Area,2361.7999999999997,1000 HA,2026-08-05
CONAB,Wheat,2005,Area,2361.7999999999997,1000 HA,2026-08-06
CONAB,Wheat,2005,Area,2361.7999999999997,1000 HA,2026-08-07
CONAB,Wheat,2005,Area,2361.7999999999997,1000 HA,2026-08-08
CONAB,Wheat,2005,Area,2361.7999999999997,1000 HA,2026-08-10
CONAB,Wheat,2005,Area,2361.7999999999997,1000 HA,2026-08-11
CONAB,Wheat,2005,Area,2361.7999999999997,1000 HA,2026-08-12
CONAB,Wheat,2005,Area,2361.7999999999997,1000 HA,2026-08-13
CONAB,Wheat,2005,Production,4873.1,1000 MT,2026-07-28
CONAB,Wheat,2005,Production,4873.1,1000 MT,2026-07-30
CONAB,Wheat,2005,Production,4873.1,1000 MT,2026-07-31
CONAB,Wheat,2005,Production,4873.1,1000 MT,2026-08-02
CONAB,Wheat,2005,Production,4873.1,1000 MT,2026-08-03
CONAB,Wheat,2005,Production,4873.1,1000 MT,2026-08-04
CONAB,Wheat,2005,Production,4873.1,1000 MT,2026-08-05
CONAB,Wheat,2005,Production,4873.1,1000 MT,2026-08-06
CONAB,Wheat,2005,Production,4873.1,1000 MT,2026-08-07
CONAB,Wheat,2005,Production,4873.1,1000 MT,2026-08-08
CONAB,Wheat,2005,Production,4873.1,1000 MT,2026-08-10
CONAB,Wheat,2005,Production,4873.1,1000 MT,2026-08-11
CONAB,Wheat,2005,Production,4873.1,1000 MT,2026-08-12
CONAB,Wheat,2005,Production,4873.1,1000 MT,2026-08-13
CONAB,Wheat,2005,Yield,2063.299178592599,KG/HA,2026-07-28
CONAB,Wheat,2005,Yield,2063.299178592599,KG/HA,2026-07-30
CONAB,Wheat,2005,Yield,2063.299178592599,KG/HA,2026-07-31
CONAB,Wheat,2005,Yield,2063.299178592599,KG/HA,2026-08-02
CONAB,Wheat,2005,Yield,2063.299178592599,KG/HA,2026-08-03
CONAB,Wheat,2005,Yield,2063.299178592599,KG/HA,2026-08-04
CONAB,Wheat,2005,Yield,2063.299178592599,KG/HA,2026-08-05
CONAB,Wheat,2005,Yield,2063.299178592599,KG/HA,2026-08-06
CONAB,Wheat,2005,Yield,2063.299178592599,KG/HA,2026-08-07
CONAB,Wheat,2005,Yield,2063.299178592599,KG/HA,2026-08-08
CONAB,Wheat,2005,Yield,2063.299178592599,KG/HA,2026-08-10
CONAB,Wheat,2005,Yield,2063.299178592599,KG/HA,2026-08-11
CONAB,Wheat,2005,Yield,2063.299178592599,KG/HA,2026-08-12
CONAB,Wheat,2005,Yield,2063.299178592599,KG/HA,2026-08-13
CONAB,Wheat,2006,Area,1757.5,1000 HA,2026-07-28
CONAB,Wheat,2006,Area,1757.5,1000 HA,2026-07-30
CONAB,Wheat,2006,Area,1757.5,1000 HA,2026-07-31
CONAB,Wheat,2006,Area,1757.5,1000 HA,2026-08-02
CONAB,Wheat,2006,Area,1757.5,1000 HA,2026-08-03
CONAB,Wheat,2006,Area,1757.5,1000 HA,2026-08-04
CONAB,Wheat,2006,Area,1757.5,1000 HA,2026-08-05
CONAB,Wheat,2006,Area,1757.5,1000 HA,2026-08-06
CONAB,Wheat,2006,Area,1757.5,1000 HA,2026-08-07
CONAB,Wheat,2006,Area,1757.5,1000 HA,2026-08-08
CONAB,Wheat,2006,Area,1757.5,1000 HA,2026-08-10
CONAB,Wheat,2006,Area,1757.5,1000 HA,2026-08-11
CONAB,Wheat,2006,Area,1757.5,1000 HA,2026-08-12
CONAB,Wheat,2006,Area,1757.5,1000 HA,2026-08-13
CONAB,Wheat,2006,Production,2233.7,1000 MT,2026-07-28
CONAB,Wheat,2006,Production,2233.7,1000 MT,2026-07-30
CONAB,Wheat,2006,Production,2233.7,1000 MT,2026-07-31
CONAB,Wheat,2006,Production,2233.7,1000 MT,2026-08-02
CONAB,Wheat,2006,Production,2233.7,1000 MT,2026-08-03
CONAB,Wheat,2006,Production,2233.7,1000 MT,2026-08-04
CONAB,Wheat,2006,Production,2233.7,1000 MT,2026-08-05
CONAB,Wheat,2006,Production,2233.7,1000 MT,2026-08-06
CONAB,Wheat,2006,Production,2233.7,1000 MT,2026-08-07
CONAB,Wheat,2006,Production,2233.7,1000 MT,2026-08-08
CONAB,Wheat,2006,Production,2233.7,1000 MT,2026-08-10
CONAB,Wheat,2006,Production,2233.7,1000 MT,2026-08-11
CONAB,Wheat,2006,Production,2233.7,1000 MT,2026-08-12
CONAB,Wheat,2006,Production,2233.7,1000 MT,2026-08-13
CONAB,Wheat,2006,Yield,1270.9530583214791,KG/HA,2026-07-28
CONAB,Wheat,2006,Yield,1270.9530583214791,KG/HA,2026-07-30
CONAB,Wheat,2006,Yield,1270.9530583214791,KG/HA,2026-07-31
CONAB,Wheat,2006,Yield,1270.9530583214791,KG/HA,2026-08-02
CONAB,Wheat,2006,Yield,1270.9530583214791,KG/HA,2026-08-03
CONAB,Wheat,2006,Yield,1270.9530583214791,KG/HA,2026-08-04
CONAB,Wheat,2006,Yield,1270.9530583214791,KG/HA,2026-08-05
CONAB,Wheat,2006,Yield,1270.9530583214791,KG/HA,2026-08-06
CONAB,Wheat,2006,Yield,1270.9530583214791,KG/HA,2026-08-07
CONAB,Wheat,2006,Yield,1270.9530583214791,KG/HA,2026-08-08
CONAB,Wheat,2006,Yield,1270.9530583214791,KG/HA,2026-08-10
CONAB,Wheat,2006,Yield,1270.9530583214791,KG/HA,2026-08-11
CONAB,Wheat,2006,Yield,1270.9530583214791,KG/HA,2026-08-12
CONAB,Wheat,2006,Yield,1270.9530583214791,KG/HA,2026-08-13
CONAB,Wheat,2007,Area,1851.8,1000 HA,2026-07-28
CONAB,Wheat,2007,Area,1851.8,1000 HA,2026-07-30
CONAB,Wheat,2007,Area,1851.8,1000 HA,2026-07-31
CONAB,Wheat,2007,Area,1851.8,1000 HA,2026-08-02
CONAB,Wheat,2007,Area,1851.8,1000 HA,2026-08-03
CONAB,Wheat,2007,Area,1851.8,1000 HA,2026-08-04
CONAB,Wheat,2007,Area,1851.8,1000 HA,2026-08-05
CONAB,Wheat,2007,Area,1851.8,1000 HA,2026-08-06
CONAB,Wheat,2007,Area,1851.8,1000 HA,2026-08-07
CONAB,Wheat,2007,Area,1851.8,1000 HA,2026-08-08
CONAB,Wheat,2007,Area,1851.8,1000 HA,2026-08-10
CONAB,Wheat,2007,Area,1851.8,1000 HA,2026-08-11
CONAB,Wheat,2007,Area,1851.8,1000 HA,2026-08-12
CONAB,Wheat,2007,Area,1851.8,1000 HA,2026-08-13
CONAB,Wheat,2007,Production,4097.1,1000 MT,2026-07-28
CONAB,Wheat,2007,Production,4097.1,1000 MT,2026-07-30
CONAB,Wheat,2007,Production,4097.1,1000 MT,2026-07-31
CONAB,Wheat,2007,Production,4097.1,1000 MT,2026-08-02
CONAB,Wheat,2007,Production,4097.1,1000 MT,2026-08-03
CONAB,Wheat,2007,Production,4097.1,1000 MT,2026-08-04
CONAB,Wheat,2007,Production,4097.1,1000 MT,2026-08-05
CONAB,Wheat,2007,Production,4097.1,1000 MT,2026-08-06
CONAB,Wheat,2007,Production,4097.1,1000 MT,2026-08-07
CONAB,Wheat,2007,Production,4097.1,1000 MT,2026-08-08
CONAB,Wheat,2007,Production,4097.1,1000 MT,2026-08-10
CONAB,Wheat,2007,Production,4097.1,1000 MT,2026-08-11
CONAB,Wheat,2007,Production,4097.1,1000 MT,2026-08-12
CONAB,Wheat,2007,Production,4097.1,1000 MT,2026-08-13
CONAB,Wheat,2007,Yield,2212.495949886597,KG/HA,2026-07-28
CONAB,Wheat,2007,Yield,2212.495949886597,KG/HA,2026-07-30
CONAB,Wheat,2007,Yield,2212.495949886597,KG/HA,2026-07-31
CONAB,Wheat,2007,Yield,2212.495949886597,KG/HA,2026-08-02
CONAB,Wheat,2007,Yield,2212.495949886597,KG/HA,2026-08-03
CONAB,Wheat,2007,Yield,2212.495949886597,KG/HA,2026-08-04
CONAB,Wheat,2007,Yield,2212.495949886597,KG/HA,2026-08-05
CONAB,Wheat,2007,Yield,2212.495949886597,KG/HA,2026-08-06
CONAB,Wheat,2007,Yield,2212.495949886597,KG/HA,2026-08-07
CONAB,Wheat,2007,Yield,2212.495949886597,KG/HA,2026-08-08
CONAB,Wheat,2007,Yield,2212.495949886597,KG/HA,2026-08-10
CONAB,Wheat,2007,Yield,2212.495949886597,KG/HA,2026-08-11
CONAB,Wheat,2007,Yield,2212.495949886597,KG/HA,2026-08-12
CONAB,Wheat,2007,Yield,2212.495949886597,KG/HA,2026-08-13
CONAB,Wheat,2008,Area,2396.2,1000 HA,2026-07-28
CONAB,Wheat,2008,Area,2396.2,1000 HA,2026-07-30
CONAB,Wheat,2008,Area,2396.2,1000 HA,2026-07-31
CONAB,Wheat,2008,Area,2396.2,1000 HA,2026-08-02
CONAB,Wheat,2008,Area,2396.2,1000 HA,2026-08-03
CONAB,Wheat,2008,Area,2396.2,1000 HA,2026-08-04
CONAB,Wheat,2008,Area,2396.2,1000 HA,2026-08-05
CONAB,Wheat,2008,Area,2396.2,1000 HA,2026-08-06
CONAB,Wheat,2008,Area,2396.2,1000 HA,2026-08-07
CONAB,Wheat,2008,Area,2396.2,1000 HA,2026-08-08
CONAB,Wheat,2008,Area,2396.2,1000 HA,2026-08-10
CONAB,Wheat,2008,Area,2396.2,1000 HA,2026-08-11
CONAB,Wheat,2008,Area,2396.2,1000 HA,2026-08-12
CONAB,Wheat,2008,Area,2396.2,1000 HA,2026-08-13
CONAB,Wheat,2008,Production,5884.0,1000 MT,2026-07-28
CONAB,Wheat,2008,Production,5884.0,1000 MT,2026-07-30
CONAB,Wheat,2008,Production,5884.0,1000 MT,2026-07-31
CONAB,Wheat,2008,Production,5884.0,1000 MT,2026-08-02
CONAB,Wheat,2008,Production,5884.0,1000 MT,2026-08-03
CONAB,Wheat,2008,Production,5884.0,1000 MT,2026-08-04
CONAB,Wheat,2008,Production,5884.0,1000 MT,2026-08-05
CONAB,Wheat,2008,Production,5884.0,1000 MT,2026-08-06
CONAB,Wheat,2008,Production,5884.0,1000 MT,2026-08-07
CONAB,Wheat,2008,Production,5884.0,1000 MT,2026-08-08
CONAB,Wheat,2008,Production,5884.0,1000 MT,2026-08-10
CONAB,Wheat,2008,Production,5884.0,1000 MT,2026-08-11
CONAB,Wheat,2008,Production,5884.0,1000 MT,2026-08-12
CONAB,Wheat,2008,Production,5884.0,1000 MT,2026-08-13
CONAB,Wheat,2008,Yield,2455.5546281612556,KG/HA,2026-07-28
CONAB,Wheat,2008,Yield,2455.5546281612556,KG/HA,2026-07-30
CONAB,Wheat,2008,Yield,2455.5546281612556,KG/HA,2026-07-31
CONAB,Wheat,2008,Yield,2455.5546281612556,KG/HA,2026-08-02
CONAB,Wheat,2008,Yield,2455.5546281612556,KG/HA,2026-08-03
CONAB,Wheat,2008,Yield,2455.5546281612556,KG/HA,2026-08-04
CONAB,Wheat,2008,Yield,2455.5546281612556,KG/HA,2026-08-05
CONAB,Wheat,2008,Yield,2455.5546281612556,KG/HA,2026-08-06
CONAB,Wheat,2008,Yield,2455.5546281612556,KG/HA,2026-08-07
CONAB,Wheat,2008,Yield,2455.5546281612556,KG/HA,2026-08-08
CONAB,Wheat,2008,Yield,2455.5546281612556,KG/HA,2026-08-10
CONAB,Wheat,2008,Yield,2455.5546281612556,KG/HA,2026-08-11
CONAB,Wheat,2008,Yield,2455.5546281612556,KG/HA,2026-08-12
CONAB,Wheat,2008,Yield,2455.5546281612556,KG/HA,2026-08-13
CONAB,Wheat,2009,Area,2428.0,1000 HA,2026-07-28
CONAB,Wheat,2009,Area,2428.0,1000 HA,2026-07-30
CONAB,Wheat,2009,Area,2428.0,1000 HA,2026-07-31
CONAB,Wheat,2009,Area,2428.0,1000 HA,2026-08-02
CONAB,Wheat,2009,Area,2428.0,1000 HA,2026-08-03
CONAB,Wheat,2009,Area,2428.0,1000 HA,2026-08-04
CONAB,Wheat,2009,Area,2428.0,1000 HA,2026-08-05
CONAB,Wheat,2009,Area,2428.0,1000 HA,2026-08-06
CONAB,Wheat,2009,Area,2428.0,1000 HA,2026-08-07
CONAB,Wheat,2009,Area,2428.0,1000 HA,2026-08-08
CONAB,Wheat,2009,Area,2428.0,1000 HA,2026-08-10
CONAB,Wheat,2009,Area,2428.0,1000 HA,2026-08-11
CONAB,Wheat,2009,Area,2428.0,1000 HA,2026-08-12
CONAB,Wheat,2009,Area,2428.0,1000 HA,2026-08-13
CONAB,Wheat,2009,Production,5026.2,1000 MT,2026-07-28
CONAB,Wheat,2009,Production,5026.2,1000 MT,2026-07-30
CONAB,Wheat,2009,Production,5026.2,1000 MT,2026-07-31
CONAB,Wheat,2009,Production,5026.2,1000 MT,2026-08-02
CONAB,Wheat,2009,Production,5026.2,1000 MT,2026-08-03
CONAB,Wheat,2009,Production,5026.2,1000 MT,2026-08-04
CONAB,Wheat,2009,Production,5026.2,1000 MT,2026-08-05
CONAB,Wheat,2009,Production,5026.2,1000 MT,2026-08-06
CONAB,Wheat,2009,Production,5026.2,1000 MT,2026-08-07
CONAB,Wheat,2009,Production,5026.2,1000 MT,2026-08-08
CONAB,Wheat,2009,Production,5026.2,1000 MT,2026-08-10
CONAB,Wheat,2009,Production,5026.2,1000 MT,2026-08-11
CONAB,Wheat,2009,Production,5026.2,1000 MT,2026-08-12
CONAB,Wheat,2009,Production,5026.2,1000 MT,2026-08-13
CONAB,Wheat,2009,Yield,2070.0988467874795,KG/HA,2026-07-28
CONAB,Wheat,2009,Yield,2070.0988467874795,KG/HA,2026-07-30
CONAB,Wheat,2009,Yield,2070.0988467874795,KG/HA,2026-07-31
CONAB,Wheat,2009,Yield,2070.0988467874795,KG/HA,2026-08-02
CONAB,Wheat,2009,Yield,2070.0988467874795,KG/HA,2026-08-03
CONAB,Wheat,2009,Yield,2070.0988467874795,KG/HA,2026-08-04
CONAB,Wheat,2009,Yield,2070.0988467874795,KG/HA,2026-08-05
CONAB,Wheat,2009,Yield,2070.0988467874795,KG/HA,2026-08-06
CONAB,Wheat,2009,Yield,2070.0988467874795,KG/HA,2026-08-07
CONAB,Wheat,2009,Yield,2070.0988467874795,KG/HA,2026-08-08
CONAB,Wheat,2009,Yield,2070.0988467874795,KG/HA,2026-08-10
CONAB,Wheat,2009,Yield,2070.0988467874795,KG/HA,2026-08-11
CONAB,Wheat,2009,Yield,2070.0988467874795,KG/HA,2026-08-12
CONAB,Wheat,2009,Yield,2070.0988467874795,KG/HA,2026-08-13
CONAB,Wheat,2010,Area,2149.8,1000 HA,2026-07-28
CONAB,Wheat,2010,Area,2149.8,1000 HA,2026-07-30
CONAB,Wheat,2010,Area,2149.8,1000 HA,2026-07-31
CONAB,Wheat,2010,Area,2149.8,1000 HA,2026-08-02
CONAB,Wheat,2010,Area,2149.8,1000 HA,2026-08-03
CONAB,Wheat,2010,Area,2149.8,1000 HA,2026-08-04
CONAB,Wheat,2010,Area,2149.8,1000 HA,2026-08-05
CONAB,Wheat,2010,Area,2149.8,1000 HA,2026-08-06
CONAB,Wheat,2010,Area,2149.8,1000 HA,2026-08-07
CONAB,Wheat,2010,Area,2149.8,1000 HA,2026-08-08
CONAB,Wheat,2010,Area,2149.8,1000 HA,2026-08-10
CONAB,Wheat,2010,Area,2149.8,1000 HA,2026-08-11
CONAB,Wheat,2010,Area,2149.8,1000 HA,2026-08-12
CONAB,Wheat,2010,Area,2149.8,1000 HA,2026-08-13
CONAB,Wheat,2010,Production,5881.6,1000 MT,2026-07-28
CONAB,Wheat,2010,Production,5881.6,1000 MT,2026-07-30
CONAB,Wheat,2010,Production,5881.6,1000 MT,2026-07-31
CONAB,Wheat,2010,Production,5881.6,1000 MT,2026-08-02
CONAB,Wheat,2010,Production,5881.6,1000 MT,2026-08-03
CONAB,Wheat,2010,Production,5881.6,1000 MT,2026-08-04
CONAB,Wheat,2010,Production,5881.6,1000 MT,2026-08-05
CONAB,Wheat,2010,Production,5881.6,1000 MT,2026-08-06
CONAB,Wheat,2010,Production,5881.6,1000 MT,2026-08-07
CONAB,Wheat,2010,Production,5881.6,1000 MT,2026-08-08
CONAB,Wheat,2010,Production,5881.6,1000 MT,2026-08-10
CONAB,Wheat,2010,Production,5881.6,1000 MT,2026-08-11
CONAB,Wheat,2010,Production,5881.6,1000 MT,2026-08-12
CONAB,Wheat,2010,Production,5881.6,1000 MT,2026-08-13
CONAB,Wheat,2010,Yield,2735.8824076658293,KG/HA,2026-07-28
CONAB,Wheat,2010,Yield,2735.8824076658293,KG/HA,2026-07-30
CONAB,Wheat,2010,Yield,2735.8824076658293,KG/HA,2026-07-31
CONAB,Wheat,2010,Yield,2735.8824076658293,KG/HA,2026-08-02
CONAB,Wheat,2010,Yield,2735.8824076658293,KG/HA,2026-08-03
CONAB,Wheat,2010,Yield,2735.8824076658293,KG/HA,2026-08-04
CONAB,Wheat,2010,Yield,2735.8824076658293,KG/HA,2026-08-05
CONAB,Wheat,2010,Yield,2735.8824076658293,KG/HA,2026-08-06
CONAB,Wheat,2010,Yield,2735.8824076658293,KG/HA,2026-08-07
CONAB,Wheat,2010,Yield,2735.8824076658293,KG/HA,2026-08-08
CONAB,Wheat,2010,Yield,2735.8824076658293,KG/HA,2026-08-10
CONAB,Wheat,2010,Yield,2735.8824076658293,KG/HA,2026-08-11
CONAB,Wheat,2010,Yield,2735.8824076658293,KG/HA,2026-08-12
CONAB,Wheat,2010,Yield,2735.8824076658293,KG/HA,2026-08-13
CONAB,Wheat,2011,Area,2166.2,1000 HA,2026-07-28
CONAB,Wheat,2011,Area,2166.2,1000 HA,2026-07-30
CONAB,Wheat,2011,Area,2166.2,1000 HA,2026-07-31
CONAB,Wheat,2011,Area,2166.2,1000 HA,2026-08-02
CONAB,Wheat,2011,Area,2166.2,1000 HA,2026-08-03
CONAB,Wheat,2011,Area,2166.2,1000 HA,2026-08-04
CONAB,Wheat,2011,Area,2166.2,1000 HA,2026-08-05
CONAB,Wheat,2011,Area,2166.2,1000 HA,2026-08-06
CONAB,Wheat,2011,Area,2166.2,1000 HA,2026-08-07
CONAB,Wheat,2011,Area,2166.2,1000 HA,2026-08-08
CONAB,Wheat,2011,Area,2166.2,1000 HA,2026-08-10
CONAB,Wheat,2011,Area,2166.2,1000 HA,2026-08-11
CONAB,Wheat,2011,Area,2166.2,1000 HA,2026-08-12
CONAB,Wheat,2011,Area,2166.2,1000 HA,2026-08-13
CONAB,Wheat,2011,Production,5788.599999999999,1000 MT,2026-07-28
CONAB,Wheat,2011,Production,5788.599999999999,1000 MT,2026-07-30
CONAB,Wheat,2011,Production,5788.599999999999,1000 MT,2026-07-31
CONAB,Wheat,2011,Production,5788.599999999999,1000 MT,2026-08-02
CONAB,Wheat,2011,Production,5788.599999999999,1000 MT,2026-08-03
CONAB,Wheat,2011,Production,5788.599999999999,1000 MT,2026-08-04
CONAB,Wheat,2011,Production,5788.599999999999,1000 MT,2026-08-05
CONAB,Wheat,2011,Production,5788.599999999999,1000 MT,2026-08-06
CONAB,Wheat,2011,Production,5788.599999999999,1000 MT,2026-08-07
CONAB,Wheat,2011,Production,5788.599999999999,1000 MT,2026-08-08
CONAB,Wheat,2011,Production,5788.599999999999,1000 MT,2026-08-10
CONAB,Wheat,2011,Production,5788.599999999999,1000 MT,2026-08-11
CONAB,Wheat,2011,Production,5788.599999999999,1000 MT,2026-08-12
CONAB,Wheat,2011,Production,5788.599999999999,1000 MT,2026-08-13
CONAB,Wheat,2011,Yield,2672.2370972209396,KG/HA,2026-07-28
CONAB,Wheat,2011,Yield,2672.2370972209396,KG/HA,2026-07-30
CONAB,Wheat,2011,Yield,2672.2370972209396,KG/HA,2026-07-31
CONAB,Wheat,2011,Yield,2672.2370972209396,KG/HA,2026-08-02
CONAB,Wheat,2011,Yield,2672.2370972209396,KG/HA,2026-08-03
CONAB,Wheat,2011,Yield,2672.2370972209396,KG/HA,2026-08-04
CONAB,Wheat,2011,Yield,2672.2370972209396,KG/HA,2026-08-05
CONAB,Wheat,2011,Yield,2672.2370972209396,KG/HA,2026-08-06
CONAB,Wheat,2011,Yield,2672.2370972209396,KG/HA,2026-08-07
CONAB,Wheat,2011,Yield,2672.2370972209396,KG/HA,2026-08-08
CONAB,Wheat,2011,Yield,2672.2370972209396,KG/HA,2026-08-10
CONAB,Wheat,2011,Yield,2672.2370972209396,KG/HA,2026-08-11
CONAB,Wheat,2011,Yield,2672.2370972209396,KG/HA,2026-08-12
CONAB,Wheat,2011,Yield,2672.2370972209396,KG/HA,2026-08-13
CONAB,Wheat,2012,Area,1895.3999999999999,1000 HA,2026-07-28
CONAB,Wheat,2012,Area,1895.3999999999999,1000 HA,2026-07-30
CONAB,Wheat,2012,Area,1895.3999999999999,1000 HA,2026-07-31
CONAB,Wheat,2012,Area,1895.3999999999999,1000 HA,2026-08-02
CONAB,Wheat,2012,Area,1895.3999999999999,1000 HA,2026-08-03
CONAB,Wheat,2012,Area,1895.3999999999999,1000 HA,2026-08-04
CONAB,Wheat,2012,Area,1895.3999999999999,1000 HA,2026-08-05
CONAB,Wheat,2012,Area,1895.3999999999999,1000 HA,2026-08-06
CONAB,Wheat,2012,Area,1895.3999999999999,1000 HA,2026-08-07
CONAB,Wheat,2012,Area,1895.3999999999999,1000 HA,2026-08-08
CONAB,Wheat,2012,Area,1895.3999999999999,1000 HA,2026-08-10
CONAB,Wheat,2012,Area,1895.3999999999999,1000 HA,2026-08-11
CONAB,Wheat,2012,Area,1895.3999999999999,1000 HA,2026-08-12
CONAB,Wheat,2012,Area,1895.3999999999999,1000 HA,2026-08-13
CONAB,Wheat,2012,Production,4379.5,1000 MT,2026-07-28
CONAB,Wheat,2012,Production,4379.5,1000 MT,2026-07-30
CONAB,Wheat,2012,Production,4379.5,1000 MT,2026-07-31
CONAB,Wheat,2012,Production,4379.5,1000 MT,2026-08-02
CONAB,Wheat,2012,Production,4379.5,1000 MT,2026-08-03
CONAB,Wheat,2012,Production,4379.5,1000 MT,2026-08-04
CONAB,Wheat,2012,Production,4379.5,1000 MT,2026-08-05
CONAB,Wheat,2012,Production,4379.5,1000 MT,2026-08-06
CONAB,Wheat,2012,Production,4379.5,1000 MT,2026-08-07
CONAB,Wheat,2012,Production,4379.5,1000 MT,2026-08-08
CONAB,Wheat,2012,Production,4379.5,1000 MT,2026-08-10
CONAB,Wheat,2012,Production,4379.5,1000 MT,2026-08-11
CONAB,Wheat,2012,Production,4379.5,1000 MT,2026-08-12
CONAB,Wheat,2012,Production,4379.5,1000 MT,2026-08-13
CONAB,Wheat,2012,Yield,2310.5940698533295,KG/HA,2026-07-28
CONAB,Wheat,2012,Yield,2310.5940698533295,KG/HA,2026-07-30
CONAB,Wheat,2012,Yield,2310.5940698533295,KG/HA,2026-07-31
CONAB,Wheat,2012,Yield,2310.5940698533295,KG/HA,2026-08-02
CONAB,Wheat,2012,Yield,2310.5940698533295,KG/HA,2026-08-03
CONAB,Wheat,2012,Yield,2310.5940698533295,KG/HA,2026-08-04
CONAB,Wheat,2012,Yield,2310.5940698533295,KG/HA,2026-08-05
CONAB,Wheat,2012,Yield,2310.5940698533295,KG/HA,2026-08-06
CONAB,Wheat,2012,Yield,2310.5940698533295,KG/HA,2026-08-07
CONAB,Wheat,2012,Yield,2310.5940698533295,KG/HA,2026-08-08
CONAB,Wheat,2012,Yield,2310.5940698533295,KG/HA,2026-08-10
CONAB,Wheat,2012,Yield,2310.5940698533295,KG/HA,2026-08-11
CONAB,Wheat,2012,Yield,2310.5940698533295,KG/HA,2026-08-12
CONAB,Wheat,2012,Yield,2310.5940698533295,KG/HA,2026-08-13
CONAB,Wheat,2013,Area,2209.7999999999997,1000 HA,2026-07-28
CONAB,Wheat,2013,Area,2209.7999999999997,1000 HA,2026-07-30
CONAB,Wheat,2013,Area,2209.7999999999997,1000 HA,2026-07-31
CONAB,Wheat,2013,Area,2209.7999999999997,1000 HA,2026-08-02
CONAB,Wheat,2013,Area,2209.7999999999997,1000 HA,2026-08-03
CONAB,Wheat,2013,Area,2209.7999999999997,1000 HA,2026-08-04
CONAB,Wheat,2013,Area,2209.7999999999997,1000 HA,2026-08-05
CONAB,Wheat,2013,Area,2209.7999999999997,1000 HA,2026-08-06
CONAB,Wheat,2013,Area,2209.7999999999997,1000 HA,2026-08-07
CONAB,Wheat,2013,Area,2209.7999999999997,1000 HA,2026-08-08
CONAB,Wheat,2013,Area,2209.7999999999997,1000 HA,2026-08-10
CONAB,Wheat,2013,Area,2209.7999999999997,1000 HA,2026-08-11
CONAB,Wheat,2013,Area,2209.7999999999997,1000 HA,2026-08-12
CONAB,Wheat,2013,Area,2209.7999999999997,1000 HA,2026-08-13
CONAB,Wheat,2013,Production,5527.9,1000 MT,2026-07-28
CONAB,Wheat,2013,Production,5527.9,1000 MT,2026-07-30
CONAB,Wheat,2013,Production,5527.9,1000 MT,2026-07-31
CONAB,Wheat,2013,Production,5527.9,1000 MT,2026-08-02
CONAB,Wheat,2013,Production,5527.9,1000 MT,2026-08-03
CONAB,Wheat,2013,Production,5527.9,1000 MT,2026-08-04
CONAB,Wheat,2013,Production,5527.9,1000 MT,2026-08-05
CONAB,Wheat,2013,Production,5527.9,1000 MT,2026-08-06
CONAB,Wheat,2013,Production,5527.9,1000 MT,2026-08-07
CONAB,Wheat,2013,Production,5527.9,1000 MT,2026-08-08
CONAB,Wheat,2013,Production,5527.9,1000 MT,2026-08-10
CONAB,Wheat,2013,Production,5527.9,1000 MT,2026-08-11
CONAB,Wheat,2013,Production,5527.9,1000 MT,2026-08-12
CONAB,Wheat,2013,Production,5527.9,1000 MT,2026-08-13
CONAB,Wheat,2013,Yield,2501.538600778351,KG/HA,2026-07-28
CONAB,Wheat,2013,Yield,2501.538600778351,KG/HA,2026-07-30
CONAB,Wheat,2013,Yield,2501.538600778351,KG/HA,2026-07-31
CONAB,Wheat,2013,Yield,2501.538600778351,KG/HA,2026-08-02
CONAB,Wheat,2013,Yield,2501.538600778351,KG/HA,2026-08-03
CONAB,Wheat,2013,Yield,2501.538600778351,KG/HA,2026-08-04
CONAB,Wheat,2013,Yield,2501.538600778351,KG/HA,2026-08-05
CONAB,Wheat,2013,Yield,2501.538600778351,KG/HA,2026-08-06
CONAB,Wheat,2013,Yield,2501.538600778351,KG/HA,2026-08-07
CONAB,Wheat,2013,Yield,2501.538600778351,KG/HA,2026-08-08
CONAB,Wheat,2013,Yield,2501.538600778351,KG/HA,2026-08-10
CONAB,Wheat,2013,Yield,2501.538600778351,KG/HA,2026-08-11
CONAB,Wheat,2013,Yield,2501.538600778351,KG/HA,2026-08-12
CONAB,Wheat,2013,Yield,2501.538600778351,KG/HA,2026-08-13
CONAB,Wheat,2014,Area,2758.0,1000 HA,2026-07-28
CONAB,Wheat,2014,Area,2758.0,1000 HA,2026-07-30
CONAB,Wheat,2014,Area,2758.0,1000 HA,2026-07-31
CONAB,Wheat,2014,Area,2758.0,1000 HA,2026-08-02
CONAB,Wheat,2014,Area,2758.0,1000 HA,2026-08-03
CONAB,Wheat,2014,Area,2758.0,1000 HA,2026-08-04
CONAB,Wheat,2014,Area,2758.0,1000 HA,2026-08-05
CONAB,Wheat,2014,Area,2758.0,1000 HA,2026-08-06
CONAB,Wheat,2014,Area,2758.0,1000 HA,2026-08-07
CONAB,Wheat,2014,Area,2758.0,1000 HA,2026-08-08
CONAB,Wheat,2014,Area,2758.0,1000 HA,2026-08-10
CONAB,Wheat,2014,Area,2758.0,1000 HA,2026-08-11
CONAB,Wheat,2014,Area,2758.0,1000 HA,2026-08-12
CONAB,Wheat,2014,Area,2758.0,1000 HA,2026-08-13
CONAB,Wheat,2014,Production,5971.1,1000 MT,2026-07-28
CONAB,Wheat,2014,Production,5971.1,1000 MT,2026-07-30
CONAB,Wheat,2014,Production,5971.1,1000 MT,2026-07-31
CONAB,Wheat,2014,Production,5971.1,1000 MT,2026-08-02
CONAB,Wheat,2014,Production,5971.1,1000 MT,2026-08-03
CONAB,Wheat,2014,Production,5971.1,1000 MT,2026-08-04
CONAB,Wheat,2014,Production,5971.1,1000 MT,2026-08-05
CONAB,Wheat,2014,Production,5971.1,1000 MT,2026-08-06
CONAB,Wheat,2014,Production,5971.1,1000 MT,2026-08-07
CONAB,Wheat,2014,Production,5971.1,1000 MT,2026-08-08
CONAB,Wheat,2014,Production,5971.1,1000 MT,2026-08-10
CONAB,Wheat,2014,Production,5971.1,1000 MT,2026-08-11
CONAB,Wheat,2014,Production,5971.1,1000 MT,2026-08-12
CONAB,Wheat,2014,Production,5971.1,1000 MT,2026-08-13
CONAB,Wheat,2014,Yield,2165.010877447426,KG/HA,2026-07-28
CONAB,Wheat,2014,Yield,2165.010877447426,KG/HA,2026-07-30
CONAB,Wheat,2014,Yield,2165.010877447426,KG/HA,2026-07-31
CONAB,Wheat,2014,Yield,2165.010877447426,KG/HA,2026-08-02
CONAB,Wheat,2014,Yield,2165.010877447426,KG/HA,2026-08-03
CONAB,Wheat,2014,Yield,2165.010877447426,KG/HA,2026-08-04
CONAB,Wheat,2014,Yield,2165.010877447426,KG/HA,2026-08-05
CONAB,Wheat,2014,Yield,2165.010877447426,KG/HA,2026-08-06
CONAB,Wheat,2014,Yield,2165.010877447426,KG/HA,2026-08-07
CONAB,Wheat,2014,Yield,2165.010877447426,KG/HA,2026-08-08
CONAB,Wheat,2014,Yield,2165.010877447426,KG/HA,2026-08-10
CONAB,Wheat,2014,Yield,2165.010877447426,KG/HA,2026-08-11
CONAB,Wheat,2014,Yield,2165.010877447426,KG/HA,2026-08-12
CONAB,Wheat,2014,Yield,2165.010877447426,KG/HA,2026-08-13
CONAB,Wheat,2015,Area,2448.8,1000 HA,2026-07-28
CONAB,Wheat,2015,Area,2448.8,1000 HA,2026-07-30
CONAB,Wheat,2015,Area,2448.8,1000 HA,2026-07-31
CONAB,Wheat,2015,Area,2448.8,1000 HA,2026-08-02
CONAB,Wheat,2015,Area,2448.8,1000 HA,2026-08-03
CONAB,Wheat,2015,Area,2448.8,1000 HA,2026-08-04
CONAB,Wheat,2015,Area,2448.8,1000 HA,2026-08-05
CONAB,Wheat,2015,Area,2448.8,1000 HA,2026-08-06
CONAB,Wheat,2015,Area,2448.8,1000 HA,2026-08-07
CONAB,Wheat,2015,Area,2448.8,1000 HA,2026-08-08
CONAB,Wheat,2015,Area,2448.8,1000 HA,2026-08-10
CONAB,Wheat,2015,Area,2448.8,1000 HA,2026-08-11
CONAB,Wheat,2015,Area,2448.8,1000 HA,2026-08-12
CONAB,Wheat,2015,Area,2448.8,1000 HA,2026-08-13
CONAB,Wheat,2015,Production,5534.9,1000 MT,2026-07-28
CONAB,Wheat,2015,Production,5534.9,1000 MT,2026-07-30
CONAB,Wheat,2015,Production,5534.9,1000 MT,2026-07-31
CONAB,Wheat,2015,Production,5534.9,1000 MT,2026-08-02
CONAB,Wheat,2015,Production,5534.9,1000 MT,2026-08-03
CONAB,Wheat,2015,Production,5534.9,1000 MT,2026-08-04
CONAB,Wheat,2015,Production,5534.9,1000 MT,2026-08-05
CONAB,Wheat,2015,Production,5534.9,1000 MT,2026-08-06
CONAB,Wheat,2015,Production,5534.9,1000 MT,2026-08-07
CONAB,Wheat,2015,Production,5534.9,1000 MT,2026-08-08
CONAB,Wheat,2015,Production,5534.9,1000 MT,2026-08-10
CONAB,Wheat,2015,Production,5534.9,1000 MT,2026-08-11
CONAB,Wheat,2015,Production,5534.9,1000 MT,2026-08-12
CONAB,Wheat,2015,Production,5534.9,1000 MT,2026-08-13
CONAB,Wheat,2015,Yield,2260.249918327344,KG/HA,2026-07-28
CONAB,Wheat,2015,Yield,2260.249918327344,KG/HA,2026-07-30
CONAB,Wheat,2015,Yield,2260.249918327344,KG/HA,2026-07-31
CONAB,Wheat,2015,Yield,2260.249918327344,KG/HA,2026-08-02
CONAB,Wheat,2015,Yield,2260.249918327344,KG/HA,2026-08-03
CONAB,Wheat,2015,Yield,2260.249918327344,KG/HA,2026-08-04
CONAB,Wheat,2015,Yield,2260.249918327344,KG/HA,2026-08-05
CONAB,Wheat,2015,Yield,2260.249918327344,KG/HA,2026-08-06
CONAB,Wheat,2015,Yield,2260.249918327344,KG/HA,2026-08-07
CONAB,Wheat,2015,Yield,2260.249918327344,KG/HA,2026-08-08
CONAB,Wheat,2015,Yield,2260.249918327344,KG/HA,2026-08-10
CONAB,Wheat,2015,Yield,2260.249918327344,KG/HA,2026-08-11
CONAB,Wheat,2015,Yield,2260.249918327344,KG/HA,2026-08-12
CONAB,Wheat,2015,Yield,2260.249918327344,KG/HA,2026-08-13
CONAB,Wheat,2016,Area,2143.0,1000 HA,2026-07-28
CONAB,Wheat,2016,Area,2143.0,1000 HA,2026-07-30
CONAB,Wheat,2016,Area,2143.0,1000 HA,2026-07-31
CONAB,Wheat,2016,Area,2143.0,1000 HA,2026-08-02
CONAB,Wheat,2016,Area,2143.0,1000 HA,2026-08-03
CONAB,Wheat,2016,Area,2143.0,1000 HA,2026-08-04
CONAB,Wheat,2016,Area,2143.0,1000 HA,2026-08-05
CONAB,Wheat,2016,Area,2143.0,1000 HA,2026-08-06
CONAB,Wheat,2016,Area,2143.0,1000 HA,2026-08-07
CONAB,Wheat,2016,Area,2143.0,1000 HA,2026-08-08
CONAB,Wheat,2016,Area,2143.0,1000 HA,2026-08-10
CONAB,Wheat,2016,Area,2143.0,1000 HA,2026-08-11
CONAB,Wheat,2016,Area,2143.0,1000 HA,2026-08-12
CONAB,Wheat,2016,Area,2143.0,1000 HA,2026-08-13
CONAB,Wheat,2016,Production,6284.7,1000 MT,2026-07-28
CONAB,Wheat,2016,Production,6284.7,1000 MT,2026-07-30
CONAB,Wheat,2016,Production,6284.7,1000 MT,2026-07-31
CONAB,Wheat,2016,Production,6284.7,1000 MT,2026-08-02
CONAB,Wheat,2016,Production,6284.7,1000 MT,2026-08-03
CONAB,Wheat,2016,Production,6284.7,1000 MT,2026-08-04
CONAB,Wheat,2016,Production,6284.7,1000 MT,2026-08-05
CONAB,Wheat,2016,Production,6284.7,1000 MT,2026-08-06
CONAB,Wheat,2016,Production,6284.7,1000 MT,2026-08-07
CONAB,Wheat,2016,Production,6284.7,1000 MT,2026-08-08
CONAB,Wheat,2016,Production,6284.7,1000 MT,2026-08-10
CONAB,Wheat,2016,Production,6284.7,1000 MT,2026-08-11
CONAB,Wheat,2016,Production,6284.7,1000 MT,2026-08-12
CONAB,Wheat,2016,Production,6284.7,1000 MT,2026-08-13
CONAB,Wheat,2016,Yield,2932.6644890340644,KG/HA,2026-07-28
CONAB,Wheat,2016,Yield,2932.6644890340644,KG/HA,2026-07-30
CONAB,Wheat,2016,Yield,2932.6644890340644,KG/HA,2026-07-31
CONAB,Wheat,2016,Yield,2932.6644890340644,KG/HA,2026-08-02
CONAB,Wheat,2016,Yield,2932.6644890340644,KG/HA,2026-08-03
CONAB,Wheat,2016,Yield,2932.6644890340644,KG/HA,2026-08-04
CONAB,Wheat,2016,Yield,2932.6644890340644,KG/HA,2026-08-05
CONAB,Wheat,2016,Yield,2932.6644890340644,KG/HA,2026-08-06
CONAB,Wheat,2016,Yield,2932.6644890340644,KG/HA,2026-08-07
CONAB,Wheat,2016,Yield,2932.6644890340644,KG/HA,2026-08-08
CONAB,Wheat,2016,Yield,2932.6644890340644,KG/HA,2026-08-10
CONAB,Wheat,2016,Yield,2932.6644890340644,KG/HA,2026-08-11
CONAB,Wheat,2016,Yield,2932.6644890340644,KG/HA,2026-08-12
CONAB,Wheat,2016,Yield,2932.6644890340644,KG/HA,2026-08-13
CONAB,Wheat,2017,Area,1916.0,1000 HA,2026-07-28
CONAB,Wheat,2017,Area,1916.0,1000 HA,2026-07-30
CONAB,Wheat,2017,Area,1916.0,1000 HA,2026-07-31
CONAB,Wheat,2017,Area,1916.0,1000 HA,2026-08-02
CONAB,Wheat,2017,Area,1916.0,1000 HA,2026-08-03
CONAB,Wheat,2017,Area,1916.0,1000 HA,2026-08-04
CONAB,Wheat,2017,Area,1916.0,1000 HA,2026-08-05
CONAB,Wheat,2017,Area,1916.0,1000 HA,2026-08-06
CONAB,Wheat,2017,Area,1916.0,1000 HA,2026-08-07
CONAB,Wheat,2017,Area,1916.0,1000 HA,2026-08-08
CONAB,Wheat,2017,Area,1916.0,1000 HA,2026-08-10
CONAB,Wheat,2017,Area,1916.0,1000 HA,2026-08-11
CONAB,Wheat,2017,Area,1916.0,1000 HA,2026-08-12
CONAB,Wheat,2017,Area,1916.0,1000 HA,2026-08-13
CONAB,Wheat,2017,Production,4263.5,1000 MT,2026-07-28
CONAB,Wheat,2017,Production,4263.5,1000 MT,2026-07-30
CONAB,Wheat,2017,Production,4263.5,1000 MT,2026-07-31
CONAB,Wheat,2017,Production,4263.5,1000 MT,2026-08-02
CONAB,Wheat,2017,Production,4263.5,1000 MT,2026-08-03
CONAB,Wheat,2017,Production,4263.5,1000 MT,2026-08-04
CONAB,Wheat,2017,Production,4263.5,1000 MT,2026-08-05
CONAB,Wheat,2017,Production,4263.5,1000 MT,2026-08-06
CONAB,Wheat,2017,Production,4263.5,1000 MT,2026-08-07
CONAB,Wheat,2017,Production,4263.5,1000 MT,2026-08-08
CONAB,Wheat,2017,Production,4263.5,1000 MT,2026-08-10
CONAB,Wheat,2017,Production,4263.5,1000 MT,2026-08-11
CONAB,Wheat,2017,Production,4263.5,1000 MT,2026-08-12
CONAB,Wheat,2017,Production,4263.5,1000 MT,2026-08-13
CONAB,Wheat,2017,Yield,2225.2087682672236,KG/HA,2026-07-28
CONAB,Wheat,2017,Yield,2225.2087682672236,KG/HA,2026-07-30
CONAB,Wheat,2017,Yield,2225.2087682672236,KG/HA,2026-07-31
CONAB,Wheat,2017,Yield,2225.2087682672236,KG/HA,2026-08-02
CONAB,Wheat,2017,Yield,2225.2087682672236,KG/HA,2026-08-03
CONAB,Wheat,2017,Yield,2225.2087682672236,KG/HA,2026-08-04
CONAB,Wheat,2017,Yield,2225.2087682672236,KG/HA,2026-08-05
CONAB,Wheat,2017,Yield,2225.2087682672236,KG/HA,2026-08-06
CONAB,Wheat,2017,Yield,2225.2087682672236,KG/HA,2026-08-07
CONAB,Wheat,2017,Yield,2225.2087682672236,KG/HA,2026-08-08
CONAB,Wheat,2017,Yield,2225.2087682672236,KG/HA,2026-08-10
CONAB,Wheat,2017,Yield,2225.2087682672236,KG/HA,2026-08-11
CONAB,Wheat,2017,Yield,2225.2087682672236,KG/HA,2026-08-12
CONAB,Wheat,2017,Yield,2225.2087682672236,KG/HA,2026-08-13
CONAB,Wheat,2018,Area,2042.4,1000 HA,2026-07-28
CONAB,Wheat,2018,Area,2042.4,1000 HA,2026-07-30
CONAB,Wheat,2018,Area,2042.4,1000 HA,2026-07-31
CONAB,Wheat,2018,Area,2042.4,1000 HA,2026-08-02
CONAB,Wheat,2018,Area,2042.4,1000 HA,2026-08-03
CONAB,Wheat,2018,Area,2042.4,1000 HA,2026-08-04
CONAB,Wheat,2018,Area,2042.4,1000 HA,2026-08-05
CONAB,Wheat,2018,Area,2042.4,1000 HA,2026-08-06
CONAB,Wheat,2018,Area,2042.4,1000 HA,2026-08-07
CONAB,Wheat,2018,Area,2042.4,1000 HA,2026-08-08
CONAB,Wheat,2018,Area,2042.4,1000 HA,2026-08-10
CONAB,Wheat,2018,Area,2042.4,1000 HA,2026-08-11
CONAB,Wheat,2018,Area,2042.4,1000 HA,2026-08-12
CONAB,Wheat,2018,Area,2042.4,1000 HA,2026-08-13
CONAB,Wheat,2018,Production,5427.6,1000 MT,2026-07-28
CONAB,Wheat,2018,Production,5427.6,1000 MT,2026-07-30
CONAB,Wheat,2018,Production,5427.6,1000 MT,2026-07-31
CONAB,Wheat,2018,Production,5427.6,1000 MT,2026-08-02
CONAB,Wheat,2018,Production,5427.6,1000 MT,2026-08-03
CONAB,Wheat,2018,Production,5427.6,1000 MT,2026-08-04
CONAB,Wheat,2018,Production,5427.6,1000 MT,2026-08-05
CONAB,Wheat,2018,Production,5427.6,1000 MT,2026-08-06
CONAB,Wheat,2018,Production,5427.6,1000 MT,2026-08-07
CONAB,Wheat,2018,Production,5427.6,1000 MT,2026-08-08
CONAB,Wheat,2018,Production,5427.6,1000 MT,2026-08-10
CONAB,Wheat,2018,Production,5427.6,1000 MT,2026-08-11
CONAB,Wheat,2018,Production,5427.6,1000 MT,2026-08-12
CONAB,Wheat,2018,Production,5427.6,1000 MT,2026-08-13
CONAB,Wheat,2018,Yield,2657.4618096357226,KG/HA,2026-07-28
CONAB,Wheat,2018,Yield,2657.4618096357226,KG/HA,2026-07-30
CONAB,Wheat,2018,Yield,2657.4618096357226,KG/HA,2026-07-31
CONAB,Wheat,2018,Yield,2657.4618096357226,KG/HA,2026-08-02
CONAB,Wheat,2018,Yield,2657.4618096357226,KG/HA,2026-08-03
CONAB,Wheat,2018,Yield,2657.4618096357226,KG/HA,2026-08-04
CONAB,Wheat,2018,Yield,2657.4618096357226,KG/HA,2026-08-05
CONAB,Wheat,2018,Yield,2657.4618096357226,KG/HA,2026-08-06
CONAB,Wheat,2018,Yield,2657.4618096357226,KG/HA,2026-08-07
CONAB,Wheat,2018,Yield,2657.4618096357226,KG/HA,2026-08-08
CONAB,Wheat,2018,Yield,2657.4618096357226,KG/HA,2026-08-10
CONAB,Wheat,2018,Yield,2657.4618096357226,KG/HA,2026-08-11
CONAB,Wheat,2018,Yield,2657.4618096357226,KG/HA,2026-08-12
CONAB,Wheat,2018,Yield,2657.4618096357226,KG/HA,2026-08-13
CONAB,Wheat,2019,Area,2039.0,1000 HA,2026-07-28
CONAB,Wheat,2019,Area,2039.0,1000 HA,2026-07-30
CONAB,Wheat,2019,Area,2039.0,1000 HA,2026-07-31
CONAB,Wheat,2019,Area,2039.0,1000 HA,2026-08-02
CONAB,Wheat,2019,Area,2039.0,1000 HA,2026-08-03
CONAB,Wheat,2019,Area,2039.0,1000 HA,2026-08-04
CONAB,Wheat,2019,Area,2039.0,1000 HA,2026-08-05
CONAB,Wheat,2019,Area,2039.0,1000 HA,2026-08-06
CONAB,Wheat,2019,Area,2039.0,1000 HA,2026-08-07
CONAB,Wheat,2019,Area,2039.0,1000 HA,2026-08-08
CONAB,Wheat,2019,Area,2039.0,1000 HA,2026-08-10
CONAB,Wheat,2019,Area,2039.0,1000 HA,2026-08-11
CONAB,Wheat,2019,Area,2039.0,1000 HA,2026-08-12
CONAB,Wheat,2019,Area,2039.0,1000 HA,2026-08-13
CONAB,Wheat,2019,Production,5154.0,1000 MT,2026-07-28
CONAB,Wheat,2019,Production,5154.0,1000 MT,2026-07-30
CONAB,Wheat,2019,Production,5154.0,1000 MT,2026-07-31
CONAB,Wheat,2019,Production,5154.0,1000 MT,2026-08-02
CONAB,Wheat,2019,Production,5154.0,1000 MT,2026-08-03
CONAB,Wheat,2019,Production,5154.0,1000 MT,2026-08-04
CONAB,Wheat,2019,Production,5154.0,1000 MT,2026-08-05
CONAB,Wheat,2019,Production,5154.0,1000 MT,2026-08-06
CONAB,Wheat,2019,Production,5154.0,1000 MT,2026-08-07
CONAB,Wheat,2019,Production,5154.0,1000 MT,2026-08-08
CONAB,Wheat,2019,Production,5154.0,1000 MT,2026-08-10
CONAB,Wheat,2019,Production,5154.0,1000 MT,2026-08-11
CONAB,Wheat,2019,Production,5154.0,1000 MT,2026-08-12
CONAB,Wheat,2019,Production,5154.0,1000 MT,2026-08-13
CONAB,Wheat,2019,Yield,2527.709661598823,KG/HA,2026-07-28
CONAB,Wheat,2019,Yield,2527.709661598823,KG/HA,2026-07-30
CONAB,Wheat,2019,Yield,2527.709661598823,KG/HA,2026-07-31
CONAB,Wheat,2019,Yield,2527.709661598823,KG/HA,2026-08-02
CONAB,Wheat,2019,Yield,2527.709661598823,KG/HA,2026-08-03
CONAB,Wheat,2019,Yield,2527.709661598823,KG/HA,2026-08-04
CONAB,Wheat,2019,Yield,2527.709661598823,KG/HA,2026-08-05
CONAB,Wheat,2019,Yield,2527.709661598823,KG/HA,2026-08-06
CONAB,Wheat,2019,Yield,2527.709661598823,KG/HA,2026-08-07
CONAB,Wheat,2019,Yield,2527.709661598823,KG/HA,2026-08-08
CONAB,Wheat,2019,Yield,2527.709661598823,KG/HA,2026-08-10
CONAB,Wheat,2019,Yield,2527.709661598823,KG/HA,2026-08-11
CONAB,Wheat,2019,Yield,2527.709661598823,KG/HA,2026-08-12
CONAB,Wheat,2019,Yield,2527.709661598823,KG/HA,2026-08-13
CONAB,Wheat,2020,Area,2328.0,1000 HA,2026-07-28
CONAB,Wheat,2020,Area,2328.0,1000 HA,2026-07-30
CONAB,Wheat,2020,Area,2328.0,1000 HA,2026-07-31
CONAB,Wheat,2020,Area,2328.0,1000 HA,2026-08-02
CONAB,Wheat,2020,Area,2328.0,1000 HA,2026-08-03
CONAB,Wheat,2020,Area,2328.0,1000 HA,2026-08-04
CONAB,Wheat,2020,Area,2328.0,1000 HA,2026-08-05
CONAB,Wheat,2020,Area,2328.0,1000 HA,2026-08-06
CONAB,Wheat,2020,Area,2328.0,1000 HA,2026-08-07
CONAB,Wheat,2020,Area,2328.0,1000 HA,2026-08-08
CONAB,Wheat,2020,Area,2328.0,1000 HA,2026-08-10
CONAB,Wheat,2020,Area,2328.0,1000 HA,2026-08-11
CONAB,Wheat,2020,Area,2328.0,1000 HA,2026-08-12
CONAB,Wheat,2020,Area,2328.0,1000 HA,2026-08-13
CONAB,Wheat,2020,Production,6814.0,1000 MT,2026-07-28
CONAB,Wheat,2020,Production,6814.0,1000 MT,2026-07-30
CONAB,Wheat,2020,Production,6814.0,1000 MT,2026-07-31
CONAB,Wheat,2020,Production,6814.0,1000 MT,2026-08-02
CONAB,Wheat,2020,Production,6814.0,1000 MT,2026-08-03
CONAB,Wheat,2020,Production,6814.0,1000 MT,2026-08-04
CONAB,Wheat,2020,Production,6814.0,1000 MT,2026-08-05
CONAB,Wheat,2020,Production,6814.0,1000 MT,2026-08-06
CONAB,Wheat,2020,Production,6814.0,1000 MT,2026-08-07
CONAB,Wheat,2020,Production,6814.0,1000 MT,2026-08-08
CONAB,Wheat,2020,Production,6814.0,1000 MT,2026-08-10
CONAB,Wheat,2020,Production,6814.0,1000 MT,2026-08-11
CONAB,Wheat,2020,Production,6814.0,1000 MT,2026-08-12
CONAB,Wheat,2020,Production,6814.0,1000 MT,2026-08-13
CONAB,Wheat,2020,Yield,2926.975945017182,KG/HA,2026-07-28
CONAB,Wheat,2020,Yield,2926.975945017182,KG/HA,2026-07-30
CONAB,Wheat,2020,Yield,2926.975945017182,KG/HA,2026-07-31
CONAB,Wheat,2020,Yield,2926.975945017182,KG/HA,2026-08-02
CONAB,Wheat,2020,Yield,2926.975945017182,KG/HA,2026-08-03
CONAB,Wheat,2020,Yield,2926.975945017182,KG/HA,2026-08-04
CONAB,Wheat,2020,Yield,2926.975945017182,KG/HA,2026-08-05
CONAB,Wheat,2020,Yield,2926.975945017182,KG/HA,2026-08-06
CONAB,Wheat,2020,Yield,2926.975945017182,KG/HA,2026-08-07
CONAB,Wheat,2020,Yield,2926.975945017182,KG/HA,2026-08-08
CONAB,Wheat,2020,Yield,2926.975945017182,KG/HA,2026-08-10
CONAB,Wheat,2020,Yield,2926.975945017182,KG/HA,2026-08-11
CONAB,Wheat,2020,Yield,2926.975945017182,KG/HA,2026-08-12
CONAB,Wheat,2020,Yield,2926.975945017182,KG/HA,2026-08-13
CONAB,Wheat,2021,Area,3029.9,1000 HA,2026-07-28
CONAB,Wheat,2021,Area,3029.9,1000 HA,2026-07-30
CONAB,Wheat,2021,Area,3029.9,1000 HA,2026-07-31
CONAB,Wheat,2021,Area,3029.9,1000 HA,2026-08-02
CONAB,Wheat,2021,Area,3029.9,1000 HA,2026-08-03
CONAB,Wheat,2021,Area,3029.9,1000 HA,2026-08-04
CONAB,Wheat,2021,Area,3029.9,1000 HA,2026-08-05
CONAB,Wheat,2021,Area,3029.9,1000 HA,2026-08-06
CONAB,Wheat,2021,Area,3029.9,1000 HA,2026-08-07
CONAB,Wheat,2021,Area,3029.9,1000 HA,2026-08-08
CONAB,Wheat,2021,Area,3029.9,1000 HA,2026-08-10
CONAB,Wheat,2021,Area,3029.9,1000 HA,2026-08-11
CONAB,Wheat,2021,Area,3029.9,1000 HA,2026-08-12
CONAB,Wheat,2021,Area,3029.9,1000 HA,2026-08-13
CONAB,Wheat,2021,Production,9365.9,1000 MT,2026-07-28
CONAB,Wheat,2021,Production,9365.9,1000 MT,2026-07-30
CONAB,Wheat,2021,Production,9365.9,1000 MT,2026-07-31
CONAB,Wheat,2021,Production,9365.9,1000 MT,2026-08-02
CONAB,Wheat,2021,Production,9365.9,1000 MT,2026-08-03
CONAB,Wheat,2021,Production,9365.9,1000 MT,2026-08-04
CONAB,Wheat,2021,Production,9365.9,1000 MT,2026-08-05
CONAB,Wheat,2021,Production,9365.9,1000 MT,2026-08-06
CONAB,Wheat,2021,Production,9365.9,1000 MT,2026-08-07
CONAB,Wheat,2021,Production,9365.9,1000 MT,2026-08-08
CONAB,Wheat,2021,Production,9365.9,1000 MT,2026-08-10
CONAB,Wheat,2021,Production,9365.9,1000 MT,2026-08-11
CONAB,Wheat,2021,Production,9365.9,1000 MT,2026-08-12
CONAB,Wheat,2021,Production,9365.9,1000 MT,2026-08-13
CONAB,Wheat,2021,Yield,3091.158124030496,KG/HA,2026-07-28
CONAB,Wheat,2021,Yield,3091.158124030496,KG/HA,2026-07-30
CONAB,Wheat,2021,Yield,3091.158124030496,KG/HA,2026-07-31
CONAB,Wheat,2021,Yield,3091.158124030496,KG/HA,2026-08-02
CONAB,Wheat,2021,Yield,3091.158124030496,KG/HA,2026-08-03
CONAB,Wheat,2021,Yield,3091.158124030496,KG/HA,2026-08-04
CONAB,Wheat,2021,Yield,3091.158124030496,KG/HA,2026-08-05
CONAB,Wheat,2021,Yield,3091.158124030496,KG/HA,2026-08-06
CONAB,Wheat,2021,Yield,3091.158124030496,KG/HA,2026-08-07
CONAB,Wheat,2021,Yield,3091.158124030496,KG/HA,2026-08-08
CONAB,Wheat,2021,Yield,3091.158124030496,KG/HA,2026-08-10
CONAB,Wheat,2021,Yield,3091.158124030496,KG/HA,2026-08-11
CONAB,Wheat,2021,Yield,3091.158124030496,KG/HA,2026-08-12
CONAB,Wheat,2021,Yield,3091.158124030496,KG/HA,2026-08-13
CONAB,Wheat,2022,Area,3450.5,1000 HA,2026-07-28
CONAB,Wheat,2022,Area,3450.5,1000 HA,2026-07-30
CONAB,Wheat,2022,Area,3450.5,1000 HA,2026-07-31
CONAB,Wheat,2022,Area,3450.5,1000 HA,2026-08-02
CONAB,Wheat,2022,Area,3450.5,1000 HA,2026-08-03
CONAB,Wheat,2022,Area,3450.5,1000 HA,2026-08-04
CONAB,Wheat,2022,Area,3450.5,1000 HA,2026-08-05
CONAB,Wheat,2022,Area,3450.5,1000 HA,2026-08-06
CONAB,Wheat,2022,Area,3450.5,1000 HA,2026-08-07
CONAB,Wheat,2022,Area,3450.5,1000 HA,2026-08-08
CONAB,Wheat,2022,Area,3450.5,1000 HA,2026-08-10
CONAB,Wheat,2022,Area,3450.5,1000 HA,2026-08-11
CONAB,Wheat,2022,Area,3450.5,1000 HA,2026-08-12
CONAB,Wheat,2022,Area,3450.5,1000 HA,2026-08-13
CONAB,Wheat,2022,Production,10817.5,1000 MT,2026-07-28
CONAB,Wheat,2022,Production,10817.5,1000 MT,2026-07-30
CONAB,Wheat,2022,Production,10817.5,1000 MT,2026-07-31
CONAB,Wheat,2022,Production,10817.5,1000 MT,2026-08-02
CONAB,Wheat,2022,Production,10817.5,1000 MT,2026-08-03
CONAB,Wheat,2022,Production,10817.5,1000 MT,2026-08-04
CONAB,Wheat,2022,Production,10817.5,1000 MT,2026-08-05
CONAB,Wheat,2022,Production,10817.5,1000 MT,2026-08-06
CONAB,Wheat,2022,Production,10817.5,1000 MT,2026-08-07
CONAB,Wheat,2022,Production,10817.5,1000 MT,2026-08-08
CONAB,Wheat,2022,Production,10817.5,1000 MT,2026-08-10
CONAB,Wheat,2022,Production,10817.5,1000 MT,2026-08-11
CONAB,Wheat,2022,Production,10817.5,1000 MT,2026-08-12
CONAB,Wheat,2022,Production,10817.5,1000 MT,2026-08-13
CONAB,Wheat,2022,Yield,3135.052890885379,KG/HA,2026-07-28
CONAB,Wheat,2022,Yield,3135.052890885379,KG/HA,2026-07-30
CONAB,Wheat,2022,Yield,3135.052890885379,KG/HA,2026-07-31
CONAB,Wheat,2022,Yield,3135.052890885379,KG/HA,2026-08-02
CONAB,Wheat,2022,Yield,3135.052890885379,KG/HA,2026-08-03
CONAB,Wheat,2022,Yield,3135.052890885379,KG/HA,2026-08-04
CONAB,Wheat,2022,Yield,3135.052890885379,KG/HA,2026-08-05
CONAB,Wheat,2022,Yield,3135.052890885379,KG/HA,2026-08-06
CONAB,Wheat,2022,Yield,3135.052890885379,KG/HA,2026-08-07
CONAB,Wheat,2022,Yield,3135.052890885379,KG/HA,2026-08-08
CONAB,Wheat,2022,Yield,3135.052890885379,KG/HA,2026-08-10
CONAB,Wheat,2022,Yield,3135.052890885379,KG/HA,2026-08-11
CONAB,Wheat,2022,Yield,3135.052890885379,KG/HA,2026-08-12
CONAB,Wheat,2022,Yield,3135.052890885379,KG/HA,2026-08-13
CONAB,Wheat,2023,Area,3068.8,1000 HA,2026-07-28
CONAB,Wheat,2023,Area,3068.8,1000 HA,2026-07-30
CONAB,Wheat,2023,Area,3068.8,1000 HA,2026-07-31
CONAB,Wheat,2023,Area,3068.8,1000 HA,2026-08-02
CONAB,Wheat,2023,Area,3068.8,1000 HA,2026-08-03
CONAB,Wheat,2023,Area,3068.8,1000 HA,2026-08-04
CONAB,Wheat,2023,Area,3068.8,1000 HA,2026-08-05
CONAB,Wheat,2023,Area,3068.8,1000 HA,2026-08-06
CONAB,Wheat,2023,Area,3068.8,1000 HA,2026-08-07
CONAB,Wheat,2023,Area,3068.8,1000 HA,2026-08-08
CONAB,Wheat,2023,Area,3068.8,1000 HA,2026-08-10
CONAB,Wheat,2023,Area,3068.8,1000 HA,2026-08-11
CONAB,Wheat,2023,Area,3068.8,1000 HA,2026-08-12
CONAB,Wheat,2023,Area,3068.8,1000 HA,2026-08-13
CONAB,Wheat,2023,Production,8807.3,1000 MT,2026-07-28
CONAB,Wheat,2023,Production,8807.3,1000 MT,2026-07-30
CONAB,Wheat,2023,Production,8807.3,1000 MT,2026-07-31
CONAB,Wheat,2023,Production,8807.3,1000 MT,2026-08-02
CONAB,Wheat,2023,Production,8807.3,1000 MT,2026-08-03
CONAB,Wheat,2023,Production,8807.3,1000 MT,2026-08-04
CONAB,Wheat,2023,Production,8807.3,1000 MT,2026-08-05
CONAB,Wheat,2023,Production,8807.3,1000 MT,2026-08-06
CONAB,Wheat,2023,Production,8807.3,1000 MT,2026-08-07
CONAB,Wheat,2023,Production,8807.3,1000 MT,2026-08-08
CONAB,Wheat,2023,Production,8807.3,1000 MT,2026-08-10
CONAB,Wheat,2023,Production,8807.3,1000 MT,2026-08-11
CONAB,Wheat,2023,Production,8807.3,1000 MT,2026-08-12
CONAB,Wheat,2023,Production,8807.3,1000 MT,2026-08-13
CONAB,Wheat,2023,Yield,2869.9491657977055,KG/HA,2026-07-28
CONAB,Wheat,2023,Yield,2869.9491657977055,KG/HA,2026-07-30
CONAB,Wheat,2023,Yield,2869.9491657977055,KG/HA,2026-07-31
CONAB,Wheat,2023,Yield,2869.9491657977055,KG/HA,2026-08-02
CONAB,Wheat,2023,Yield,2869.9491657977055,KG/HA,2026-08-03
CONAB,Wheat,2023,Yield,2869.9491657977055,KG/HA,2026-08-04
CONAB,Wheat,2023,Yield,2869.9491657977055,KG/HA,2026-08-05
CONAB,Wheat,2023,Yield,2869.9491657977055,KG/HA,2026-08-06
CONAB,Wheat,2023,Yield,2869.9491657977055,KG/HA,2026-08-07
CONAB,Wheat,2023,Yield,2869.9491657977055,KG/HA,2026-08-08
CONAB,Wheat,2023,Yield,2869.9491657977055,KG/HA,2026-08-10
CONAB,Wheat,2023,Yield,2869.9491657977055,KG/HA,2026-08-11
CONAB,Wheat,2023,Yield,2869.9491657977055,KG/HA,2026-08-12
CONAB,Wheat,2023,Yield,2869.9491657977055,KG/HA,2026-08-13
CONAB,Wheat,2024,Area,2449.0,1000 HA,2026-07-28
CONAB,Wheat,2024,Area,2449.0,1000 HA,2026-07-30
CONAB,Wheat,2024,Area,2449.0,1000 HA,2026-07-31
CONAB,Wheat,2024,Area,2449.0,1000 HA,2026-08-02
CONAB,Wheat,2024,Area,2449.0,1000 HA,2026-08-03
CONAB,Wheat,2024,Area,2449.0,1000 HA,2026-08-04
CONAB,Wheat,2024,Area,2449.0,1000 HA,2026-08-05
CONAB,Wheat,2024,Area,2449.0,1000 HA,2026-08-06
CONAB,Wheat,2024,Area,2449.0,1000 HA,2026-08-07
CONAB,Wheat,2024,Area,2449.0,1000 HA,2026-08-08
CONAB,Wheat,2024,Area,2449.0,1000 HA,2026-08-10
CONAB,Wheat,2024,Area,2449.0,1000 HA,2026-08-11
CONAB,Wheat,2024,Area,2449.0,1000 HA,2026-08-12
CONAB,Wheat,2024,Area,2449.0,1000 HA,2026-08-13
CONAB,Wheat,2024,Production,7536.1,1000 MT,2026-07-28
CONAB,Wheat,2024,Production,7536.1,1000 MT,2026-07-30
CONAB,Wheat,2024,Production,7536.1,1000 MT,2026-07-31
CONAB,Wheat,2024,Production,7536.1,1000 MT,2026-08-02
CONAB,Wheat,2024,Production,7536.1,1000 MT,2026-08-03
CONAB,Wheat,2024,Production,7536.1,1000 MT,2026-08-04
CONAB,Wheat,2024,Production,7536.1,1000 MT,2026-08-05
CONAB,Wheat,2024,Production,7536.1,1000 MT,2026-08-06
CONAB,Wheat,2024,Production,7536.1,1000 MT,2026-08-07
CONAB,Wheat,2024,Production,7536.1,1000 MT,2026-08-08
CONAB,Wheat,2024,Production,7536.1,1000 MT,2026-08-10
CONAB,Wheat,2024,Production,7536.1,1000 MT,2026-08-11
CONAB,Wheat,2024,Production,7536.1,1000 MT,2026-08-12
CONAB,Wheat,2024,Production,7536.1,1000 MT,2026-08-13
CONAB,Wheat,2024,Yield,3077.215189873418,KG/HA,2026-07-28
CONAB,Wheat,2024,Yield,3077.215189873418,KG/HA,2026-07-30
CONAB,Wheat,2024,Yield,3077.215189873418,KG/HA,2026-07-31
CONAB,Wheat,2024,Yield,3077.215189873418,KG/HA,2026-08-02
CONAB,Wheat,2024,Yield,3077.215189873418,KG/HA,2026-08-03
CONAB,Wheat,2024,Yield,3077.215189873418,KG/HA,2026-08-04
CONAB,Wheat,2024,Yield,3077.215189873418,KG/HA,2026-08-05
CONAB,Wheat,2024,Yield,3077.215189873418,KG/HA,2026-08-06
CONAB,Wheat,2024,Yield,3077.215189873418,KG/HA,2026-08-07
CONAB,Wheat,2024,Yield,3077.215189873418,KG/HA,2026-08-08
CONAB,Wheat,2024,Yield,3077.215189873418,KG/HA,2026-08-10
CONAB,Wheat,2024,Yield,3077.215189873418,KG/HA,2026-08-11
CONAB,Wheat,2024,Yield,3077.215189873418,KG/HA,2026-08-12
CONAB,Wheat,2024,Yield,3077.215189873418,KG/HA,2026-08-13
CONAB,Wheat,2025,Area,2117.0,1000 HA,2026-07-28
CONAB,Wheat,2025,Area,2117.0,1000 HA,2026-07-30
CONAB,Wheat,2025,Area,2117.0,1000 HA,2026-07-31
CONAB,Wheat,2025,Area,2117.0,1000 HA,2026-08-02
CONAB,Wheat,2025,Area,2117.0,1000 HA,2026-08-03
CONAB,Wheat,2025,Area,2117.0,1000 HA,2026-08-04
CONAB,Wheat,2025,Area,2117.0,1000 HA,2026-08-05
CONAB,Wheat,2025,Area,2117.0,1000 HA,2026-08-06
CONAB,Wheat,2025,Area,2117.0,1000 HA,2026-08-07
CONAB,Wheat,2025,Area,2117.0,1000 HA,2026-08-08
CONAB,Wheat,2025,Area,2117.0,1000 HA,2026-08-10
CONAB,Wheat,2025,Area,2117.0,1000 HA,2026-08-11
CONAB,Wheat,2025,Area,2117.0,1000 HA,2026-08-12
CONAB,Wheat,2025,Area,2117.0,1000 HA,2026-08-13
CONAB,Wheat,2025,Production,6296.8,1000 MT,2026-07-28
CONAB,Wheat,2025,Production,6296.8,1000 MT,2026-07-30
CONAB,Wheat,2025,Production,6296.8,1000 MT,2026-07-31
CONAB,Wheat,2025,Production,6296.8,1000 MT,2026-08-02
CONAB,Wheat,2025,Production,6296.8,1000 MT,2026-08-03
CONAB,Wheat,2025,Production,6296.8,1000 MT,2026-08-04
CONAB,Wheat,2025,Production,6296.8,1000 MT,2026-08-05
CONAB,Wheat,2025,Production,6296.8,1000 MT,2026-08-06
CONAB,Wheat,2025,Production,6296.8,1000 MT,2026-08-07
CONAB,Wheat,2025,Production,6296.8,1000 MT,2026-08-08
CONAB,Wheat,2025,Production,6296.8,1000 MT,2026-08-10
CONAB,Wheat,2025,Production,6296.8,1000 MT,2026-08-11
CONAB,Wheat,2025,Production,6296.8,1000 MT,2026-08-12
CONAB,Wheat,2025,Production,6296.8,1000 MT,2026-08-13
CONAB,Wheat,2025,Yield,2974.3977326405293,KG/HA,2026-07-28
CONAB,Wheat,2025,Yield,2974.3977326405293,KG/HA,2026-07-30
CONAB,Wheat,2025,Yield,2974.3977326405293,KG/HA,2026-07-31
CONAB,Wheat,2025,Yield,2974.3977326405293,KG/HA,2026-08-02
CONAB,Wheat,2025,Yield,2974.3977326405293,KG/HA,2026-08-03
CONAB,Wheat,2025,Yield,2974.3977326405293,KG/HA,2026-08-04
CONAB,Wheat,2025,Yield,2974.3977326405293,KG/HA,2026-08-05
CONAB,Wheat,2025,Yield,2974.3977326405293,KG/HA,2026-08-06
CONAB,Wheat,2025,Yield,2974.3977326405293,KG/HA,2026-08-07
CONAB,Wheat,2025,Yield,2974.3977326405293,KG/HA,2026-08-08
CONAB,Wheat,2025,Yield,2974.3977326405293,KG/HA,2026-08-10
CONAB,Wheat,2025,Yield,2974.3977326405293,KG/HA,2026-08-11
CONAB,Wheat,2025,Yield,2974.3977326405293,KG/HA,2026-08-12
CONAB,Wheat,2025,Yield,2974.3977326405293,KG/HA,2026-08-13
