briefing_date,text,signals_json,snapshot_json,generated_at
2026-07-28,"=== Mirror Market Daily Briefing — 2026-07-28 ===
NOTE: Data is informational only and should not be used as sole basis for trading decisions.
Some data layers may be delayed or unavailable. Check Data Freshness below.

DATA HEALTH: 5 critical, 10 warnings

CRITICAL:
  [prices] Palm Oil (BMD): MISSING from prices — no rows at all
  [india_domestic_prices] Soybean (NCDEX): MISSING from india_domestic_prices — no rows at all
  [india_domestic_prices] Soybean Oil (NCDEX): MISSING from india_domestic_prices — no rows at all
  [india_domestic_prices] Soybean Meal (NCDEX): MISSING from india_domestic_prices — no rows at all
  [brazil_spot_prices] Soybean (CEPEA): MISSING from brazil_spot_prices — no rows at all

WARNINGS:
  [cot] Coffee: STALE in cot — last date is 2026-07-21 (7 days ago)
  [cot] Corn: STALE in cot — last date is 2026-07-21 (7 days ago)
  [cot] Cotton: STALE in cot — last date is 2026-07-21 (7 days ago)
  [cot] Lean Hogs: STALE in cot — last date is 2026-07-21 (7 days ago)
  [cot] Live Cattle: STALE in cot — last date is 2026-07-21 (7 days ago)
  [cot] Soybean Meal: STALE in cot — last date is 2026-07-21 (7 days ago)
  [cot] Soybean Oil: STALE in cot — last date is 2026-07-21 (7 days ago)
  [cot] Soybeans: STALE in cot — last date is 2026-07-21 (7 days ago)
  [cot] Sugar: STALE in cot — last date is 2026-07-21 (7 days ago)
  [cot] Wheat: STALE in cot — last date is 2026-07-21 (7 days ago)

PRICES:
  Note: technicals computed on yfinance front-month series; signals within ±3 trading days of contract roll may be data artifacts rather than economic moves.
  Soybeans:        444.1 USD/MT  (+0.0%)  Above 200-day MA  MACD positive  Vol 23%
  Soybean Oil:     1,521.4 USD/MT  (-3.4%)  Above 200-day MA  MACD negative  Vol 34%
  Soybean Meal:    356.7 USD/MT  (+0.9%)  Above 200-day MA  MACD positive  Vol 21%
  Coffee:          7,521.1 USD/MT  (+5.1%)  Above 200-day MA  MACD negative  Vol 88%
  Corn:            187.2 USD/MT  (+5.3%)  Above 200-day MA  MACD positive  Vol 32%
  Wheat:           240.7 USD/MT  (-0.8%)  Above 200-day MA  MACD positive  Vol 39%
  Sugar:           321.7 USD/MT  (+0.1%)  Below 200-day MA  MACD negative  Vol 26%
  Cotton:          1,761.7 USD/MT  (+0.7%)  Above 200-day MA  MACD positive  Vol 30%
  Live Cattle:     4,965.4 USD/MT  (-0.8%)  Below 200-day MA  RSI 29 (oversold)  MACD negative  Vol 24%
  Lean Hogs:       2,270.2 USD/MT  (+0.1%)  Above 200-day MA  RSI 78 (overbought)  MACD positive  Vol 20%

CRUSH SPREAD: $96.4/MT (narrowing — processors profitable, oil share 52%)

BRAZIL BASIS (Paranaguá FOB vs CBOT): $+38.0/MT (Brazilian premium)

ECONOMIC CONTEXT (FRED): No data

USDA FUNDAMENTALS: No data

CROP CONDITIONS (USDA Weekly): No data

WASDE ESTIMATES (USDA Monthly Forecasts):
  WHEAT:
    Area Planted: 43 Million Acres (2026-07-15)
    Area Harvested: 32 Million Acres (2026-07-15)
    Yield per Harvested Acre: 48 Bushels (2026-07-15)
    Beginning Stocks: 920 Million Bushels (revised DOWN -15 vs prior month)
    Production: 1,536 Million Bushels (revised DOWN -7 vs prior month)
    Imports: 140 Million Bushels (revised DOWN +0 vs prior month)
    Supply, Total: 2,596 Million Bushels (revised DOWN -22 vs prior month)
    Food: 960 Million Bushels (revised DOWN +0 vs prior month)
    Seed: 59 Million Bushels (revised DOWN +0 vs prior month)
    Feed and Residual: 80 Million Bushels (revised DOWN +0 vs prior month)
    Domestic, Total: 1,099 Million Bushels (revised DOWN +0 vs prior month)
    Exports: 775 Million Bushels (revised DOWN +0 vs prior month)
    Use, Total: 1,874 Million Bushels (revised DOWN +0 vs prior month)
    Ending Stocks: 722 Million Bushels (revised DOWN -22 vs prior month)
    Avg. Farm Price ($/bu): 6 $/bu (revised DOWN +0 vs prior month)
  CORN:
    Area Planted: 99 Million Acres (2026-07-15)
    Area Harvested: 91 Million Acres (2026-07-15)
    Yield per Harvested Acre: 186 Bushels (2026-07-15)
    Beginning Stocks: 2,020 Million Bushels (revised DOWN -125 vs prior month)
    Production: 16,000 Million Bushels (revised UP +5 vs prior month)
    Imports: 25 Million Bushels (revised DOWN +0 vs prior month)
    Supply, Total: 18,045 Million Bushels (revised DOWN -120 vs prior month)
    Feed and Residual: 6,100 Million Bushels (revised DOWN +0 vs prior month)
    Food, Seed & Industrial: 6,955 Million Bushels (revised DOWN +0 vs prior month)
    Ethanol & by-products: 5,600 Million Bushels (revised DOWN +0 vs prior month)
    Domestic, Total: 13,055 Million Bushels (revised DOWN +0 vs prior month)
    Exports: 3,200 Million Bushels (revised UP +50 vs prior month)
    Use, Total: 16,255 Million Bushels (revised UP +50 vs prior month)
    Ending Stocks: 1,790 Million Bushels (revised DOWN -170 vs prior month)
    Avg. Farm Price ($/bu): 4 $/bu (revised DOWN +0 vs prior month)
  SOYBEANS:
    Area Planted: 81 Million Acres (2026-07-15)
    Area Harvested: 80 Million Acres (2026-07-15)
    Yield per Harvested Acre: 53 Bushels (2026-07-15)
    Beginning Stocks: 330 Million Bushels (revised DOWN -10 vs prior month)
    Production: 4,475 Million Bushels (revised UP +40 vs prior month)
    Imports: 25 Million Bushels (revised DOWN +0 vs prior month)
    Supply, Total: 4,830 Million Bushels (revised UP +30 vs prior month)
    Crushings: 2,750 Million Bushels (revised DOWN +0 vs prior month)
    Exports: 1,660 Million Bushels (revised UP +30 vs prior month)
    Seed: 72 Million Bushels (revised DOWN +0 vs prior month)
    Residual: 38 Million Bushels (revised DOWN +0 vs prior month)
    Use, Total: 4,520 Million Bushels (revised UP +30 vs prior month)
    Ending Stocks: 310 Million Bushels (revised DOWN +0 vs prior month)
    Avg. Farm Price ($/bu): 11 $/bu (revised DOWN +0 vs prior month)
  SOYBEAN_OIL:
    Beginning Stocks: 1,837 Million Pounds (revised DOWN +0 vs prior month)
    Production: 32,590 Million Pounds (revised DOWN +0 vs prior month)
    Imports: 600 Million Pounds (revised DOWN +0 vs prior month)
    Supply, Total: 35,027 Million Pounds (revised DOWN +0 vs prior month)
    Domestic Disappearance: 32,750 Million Pounds (revised DOWN +0 vs prior month)
    Biofuel: 17,800 Million Pounds (revised DOWN +0 vs prior month)
    Food, Feed & other Industrial: 14,950 Million Pounds (revised DOWN +0 vs prior month)
    Exports: 400 Million Pounds (revised DOWN +0 vs prior month)
    Use, Total: 33,150 Million Pounds (revised DOWN +0 vs prior month)
    Ending stocks: 1,877 Million Pounds (revised DOWN +0 vs prior month)
    Avg. Price (c/lb): 70 c/lb (revised DOWN +0 vs prior month)
  SOYBEAN_MEAL:
    Beginning Stocks: 450 Thousand Short Tons (revised DOWN +0 vs prior month)
    Production: 64,985 Thousand Short Tons (revised DOWN -40 vs prior month)
    Imports: 840 Thousand Short Tons (revised UP +40 vs prior month)
    Supply, Total: 66,275 Thousand Short Tons (revised DOWN +0 vs prior month)
    Domestic Disappearance: 43,825 Thousand Short Tons (revised DOWN -300 vs prior month)
    Exports: 22,000 Thousand Short Tons (revised UP +300 vs prior month)
    Use, Total: 65,825 Thousand Short Tons (revised DOWN +0 vs prior month)
    Ending Stocks: 450 Thousand Short Tons (revised DOWN +0 vs prior month)
    Avg. Price ($/s.t.): 310 $/s.t. (revised DOWN +0 vs prior month)
  COTTON:
    Planted: 9 Million Acres (2026-07-15)
    Harvested: 8 Million Acres (2026-07-15)
    Yield per Harvested Acre: 852 Pounds (2026-07-15)
    Beginning Stocks: 4 Million 480 Pound Bales (revised DOWN +0 vs prior month)
    Production: 14 Million 480 Pound Bales (revised UP +0 vs prior month)
    Imports: 0 Million 480 Pound Bales (revised DOWN +0 vs prior month)
    Supply, Total: 18 Million 480 Pound Bales (revised UP +0 vs prior month)
    Domestic Use: 2 Million 480 Pound Bales (revised DOWN +0 vs prior month)
    Exports, Total: 12 Million 480 Pound Bales (revised DOWN +0 vs prior month)
    Use, Total: 14 Million 480 Pound Bales (revised DOWN +0 vs prior month)
    Unaccounted: -0 Million 480 Pound Bales (revised DOWN +0 vs prior month)
    Ending Stocks: 4 Million 480 Pound Bales (revised UP +0 vs prior month)
    Avg. Farm Price: 73  (revised DOWN +0 vs prior month)

STOCKS-TO-USE (US balance sheet, source: PSD):
  Soybeans: 6.4% (MY 2026) | prior 5-yr range: 5.8%–7.7%
  Corn: 9.9% (MY 2026) | prior 5-yr range: 8.5%–10.9%
  Wheat: 27.8% (MY 2026) | prior 5-yr range: 23.3%–31.0%
  Cotton: 22.9% (MY 2026) | prior 5-yr range: 18.8%–24.4%

EXPORT SALES (USDA Weekly): No data (set FAS_API_KEY to enable)

EXPORT INSPECTIONS (USDA Weekly):
  Corn: Inspected: 1,488,028 MT (w/e 07/23)
  Soybeans: Inspected: 348,850 MT (w/e 07/23)
  Wheat: Inspected: 394,785 MT (w/e 07/23)

DCE CHINESE FUTURES:
  DCE Soybean: CNY 4,697 | vs CBOT 1,208.75 USD (as of 2026-07-28)
  DCE Soybean Meal: CNY 3,101 | vs CBOT 323.60 USD (as of 2026-07-28)
  DCE Soybean Oil: CNY 8,419 | vs CBOT 69.01 USD (as of 2026-07-28)
  DCE Palm Oil: CNY 9,312 (as of 2026-07-28)
  DCE Corn: CNY 2,266 (as of 2026-07-28)

FORWARD CURVE:
  Soybeans: Contango: Aug 2026 1205.00 → May 2027 1229.75 (+24.75, +2.1%) — adequate supply / carrying costs priced in
  Soybean Oil: Backwardation: Aug 2026 70.91 → Mar 2027 68.53 (-2.38, -3.4%) — tight supply / strong nearby demand
  Soybean Meal: Mild Contango: Aug 2026 320.20 → Mar 2027 328.80 (+8.60, +2.7%) — adequate supply / carrying costs priced in
  Corn: Contango: Sep 2026 453.50 → Sep 2027 485.50 (+32.00, +7.1%) — adequate supply / carrying costs priced in
  Wheat: Contango: Sep 2026 655.00 → Sep 2027 698.25 (+43.25, +6.6%) — adequate supply / carrying costs priced in
  Coffee: Backwardation: Sep 2026 340.65 → Sep 2027 303.00 (-37.65, -11.1%) — tight supply / strong nearby demand
  Sugar: Contango: Oct 2026 14.58 → Mar 2028 16.25 (+1.67, +11.5%) — adequate supply / carrying costs priced in
  Cotton: Mild Contango: Oct 2026 79.34 → Oct 2027 79.91 (+0.57, +0.7%) — adequate supply / carrying costs priced in
  Live Cattle: Mild Backwardation: Aug 2026 225.23 → Jun 2027 211.82 (-13.40, -5.9%) — tight supply / strong nearby demand
  Lean Hogs: Mild Contango: Aug 2026 102.97 → May 2027 89.38 (-13.60, -13.2%) — adequate supply / carrying costs priced in

BIOFUEL & ENERGY (EIA): No data (set EIA_API_KEY to enable)

BRAZIL CROP ESTIMATES (CONAB):
  Cotton (2025/26):
    Production: 3,978 1000 MT (vs USDA 18,000 — gap: -14,022)
    Area: 2,020 1000 HA
    Yield: 1,969 KG/HA
  Corn (2025/26):
    Production: 140,463 1000 MT (vs USDA 139,000 — gap: +1,463)
    Area: 22,582 1000 HA
    Yield: 6,220 KG/HA
  Soybeans (2025/26):
    Production: 180,253 1000 MT (vs USDA 186,000 — gap: -5,747)
    Area: 48,563 1000 HA
    Yield: 3,712 KG/HA
  Wheat (2025):
    Production: 6,297 1000 MT (vs USDA 6,700 — gap: -403)
    Area: 2,117 1000 HA
    Yield: 2,974 KG/HA

CURRENCIES:
  BRL/USD: 0.1953 (Real weakening — Brazil exports cheaper)
  ARS/USD: 0.0007 (Peso weakening)
  COP/USD: 0.0003 
  PYG/USD: 0.0002 
  CNY/USD: 0.1479 (Yuan stable)
  IDR/USD: 0.0001 (Rupiah weakening)
  MYR/USD: 0.2445 (Ringgit weakening)
  VND/USD: 0.0000 
  INR/USD: 0.0104 
  THB/USD: 0.0298 
  ETB/USD: 0.0063 
  ZAR/USD: 0.0597 
  NGN/USD: 0.0007 

COT POSITIONING:
  Soybeans: Commercials net short 127,600, -0.7σ vs 3yr, Specs net long 153,010, +0.7σ vs 3yr
  Soybean Oil: Commercials net short 142,415, -1.3σ vs 3yr, Specs net long 132,003, +1.3σ vs 3yr
  Soybean Meal: Commercials net short 127,645, -1.5σ vs 3yr, Specs net long 103,266, +1.4σ vs 3yr
  Coffee: Commercials net short 27,764, +0.5σ vs 3yr, Specs net long 26,034, -0.6σ vs 3yr
  Corn: Commercials net short 81,746, -0.4σ vs 3yr, Specs net long 121,796, +0.3σ vs 3yr
  Wheat: Commercials net long 19,130, -1.6σ vs 3yr, Specs net short 14,250, +1.7σ vs 3yr
  Sugar: Commercials net long 41,350, -0.5σ vs 3yr, Specs net short 47,496, +0.5σ vs 3yr
  Cotton: Commercials net short 108,641, -2.1σ vs 3yr, Specs net long 100,360, +2.2σ vs 3yr
  Live Cattle: Commercials net short 65,702, +3.6σ vs 3yr, Specs net long 78,860, -3.4σ vs 3yr
  Lean Hogs: Commercials net long 15,465, +2.1σ vs 3yr, Specs net short 13,734, -2.2σ vs 3yr

WEATHER ALERTS:
  US Midwest (Iowa): Dry conditions — watch soil moisture [-0.3σ vs 90d]
  US Illinois: Dry conditions — watch soil moisture [-0.2σ vs 90d]
  Brazil Mato Grosso: Dry conditions — watch soil moisture [-0.3σ vs 90d]
  Brazil Parana: Dry conditions — watch soil moisture [-0.4σ vs 90d]
  Brazil Minas Gerais: Dry conditions — watch soil moisture [-0.2σ vs 90d]
  Argentina Pampas: Dry conditions — watch soil moisture [-0.2σ vs 90d]
  Argentina Cordoba: Dry conditions — watch soil moisture [-0.4σ vs 90d]
  Paraguay Chaco: Heavy rain (25mm) — harvest delays possible [+10.3σ vs 90d]
  Ivory Coast (Cocoa): Heavy rain (28mm) — harvest delays possible [+2.8σ vs 90d]
  China Heilongjiang: Dry conditions — watch soil moisture [-0.8σ vs 90d]
  South Africa Free State: Dry conditions — watch soil moisture [-0.3σ vs 90d]
  South Africa Mpumalanga: Dry conditions — watch soil moisture [-0.2σ vs 90d]
  Nigeria Benue: Heavy rain (26mm) — harvest delays possible [+2.2σ vs 90d]
  Nigeria Kaduna: Heavy rain (25mm) — harvest delays possible [+4.3σ vs 90d]

GLOBAL SUPPLY (USDA PSD):
  Brazil soybeans production: 186,000 (1000 MT)
  China soybeans imports: 115,000 (1000 MT)
  United States soybeans production: 121,790 (1000 MT)
  Indonesia palm oil production: 47,500 (1000 MT)

WORLD PRICES (World Bank Monthly):
  Coffee Arabica: 8.40 cents/lb (-7.1% vs last month)
  Coffee Robusta: $4/mt (-11.3% vs last month)
  Palm Oil: $981/mt (-0.3% vs last month)
  Soybeans: $440/mt (-1.3% vs last month)
  Soybean Oil: $1,119/mt (-0.8% vs last month)
  Soybean Meal: $399/mt (-3.0% vs last month)

EMERGING MARKETS (Soybeans):
  South Africa:
    Beginning Stocks: 475 (1000 MT) (+35.7% YoY)
    Crush: 2,000 (1000 MT) (+5.3% YoY)
    Domestic Consumption: 2,625 (1000 MT) (+4.0% YoY)
    Ending Stocks: 335 (1000 MT) (-29.5% YoY)
    Exports: 325 (1000 MT) (-27.8% YoY)
    Imports: 10 (1000 MT) (-80.0% YoY)
    Production: 2,800 (1000 MT) (-8.2% YoY)
    Total Distribution: 3,285 (1000 MT) (-4.8% YoY)
    Total Supply: 3,285 (1000 MT) (-4.8% YoY)
    Currency: ZAR/USD: 0.0597, week: -1.5%
    Weather: South Africa Free State — Dry
    Weather: South Africa Mpumalanga — Dry
    SAFEX Soybean: R8,065/MT / $481.5/MT
    SAFEX-CBOT Basis: $+37.4/MT (sub-Saharan premium)
  India:
    Beginning Stocks: 741 (1000 MT) (+12.4% YoY)
    Crush: 10,000 (1000 MT) (+2.3% YoY)
    Domestic Consumption: 11,875 (1000 MT) (+2.2% YoY)
    Ending Stocks: 541 (1000 MT) (-27.0% YoY)
    Exports: 25 (1000 MT) (+25.0% YoY)
    Imports: 200 (1000 MT) (-71.4% YoY)
    Production: 11,500 (1000 MT) (+4.3% YoY)
    Total Distribution: 12,441 (1000 MT) (+0.4% YoY)
    Total Supply: 12,441 (1000 MT) (+0.4% YoY)
    Currency: INR/USD: 0.0104, week: +0.7%
  Nigeria:
    Beginning Stocks: 222 (1000 MT) (-9.8% YoY)
    Crush: 975 (1000 MT) (+0.0% YoY)
    Domestic Consumption: 1,450 (1000 MT) (+3.6% YoY)
    Ending Stocks: 223 (1000 MT) (+0.5% YoY)
    Exports: 50 (1000 MT) (-60.0% YoY)
    Imports: 1 (1000 MT) (+0.0% YoY)
    Production: 1,500 (1000 MT) (+0.0% YoY)
    Total Distribution: 1,723 (1000 MT) (-1.4% YoY)
    Total Supply: 1,723 (1000 MT) (-1.4% YoY)
    Currency: NGN/USD: 0.0007, week: +1.4%
    Weather: Nigeria Benue — Heavy Rain
    Weather: Nigeria Kaduna — Heavy Rain
  Brazil:
    Beginning Stocks: 37,688 (1000 MT) (+0.0% YoY)
    Crush: 65,000 (1000 MT) (+5.7% YoY)
    Domestic Consumption: 69,600 (1000 MT) (+5.6% YoY)
    Ending Stocks: 36,888 (1000 MT) (-2.1% YoY)
    Exports: 118,000 (1000 MT) (+2.6% YoY)
    Imports: 800 (1000 MT) (-11.1% YoY)
    Production: 186,000 (1000 MT) (+3.3% YoY)
    Total Distribution: 224,488 (1000 MT) (+2.7% YoY)
    Total Supply: 224,488 (1000 MT) (+2.7% YoY)
    Currency: BRL/USD: 0.1953, week: -0.3%
    Weather: Brazil Mato Grosso — Dry
    Weather: Brazil Parana — Dry

CORRELATIONS:
  Cross-commodity (Close prices):
    Soybeans vs Soybean Oil: 0.78 (strong positive)
    Soybeans vs Soybean Meal: 0.87 (strong positive)
    Soybeans vs Corn: 0.88 (strong positive)
    Soybeans vs Wheat: 0.84 (strong positive)
    Soybeans vs Sugar: 0.57 (moderate positive)
    Soybeans vs Cotton: 0.65 (moderate positive)
    Soybeans vs Lean Hogs: 0.60 (moderate positive)
    Soybean Oil vs Coffee: 0.52 (moderate positive)
    Soybean Oil vs Corn: 0.76 (strong positive)
    Soybean Oil vs Wheat: 0.76 (strong positive)
    Soybean Oil vs Sugar: 0.54 (moderate positive)
    Soybean Oil vs Cotton: 0.63 (moderate positive)
    Soybean Oil vs Lean Hogs: 0.59 (moderate positive)
    Soybean Meal vs Corn: 0.67 (moderate positive)
    Soybean Meal vs Wheat: 0.68 (moderate positive)
    Coffee vs Live Cattle: 0.79 (strong positive)
    Corn vs Wheat: 0.87 (strong positive)
    Corn vs Sugar: 0.56 (moderate positive)
    Corn vs Cotton: 0.63 (moderate positive)
    Wheat vs Cotton: 0.69 (moderate positive)
  Commodity-currency:
    Soybeans vs BRL/USD: 0.24 (BRL weakening → cheaper Brazil exports → soy pressure)
    Coffee vs COP/USD: -0.02 (COP weakening → cheaper Colombia exports)
    Coffee vs BRL/USD: -0.21 (BRL weakening → cheaper Brazil exports)

SEASONAL ANALYSIS:
  Soybeans: Above seasonal (+1.4%)
  Soybean Oil: Above seasonal (+51.9%)
  Soybean Meal: Below seasonal (-12.7%)
  Coffee: Above seasonal (+96.8%)
  Corn: Above seasonal (+1.1%)
  Wheat: Above seasonal (+10.0%)
  Sugar: Below seasonal (-11.8%)
  Cotton: Above seasonal (+6.2%)
  Live Cattle: Above seasonal (+57.5%)
  Lean Hogs: Above seasonal (+11.6%)

MARKET DRIVERS:
  1. Weather premium building in Coffee: price up 2.8% this week with active weather alerts in Paraguay Chaco, Ivory Coast (Cocoa), Nigeria Benue
  2. Corn outperforming soybeans (+5.0% vs -0.9% this week): if sustained, farmers may shift acreage to corn next planting season
  3. Corn in steep contango (+7.1%): market expects adequate supply, carrying costs elevated
  4. Wheat in steep contango (+6.6%): market expects adequate supply, carrying costs elevated
  5. CONAB vs USDA divergence: CONAB estimates Brazil soybean production 5,747 1000 MT lower than USDA — USDA may revise down

SIGNALS:
  [WARNING]  Cotton bearish RSI divergence (price near high but RSI falling)
  [WARNING]  Live Cattle RSI oversold (29)
  [WARNING]  Live Cattle bullish RSI divergence (price near low but RSI rising)
  [WARNING]  Lean Hogs RSI overbought (78)
  [INFO]     Soybean Oil MACD bearish crossover (momentum turning down)
  [INFO]     Coffee volume spike (2.8x normal)
  [INFO]     Cotton volume spike (331.4x normal)","[{""date"": ""2026-07-28 00:00:00"", ""commodity"": ""Soybean Oil"", ""signal_type"": ""macd_bearish"", ""severity"": ""info"", ""description"": ""Soybean Oil MACD bearish crossover (momentum turning down)""}, {""date"": ""2026-07-28 00:00:00"", ""commodity"": ""Coffee"", ""signal_type"": ""volume_spike"", ""severity"": ""info"", ""description"": ""Coffee volume spike (2.8x normal)""}, {""date"": ""2026-07-28 00:00:00"", ""commodity"": ""Cotton"", ""signal_type"": ""volume_spike"", ""severity"": ""info"", ""description"": ""Cotton volume spike (331.4x normal)""}, {""date"": ""2026-07-28 00:00:00"", ""commodity"": ""Cotton"", ""signal_type"": ""bearish_divergence"", ""severity"": ""warning"", ""description"": ""Cotton bearish RSI divergence (price near high but RSI falling)""}, {""date"": ""2026-07-27 00:00:00"", ""commodity"": ""Live Cattle"", ""signal_type"": ""rsi_oversold"", ""severity"": ""warning"", ""description"": ""Live Cattle RSI oversold (29)""}, {""date"": ""2026-07-27 00:00:00"", ""commodity"": ""Live Cattle"", ""signal_type"": ""bullish_divergence"", ""severity"": ""warning"", ""description"": ""Live Cattle bullish RSI divergence (price near low but RSI rising)""}, {""date"": ""2026-07-27 00:00:00"", ""commodity"": ""Lean Hogs"", ""signal_type"": ""rsi_overbought"", ""severity"": ""warning"", ""description"": ""Lean Hogs RSI overbought (78)""}]","{""prices"": {""Soybeans"": {""close"": 1208.75, ""daily_pct_change"": 0.020686801820435363, ""rsi"": 55.89206648485882, ""macd_histogram"": 1.1109921502773332, ""ma_50"": 1167.995, ""ma_200"": 1128.6775, ""hv_20"": 22.9693679186814}, ""Soybean Oil"": {""close"": 69.01000213623047, ""daily_pct_change"": -3.428487237098976, ""rsi"": 38.76517216795192, ""macd_histogram"": -0.08746122624219194, ""ma_50"": 73.07980010986329, ""ma_200"": 61.87945001602173, ""hv_20"": 33.581892729303085}, ""Soybean Meal"": {""close"": 323.6000061035156, ""daily_pct_change"": 0.8728236961012215, ""rsi"": 54.44688385132558, ""macd_histogram"": 0.5621206245088954, ""ma_50"": 317.08399963378906, ""ma_200"": 311.0575, ""hv_20"": 20.963184542602114}, ""Coffee"": {""close"": 341.1499938964844, ""daily_pct_change"": 5.1147763758675024, ""rsi"": 59.362609890161146, ""macd_histogram"": -2.3781024968162345, ""ma_50"": 293.34000091552736, ""ma_200"": 330.1492502593994, ""hv_20"": 87.93536968151118}, ""Corn"": {""close"": 475.5, ""daily_pct_change"": 5.257332595462083, ""rsi"": 67.1905582385159, ""macd_histogram"": 3.3022906954335483, ""ma_50"": 436.89, ""ma_200"": 438.7275, ""hv_20"": 31.87898155735855}, ""Wheat"": {""close"": 655.0, ""daily_pct_change"": -0.7575757575757569, ""rsi"": 54.10580423670153, ""macd_histogram"": 0.8587831916338367, ""ma_50"": 621.535, ""ma_200"": 571.27875, ""hv_20"": 38.80996135278434}, ""Sugar"": {""close"": 14.59000015258789, ""daily_pct_change"": 0.06858867581731598, ""rsi"": 49.6640185404205, ""macd_histogram"": -0.045658739321833036, ""ma_50"": 14.401000022888184, ""ma_200"": 14.60395001888275, ""hv_20"": 25.73656228929524}, ""Cotton"": {""close"": 79.91000366210938, ""daily_pct_change"": 0.7184362875329864, ""rsi"": 59.075893809237414, ""macd_histogram"": 0.1922710453978368, ""ma_50"": 76.39740036010743, ""ma_200"": 69.28995010375976, ""hv_20"": 29.884408556209856}, ""Live Cattle"": {""close"": 225.22500610351562, ""daily_pct_change"": -0.8147047757742554, ""rsi"": 29.341045337070994, ""macd_histogram"": -0.4483657181616252, ""ma_50"": 244.6845004272461, ""ma_200"": 238.33512481689453, ""hv_20"": 24.42018097351876}, ""Lean Hogs"": {""close"": 102.9749984741211, ""daily_pct_change"": 0.12153621959600791, ""rsi"": 77.86559327057017, ""macd_histogram"": 0.7285867521708647, ""ma_50"": 95.9425, ""ma_200"": 89.87724998474121, ""hv_20"": 20.21413457858432}}, ""crush_spread"": {""value_cents"": 262.28003692626953, ""value_usd_mt"": 96.37138992807769}, ""cot"": {""Coffee"": {""date"": ""2026-07-21"", ""commercial_net"": -27764.0, ""noncommercial_net"": 26034.0}, ""Corn"": {""date"": ""2026-07-21"", ""commercial_net"": -81746.0, ""noncommercial_net"": 121796.0}, ""Cotton"": {""date"": ""2026-07-21"", ""commercial_net"": -108641.0, ""noncommercial_net"": 100360.0}, ""Lean Hogs"": {""date"": ""2026-07-21"", ""commercial_net"": 15465.0, ""noncommercial_net"": -13734.0}, ""Live Cattle"": {""date"": ""2026-07-21"", ""commercial_net"": -65702.0, ""noncommercial_net"": 78860.0}, ""Soybean Meal"": {""date"": ""2026-07-21"", ""commercial_net"": -127645.0, ""noncommercial_net"": 103266.0}, ""Soybean Oil"": {""date"": ""2026-07-21"", ""commercial_net"": -142415.0, ""noncommercial_net"": 132003.0}, ""Soybeans"": {""date"": ""2026-07-21"", ""commercial_net"": -127600.0, ""noncommercial_net"": 153010.0}, ""Sugar"": {""date"": ""2026-07-21"", ""commercial_net"": 41350.0, ""noncommercial_net"": -47496.0}, ""Wheat"": {""date"": ""2026-07-21"", ""commercial_net"": 19130.0, ""noncommercial_net"": -14250.0}}}",2026-07-28 13:27:37
2026-07-29,"=== Mirror Market Daily Briefing — 2026-07-29 ===
NOTE: Data is informational only and should not be used as sole basis for trading decisions.
Some data layers may be delayed or unavailable. Check Data Freshness below.

DATA HEALTH: 5 critical, 10 warnings

CRITICAL:
  [prices] Palm Oil (BMD): MISSING from prices — no rows at all
  [india_domestic_prices] Soybean (NCDEX): MISSING from india_domestic_prices — no rows at all
  [india_domestic_prices] Soybean Oil (NCDEX): MISSING from india_domestic_prices — no rows at all
  [india_domestic_prices] Soybean Meal (NCDEX): MISSING from india_domestic_prices — no rows at all
  [brazil_spot_prices] Soybean (CEPEA): MISSING from brazil_spot_prices — no rows at all

WARNINGS:
  [cot] Coffee: STALE in cot — last date is 2026-07-21 (8 days ago)
  [cot] Corn: STALE in cot — last date is 2026-07-21 (8 days ago)
  [cot] Cotton: STALE in cot — last date is 2026-07-21 (8 days ago)
  [cot] Lean Hogs: STALE in cot — last date is 2026-07-21 (8 days ago)
  [cot] Live Cattle: STALE in cot — last date is 2026-07-21 (8 days ago)
  [cot] Soybean Meal: STALE in cot — last date is 2026-07-21 (8 days ago)
  [cot] Soybean Oil: STALE in cot — last date is 2026-07-21 (8 days ago)
  [cot] Soybeans: STALE in cot — last date is 2026-07-21 (8 days ago)
  [cot] Sugar: STALE in cot — last date is 2026-07-21 (8 days ago)
  [cot] Wheat: STALE in cot — last date is 2026-07-21 (8 days ago)

PRICES:
  Note: technicals computed on yfinance front-month series; signals within ±3 trading days of contract roll may be data artifacts rather than economic moves.
  Soybeans:        444.1 USD/MT  (+0.0%)  Above 200-day MA  MACD positive  Vol 23%
  Soybean Oil:     1,521.4 USD/MT  (-3.4%)  Above 200-day MA  MACD negative  Vol 34%
  Soybean Meal:    356.7 USD/MT  (+0.9%)  Above 200-day MA  MACD positive  Vol 21%
  Coffee:          7,521.1 USD/MT  (+5.1%)  Above 200-day MA  MACD negative  Vol 88%
  Corn:            187.2 USD/MT  (+5.3%)  Above 200-day MA  MACD positive  Vol 32%
  Wheat:           240.7 USD/MT  (-0.8%)  Above 200-day MA  MACD positive  Vol 39%
  Sugar:           321.7 USD/MT  (+0.1%)  Below 200-day MA  MACD negative  Vol 26%
  Cotton:          1,761.7 USD/MT  (+0.7%)  Above 200-day MA  MACD positive  Vol 30%
  Live Cattle:     4,965.4 USD/MT  (-0.8%)  Below 200-day MA  RSI 29 (oversold)  MACD negative  Vol 24%
  Lean Hogs:       2,270.2 USD/MT  (+0.1%)  Above 200-day MA  RSI 78 (overbought)  MACD positive  Vol 20%

CRUSH SPREAD: $96.4/MT (narrowing — processors profitable, oil share 52%)

BRAZIL BASIS (Paranaguá FOB vs CBOT): $+38.0/MT (Brazilian premium)

ECONOMIC CONTEXT (FRED): No data

USDA FUNDAMENTALS: No data

CROP CONDITIONS (USDA Weekly): No data

WASDE ESTIMATES (USDA Monthly Forecasts):
  WHEAT:
    Area Planted: 43 Million Acres (2026-07-15)
    Area Harvested: 32 Million Acres (2026-07-15)
    Yield per Harvested Acre: 48 Bushels (2026-07-15)
    Beginning Stocks: 920 Million Bushels (revised DOWN -15 vs prior month)
    Production: 1,536 Million Bushels (revised DOWN -7 vs prior month)
    Imports: 140 Million Bushels (revised DOWN +0 vs prior month)
    Supply, Total: 2,596 Million Bushels (revised DOWN -22 vs prior month)
    Food: 960 Million Bushels (revised DOWN +0 vs prior month)
    Seed: 59 Million Bushels (revised DOWN +0 vs prior month)
    Feed and Residual: 80 Million Bushels (revised DOWN +0 vs prior month)
    Domestic, Total: 1,099 Million Bushels (revised DOWN +0 vs prior month)
    Exports: 775 Million Bushels (revised DOWN +0 vs prior month)
    Use, Total: 1,874 Million Bushels (revised DOWN +0 vs prior month)
    Ending Stocks: 722 Million Bushels (revised DOWN -22 vs prior month)
    Avg. Farm Price ($/bu): 6 $/bu (revised DOWN +0 vs prior month)
  CORN:
    Area Planted: 99 Million Acres (2026-07-15)
    Area Harvested: 91 Million Acres (2026-07-15)
    Yield per Harvested Acre: 186 Bushels (2026-07-15)
    Beginning Stocks: 2,020 Million Bushels (revised DOWN -125 vs prior month)
    Production: 16,000 Million Bushels (revised UP +5 vs prior month)
    Imports: 25 Million Bushels (revised DOWN +0 vs prior month)
    Supply, Total: 18,045 Million Bushels (revised DOWN -120 vs prior month)
    Feed and Residual: 6,100 Million Bushels (revised DOWN +0 vs prior month)
    Food, Seed & Industrial: 6,955 Million Bushels (revised DOWN +0 vs prior month)
    Ethanol & by-products: 5,600 Million Bushels (revised DOWN +0 vs prior month)
    Domestic, Total: 13,055 Million Bushels (revised DOWN +0 vs prior month)
    Exports: 3,200 Million Bushels (revised UP +50 vs prior month)
    Use, Total: 16,255 Million Bushels (revised UP +50 vs prior month)
    Ending Stocks: 1,790 Million Bushels (revised DOWN -170 vs prior month)
    Avg. Farm Price ($/bu): 4 $/bu (revised DOWN +0 vs prior month)
  SOYBEANS:
    Area Planted: 81 Million Acres (2026-07-15)
    Area Harvested: 80 Million Acres (2026-07-15)
    Yield per Harvested Acre: 53 Bushels (2026-07-15)
    Beginning Stocks: 330 Million Bushels (revised DOWN -10 vs prior month)
    Production: 4,475 Million Bushels (revised UP +40 vs prior month)
    Imports: 25 Million Bushels (revised DOWN +0 vs prior month)
    Supply, Total: 4,830 Million Bushels (revised UP +30 vs prior month)
    Crushings: 2,750 Million Bushels (revised DOWN +0 vs prior month)
    Exports: 1,660 Million Bushels (revised UP +30 vs prior month)
    Seed: 72 Million Bushels (revised DOWN +0 vs prior month)
    Residual: 38 Million Bushels (revised DOWN +0 vs prior month)
    Use, Total: 4,520 Million Bushels (revised UP +30 vs prior month)
    Ending Stocks: 310 Million Bushels (revised DOWN +0 vs prior month)
    Avg. Farm Price ($/bu): 11 $/bu (revised DOWN +0 vs prior month)
  SOYBEAN_OIL:
    Beginning Stocks: 1,837 Million Pounds (revised DOWN +0 vs prior month)
    Production: 32,590 Million Pounds (revised DOWN +0 vs prior month)
    Imports: 600 Million Pounds (revised DOWN +0 vs prior month)
    Supply, Total: 35,027 Million Pounds (revised DOWN +0 vs prior month)
    Domestic Disappearance: 32,750 Million Pounds (revised DOWN +0 vs prior month)
    Biofuel: 17,800 Million Pounds (revised DOWN +0 vs prior month)
    Food, Feed & other Industrial: 14,950 Million Pounds (revised DOWN +0 vs prior month)
    Exports: 400 Million Pounds (revised DOWN +0 vs prior month)
    Use, Total: 33,150 Million Pounds (revised DOWN +0 vs prior month)
    Ending stocks: 1,877 Million Pounds (revised DOWN +0 vs prior month)
    Avg. Price (c/lb): 70 c/lb (revised DOWN +0 vs prior month)
  SOYBEAN_MEAL:
    Beginning Stocks: 450 Thousand Short Tons (revised DOWN +0 vs prior month)
    Production: 64,985 Thousand Short Tons (revised DOWN -40 vs prior month)
    Imports: 840 Thousand Short Tons (revised UP +40 vs prior month)
    Supply, Total: 66,275 Thousand Short Tons (revised DOWN +0 vs prior month)
    Domestic Disappearance: 43,825 Thousand Short Tons (revised DOWN -300 vs prior month)
    Exports: 22,000 Thousand Short Tons (revised UP +300 vs prior month)
    Use, Total: 65,825 Thousand Short Tons (revised DOWN +0 vs prior month)
    Ending Stocks: 450 Thousand Short Tons (revised DOWN +0 vs prior month)
    Avg. Price ($/s.t.): 310 $/s.t. (revised DOWN +0 vs prior month)
  COTTON:
    Planted: 9 Million Acres (2026-07-15)
    Harvested: 8 Million Acres (2026-07-15)
    Yield per Harvested Acre: 852 Pounds (2026-07-15)
    Beginning Stocks: 4 Million 480 Pound Bales (revised DOWN +0 vs prior month)
    Production: 14 Million 480 Pound Bales (revised UP +0 vs prior month)
    Imports: 0 Million 480 Pound Bales (revised DOWN +0 vs prior month)
    Supply, Total: 18 Million 480 Pound Bales (revised UP +0 vs prior month)
    Domestic Use: 2 Million 480 Pound Bales (revised DOWN +0 vs prior month)
    Exports, Total: 12 Million 480 Pound Bales (revised DOWN +0 vs prior month)
    Use, Total: 14 Million 480 Pound Bales (revised DOWN +0 vs prior month)
    Unaccounted: -0 Million 480 Pound Bales (revised DOWN +0 vs prior month)
    Ending Stocks: 4 Million 480 Pound Bales (revised UP +0 vs prior month)
    Avg. Farm Price: 73  (revised DOWN +0 vs prior month)

STOCKS-TO-USE (US balance sheet, source: PSD):
  Soybeans: 6.4% (MY 2026) | prior 5-yr range: 5.8%–7.7%
  Corn: 9.9% (MY 2026) | prior 5-yr range: 8.5%–10.9%
  Wheat: 27.8% (MY 2026) | prior 5-yr range: 23.3%–31.0%
  Cotton: 22.9% (MY 2026) | prior 5-yr range: 18.8%–24.4%

EXPORT SALES (USDA Weekly): No data (set FAS_API_KEY to enable)

EXPORT INSPECTIONS (USDA Weekly):
  Corn: Inspected: 1,488,028 MT (w/e 07/23)
  Soybeans: Inspected: 348,850 MT (w/e 07/23)
  Wheat: Inspected: 394,785 MT (w/e 07/23)

DCE CHINESE FUTURES:
  DCE Soybean: CNY 4,697 | vs CBOT 1,208.75 USD (as of 2026-07-28)
  DCE Soybean Meal: CNY 3,101 | vs CBOT 323.60 USD (as of 2026-07-28)
  DCE Soybean Oil: CNY 8,419 | vs CBOT 69.01 USD (as of 2026-07-28)
  DCE Palm Oil: CNY 9,312 (as of 2026-07-28)
  DCE Corn: CNY 2,266 (as of 2026-07-28)

FORWARD CURVE:
  Soybeans: Contango: Aug 2026 1205.00 → May 2027 1229.75 (+24.75, +2.1%) — adequate supply / carrying costs priced in
  Soybean Oil: Backwardation: Aug 2026 70.91 → Mar 2027 68.53 (-2.38, -3.4%) — tight supply / strong nearby demand
  Soybean Meal: Mild Contango: Aug 2026 320.20 → Mar 2027 328.80 (+8.60, +2.7%) — adequate supply / carrying costs priced in
  Corn: Contango: Sep 2026 453.50 → Sep 2027 485.50 (+32.00, +7.1%) — adequate supply / carrying costs priced in
  Wheat: Contango: Sep 2026 655.00 → Sep 2027 698.25 (+43.25, +6.6%) — adequate supply / carrying costs priced in
  Coffee: Backwardation: Sep 2026 340.65 → Sep 2027 303.00 (-37.65, -11.1%) — tight supply / strong nearby demand
  Sugar: Contango: Oct 2026 14.58 → Mar 2028 16.25 (+1.67, +11.5%) — adequate supply / carrying costs priced in
  Cotton: Mild Contango: Oct 2026 79.34 → Oct 2027 79.91 (+0.57, +0.7%) — adequate supply / carrying costs priced in
  Live Cattle: Mild Backwardation: Aug 2026 225.23 → Jun 2027 211.82 (-13.40, -5.9%) — tight supply / strong nearby demand
  Lean Hogs: Mild Contango: Aug 2026 102.97 → May 2027 89.38 (-13.60, -13.2%) — adequate supply / carrying costs priced in

BIOFUEL & ENERGY (EIA): No data (set EIA_API_KEY to enable)

BRAZIL CROP ESTIMATES (CONAB):
  Cotton (2025/26):
    Production: 3,978 1000 MT (vs USDA 18,000 — gap: -14,022)
    Area: 2,020 1000 HA
    Yield: 1,969 KG/HA
  Corn (2025/26):
    Production: 140,463 1000 MT (vs USDA 139,000 — gap: +1,463)
    Area: 22,582 1000 HA
    Yield: 6,220 KG/HA
  Soybeans (2025/26):
    Production: 180,253 1000 MT (vs USDA 186,000 — gap: -5,747)
    Area: 48,563 1000 HA
    Yield: 3,712 KG/HA
  Wheat (2025):
    Production: 6,297 1000 MT (vs USDA 6,700 — gap: -403)
    Area: 2,117 1000 HA
    Yield: 2,974 KG/HA

CURRENCIES:
  BRL/USD: 0.1953 (Real weakening — Brazil exports cheaper)
  ARS/USD: 0.0007 (Peso weakening)
  COP/USD: 0.0003 
  PYG/USD: 0.0002 
  CNY/USD: 0.1479 (Yuan stable)
  IDR/USD: 0.0001 (Rupiah weakening)
  MYR/USD: 0.2445 (Ringgit weakening)
  VND/USD: 0.0000 
  INR/USD: 0.0104 
  THB/USD: 0.0298 
  ETB/USD: 0.0063 
  ZAR/USD: 0.0597 
  NGN/USD: 0.0007 

COT POSITIONING:
  Soybeans: Commercials net short 127,600, -0.7σ vs 3yr, Specs net long 153,010, +0.7σ vs 3yr
  Soybean Oil: Commercials net short 142,415, -1.3σ vs 3yr, Specs net long 132,003, +1.3σ vs 3yr
  Soybean Meal: Commercials net short 127,645, -1.5σ vs 3yr, Specs net long 103,266, +1.4σ vs 3yr
  Coffee: Commercials net short 27,764, +0.5σ vs 3yr, Specs net long 26,034, -0.6σ vs 3yr
  Corn: Commercials net short 81,746, -0.4σ vs 3yr, Specs net long 121,796, +0.3σ vs 3yr
  Wheat: Commercials net long 19,130, -1.6σ vs 3yr, Specs net short 14,250, +1.7σ vs 3yr
  Sugar: Commercials net long 41,350, -0.5σ vs 3yr, Specs net short 47,496, +0.5σ vs 3yr
  Cotton: Commercials net short 108,641, -2.1σ vs 3yr, Specs net long 100,360, +2.2σ vs 3yr
  Live Cattle: Commercials net short 65,702, +3.6σ vs 3yr, Specs net long 78,860, -3.4σ vs 3yr
  Lean Hogs: Commercials net long 15,465, +2.1σ vs 3yr, Specs net short 13,734, -2.2σ vs 3yr

WEATHER ALERTS:
  US Midwest (Iowa): Dry conditions — watch soil moisture [-0.3σ vs 90d]
  US Illinois: Dry conditions — watch soil moisture [-0.2σ vs 90d]
  Brazil Mato Grosso: Dry conditions — watch soil moisture [-0.3σ vs 90d]
  Brazil Parana: Dry conditions — watch soil moisture [-0.4σ vs 90d]
  Brazil Minas Gerais: Dry conditions — watch soil moisture [-0.2σ vs 90d]
  Argentina Pampas: Dry conditions — watch soil moisture [-0.2σ vs 90d]
  Argentina Cordoba: Dry conditions — watch soil moisture [-0.4σ vs 90d]
  Paraguay Chaco: Heavy rain (25mm) — harvest delays possible [+10.3σ vs 90d]
  Ivory Coast (Cocoa): Heavy rain (28mm) — harvest delays possible [+2.8σ vs 90d]
  China Heilongjiang: Dry conditions — watch soil moisture [-0.8σ vs 90d]
  South Africa Free State: Dry conditions — watch soil moisture [-0.3σ vs 90d]
  South Africa Mpumalanga: Dry conditions — watch soil moisture [-0.2σ vs 90d]
  Nigeria Benue: Heavy rain (26mm) — harvest delays possible [+2.2σ vs 90d]
  Nigeria Kaduna: Heavy rain (25mm) — harvest delays possible [+4.3σ vs 90d]

GLOBAL SUPPLY (USDA PSD):
  Brazil soybeans production: 186,000 (1000 MT)
  China soybeans imports: 115,000 (1000 MT)
  United States soybeans production: 121,790 (1000 MT)
  Indonesia palm oil production: 47,500 (1000 MT)

WORLD PRICES (World Bank Monthly):
  Coffee Arabica: 8.40 cents/lb (-7.1% vs last month)
  Coffee Robusta: $4/mt (-11.3% vs last month)
  Palm Oil: $981/mt (-0.3% vs last month)
  Soybeans: $440/mt (-1.3% vs last month)
  Soybean Oil: $1,119/mt (-0.8% vs last month)
  Soybean Meal: $399/mt (-3.0% vs last month)

EMERGING MARKETS (Soybeans):
  South Africa:
    Beginning Stocks: 475 (1000 MT) (+35.7% YoY)
    Crush: 2,000 (1000 MT) (+5.3% YoY)
    Domestic Consumption: 2,625 (1000 MT) (+4.0% YoY)
    Ending Stocks: 335 (1000 MT) (-29.5% YoY)
    Exports: 325 (1000 MT) (-27.8% YoY)
    Imports: 10 (1000 MT) (-80.0% YoY)
    Production: 2,800 (1000 MT) (-8.2% YoY)
    Total Distribution: 3,285 (1000 MT) (-4.8% YoY)
    Total Supply: 3,285 (1000 MT) (-4.8% YoY)
    Currency: ZAR/USD: 0.0597, week: -1.5%
    Weather: South Africa Free State — Dry
    Weather: South Africa Mpumalanga — Dry
    SAFEX Soybean: R8,065/MT / $481.5/MT
    SAFEX-CBOT Basis: $+37.4/MT (sub-Saharan premium)
  India:
    Beginning Stocks: 741 (1000 MT) (+12.4% YoY)
    Crush: 10,000 (1000 MT) (+2.3% YoY)
    Domestic Consumption: 11,875 (1000 MT) (+2.2% YoY)
    Ending Stocks: 541 (1000 MT) (-27.0% YoY)
    Exports: 25 (1000 MT) (+25.0% YoY)
    Imports: 200 (1000 MT) (-71.4% YoY)
    Production: 11,500 (1000 MT) (+4.3% YoY)
    Total Distribution: 12,441 (1000 MT) (+0.4% YoY)
    Total Supply: 12,441 (1000 MT) (+0.4% YoY)
    Currency: INR/USD: 0.0104, week: +0.7%
  Nigeria:
    Beginning Stocks: 222 (1000 MT) (-9.8% YoY)
    Crush: 975 (1000 MT) (+0.0% YoY)
    Domestic Consumption: 1,450 (1000 MT) (+3.6% YoY)
    Ending Stocks: 223 (1000 MT) (+0.5% YoY)
    Exports: 50 (1000 MT) (-60.0% YoY)
    Imports: 1 (1000 MT) (+0.0% YoY)
    Production: 1,500 (1000 MT) (+0.0% YoY)
    Total Distribution: 1,723 (1000 MT) (-1.4% YoY)
    Total Supply: 1,723 (1000 MT) (-1.4% YoY)
    Currency: NGN/USD: 0.0007, week: +1.4%
    Weather: Nigeria Benue — Heavy Rain
    Weather: Nigeria Kaduna — Heavy Rain
  Brazil:
    Beginning Stocks: 37,688 (1000 MT) (+0.0% YoY)
    Crush: 65,000 (1000 MT) (+5.7% YoY)
    Domestic Consumption: 69,600 (1000 MT) (+5.6% YoY)
    Ending Stocks: 36,888 (1000 MT) (-2.1% YoY)
    Exports: 118,000 (1000 MT) (+2.6% YoY)
    Imports: 800 (1000 MT) (-11.1% YoY)
    Production: 186,000 (1000 MT) (+3.3% YoY)
    Total Distribution: 224,488 (1000 MT) (+2.7% YoY)
    Total Supply: 224,488 (1000 MT) (+2.7% YoY)
    Currency: BRL/USD: 0.1953, week: -0.3%
    Weather: Brazil Mato Grosso — Dry
    Weather: Brazil Parana — Dry

CORRELATIONS:
  Cross-commodity (Close prices):
    Soybeans vs Soybean Oil: 0.78 (strong positive)
    Soybeans vs Soybean Meal: 0.87 (strong positive)
    Soybeans vs Corn: 0.88 (strong positive)
    Soybeans vs Wheat: 0.84 (strong positive)
    Soybeans vs Sugar: 0.57 (moderate positive)
    Soybeans vs Cotton: 0.65 (moderate positive)
    Soybeans vs Lean Hogs: 0.60 (moderate positive)
    Soybean Oil vs Coffee: 0.52 (moderate positive)
    Soybean Oil vs Corn: 0.76 (strong positive)
    Soybean Oil vs Wheat: 0.76 (strong positive)
    Soybean Oil vs Sugar: 0.54 (moderate positive)
    Soybean Oil vs Cotton: 0.63 (moderate positive)
    Soybean Oil vs Lean Hogs: 0.59 (moderate positive)
    Soybean Meal vs Corn: 0.67 (moderate positive)
    Soybean Meal vs Wheat: 0.68 (moderate positive)
    Coffee vs Live Cattle: 0.79 (strong positive)
    Corn vs Wheat: 0.87 (strong positive)
    Corn vs Sugar: 0.56 (moderate positive)
    Corn vs Cotton: 0.63 (moderate positive)
    Wheat vs Cotton: 0.69 (moderate positive)
  Commodity-currency:
    Soybeans vs BRL/USD: 0.24 (BRL weakening → cheaper Brazil exports → soy pressure)
    Coffee vs COP/USD: -0.02 (COP weakening → cheaper Colombia exports)
    Coffee vs BRL/USD: -0.21 (BRL weakening → cheaper Brazil exports)

SEASONAL ANALYSIS:
  Soybeans: Above seasonal (+1.4%)
  Soybean Oil: Above seasonal (+51.9%)
  Soybean Meal: Below seasonal (-12.7%)
  Coffee: Above seasonal (+96.8%)
  Corn: Above seasonal (+1.1%)
  Wheat: Above seasonal (+10.0%)
  Sugar: Below seasonal (-11.8%)
  Cotton: Above seasonal (+6.2%)
  Live Cattle: Above seasonal (+57.5%)
  Lean Hogs: Above seasonal (+11.6%)

MARKET DRIVERS:
  1. Weather premium building in Coffee: price up 2.8% this week with active weather alerts in Paraguay Chaco, Ivory Coast (Cocoa), Nigeria Benue
  2. Corn outperforming soybeans (+5.0% vs -0.9% this week): if sustained, farmers may shift acreage to corn next planting season
  3. Corn in steep contango (+7.1%): market expects adequate supply, carrying costs elevated
  4. Wheat in steep contango (+6.6%): market expects adequate supply, carrying costs elevated
  5. CONAB vs USDA divergence: CONAB estimates Brazil soybean production 5,747 1000 MT lower than USDA — USDA may revise down

SIGNALS:
  [WARNING]  Cotton bearish RSI divergence (price near high but RSI falling)
  [WARNING]  Live Cattle RSI oversold (29)
  [WARNING]  Live Cattle bullish RSI divergence (price near low but RSI rising)
  [WARNING]  Lean Hogs RSI overbought (78)
  [INFO]     Soybean Oil MACD bearish crossover (momentum turning down)
  [INFO]     Coffee volume spike (2.8x normal)
  [INFO]     Cotton volume spike (331.4x normal)","[{""date"": ""2026-07-28 00:00:00"", ""commodity"": ""Soybean Oil"", ""signal_type"": ""macd_bearish"", ""severity"": ""info"", ""description"": ""Soybean Oil MACD bearish crossover (momentum turning down)""}, {""date"": ""2026-07-28 00:00:00"", ""commodity"": ""Coffee"", ""signal_type"": ""volume_spike"", ""severity"": ""info"", ""description"": ""Coffee volume spike (2.8x normal)""}, {""date"": ""2026-07-28 00:00:00"", ""commodity"": ""Cotton"", ""signal_type"": ""volume_spike"", ""severity"": ""info"", ""description"": ""Cotton volume spike (331.4x normal)""}, {""date"": ""2026-07-28 00:00:00"", ""commodity"": ""Cotton"", ""signal_type"": ""bearish_divergence"", ""severity"": ""warning"", ""description"": ""Cotton bearish RSI divergence (price near high but RSI falling)""}, {""date"": ""2026-07-27 00:00:00"", ""commodity"": ""Live Cattle"", ""signal_type"": ""rsi_oversold"", ""severity"": ""warning"", ""description"": ""Live Cattle RSI oversold (29)""}, {""date"": ""2026-07-27 00:00:00"", ""commodity"": ""Live Cattle"", ""signal_type"": ""bullish_divergence"", ""severity"": ""warning"", ""description"": ""Live Cattle bullish RSI divergence (price near low but RSI rising)""}, {""date"": ""2026-07-27 00:00:00"", ""commodity"": ""Lean Hogs"", ""signal_type"": ""rsi_overbought"", ""severity"": ""warning"", ""description"": ""Lean Hogs RSI overbought (78)""}]","{""schema_version"": 2, ""prices"": {""Soybeans"": {""close"": 1208.75, ""daily_pct_change"": 0.020686801820435363, ""weekly_pct_change"": -0.88150881508815, ""rsi"": 55.89206648485882, ""macd"": 19.847097623366608, ""macd_signal"": 18.736105473089275, ""macd_histogram"": 1.1109921502773332, ""ma_20"": 1195.8625, ""ma_50"": 1167.995, ""ma_200"": 1128.6775, ""bb_upper"": 1266.3038669956168, ""bb_middle"": 1195.8625, ""bb_lower"": 1125.4211330043831, ""bb_width"": 11.780847212052693, ""hv_20"": 22.9693679186814, ""hv_60"": 20.057188352660457, ""close_usd_mt"": 444.1394737499999}, ""Soybean Oil"": {""close"": 69.01000213623047, ""daily_pct_change"": -3.428487237098976, ""weekly_pct_change"": -7.119785596566263, ""rsi"": 38.76517216795192, ""macd"": 0.19377809016344827, ""macd_signal"": 0.2812393164056402, ""macd_histogram"": -0.08746122624219194, ""ma_20"": 71.57199974060059, ""ma_50"": 73.07980010986329, ""ma_200"": 61.87945001602173, ""bb_upper"": 77.49661014216129, ""bb_middle"": 71.57199974060059, ""bb_lower"": 65.64738933903989, ""bb_width"": 16.555665408353402, ""hv_20"": 33.581892729303085, ""hv_60"": 27.739749232804478, ""close_usd_mt"": 1521.408309095764}, ""Soybean Meal"": {""close"": 323.6000061035156, ""daily_pct_change"": 0.8728236961012215, ""weekly_pct_change"": -0.948884599842359, ""rsi"": 54.44688385132558, ""macd"": 3.7239594100101954, ""macd_signal"": 3.1618387855013, ""macd_histogram"": 0.5621206245088954, ""ma_20"": 319.76500091552737, ""ma_50"": 317.08399963378906, ""ma_200"": 311.0575, ""bb_upper"": 334.8616350303704, ""bb_middle"": 319.76500091552737, ""bb_lower"": 304.66836680068434, ""bb_width"": 9.442330506227679, ""hv_20"": 20.963184542602114, ""hv_60"": 19.042151508506716, ""close_usd_mt"": 356.70784471030237}, ""Coffee"": {""close"": 341.1499938964844, ""daily_pct_change"": 5.1147763758675024, ""weekly_pct_change"": 2.7714961142147, ""rsi"": 59.362609890161146, ""macd"": 8.291598087166108, ""macd_signal"": 10.669700583982342, ""macd_histogram"": -2.3781024968162345, ""ma_20"": 330.2800003051758, ""ma_50"": 293.34000091552736, ""ma_200"": 330.1492502593994, ""bb_upper"": 359.28351907131446, ""bb_middle"": 330.2800003051758, ""bb_lower"": 301.27648153903715, ""bb_width"": 17.562988215659235, ""hv_20"": 87.93536968151118, ""hv_60"": 56.51578158695676, ""close_usd_mt"": 7521.060995440674}, ""Corn"": {""close"": 475.5, ""daily_pct_change"": 5.257332595462083, ""weekly_pct_change"": 5.024848150193262, ""rsi"": 67.1905582385159, ""macd"": 9.645305109427397, ""macd_signal"": 6.343014413993849, ""macd_histogram"": 3.3022906954335483, ""ma_20"": 443.375, ""ma_50"": 436.89, ""ma_200"": 438.7275, ""bb_upper"": 474.8762531079677, ""bb_middle"": 443.375, ""bb_lower"": 411.8737468920323, ""bb_width"": 14.209756124259476, ""hv_20"": 31.87898155735855, ""hv_60"": 28.009252782170424, ""close_usd_mt"": 187.19484000000003}, ""Wheat"": {""close"": 655.0, ""daily_pct_change"": -0.7575757575757569, ""weekly_pct_change"": -3.392330383480824, ""rsi"": 54.10580423670153, ""macd"": 19.412351543448835, ""macd_signal"": 18.553568351815, ""macd_histogram"": 0.8587831916338367, ""ma_20"": 643.075, ""ma_50"": 621.535, ""ma_200"": 571.27875, ""bb_upper"": 721.9501678620343, ""bb_middle"": 643.075, ""bb_lower"": 564.1998321379658, ""bb_width"": 24.530627955381323, ""hv_20"": 38.80996135278434, ""hv_60"": 33.7697005683172, ""close_usd_mt"": 240.67123499999997}, ""Sugar"": {""close"": 14.59000015258789, ""daily_pct_change"": 0.06858867581731598, ""weekly_pct_change"": -1.948924459829704, ""rsi"": 49.6640185404205, ""macd"": 0.09236188859695638, ""macd_signal"": 0.1380206279187894, ""macd_histogram"": -0.045658739321833036, ""ma_20"": 14.82350001335144, ""ma_50"": 14.401000022888184, ""ma_200"": 14.60395001888275, ""bb_upper"": 15.280919643359928, ""bb_middle"": 14.82350001335144, ""bb_lower"": 14.366080383342952, ""bb_width"": 6.171546930164841, ""hv_20"": 25.73656228929524, ""hv_60"": 25.749436287304757, ""close_usd_mt"": 321.65406136398315}, ""Cotton"": {""close"": 79.91000366210938, ""daily_pct_change"": 0.7184362875329864, ""weekly_pct_change"": 1.2031466421629444, ""rsi"": 59.075893809237414, ""macd"": 1.1173029386446842, ""macd_signal"": 0.9250318932468474, ""macd_histogram"": 0.1922710453978368, ""ma_20"": 77.49200019836425, ""ma_50"": 76.39740036010743, ""ma_200"": 69.28995010375976, ""bb_upper"": 82.82675840927621, ""bb_middle"": 77.49200019836425, ""bb_lower"": 72.1572419874523, ""bb_width"": 13.768539196964918, ""hv_20"": 29.884408556209856, ""hv_60"": 31.583777348975296, ""close_usd_mt"": 1761.7119227355956}, ""Live Cattle"": {""close"": 225.22500610351562, ""daily_pct_change"": -0.8147047757742554, ""weekly_pct_change"": -0.5738827184618822, ""rsi"": 29.341045337070994, ""macd"": -6.408011573044831, ""macd_signal"": -5.959645854883206, ""macd_histogram"": -0.4483657181616252, ""ma_20"": 234.20625076293945, ""ma_50"": 244.6845004272461, ""ma_200"": 238.33512481689453, ""bb_upper"": 254.04513002956054, ""bb_middle"": 234.20625076293945, ""bb_lower"": 214.36737149631836, ""bb_width"": 16.941374708825983, ""hv_20"": 24.42018097351876, ""hv_60"": 18.419018249283415, ""close_usd_mt"": 4965.355529559326}, ""Lean Hogs"": {""close"": 102.9749984741211, ""daily_pct_change"": 0.12153621959600791, ""weekly_pct_change"": 1.6785948384387739, ""rsi"": 77.86559327057017, ""macd"": 2.250026999800255, ""macd_signal"": 1.5214402476293905, ""macd_histogram"": 0.7285867521708647, ""ma_20"": 97.24624938964844, ""ma_50"": 95.9425, ""ma_200"": 89.87724998474121, ""bb_upper"": 104.95902656893564, ""bb_middle"": 97.24624938964844, ""bb_lower"": 89.53347221036124, ""bb_width"": 15.862364312650195, ""hv_20"": 20.21413457858432, ""hv_60"": 26.724469503115994, ""close_usd_mt"": 2270.2074113601684}}, ""crush_spread"": {""value_cents"": 262.28003692626953, ""value_usd_mt"": 96.37138992807769, ""oil_value_share"": 0.5160397846700006, ""chg_5d_cents"": -54.26002349853525}, ""brazil_basis"": {""paranagua_fob"": {""basis_usd_mt"": 37.998611166999865, ""basis_pct"": 0.08557328071627299, ""spot_usd_mt"": 482.0462256669998, ""cbot_usd_mt"": 444.04761449999995, ""brl_usd"": 0.19675356149673462}, ""cepea_parana"": null, ""port_farm_wedge_usd_mt"": null}, ""economic"": {}, ""yield_curve"": null, ""usda"": {}, ""crop_progress"": {}, ""wasde"": {""CORN"": {""Area Harvested"": {""value"": 91.3, ""unit"": ""Million Acres"", ""marketing_year"": ""2025/26"", ""reference_period"": ""2026-07-15"", ""mom_revision"": null}, ""Area Planted"": {""value"": 98.8, ""unit"": ""Million Acres"", ""marketing_year"": ""2025/26"", ""reference_period"": ""2026-07-15"", ""mom_revision"": null}, ""Avg. Farm Price ($/bu)"": {""value"": 4.4, ""unit"": ""$/bu"", ""marketing_year"": ""2026/27"", ""reference_period"": ""2026-07-15"", ""mom_revision"": 0.0}, ""Beginning Stocks"": {""value"": 2020.0, ""unit"": ""Million Bushels"", ""marketing_year"": ""2026/27"", ""reference_period"": ""2026-07-15"", ""mom_revision"": -125.0}, ""Domestic, Total"": {""value"": 13055.0, ""unit"": ""Million Bushels"", ""marketing_year"": ""2026/27"", ""reference_period"": ""2026-07-15"", ""mom_revision"": 0.0}, ""Ending Stocks"": {""value"": 1790.0, ""unit"": ""Million Bushels"", ""marketing_year"": ""2026/27"", ""reference_period"": ""2026-07-15"", ""mom_revision"": -170.0}, ""Ethanol & by-products"": {""value"": 5600.0, ""unit"": ""Million Bushels"", ""marketing_year"": ""2026/27"", ""reference_period"": ""2026-07-15"", ""mom_revision"": 0.0}, ""Exports"": {""value"": 3200.0, ""unit"": ""Million Bushels"", ""marketing_year"": ""2026/27"", ""reference_period"": ""2026-07-15"", ""mom_revision"": 50.0}, ""Feed and Residual"": {""value"": 6100.0, ""unit"": ""Million Bushels"", ""marketing_year"": ""2026/27"", ""reference_period"": ""2026-07-15"", ""mom_revision"": 0.0}, ""Food, Seed & Industrial"": {""value"": 6955.0, ""unit"": ""Million Bushels"", ""marketing_year"": ""2026/27"", ""reference_period"": ""2026-07-15"", ""mom_revision"": 0.0}, ""Imports"": {""value"": 25.0, ""unit"": ""Million Bushels"", ""marketing_year"": ""2026/27"", ""reference_period"": ""2026-07-15"", ""mom_revision"": 0.0}, ""Production"": {""value"": 16000.0, ""unit"": ""Million Bushels"", ""marketing_year"": ""2026/27"", ""reference_period"": ""2026-07-15"", ""mom_revision"": 5.0}, ""Supply, Total"": {""value"": 18045.0, ""unit"": ""Million Bushels"", ""marketing_year"": ""2026/27"", ""reference_period"": ""2026-07-15"", ""mom_revision"": -120.0}, ""Use, Total"": {""value"": 16255.0, ""unit"": ""Million Bushels"", ""marketing_year"": ""2026/27"", ""reference_period"": ""2026-07-15"", ""mom_revision"": 50.0}, ""Yield per Harvested Acre"": {""value"": 186.5, ""unit"": ""Bushels"", ""marketing_year"": ""2025/26"", ""reference_period"": ""2026-07-15"", ""mom_revision"": null}}, ""COTTON"": {""Avg. Farm Price"": {""value"": 73.0, ""unit"": null, ""marketing_year"": ""2026/27"", ""reference_period"": ""2026-07-15"", ""mom_revision"": 0.0}, ""Beginning Stocks"": {""value"": 4.2, ""unit"": ""Million 480 Pound Bales"", ""marketing_year"": ""2026/27"", ""reference_period"": ""2026-07-15"", ""mom_revision"": 0.0}, ""Domestic Use"": {""value"": 1.6, ""unit"": ""Million 480 Pound Bales"", ""marketing_year"": ""2026/27"", ""reference_period"": ""2026-07-15"", ""mom_revision"": 0.0}, ""Ending Stocks"": {""value"": 4.1, ""unit"": ""Million 480 Pound Bales"", ""marketing_year"": ""2026/27"", ""reference_period"": ""2026-07-15"", ""mom_revision"": 0.39999999999999947}, ""Exports, Total"": {""value"": 12.3, ""unit"": ""Million 480 Pound Bales"", ""marketing_year"": ""2026/27"", ""reference_period"": ""2026-07-15"", ""mom_revision"": 0.0}, ""Harvested"": {""value"": 7.83, ""unit"": ""Million Acres"", ""marketing_year"": ""2025/26"", ""reference_period"": ""2026-07-15"", ""mom_revision"": null}, ""Imports"": {""value"": 0.01, ""unit"": ""Million 480 Pound Bales"", ""marketing_year"": ""2026/27"", ""reference_period"": ""2026-07-15"", ""mom_revision"": 0.0}, ""Planted"": {""value"": 9.28, ""unit"": ""Million Acres"", ""marketing_year"": ""2025/26"", ""reference_period"": ""2026-07-15"", ""mom_revision"": null}, ""Production"": {""value"": 13.7, ""unit"": ""Million 480 Pound Bales"", ""marketing_year"": ""2026/27"", ""reference_period"": ""2026-07-15"", ""mom_revision"": 0.3999999999999986}, ""Supply, Total"": {""value"": 17.91, ""unit"": ""Million 480 Pound Bales"", ""marketing_year"": ""2026/27"", ""reference_period"": ""2026-07-15"", ""mom_revision"": 0.3999999999999986}, ""Unaccounted"": {""value"": -0.1, ""unit"": ""Million 480 Pound Bales"", ""marketing_year"": ""2026/27"", ""reference_period"": ""2026-07-15"", ""mom_revision"": 0.0}, ""Use, Total"": {""value"": 13.9, ""unit"": ""Million 480 Pound Bales"", ""marketing_year"": ""2026/27"", ""reference_period"": ""2026-07-15"", ""mom_revision"": 0.0}, ""Yield per Harvested Acre"": {""value"": 852.0, ""unit"": ""Pounds"", ""marketing_year"": ""2025/26"", ""reference_period"": ""2026-07-15"", ""mom_revision"": null}}, ""SOYBEANS"": {""Area Harvested"": {""value"": 80.4, ""unit"": ""Million Acres"", ""marketing_year"": ""2025/26"", ""reference_period"": ""2026-07-15"", ""mom_revision"": null}, ""Area Planted"": {""value"": 81.2, ""unit"": ""Million Acres"", ""marketing_year"": ""2025/26"", ""reference_period"": ""2026-07-15"", ""mom_revision"": null}, ""Avg. Farm Price ($/bu)"": {""value"": 11.4, ""unit"": ""$/bu"", ""marketing_year"": ""2026/27"", ""reference_period"": ""2026-07-15"", ""mom_revision"": 0.0}, ""Beginning Stocks"": {""value"": 330.0, ""unit"": ""Million Bushels"", ""marketing_year"": ""2026/27"", ""reference_period"": ""2026-07-15"", ""mom_revision"": -10.0}, ""Crushings"": {""value"": 2750.0, ""unit"": ""Million Bushels"", ""marketing_year"": ""2026/27"", ""reference_period"": ""2026-07-15"", ""mom_revision"": 0.0}, ""Ending Stocks"": {""value"": 310.0, ""unit"": ""Million Bushels"", ""marketing_year"": ""2026/27"", ""reference_period"": ""2026-07-15"", ""mom_revision"": 0.0}, ""Exports"": {""value"": 1660.0, ""unit"": ""Million Bushels"", ""marketing_year"": ""2026/27"", ""reference_period"": ""2026-07-15"", ""mom_revision"": 30.0}, ""Imports"": {""value"": 25.0, ""unit"": ""Million Bushels"", ""marketing_year"": ""2026/27"", ""reference_period"": ""2026-07-15"", ""mom_revision"": 0.0}, ""Production"": {""value"": 4475.0, ""unit"": ""Million Bushels"", ""marketing_year"": ""2026/27"", ""reference_period"": ""2026-07-15"", ""mom_revision"": 40.0}, ""Residual"": {""value"": 38.0, ""unit"": ""Million Bushels"", ""marketing_year"": ""2026/27"", ""reference_period"": ""2026-07-15"", ""mom_revision"": 0.0}, ""Seed"": {""value"": 72.0, ""unit"": ""Million Bushels"", ""marketing_year"": ""2026/27"", ""reference_period"": ""2026-07-15"", ""mom_revision"": 0.0}, ""Supply, Total"": {""value"": 4830.0, ""unit"": ""Million Bushels"", ""marketing_year"": ""2026/27"", ""reference_period"": ""2026-07-15"", ""mom_revision"": 30.0}, ""Use, Total"": {""value"": 4520.0, ""unit"": ""Million Bushels"", ""marketing_year"": ""2026/27"", ""reference_period"": ""2026-07-15"", ""mom_revision"": 30.0}, ""Yield per Harvested Acre"": {""value"": 53.0, ""unit"": ""Bushels"", ""marketing_year"": ""2025/26"", ""reference_period"": ""2026-07-15"", ""mom_revision"": null}}, ""SOYBEAN_MEAL"": {""Avg. Price ($/s.t.)"": {""value"": 310.0, ""unit"": ""$/s.t."", ""marketing_year"": ""2026/27"", ""reference_period"": ""2026-07-15"", ""mom_revision"": 0.0}, ""Beginning Stocks"": {""value"": 450.0, ""unit"": ""Thousand Short Tons"", ""marketing_year"": ""2026/27"", ""reference_period"": ""2026-07-15"", ""mom_revision"": 0.0}, ""Domestic Disappearance"": {""value"": 43825.0, ""unit"": ""Thousand Short Tons"", ""marketing_year"": ""2026/27"", ""reference_period"": ""2026-07-15"", ""mom_revision"": -300.0}, ""Ending Stocks"": {""value"": 450.0, ""unit"": ""Thousand Short Tons"", ""marketing_year"": ""2026/27"", ""reference_period"": ""2026-07-15"", ""mom_revision"": 0.0}, ""Exports"": {""value"": 22000.0, ""unit"": ""Thousand Short Tons"", ""marketing_year"": ""2026/27"", ""reference_period"": ""2026-07-15"", ""mom_revision"": 300.0}, ""Imports"": {""value"": 840.0, ""unit"": ""Thousand Short Tons"", ""marketing_year"": ""2026/27"", ""reference_period"": ""2026-07-15"", ""mom_revision"": 40.0}, ""Production"": {""value"": 64985.0, ""unit"": ""Thousand Short Tons"", ""marketing_year"": ""2026/27"", ""reference_period"": ""2026-07-15"", ""mom_revision"": -40.0}, ""Supply, Total"": {""value"": 66275.0, ""unit"": ""Thousand Short Tons"", ""marketing_year"": ""2026/27"", ""reference_period"": ""2026-07-15"", ""mom_revision"": 0.0}, ""Use, Total"": {""value"": 65825.0, ""unit"": ""Thousand Short Tons"", ""marketing_year"": ""2026/27"", ""reference_period"": ""2026-07-15"", ""mom_revision"": 0.0}}, ""SOYBEAN_OIL"": {""Avg. Price (c/lb)"": {""value"": 70.0, ""unit"": ""c/lb"", ""marketing_year"": ""2026/27"", ""reference_period"": ""2026-07-15"", ""mom_revision"": 0.0}, ""Beginning Stocks"": {""value"": 1837.0, ""unit"": ""Million Pounds"", ""marketing_year"": ""2026/27"", ""reference_period"": ""2026-07-15"", ""mom_revision"": 0.0}, ""Biofuel"": {""value"": 17800.0, ""unit"": ""Million Pounds"", ""marketing_year"": ""2026/27"", ""reference_period"": ""2026-07-15"", ""mom_revision"": 0.0}, ""Domestic Disappearance"": {""value"": 32750.0, ""unit"": ""Million Pounds"", ""marketing_year"": ""2026/27"", ""reference_period"": ""2026-07-15"", ""mom_revision"": 0.0}, ""Ending stocks"": {""value"": 1877.0, ""unit"": ""Million Pounds"", ""marketing_year"": ""2026/27"", ""reference_period"": ""2026-07-15"", ""mom_revision"": 0.0}, ""Exports"": {""value"": 400.0, ""unit"": ""Million Pounds"", ""marketing_year"": ""2026/27"", ""reference_period"": ""2026-07-15"", ""mom_revision"": 0.0}, ""Food, Feed & other Industrial"": {""value"": 14950.0, ""unit"": ""Million Pounds"", ""marketing_year"": ""2026/27"", ""reference_period"": ""2026-07-15"", ""mom_revision"": 0.0}, ""Imports"": {""value"": 600.0, ""unit"": ""Million Pounds"", ""marketing_year"": ""2026/27"", ""reference_period"": ""2026-07-15"", ""mom_revision"": 0.0}, ""Production"": {""value"": 32590.0, ""unit"": ""Million Pounds"", ""marketing_year"": ""2026/27"", ""reference_period"": ""2026-07-15"", ""mom_revision"": 0.0}, ""Supply, Total"": {""value"": 35027.0, ""unit"": ""Million Pounds"", ""marketing_year"": ""2026/27"", ""reference_period"": ""2026-07-15"", ""mom_revision"": 0.0}, ""Use, Total"": {""value"": 33150.0, ""unit"": ""Million Pounds"", ""marketing_year"": ""2026/27"", ""reference_period"": ""2026-07-15"", ""mom_revision"": 0.0}}, ""WHEAT"": {""Area Harvested"": {""value"": 32.1, ""unit"": ""Million Acres"", ""marketing_year"": ""2026/27"", ""reference_period"": ""2026-07-15"", ""mom_revision"": null}, ""Area Planted"": {""value"": 42.7, ""unit"": ""Million Acres"", ""marketing_year"": ""2026/27"", ""reference_period"": ""2026-07-15"", ""mom_revision"": null}, ""Avg. Farm Price ($/bu)"": {""value"": 6.0, ""unit"": ""$/bu"", ""marketing_year"": ""2026/27"", ""reference_period"": ""2026-07-15"", ""mom_revision"": 0.0}, ""Beginning Stocks"": {""value"": 920.0, ""unit"": ""Million Bushels"", ""marketing_year"": ""2026/27"", ""reference_period"": ""2026-07-15"", ""mom_revision"": -15.0}, ""Domestic, Total"": {""value"": 1099.0, ""unit"": ""Million Bushels"", ""marketing_year"": ""2026/27"", ""reference_period"": ""2026-07-15"", ""mom_revision"": 0.0}, ""Ending Stocks"": {""value"": 722.0, ""unit"": ""Million Bushels"", ""marketing_year"": ""2026/27"", ""reference_period"": ""2026-07-15"", ""mom_revision"": -22.0}, ""Exports"": {""value"": 775.0, ""unit"": ""Million Bushels"", ""marketing_year"": ""2026/27"", ""reference_period"": ""2026-07-15"", ""mom_revision"": 0.0}, ""Feed and Residual"": {""value"": 80.0, ""unit"": ""Million Bushels"", ""marketing_year"": ""2026/27"", ""reference_period"": ""2026-07-15"", ""mom_revision"": 0.0}, ""Food"": {""value"": 960.0, ""unit"": ""Million Bushels"", ""marketing_year"": ""2026/27"", ""reference_period"": ""2026-07-15"", ""mom_revision"": 0.0}, ""Imports"": {""value"": 140.0, ""unit"": ""Million Bushels"", ""marketing_year"": ""2026/27"", ""reference_period"": ""2026-07-15"", ""mom_revision"": 0.0}, ""Production"": {""value"": 1536.0, ""unit"": ""Million Bushels"", ""marketing_year"": ""2026/27"", ""reference_period"": ""2026-07-15"", ""mom_revision"": -7.0}, ""Seed"": {""value"": 59.0, ""unit"": ""Million Bushels"", ""marketing_year"": ""2026/27"", ""reference_period"": ""2026-07-15"", ""mom_revision"": 0.0}, ""Supply, Total"": {""value"": 2596.0, ""unit"": ""Million Bushels"", ""marketing_year"": ""2026/27"", ""reference_period"": ""2026-07-15"", ""mom_revision"": -22.0}, ""Use, Total"": {""value"": 1874.0, ""unit"": ""Million Bushels"", ""marketing_year"": ""2026/27"", ""reference_period"": ""2026-07-15"", ""mom_revision"": 0.0}, ""Yield per Harvested Acre"": {""value"": 47.9, ""unit"": ""Bushels"", ""marketing_year"": ""2026/27"", ""reference_period"": ""2026-07-15"", ""mom_revision"": null}}}, ""stocks_to_use"": {""Coffee"": {""ratio"": 0.17457886676875958, ""ending_stocks"": 5700.0, ""total_use"": 32650.0, ""marketing_year"": 2026, ""prior_5y_low"": 0.17899199246349506, ""prior_5y_high"": 0.1949051119849547, ""tight"": true}, ""Corn"": {""ratio"": 0.09918841085609564, ""ending_stocks"": 45464.0, ""total_use"": 458360.0, ""marketing_year"": 2026, ""prior_5y_low"": 0.08459469526559953, ""prior_5y_high"": 0.1085940096135733, ""tight"": false}, ""Cotton"": {""ratio"": 0.22898631667132086, ""ending_stocks"": 4100.0, ""total_use"": 17905.0, ""marketing_year"": 2026, ""prior_5y_low"": 0.18841966742433305, ""prior_5y_high"": 0.24383848977451494, ""tight"": false}, ""Palm Oil"": {""ratio"": 0.07024793388429752, ""ending_stocks"": 136.0, ""total_use"": 1936.0, ""marketing_year"": 2026, ""prior_5y_low"": 0.05728395061728395, ""prior_5y_high"": 0.09248554913294797, ""tight"": false}, ""Soybean Meal"": {""ratio"": 0.006786088518536999, ""ending_stocks"": 408.0, ""total_use"": 60123.0, ""marketing_year"": 2026, ""prior_5y_low"": 0.005886282040577774, ""prior_5y_high"": 0.008212936874288113, ""tight"": false}, ""Soybean Oil"": {""ratio"": 0.053562437059415914, ""ending_stocks"": 851.0, ""total_use"": 15888.0, ""marketing_year"": 2026, ""prior_5y_low"": 0.05285714285714286, ""prior_5y_high"": 0.0696329426280074, ""tight"": false}, ""Soybeans"": {""ratio"": 0.06416986184650965, ""ending_stocks"": 8435.0, ""total_use"": 131448.0, ""marketing_year"": 2026, ""prior_5y_low"": 0.05781787770594101, ""prior_5y_high"": 0.07699743865157399, ""tight"": false}, ""Wheat"": {""ratio"": 0.2782605003962414, ""ending_stocks"": 19663.0, ""total_use"": 70664.0, ""marketing_year"": 2026, ""prior_5y_low"": 0.2328806225774466, ""prior_5y_high"": 0.31041279285979917, ""tight"": false}}, ""export_sales"": {}, ""inspections"": {""Corn"": {""week_ending"": ""2026-07-23"", ""inspections_mt"": 1488028.0}, ""Soybeans"": {""week_ending"": ""2026-07-23"", ""inspections_mt"": 348850.0}, ""Wheat"": {""week_ending"": ""2026-07-23"", ""inspections_mt"": 394785.0}}, ""dce"": {""DCE Corn"": {""date"": ""2026-07-28"", ""close_cny"": 2266.0, ""cbot_commodity"": null, ""cbot_close"": null}, ""DCE Palm Oil"": {""date"": ""2026-07-28"", ""close_cny"": 9312.0, ""cbot_commodity"": null, ""cbot_close"": null}, ""DCE Soybean"": {""date"": ""2026-07-28"", ""close_cny"": 4697.0, ""cbot_commodity"": ""Soybeans"", ""cbot_close"": 1208.75}, ""DCE Soybean Meal"": {""date"": ""2026-07-28"", ""close_cny"": 3101.0, ""cbot_commodity"": ""Soybean Meal"", ""cbot_close"": 323.6000061035156}, ""DCE Soybean Oil"": {""date"": ""2026-07-28"", ""close_cny"": 8419.0, ""cbot_commodity"": ""Soybean Oil"", ""cbot_close"": 69.01000213623047}}, ""forward_curve"": {""Coffee"": {""structure"": ""backwardation"", ""front_price"": 340.6499938964844, ""back_price"": 303.0, ""spread"": -37.649993896484375, ""spread_pct"": -11.052398230168569, ""num_contracts"": 6, ""slope_per_month"": -3.1374994913736978}, ""Corn"": {""structure"": ""contango"", ""front_price"": 453.5, ""back_price"": 485.5, ""spread"": 32.0, ""spread_pct"": 7.056229327453142, ""num_contracts"": 6, ""slope_per_month"": 2.6666666666666665}, ""Cotton"": {""structure"": ""mild contango"", ""front_price"": 79.33999633789062, ""back_price"": 79.91000366210938, ""spread"": 0.57000732421875, ""spread_pct"": 0.7184362875329879, ""num_contracts"": 6, ""slope_per_month"": 0.0475006103515625}, ""Lean Hogs"": {""structure"": ""mild contango"", ""front_price"": 102.9749984741211, ""back_price"": 89.375, ""spread"": -13.599998474121094, ""spread_pct"": -13.207087813202486, ""num_contracts"": 6, ""slope_per_month"": -1.5111109415690105}, ""Live Cattle"": {""structure"": ""mild backwardation"", ""front_price"": 225.22500610351562, ""back_price"": 211.8249969482422, ""spread"": -13.400009155273438, ""spread_pct"": -5.949609853319156, ""num_contracts"": 6, ""slope_per_month"": -1.3400009155273438}, ""Soybean Meal"": {""structure"": ""mild contango"", ""front_price"": 320.20001220703125, ""back_price"": 328.79998779296875, ""spread"": 8.5999755859375, ""spread_pct"": 2.685813634628167, ""num_contracts"": 6, ""slope_per_month"": 1.2285679408482142}, ""Soybean Oil"": {""structure"": ""backwardation"", ""front_price"": 70.91000366210938, ""back_price"": 68.52999877929688, ""spread"": -2.3800048828125, ""spread_pct"": -3.356373938652398, ""num_contracts"": 6, ""slope_per_month"": -0.34000069754464285}, ""Soybeans"": {""structure"": ""contango"", ""front_price"": 1205.0, ""back_price"": 1229.75, ""spread"": 24.75, ""spread_pct"": 2.0539419087136928, ""num_contracts"": 6, ""slope_per_month"": 2.75}, ""Sugar"": {""structure"": ""contango"", ""front_price"": 14.579999923706055, ""back_price"": 16.25, ""spread"": 1.6700000762939453, ""spread_pct"": 11.454047222446432, ""num_contracts"": 6, ""slope_per_month"": 0.0982352986055262}, ""Wheat"": {""structure"": ""contango"", ""front_price"": 655.0, ""back_price"": 698.25, ""spread"": 43.25, ""spread_pct"": 6.603053435114504, ""num_contracts"": 6, ""slope_per_month"": 3.6041666666666665}}, ""eia"": {}, ""conab"": {""Corn"": {""crop_year"": ""2025/26"", ""attributes"": {""Production"": {""value"": 140463.1, ""unit"": ""1000 MT""}, ""Area"": {""value"": 22582.0, ""unit"": ""1000 HA""}, ""Yield"": {""value"": 6220.135506155345, ""unit"": ""KG/HA""}}, ""usda_production"": {""value"": 139000.0, ""unit"": ""(1000 MT)"", ""year"": 2026}}, ""Cotton"": {""crop_year"": ""2025/26"", ""attributes"": {""Production"": {""value"": 3978.4, ""unit"": ""1000 MT""}, ""Area"": {""value"": 2020.2, ""unit"": ""1000 HA""}, ""Yield"": {""value"": 1969.3099693099693, ""unit"": ""KG/HA""}}, ""usda_production"": {""value"": 18000.0, ""unit"": ""1000 480 lb. Bales"", ""year"": 2026}}, ""Soybeans"": {""crop_year"": ""2025/26"", ""attributes"": {""Production"": {""value"": 180252.69999999998, ""unit"": ""1000 MT""}, ""Area"": {""value"": 48563.3, ""unit"": ""1000 HA""}, ""Yield"": {""value"": 3711.7061649434854, ""unit"": ""KG/HA""}}, ""usda_production"": {""value"": 186000.0, ""unit"": ""(1000 MT)"", ""year"": 2026}}, ""Wheat"": {""crop_year"": ""2025"", ""attributes"": {""Production"": {""value"": 6296.8, ""unit"": ""1000 MT""}, ""Area"": {""value"": 2117.0, ""unit"": ""1000 HA""}, ""Yield"": {""value"": 2974.3977326405293, ""unit"": ""KG/HA""}}, ""usda_production"": {""value"": 6700.0, ""unit"": ""(1000 MT)"", ""year"": 2026}}}, ""currencies"": {""BRL/USD"": {""close"": 0.19533538818359375, ""chg_5d_pct"": -0.2930040621398013, ""chg_21d_pct"": 1.0020741708709977}, ""ARS/USD"": {""close"": 0.0006680026999674737, ""chg_5d_pct"": -1.0338147862195857, ""chg_21d_pct"": -1.1896385580343245}, ""COP/USD"": {""close"": 0.00031413446413353086, ""chg_5d_pct"": 2.2843836892768152, ""chg_21d_pct"": 7.996279515784743}, ""PYG/USD"": {""close"": 0.0001661060523474589, ""chg_5d_pct"": -1.2297649107113422, ""chg_21d_pct"": -0.41946110388532365}, ""CNY/USD"": {""close"": 0.14793993532657623, ""chg_5d_pct"": 0.19231964722257205, ""chg_21d_pct"": 0.5695687962970278}, ""IDR/USD"": {""close"": 5.537711695069447e-05, ""chg_5d_pct"": -0.7032922043979948, ""chg_21d_pct"": -1.2626003820817513}, ""MYR/USD"": {""close"": 0.24449877440929413, ""chg_5d_pct"": -0.0024438648509827504, ""chg_21d_pct"": -0.11003214455718027}, ""VND/USD"": {""close"": 3.800402919296175e-05, ""chg_5d_pct"": -0.0874076464427173, ""chg_21d_pct"": -0.2584228017018897}, ""INR/USD"": {""close"": 0.010433838702738285, ""chg_5d_pct"": 0.6756974735122223, ""chg_21d_pct"": -1.5459828393444195}, ""THB/USD"": {""close"": 0.029806260019540787, ""chg_5d_pct"": 0.2384545723274305, ""chg_21d_pct"": -0.4470890499483669}, ""ETB/USD"": {""close"": 0.006253908853977919, ""chg_5d_pct"": 0.807485692157883, ""chg_21d_pct"": 0.779617827129911}, ""ZAR/USD"": {""close"": 0.059706129133701324, ""chg_5d_pct"": -1.4854772411654056, ""chg_21d_pct"": -1.6359353417785099}, ""NGN/USD"": {""close"": 0.0007348726503551006, ""chg_5d_pct"": 1.3712684881889574, ""chg_21d_pct"": 1.283088641723702}}, ""cot"": {""Coffee"": {""date"": ""2026-07-21"", ""commercial_net"": -27764.0, ""noncommercial_net"": 26034.0, ""total_open_interest"": 220681.0, ""commercial_z3y"": 0.5387214407245325, ""noncommercial_z3y"": -0.5917715474147481}, ""Corn"": {""date"": ""2026-07-21"", ""commercial_net"": -81746.0, ""noncommercial_net"": 121796.0, ""total_open_interest"": 2425879.0, ""commercial_z3y"": -0.3866866655087857, ""noncommercial_z3y"": 0.3402379603011899}, ""Cotton"": {""date"": ""2026-07-21"", ""commercial_net"": -108641.0, ""noncommercial_net"": 100360.0, ""total_open_interest"": 448035.0, ""commercial_z3y"": -2.127189563153144, ""noncommercial_z3y"": 2.1861857970536165}, ""Lean Hogs"": {""date"": ""2026-07-21"", ""commercial_net"": 15465.0, ""noncommercial_net"": -13734.0, ""total_open_interest"": 372403.0, ""commercial_z3y"": 2.115398007371416, ""noncommercial_z3y"": -2.151737609255706}, ""Live Cattle"": {""date"": ""2026-07-21"", ""commercial_net"": -65702.0, ""noncommercial_net"": 78860.0, ""total_open_interest"": 443042.0, ""commercial_z3y"": 3.5697942944269783, ""noncommercial_z3y"": -3.3905494422042963}, ""Soybean Meal"": {""date"": ""2026-07-21"", ""commercial_net"": -127645.0, ""noncommercial_net"": 103266.0, ""total_open_interest"": 684247.0, ""commercial_z3y"": -1.4679765790847321, ""noncommercial_z3y"": 1.4377544430060178}, ""Soybean Oil"": {""date"": ""2026-07-21"", ""commercial_net"": -142415.0, ""noncommercial_net"": 132003.0, ""total_open_interest"": 779213.0, ""commercial_z3y"": -1.3191035828640876, ""noncommercial_z3y"": 1.3403720304553057}, ""Soybeans"": {""date"": ""2026-07-21"", ""commercial_net"": -127600.0, ""noncommercial_net"": 153010.0, ""total_open_interest"": 1300374.0, ""commercial_z3y"": -0.7430092980131656, ""noncommercial_z3y"": 0.7296386859921743}, ""Sugar"": {""date"": ""2026-07-21"", ""commercial_net"": 41350.0, ""noncommercial_net"": -47496.0, ""total_open_interest"": 1192719.0, ""commercial_z3y"": -0.5372633655775721, ""noncommercial_z3y"": 0.49845723296587696}, ""Wheat"": {""date"": ""2026-07-21"", ""commercial_net"": 19130.0, ""noncommercial_net"": -14250.0, ""total_open_interest"": 578236.0, ""commercial_z3y"": -1.5977176296731859, ""noncommercial_z3y"": 1.7107321890838578}}, ""weather"": {""Argentina Cordoba"": {""date"": ""2026-08-03"", ""precipitation_mm"": 0.0, ""temp_max_c"": 20.2, ""temp_min_c"": 11.8, ""precip_z90d"": -0.3728713521460972, ""temp_max_z90d"": 0.6394858696519711}, ""Argentina Pampas"": {""date"": ""2026-08-03"", ""precipitation_mm"": 0.6, ""temp_max_c"": 18.1, ""temp_min_c"": 10.4, ""precip_z90d"": -0.24384578805886672, ""temp_max_z90d"": 0.578738757329072}, ""Brazil Bahia"": {""date"": ""2026-08-03"", ""precipitation_mm"": 3.7, ""temp_max_c"": 26.4, ""temp_min_c"": 22.0, ""precip_z90d"": 0.09755576923699148, ""temp_max_z90d"": -0.18216582848067356}, ""Brazil Mato Grosso"": {""date"": ""2026-08-03"", ""precipitation_mm"": 0.0, ""temp_max_c"": 34.2, ""temp_min_c"": 21.7, ""precip_z90d"": -0.3434860827692128, ""temp_max_z90d"": 1.313101704121887}, ""Brazil Minas Gerais"": {""date"": ""2026-08-03"", ""precipitation_mm"": 0.0, ""temp_max_c"": 25.2, ""temp_min_c"": 16.5, ""precip_z90d"": -0.24677227837306562, ""temp_max_z90d"": -0.007848524052285947}, ""Brazil Parana"": {""date"": ""2026-08-03"", ""precipitation_mm"": 0.0, ""temp_max_c"": 22.9, ""temp_min_c"": 17.2, ""precip_z90d"": -0.43277710658535445, ""temp_max_z90d"": -0.20139388383882345}, ""China Heilongjiang"": {""date"": ""2026-08-03"", ""precipitation_mm"": 0.0, ""temp_max_c"": 29.3, ""temp_min_c"": 19.9, ""precip_z90d"": -0.8255842703628188, ""temp_max_z90d"": 1.7903295033968614}, ""Colombia Coffee Region"": {""date"": ""2026-08-03"", ""precipitation_mm"": 1.4, ""temp_max_c"": 26.5, ""temp_min_c"": 16.8, ""precip_z90d"": -0.33484267282452684, ""temp_max_z90d"": -0.3096162768688961}, ""Ethiopia Sidama (Coffee)"": {""date"": ""2026-08-03"", ""precipitation_mm"": 6.8, ""temp_max_c"": 20.9, ""temp_min_c"": 13.8, ""precip_z90d"": 1.1545869711548298, ""temp_max_z90d"": -1.474199132147553}, ""India Madhya Pradesh"": {""date"": ""2026-08-03"", ""precipitation_mm"": 8.1, ""temp_max_c"": 27.9, ""temp_min_c"": 23.1, ""precip_z90d"": -0.1712713106880133, ""temp_max_z90d"": -1.00592779479373}, ""India Maharashtra"": {""date"": ""2026-08-03"", ""precipitation_mm"": 6.9, ""temp_max_c"": 29.3, ""temp_min_c"": 24.4, ""precip_z90d"": -0.13963428814966095, ""temp_max_z90d"": -0.7693873202215652}, ""Indonesia Riau (Sumatra)"": {""date"": ""2026-08-03"", ""precipitation_mm"": 3.8, ""temp_max_c"": 29.8, ""temp_min_c"": 22.8, ""precip_z90d"": -0.3604077673775824, ""temp_max_z90d"": -2.486843245199729}, ""Ivory Coast (Cocoa)"": {""date"": ""2026-08-03"", ""precipitation_mm"": 28.5, ""temp_max_c"": 25.4, ""temp_min_c"": 21.8, ""precip_z90d"": 2.7704688856279014, ""temp_max_z90d"": -2.7027648899371313}, ""Malaysia Sabah (Borneo)"": {""date"": ""2026-08-03"", ""precipitation_mm"": 4.8, ""temp_max_c"": 28.9, ""temp_min_c"": 20.4, ""precip_z90d"": -0.3647534637660551, ""temp_max_z90d"": 0.2945622644193114}, ""Nigeria Benue"": {""date"": ""2026-08-03"", ""precipitation_mm"": 25.5, ""temp_max_c"": 25.6, ""temp_min_c"": 22.8, ""precip_z90d"": 2.205311307424922, ""temp_max_z90d"": -2.660112931842178}, ""Nigeria Kaduna"": {""date"": ""2026-08-03"", ""precipitation_mm"": 24.7, ""temp_max_c"": 23.4, ""temp_min_c"": 20.9, ""precip_z90d"": 4.32203898022327, ""temp_max_z90d"": -4.08622682848863}, ""Paraguay Chaco"": {""date"": ""2026-08-03"", ""precipitation_mm"": 25.2, ""temp_max_c"": 33.2, ""temp_min_c"": 20.8, ""precip_z90d"": 10.303904843563297, ""temp_max_z90d"": 0.9493370883095155}, ""South Africa Free State"": {""date"": ""2026-08-03"", ""precipitation_mm"": 0.0, ""temp_max_c"": 18.0, ""temp_min_c"": 6.9, ""precip_z90d"": -0.30856833902975916, ""temp_max_z90d"": 0.3065300503935843}, ""South Africa Mpumalanga"": {""date"": ""2026-08-03"", ""precipitation_mm"": 0.0, ""temp_max_c"": 15.3, ""temp_min_c"": 3.9, ""precip_z90d"": -0.18932061141568823, ""temp_max_z90d"": -1.1788837852773726}, ""Thailand Surat Thani"": {""date"": ""2026-08-03"", ""precipitation_mm"": 5.5, ""temp_max_c"": 30.7, ""temp_min_c"": 23.3, ""precip_z90d"": 0.2802049870936276, ""temp_max_z90d"": -0.6570358671650092}, ""US Illinois"": {""date"": ""2026-08-03"", ""precipitation_mm"": 0.0, ""temp_max_c"": 27.7, ""temp_min_c"": 16.6, ""precip_z90d"": -0.2352316261953866, ""temp_max_z90d"": -0.594199646932578}, ""US Midwest (Iowa)"": {""date"": ""2026-08-03"", ""precipitation_mm"": 0.0, ""temp_max_c"": 26.7, ""temp_min_c"": 17.2, ""precip_z90d"": -0.31465229792184296, ""temp_max_z90d"": -0.8421177432646213}, ""Vietnam Central Highlands"": {""date"": ""2026-08-03"", ""precipitation_mm"": 11.2, ""temp_max_c"": 28.6, ""temp_min_c"": 22.3, ""precip_z90d"": 0.115018205061528, ""temp_max_z90d"": 0.31770567360532964}}, ""psd_highlights"": {""brazil_soy_production"": {""value"": 186000.0, ""unit"": ""(1000 MT)"", ""year"": 2026}, ""china_soy_imports"": {""value"": 115000.0, ""unit"": ""(1000 MT)"", ""year"": 2026}, ""us_soy_production"": {""value"": 121790.0, ""unit"": ""(1000 MT)"", ""year"": 2026}, ""indonesia_palm_production"": {""value"": 47500.0, ""unit"": ""(1000 MT)"", ""year"": 2026}}, ""worldbank"": {""Coffee Arabica"": {""date"": ""2025-12-01"", ""price"": 8.404672826, ""unit"": ""cents/lb"", ""mom_pct"": -7.087324218273983}, ""Coffee Robusta"": {""date"": ""2025-12-01"", ""price"": 4.201344334, ""unit"": ""$/mt"", ""mom_pct"": -11.32567121120469}, ""Palm Oil"": {""date"": ""2025-12-01"", ""price"": 980.51, ""unit"": ""$/mt"", ""mom_pct"": -0.2938783811267019}, ""Soybean Meal"": {""date"": ""2025-12-01"", ""price"": 398.75, ""unit"": ""$/mt"", ""mom_pct"": -3.0395136778115504}, ""Soybean Oil"": {""date"": ""2025-12-01"", ""price"": 1119.43, ""unit"": ""$/mt"", ""mom_pct"": -0.7922933080461044}, ""Soybeans"": {""date"": ""2025-12-01"", ""price"": 440.0, ""unit"": ""$/mt"", ""mom_pct"": -1.3084112149525369}}, ""emerging_markets"": {""countries"": {""South Africa"": {""name"": ""South Africa"", ""psd"": {""Beginning Stocks"": {""value"": 475.0, ""unit"": ""(1000 MT)"", ""yoy_pct"": 35.714285714285715}, ""Crush"": {""value"": 2000.0, ""unit"": ""(1000 MT)"", ""yoy_pct"": 5.263157894736842}, ""Domestic Consumption"": {""value"": 2625.0, ""unit"": ""(1000 MT)"", ""yoy_pct"": 3.9603960396039604}, ""Ending Stocks"": {""value"": 335.0, ""unit"": ""(1000 MT)"", ""yoy_pct"": -29.47368421052631}, ""Exports"": {""value"": 325.0, ""unit"": ""(1000 MT)"", ""yoy_pct"": -27.77777777777778}, ""Imports"": {""value"": 10.0, ""unit"": ""(1000 MT)"", ""yoy_pct"": -80.0}, ""Production"": {""value"": 2800.0, ""unit"": ""(1000 MT)"", ""yoy_pct"": -8.19672131147541}, ""Total Distribution"": {""value"": 3285.0, ""unit"": ""(1000 MT)"", ""yoy_pct"": -4.782608695652174}, ""Total Supply"": {""value"": 3285.0, ""unit"": ""(1000 MT)"", ""yoy_pct"": -4.782608695652174}}, ""psd_year"": 2026, ""currency"": {""pair"": ""ZAR/USD"", ""close"": 0.059706129133701324, ""weekly_chg"": -1.4854772411654056, ""monthly_chg"": -1.6359353417785099}, ""weather"": [{""region"": ""South Africa Free State"", ""temp_max"": 18.0, ""temp_min"": 6.9, ""precip"": 0.0, ""date"": ""2026-08-03"", ""alert"": ""Dry""}, {""region"": ""South Africa Mpumalanga"", ""temp_max"": 15.3, ""temp_min"": 3.9, ""precip"": 0.0, ""date"": ""2026-08-03"", ""alert"": ""Dry""}], ""south_africa_domestic"": {""soybean_safex_zar"": 8065.0, ""soybean_safex_usd"": 481.53, ""sunflower_safex_zar"": 10455.0, ""cbot_usd"": 444.14, ""safex_cbot_basis_usd"": 37.39}}, ""India"": {""name"": ""India"", ""psd"": {""Beginning Stocks"": {""value"": 741.0, ""unit"": ""(1000 MT)"", ""yoy_pct"": 12.44309559939302}, ""Crush"": {""value"": 10000.0, ""unit"": ""(1000 MT)"", ""yoy_pct"": 2.3017902813299234}, ""Domestic Consumption"": {""value"": 11875.0, ""unit"": ""(1000 MT)"", ""yoy_pct"": 2.1505376344086025}, ""Ending Stocks"": {""value"": 541.0, ""unit"": ""(1000 MT)"", ""yoy_pct"": -26.99055330634278}, ""Exports"": {""value"": 25.0, ""unit"": ""(1000 MT)"", ""yoy_pct"": 25.0}, ""Imports"": {""value"": 200.0, ""unit"": ""(1000 MT)"", ""yoy_pct"": -71.42857142857143}, ""Production"": {""value"": 11500.0, ""unit"": ""(1000 MT)"", ""yoy_pct"": 4.289471297723769}, ""Total Distribution"": {""value"": 12441.0, ""unit"": ""(1000 MT)"", ""yoy_pct"": 0.4440497335701598}, ""Total Supply"": {""value"": 12441.0, ""unit"": ""(1000 MT)"", ""yoy_pct"": 0.4440497335701598}}, ""psd_year"": 2026, ""currency"": {""pair"": ""INR/USD"", ""close"": 0.010433838702738285, ""weekly_chg"": 0.6756974735122223, ""monthly_chg"": -1.5459828393444195}, ""weather"": [{""region"": ""India Madhya Pradesh"", ""temp_max"": 27.9, ""temp_min"": 23.1, ""precip"": 8.1, ""date"": ""2026-08-03"", ""alert"": null}, {""region"": ""India Maharashtra"", ""temp_max"": 29.3, ""temp_min"": 24.4, ""precip"": 6.9, ""date"": ""2026-08-03"", ""alert"": null}]}, ""Nigeria"": {""name"": ""Nigeria"", ""psd"": {""Beginning Stocks"": {""value"": 222.0, ""unit"": ""(1000 MT)"", ""yoy_pct"": -9.75609756097561}, ""Crush"": {""value"": 975.0, ""unit"": ""(1000 MT)"", ""yoy_pct"": 0.0}, ""Domestic Consumption"": {""value"": 1450.0, ""unit"": ""(1000 MT)"", ""yoy_pct"": 3.571428571428571}, ""Ending Stocks"": {""value"": 223.0, ""unit"": ""(1000 MT)"", ""yoy_pct"": 0.45045045045045046}, ""Exports"": {""value"": 50.0, ""unit"": ""(1000 MT)"", ""yoy_pct"": -60.0}, ""Imports"": {""value"": 1.0, ""unit"": ""(1000 MT)"", ""yoy_pct"": 0.0}, ""Production"": {""value"": 1500.0, ""unit"": ""(1000 MT)"", ""yoy_pct"": 0.0}, ""Total Distribution"": {""value"": 1723.0, ""unit"": ""(1000 MT)"", ""yoy_pct"": -1.3737836290784202}, ""Total Supply"": {""value"": 1723.0, ""unit"": ""(1000 MT)"", ""yoy_pct"": -1.3737836290784202}}, ""psd_year"": 2026, ""currency"": {""pair"": ""NGN/USD"", ""close"": 0.0007348726503551006, ""weekly_chg"": 1.3712684881889574, ""monthly_chg"": 1.283088641723702}, ""weather"": [{""region"": ""Nigeria Benue"", ""temp_max"": 25.6, ""temp_min"": 22.8, ""precip"": 25.5, ""date"": ""2026-08-03"", ""alert"": ""Heavy Rain""}, {""region"": ""Nigeria Kaduna"", ""temp_max"": 23.4, ""temp_min"": 20.9, ""precip"": 24.7, ""date"": ""2026-08-03"", ""alert"": ""Heavy Rain""}]}, ""Brazil"": {""name"": ""Brazil"", ""psd"": {""Beginning Stocks"": {""value"": 37688.0, ""unit"": ""(1000 MT)"", ""yoy_pct"": 0.0}, ""Crush"": {""value"": 65000.0, ""unit"": ""(1000 MT)"", ""yoy_pct"": 5.691056910569105}, ""Domestic Consumption"": {""value"": 69600.0, ""unit"": ""(1000 MT)"", ""yoy_pct"": 5.614567526555387}, ""Ending Stocks"": {""value"": 36888.0, ""unit"": ""(1000 MT)"", ""yoy_pct"": -2.1226915729144555}, ""Exports"": {""value"": 118000.0, ""unit"": ""(1000 MT)"", ""yoy_pct"": 2.608695652173913}, ""Imports"": {""value"": 800.0, ""unit"": ""(1000 MT)"", ""yoy_pct"": -11.11111111111111}, ""Production"": {""value"": 186000.0, ""unit"": ""(1000 MT)"", ""yoy_pct"": 3.3333333333333335}, ""Total Distribution"": {""value"": 224488.0, ""unit"": ""(1000 MT)"", ""yoy_pct"": 2.699141764415247}, ""Total Supply"": {""value"": 224488.0, ""unit"": ""(1000 MT)"", ""yoy_pct"": 2.699141764415247}}, ""psd_year"": 2026, ""currency"": {""pair"": ""BRL/USD"", ""close"": 0.19533538818359375, ""weekly_chg"": -0.2930040621398013, ""monthly_chg"": 1.0020741708709977}, ""weather"": [{""region"": ""Brazil Mato Grosso"", ""temp_max"": 34.2, ""temp_min"": 21.7, ""precip"": 0.0, ""date"": ""2026-08-03"", ""alert"": ""Dry""}, {""region"": ""Brazil Parana"", ""temp_max"": 22.9, ""temp_min"": 17.2, ""precip"": 0.0, ""date"": ""2026-08-03"", ""alert"": ""Dry""}], ""brazil_domestic"": {""agrural_soy_usd"": 478.57, ""cbot_usd"": 444.14, ""agrural_cbot_basis_usd"": 34.43}}}}, ""correlations"": {""matrix"": {""Soybeans"": {""Wheat"": 0.8379042764719015, ""Sugar"": 0.5723569899053109}, ""Soybean Oil"": {""Soybeans"": 0.7782011303640497, ""Wheat"": 0.7570108813834765, ""Sugar"": 0.5410793707417878}, ""Soybean Meal"": {""Soybeans"": 0.8739182654297474, ""Soybean Oil"": 0.4633841409802603, ""Wheat"": 0.6844759862146766, ""Sugar"": 0.3755140654988152}, ""Coffee"": {""Soybeans"": 0.16478172216038106, ""Soybean Oil"": 0.516086996233339, ""Soybean Meal"": -0.11011261124150093, ""Corn"": 0.2103617488694321, ""Wheat"": 0.1945499229691341, ""Sugar"": 0.33995940426813603, ""Cotton"": 0.11346299834904179, ""Live Cattle"": 0.7912232076916568, ""Lean Hogs"": 0.43658816395202377}, ""Corn"": {""Soybeans"": 0.88039098232779, ""Soybean Oil"": 0.7590575333412442, ""Soybean Meal"": 0.6727346069229335, ""Wheat"": 0.8714197874506863, ""Sugar"": 0.5633462374551189, ""Cotton"": 0.6321298293927471, ""Live Cattle"": -0.01688878371195369, ""Lean Hogs"": 0.47516186759688317}, ""Sugar"": {""Wheat"": 0.38883907426404274}, ""Cotton"": {""Soybeans"": 0.6490441616255855, ""Soybean Oil"": 0.6348056704758064, ""Soybean Meal"": 0.48112382074825605, ""Wheat"": 0.6934184845533502, ""Sugar"": 0.4335644300334906, ""Live Cattle"": -0.11169718009335751, ""Lean Hogs"": 0.3976669432260855}, ""Live Cattle"": {""Soybeans"": 0.050742571498379935, ""Soybean Oil"": 0.4197898472206108, ""Soybean Meal"": -0.10948749888499217, ""Wheat"": 0.025342330578014452, ""Sugar"": 0.17048731683363644}, ""Lean Hogs"": {""Soybeans"": 0.6035072348300877, ""Soybean Oil"": 0.586417955444111, ""Soybean Meal"": 0.447314978977209, ""Wheat"": 0.48993057640554727, ""Sugar"": 0.30307202590428595, ""Live Cattle"": 0.37988154738100016}}, ""vs_currency"": {""Soybeans|BRL/USD"": 0.24385219839359393, ""Coffee|COP/USD"": -0.022893636914816377, ""Coffee|BRL/USD"": -0.21152611746306393}}, ""seasonal"": {""Soybeans"": {""current_price"": 1208.75, ""seasonal_avg"": 1192.6415094339623, ""deviation_pct"": 1.350656541686443, ""n_years"": 16}, ""Soybean Oil"": {""current_price"": 69.01000213623047, ""seasonal_avg"": 45.436949627954256, ""deviation_pct"": 51.880799000145295, ""n_years"": 16}, ""Soybean Meal"": {""current_price"": 323.6000061035156, ""seasonal_avg"": 370.82201131184894, ""deviation_pct"": -12.734412674500378, ""n_years"": 16}, ""Coffee"": {""current_price"": 341.1499938964844, ""seasonal_avg"": 173.32335392584247, ""deviation_pct"": 96.82863628547578, ""n_years"": 16}, ""Corn"": {""current_price"": 475.5, ""seasonal_avg"": 470.2869496855346, ""deviation_pct"": 1.1084828779431823, ""n_years"": 16}, ""Wheat"": {""current_price"": 655.0, ""seasonal_avg"": 595.6045597484276, ""deviation_pct"": 9.972294415721048, ""n_years"": 16}, ""Sugar"": {""current_price"": 14.59000015258789, ""seasonal_avg"": 16.54959247254279, ""deviation_pct"": -11.840728544863168, ""n_years"": 16}, ""Cotton"": {""current_price"": 79.91000366210938, ""seasonal_avg"": 75.2273668629996, ""deviation_pct"": 6.224645357636352, ""n_years"": 16}, ""Live Cattle"": {""current_price"": 225.22500610351562, ""seasonal_avg"": 142.98911677700488, ""deviation_pct"": 57.51199194744287, ""n_years"": 16}, ""Lean Hogs"": {""current_price"": 102.9749984741211, ""seasonal_avg"": 92.273107269961, ""deviation_pct"": 11.5980609310683, ""n_years"": 16}}, ""health"": {""critical_count"": 5, ""warning_count"": 10, ""commodity_status"": [{""commodity"": ""Coffee"", ""table"": ""prices"", ""last_date"": ""2026-07-28"", ""rows"": 3771, ""age_days"": 1, ""status"": ""fresh""}, {""commodity"": ""Corn"", ""table"": ""prices"", ""last_date"": ""2026-07-28"", ""rows"": 3768, ""age_days"": 1, ""status"": ""fresh""}, {""commodity"": ""Cotton"", ""table"": ""prices"", ""last_date"": ""2026-07-28"", ""rows"": 3771, ""age_days"": 1, ""status"": ""fresh""}, {""commodity"": ""Lean Hogs"", ""table"": ""prices"", ""last_date"": ""2026-07-27"", ""rows"": 3769, ""age_days"": 2, ""status"": ""aging""}, {""commodity"": ""Live Cattle"", ""table"": ""prices"", ""last_date"": ""2026-07-27"", ""rows"": 3768, ""age_days"": 2, ""status"": ""aging""}, {""commodity"": ""Soybean Meal"", ""table"": ""prices"", ""last_date"": ""2026-07-28"", ""rows"": 3770, ""age_days"": 1, ""status"": ""fresh""}, {""commodity"": ""Soybean Oil"", ""table"": ""prices"", ""last_date"": ""2026-07-28"", ""rows"": 3770, ""age_days"": 1, ""status"": ""fresh""}, {""commodity"": ""Soybeans"", ""table"": ""prices"", ""last_date"": ""2026-07-28"", ""rows"": 3770, ""age_days"": 1, ""status"": ""fresh""}, {""commodity"": ""Sugar"", ""table"": ""prices"", ""last_date"": ""2026-07-28"", ""rows"": 3772, ""age_days"": 1, ""status"": ""fresh""}, {""commodity"": ""Wheat"", ""table"": ""prices"", ""last_date"": ""2026-07-28"", ""rows"": 3770, ""age_days"": 1, ""status"": ""fresh""}, {""commodity"": ""Coffee"", ""table"": ""cot"", ""last_date"": ""2026-07-21"", ""rows"": 81, ""age_days"": 8, ""status"": ""stale""}, {""commodity"": ""Corn"", ""table"": ""cot"", ""last_date"": ""2026-07-21"", ""rows"": 81, ""age_days"": 8, ""status"": ""stale""}, {""commodity"": ""Cotton"", ""table"": ""cot"", ""last_date"": ""2026-07-21"", ""rows"": 81, ""age_days"": 8, ""status"": ""stale""}, {""commodity"": ""Lean Hogs"", ""table"": ""cot"", ""last_date"": ""2026-07-21"", ""rows"": 81, ""age_days"": 8, ""status"": ""stale""}, {""commodity"": ""Live Cattle"", ""table"": ""cot"", ""last_date"": ""2026-07-21"", ""rows"": 81, ""age_days"": 8, ""status"": ""stale""}, {""commodity"": ""Soybean Meal"", ""table"": ""cot"", ""last_date"": ""2026-07-21"", ""rows"": 81, ""age_days"": 8, ""status"": ""stale""}, {""commodity"": ""Soybean Oil"", ""table"": ""cot"", ""last_date"": ""2026-07-21"", ""rows"": 81, ""age_days"": 8, ""status"": ""stale""}, {""commodity"": ""Soybeans"", ""table"": ""cot"", ""last_date"": ""2026-07-21"", ""rows"": 81, ""age_days"": 8, ""status"": ""stale""}, {""commodity"": ""Sugar"", ""table"": ""cot"", ""last_date"": ""2026-07-21"", ""rows"": 81, ""age_days"": 8, ""status"": ""stale""}, {""commodity"": ""Wheat"", ""table"": ""cot"", ""last_date"": ""2026-07-21"", ""rows"": 81, ""age_days"": 8, ""status"": ""stale""}, {""commodity"": ""Argentina Cordoba"", ""table"": ""weather"", ""last_date"": ""2026-08-03"", ""rows"": 37, ""age_days"": -5, ""status"": ""fresh""}, {""commodity"": ""Argentina Pampas"", ""table"": ""weather"", ""last_date"": ""2026-08-03"", ""rows"": 37, ""age_days"": -5, ""status"": ""fresh""}, {""commodity"": ""Brazil Bahia"", ""table"": ""weather"", ""last_date"": ""2026-08-03"", ""rows"": 37, ""age_days"": -5, ""status"": ""fresh""}, {""commodity"": ""Brazil Mato Grosso"", ""table"": ""weather"", ""last_date"": ""2026-08-03"", ""rows"": 37, ""age_days"": -5, ""status"": ""fresh""}, {""commodity"": ""Brazil Minas Gerais"", ""table"": ""weather"", ""last_date"": ""2026-08-03"", ""rows"": 37, ""age_days"": -5, ""status"": ""fresh""}, {""commodity"": ""Brazil Parana"", ""table"": ""weather"", ""last_date"": ""2026-08-03"", ""rows"": 37, ""age_days"": -5, ""status"": ""fresh""}, {""commodity"": ""China Heilongjiang"", ""table"": ""weather"", ""last_date"": ""2026-08-03"", ""rows"": 37, ""age_days"": -5, ""status"": ""fresh""}, {""commodity"": ""Colombia Coffee Region"", ""table"": ""weather"", ""last_date"": ""2026-08-03"", ""rows"": 37, ""age_days"": -5, ""status"": ""fresh""}, {""commodity"": ""Ethiopia Sidama (Coffee)"", ""table"": ""weather"", ""last_date"": ""2026-08-03"", ""rows"": 37, ""age_days"": -5, ""status"": ""fresh""}, {""commodity"": ""India Madhya Pradesh"", ""table"": ""weather"", ""last_date"": ""2026-08-03"", ""rows"": 37, ""age_days"": -5, ""status"": ""fresh""}, {""commodity"": ""India Maharashtra"", ""table"": ""weather"", ""last_date"": ""2026-08-03"", ""rows"": 37, ""age_days"": -5, ""status"": ""fresh""}, {""commodity"": ""Indonesia Riau (Sumatra)"", ""table"": ""weather"", ""last_date"": ""2026-08-03"", ""rows"": 37, ""age_days"": -5, ""status"": ""fresh""}, {""commodity"": ""Ivory Coast (Cocoa)"", ""table"": ""weather"", ""last_date"": ""2026-08-03"", ""rows"": 37, ""age_days"": -5, ""status"": ""fresh""}, {""commodity"": ""Malaysia Sabah (Borneo)"", ""table"": ""weather"", ""last_date"": ""2026-08-03"", ""rows"": 37, ""age_days"": -5, ""status"": ""fresh""}, {""commodity"": ""Nigeria Benue"", ""table"": ""weather"", ""last_date"": ""2026-08-03"", ""rows"": 37, ""age_days"": -5, ""status"": ""fresh""}, {""commodity"": ""Nigeria Kaduna"", ""table"": ""weather"", ""last_date"": ""2026-08-03"", ""rows"": 37, ""age_days"": -5, ""status"": ""fresh""}, {""commodity"": ""Paraguay Chaco"", ""table"": ""weather"", ""last_date"": ""2026-08-03"", ""rows"": 37, ""age_days"": -5, ""status"": ""fresh""}, {""commodity"": ""South Africa Free State"", ""table"": ""weather"", ""last_date"": ""2026-08-03"", ""rows"": 37, ""age_days"": -5, ""status"": ""fresh""}, {""commodity"": ""South Africa Mpumalanga"", ""table"": ""weather"", ""last_date"": ""2026-08-03"", ""rows"": 37, ""age_days"": -5, ""status"": ""fresh""}, {""commodity"": ""Thailand Surat Thani"", ""table"": ""weather"", ""last_date"": ""2026-08-03"", ""rows"": 37, ""age_days"": -5, ""status"": ""fresh""}, {""commodity"": ""US Illinois"", ""table"": ""weather"", ""last_date"": ""2026-08-03"", ""rows"": 37, ""age_days"": -5, ""status"": ""fresh""}, {""commodity"": ""US Midwest (Iowa)"", ""table"": ""weather"", ""last_date"": ""2026-08-03"", ""rows"": 37, ""age_days"": -5, ""status"": ""fresh""}, {""commodity"": ""Vietnam Central Highlands"", ""table"": ""weather"", ""last_date"": ""2026-08-03"", ""rows"": 37, ""age_days"": -5, ""status"": ""fresh""}, {""commodity"": ""ARS/USD"", ""table"": ""currencies"", ""last_date"": ""2026-07-28"", ""rows"": 3904, ""age_days"": 1, ""status"": ""fresh""}, {""commodity"": ""BRL/USD"", ""table"": ""currencies"", ""last_date"": ""2026-07-28"", ""rows"": 3904, ""age_days"": 1, ""status"": ""fresh""}, {""commodity"": ""CNY/USD"", ""table"": ""currencies"", ""last_date"": ""2026-07-28"", ""rows"": 3904, ""age_days"": 1, ""status"": ""fresh""}, {""commodity"": ""COP/USD"", ""table"": ""currencies"", ""last_date"": ""2026-07-28"", ""rows"": 3893, ""age_days"": 1, ""status"": ""fresh""}, {""commodity"": ""ETB/USD"", ""table"": ""currencies"", ""last_date"": ""2026-07-28"", ""rows"": 3908, ""age_days"": 1, ""status"": ""fresh""}, {""commodity"": ""IDR/USD"", ""table"": ""currencies"", ""last_date"": ""2026-07-28"", ""rows"": 3904, ""age_days"": 1, ""status"": ""fresh""}, {""commodity"": ""INR/USD"", ""table"": ""currencies"", ""last_date"": ""2026-07-28"", ""rows"": 3905, ""age_days"": 1, ""status"": ""fresh""}, {""commodity"": ""MYR/USD"", ""table"": ""currencies"", ""last_date"": ""2026-07-28"", ""rows"": 3907, ""age_days"": 1, ""status"": ""fresh""}, {""commodity"": ""NGN/USD"", ""table"": ""currencies"", ""last_date"": ""2026-07-28"", ""rows"": 3905, ""age_days"": 1, ""status"": ""fresh""}, {""commodity"": ""PYG/USD"", ""table"": ""currencies"", ""last_date"": ""2026-07-28"", ""rows"": 3905, ""age_days"": 1, ""status"": ""fresh""}, {""commodity"": ""THB/USD"", ""table"": ""currencies"", ""last_date"": ""2026-07-28"", ""rows"": 3905, ""age_days"": 1, ""status"": ""fresh""}, {""commodity"": ""VND/USD"", ""table"": ""currencies"", ""last_date"": ""2026-07-28"", ""rows"": 3908, ""age_days"": 1, ""status"": ""fresh""}, {""commodity"": ""ZAR/USD"", ""table"": ""currencies"", ""last_date"": ""2026-07-28"", ""rows"": 3903, ""age_days"": 1, ""status"": ""fresh""}, {""commodity"": ""DCE Corn"", ""table"": ""dce_futures"", ""last_date"": ""2026-07-28"", ""rows"": 5242, ""age_days"": 1, ""status"": ""fresh""}, {""commodity"": ""DCE Palm Oil"", ""table"": ""dce_futures"", ""last_date"": ""2026-07-28"", ""rows"": 4559, ""age_days"": 1, ""status"": ""fresh""}, {""commodity"": ""DCE Soybean"", ""table"": ""dce_futures"", ""last_date"": ""2026-07-28"", ""rows"": 5245, ""age_days"": 1, ""status"": ""fresh""}, {""commodity"": ""DCE Soybean Meal"", ""table"": ""dce_futures"", ""last_date"": ""2026-07-28"", ""rows"": 5248, ""age_days"": 1, ""status"": ""fresh""}, {""commodity"": ""DCE Soybean Oil"", ""table"": ""dce_futures"", ""last_date"": ""2026-07-28"", ""rows"": 4991, ""age_days"": 1, ""status"": ""fresh""}, {""commodity"": ""Coffee Arabica"", ""table"": ""worldbank_prices"", ""last_date"": ""2025-12-01"", ""rows"": 792, ""age_days"": 240, ""status"": ""stale""}, {""commodity"": ""Coffee Robusta"", ""table"": ""worldbank_prices"", ""last_date"": ""2025-12-01"", ""rows"": 792, ""age_days"": 240, ""status"": ""stale""}, {""commodity"": ""Palm Oil"", ""table"": ""worldbank_prices"", ""last_date"": ""2025-12-01"", ""rows"": 792, ""age_days"": 240, ""status"": ""stale""}, {""commodity"": ""Soybean Meal"", ""table"": ""worldbank_prices"", ""last_date"": ""2025-12-01"", ""rows"": 792, ""age_days"": 240, ""status"": ""stale""}, {""commodity"": ""Soybean Oil"", ""table"": ""worldbank_prices"", ""last_date"": ""2025-12-01"", ""rows"": 792, ""age_days"": 240, ""status"": ""stale""}, {""commodity"": ""Soybeans"", ""table"": ""worldbank_prices"", ""last_date"": ""2025-12-01"", ""rows"": 792, ""age_days"": 240, ""status"": ""stale""}, {""commodity"": ""Coffee"", ""table"": ""forward_curve"", ""last_date"": ""2026-07-28"", ""rows"": 6, ""age_days"": 1, ""status"": ""fresh""}, {""commodity"": ""Corn"", ""table"": ""forward_curve"", ""last_date"": ""2026-07-28"", ""rows"": 6, ""age_days"": 1, ""status"": ""fresh""}, {""commodity"": ""Cotton"", ""table"": ""forward_curve"", ""last_date"": ""2026-07-28"", ""rows"": 6, ""age_days"": 1, ""status"": ""fresh""}, {""commodity"": ""Lean Hogs"", ""table"": ""forward_curve"", ""last_date"": ""2026-07-28"", ""rows"": 6, ""age_days"": 1, ""status"": ""fresh""}, {""commodity"": ""Live Cattle"", ""table"": ""forward_curve"", ""last_date"": ""2026-07-28"", ""rows"": 6, ""age_days"": 1, ""status"": ""fresh""}, {""commodity"": ""Soybean Meal"", ""table"": ""forward_curve"", ""last_date"": ""2026-07-28"", ""rows"": 6, ""age_days"": 1, ""status"": ""fresh""}, {""commodity"": ""Soybean Oil"", ""table"": ""forward_curve"", ""last_date"": ""2026-07-28"", ""rows"": 6, ""age_days"": 1, ""status"": ""fresh""}, {""commodity"": ""Soybeans"", ""table"": ""forward_curve"", ""last_date"": ""2026-07-28"", ""rows"": 6, ""age_days"": 1, ""status"": ""fresh""}, {""commodity"": ""Sugar"", ""table"": ""forward_curve"", ""last_date"": ""2026-07-28"", ""rows"": 6, ""age_days"": 1, ""status"": ""fresh""}, {""commodity"": ""Wheat"", ""table"": ""forward_curve"", ""last_date"": ""2026-07-28"", ""rows"": 6, ""age_days"": 1, ""status"": ""fresh""}, {""commodity"": ""Soybean (AgRural Paranagu\u00e1 FOB)"", ""table"": ""brazil_spot_prices"", ""last_date"": ""2026-07-27"", ""rows"": 1, ""age_days"": 2, ""status"": ""aging""}, {""commodity"": ""Soybean (SAFEX)"", ""table"": ""safex_prices"", ""last_date"": ""2026-07-28"", ""rows"": 1, ""age_days"": 1, ""status"": ""fresh""}, {""commodity"": ""Sunflower (SAFEX)"", ""table"": ""safex_prices"", ""last_date"": ""2026-07-28"", ""rows"": 1, ""age_days"": 1, ""status"": ""fresh""}]}}",2026-07-29 13:23:28
2026-07-30,"=== Mirror Market Daily Briefing — 2026-07-30 ===
NOTE: Data is informational only and should not be used as sole basis for trading decisions.
Some data layers may be delayed or unavailable. Check Data Freshness below.

DATA HEALTH: 3 critical, 10 warnings

CRITICAL:
  [india_domestic_prices] Soybean (NCDEX): MISSING from india_domestic_prices — no rows at all
  [india_domestic_prices] Soybean Oil (NCDEX): MISSING from india_domestic_prices — no rows at all
  [india_domestic_prices] Soybean Meal (NCDEX): MISSING from india_domestic_prices — no rows at all

WARNINGS:
  [cot] Coffee: STALE in cot — last date is 2026-07-21 (9 days ago)
  [cot] Corn: STALE in cot — last date is 2026-07-21 (9 days ago)
  [cot] Cotton: STALE in cot — last date is 2026-07-21 (9 days ago)
  [cot] Lean Hogs: STALE in cot — last date is 2026-07-21 (9 days ago)
  [cot] Live Cattle: STALE in cot — last date is 2026-07-21 (9 days ago)
  [cot] Soybean Meal: STALE in cot — last date is 2026-07-21 (9 days ago)
  [cot] Soybean Oil: STALE in cot — last date is 2026-07-21 (9 days ago)
  [cot] Soybeans: STALE in cot — last date is 2026-07-21 (9 days ago)
  [cot] Sugar: STALE in cot — last date is 2026-07-21 (9 days ago)
  [cot] Wheat: STALE in cot — last date is 2026-07-21 (9 days ago)

PRICES:
  Note: technicals computed on yfinance front-month series; signals within ±3 trading days of contract roll may be data artifacts rather than economic moves.
  Soybeans:        437.7 USD/MT  (+1.1%)  Above 200-day MA  MACD negative  Vol 26%
  Soybean Oil:     1,486.8 USD/MT  (-2.5%)  Above 200-day MA  MACD negative  Vol 31%
  Soybean Meal:    355.9 USD/MT  (+2.4%)  Above 200-day MA  MACD negative  Vol 23%
  Coffee:          7,129.7 USD/MT  (-0.7%)  Below 200-day MA  MACD negative  Vol 85%
  Corn:            185.7 USD/MT  (+5.1%)  Above 200-day MA  MACD positive  Vol 32%
  Wheat:           245.6 USD/MT  (+1.2%)  Above 200-day MA  MACD negative  Vol 38%
  Sugar:           318.1 USD/MT  (-0.5%)  Below 200-day MA  MACD negative  Vol 20%
  Cotton:          1,787.9 USD/MT  (+3.9%)  Above 200-day MA  MACD positive  Vol 33%
  Live Cattle:     4,984.1 USD/MT  (-0.8%)  Below 200-day MA  MACD positive  Vol 13%
  Lean Hogs:       1,829.8 USD/MT  (-17.6%)  Below 200-day MA  RSI 23 (oversold)  MACD negative  Vol 67%
  Palm Oil (CME):  1,127.5 USD/MT  (+0.0%)  Above 200-day MA  MACD positive  Vol 8%

CRUSH SPREAD: $95.9/MT (narrowing — processors profitable, oil share 51%)

BRAZIL BASIS (Paranaguá FOB vs CBOT): $+45.8/MT (Brazilian premium)
  └ Farm-gate (CEPEA Paraná): $+18.1/MT — port-vs-farm wedge $+27.7/MT

US GULF BASIS (CIF NOLA barge — AMS export bids, 2026-07-30):
  Current: +120/+122¢/bu over Aug (UNCH) | $12.97/bu ≈ $476.6/MT | yr-ago $10.47/bu

ECONOMIC CONTEXT (FRED): No data

USDA FUNDAMENTALS: No data

CROP CONDITIONS (USDA Weekly): No data

WASDE ESTIMATES (USDA Monthly Forecasts):
  WHEAT:
    Area Planted: 43 Million Acres (2026-07-15)
    Area Harvested: 32 Million Acres (2026-07-15)
    Yield per Harvested Acre: 48 Bushels (2026-07-15)
    Beginning Stocks: 920 Million Bushels (revised DOWN -15 vs prior month)
    Production: 1,536 Million Bushels (revised DOWN -7 vs prior month)
    Imports: 140 Million Bushels (revised DOWN +0 vs prior month)
    Supply, Total: 2,596 Million Bushels (revised DOWN -22 vs prior month)
    Food: 960 Million Bushels (revised DOWN +0 vs prior month)
    Seed: 59 Million Bushels (revised DOWN +0 vs prior month)
    Feed and Residual: 80 Million Bushels (revised DOWN +0 vs prior month)
    Domestic, Total: 1,099 Million Bushels (revised DOWN +0 vs prior month)
    Exports: 775 Million Bushels (revised DOWN +0 vs prior month)
    Use, Total: 1,874 Million Bushels (revised DOWN +0 vs prior month)
    Ending Stocks: 722 Million Bushels (revised DOWN -22 vs prior month)
    Avg. Farm Price ($/bu): 6 $/bu (revised DOWN +0 vs prior month)
  CORN:
    Area Planted: 99 Million Acres (revised DOWN +0 vs prior month)
    Area Harvested: 91 Million Acres (revised DOWN +0 vs prior month)
    Yield per Harvested Acre: 186 Bushels (revised DOWN +0 vs prior month)
    Beginning Stocks: 2,020 Million Bushels (revised DOWN -125 vs prior month)
    Production: 16,000 Million Bushels (revised UP +5 vs prior month)
    Imports: 25 Million Bushels (revised DOWN +0 vs prior month)
    Supply, Total: 18,045 Million Bushels (revised DOWN -120 vs prior month)
    Feed and Residual: 6,100 Million Bushels (revised DOWN +0 vs prior month)
    Food, Seed & Industrial: 6,955 Million Bushels (revised DOWN +0 vs prior month)
    Ethanol & by-products: 5,600 Million Bushels (revised DOWN +0 vs prior month)
    Domestic, Total: 13,055 Million Bushels (revised DOWN +0 vs prior month)
    Exports: 3,200 Million Bushels (revised UP +50 vs prior month)
    Use, Total: 16,255 Million Bushels (revised UP +50 vs prior month)
    Ending Stocks: 1,790 Million Bushels (revised DOWN -170 vs prior month)
    Avg. Farm Price ($/bu): 4 $/bu (revised DOWN +0 vs prior month)
  SOYBEANS:
    Area Planted: 81 Million Acres (revised DOWN +0 vs prior month)
    Area Harvested: 80 Million Acres (revised DOWN +0 vs prior month)
    Yield per Harvested Acre: 53 Bushels (revised DOWN +0 vs prior month)
    Beginning Stocks: 330 Million Bushels (revised DOWN -10 vs prior month)
    Production: 4,475 Million Bushels (revised UP +40 vs prior month)
    Imports: 25 Million Bushels (revised DOWN +0 vs prior month)
    Supply, Total: 4,830 Million Bushels (revised UP +30 vs prior month)
    Crushings: 2,750 Million Bushels (revised DOWN +0 vs prior month)
    Exports: 1,660 Million Bushels (revised UP +30 vs prior month)
    Seed: 72 Million Bushels (revised DOWN +0 vs prior month)
    Residual: 38 Million Bushels (revised DOWN +0 vs prior month)
    Use, Total: 4,520 Million Bushels (revised UP +30 vs prior month)
    Ending Stocks: 310 Million Bushels (revised DOWN +0 vs prior month)
    Avg. Farm Price ($/bu): 11 $/bu (revised DOWN +0 vs prior month)
  SOYBEAN_OIL:
    Beginning Stocks: 1,837 Million Pounds (revised DOWN +0 vs prior month)
    Production: 32,590 Million Pounds (revised DOWN +0 vs prior month)
    Imports: 600 Million Pounds (revised DOWN +0 vs prior month)
    Supply, Total: 35,027 Million Pounds (revised DOWN +0 vs prior month)
    Domestic Disappearance: 32,750 Million Pounds (revised DOWN +0 vs prior month)
    Biofuel: 17,800 Million Pounds (revised DOWN +0 vs prior month)
    Food, Feed & other Industrial: 14,950 Million Pounds (revised DOWN +0 vs prior month)
    Exports: 400 Million Pounds (revised DOWN +0 vs prior month)
    Use, Total: 33,150 Million Pounds (revised DOWN +0 vs prior month)
    Ending stocks: 1,877 Million Pounds (revised DOWN +0 vs prior month)
    Avg. Price (c/lb): 70 c/lb (revised DOWN +0 vs prior month)
  SOYBEAN_MEAL:
    Beginning Stocks: 450 Thousand Short Tons (revised DOWN +0 vs prior month)
    Production: 64,985 Thousand Short Tons (revised DOWN -40 vs prior month)
    Imports: 840 Thousand Short Tons (revised UP +40 vs prior month)
    Supply, Total: 66,275 Thousand Short Tons (revised DOWN +0 vs prior month)
    Domestic Disappearance: 43,825 Thousand Short Tons (revised DOWN -300 vs prior month)
    Exports: 22,000 Thousand Short Tons (revised UP +300 vs prior month)
    Use, Total: 65,825 Thousand Short Tons (revised DOWN +0 vs prior month)
    Ending Stocks: 450 Thousand Short Tons (revised DOWN +0 vs prior month)
    Avg. Price ($/s.t.): 310 $/s.t. (revised DOWN +0 vs prior month)
  COTTON:
    Planted: 9 Million Acres (revised DOWN +0 vs prior month)
    Harvested: 8 Million Acres (revised DOWN +0 vs prior month)
    Yield per Harvested Acre: 852 Pounds (revised DOWN +0 vs prior month)
    Beginning Stocks: 4 Million 480 Pound Bales (revised DOWN +0 vs prior month)
    Production: 14 Million 480 Pound Bales (revised UP +0 vs prior month)
    Imports: 0 Million 480 Pound Bales (revised DOWN +0 vs prior month)
    Supply, Total: 18 Million 480 Pound Bales (revised UP +0 vs prior month)
    Domestic Use: 2 Million 480 Pound Bales (revised DOWN +0 vs prior month)
    Exports, Total: 12 Million 480 Pound Bales (revised DOWN +0 vs prior month)
    Use, Total: 14 Million 480 Pound Bales (revised DOWN +0 vs prior month)
    Unaccounted: -0 Million 480 Pound Bales (revised DOWN +0 vs prior month)
    Ending Stocks: 4 Million 480 Pound Bales (revised UP +0 vs prior month)
    Avg. Farm Price: 73  (revised DOWN +0 vs prior month)

STOCKS-TO-USE (US balance sheet, source: PSD):
  Soybeans: 6.4% (MY 2026) | prior 5-yr range: 5.8%–7.7%
  Corn: 9.9% (MY 2026) | prior 5-yr range: 8.5%–10.9%
  Wheat: 27.8% (MY 2026) | prior 5-yr range: 23.3%–31.0%
  Cotton: 22.9% (MY 2026) | prior 5-yr range: 18.8%–24.4%
  Soybean Meal: 0.7% (MY 2026) | prior 5-yr range: 0.6%–0.8%
  Soybean Oil: 5.4% (MY 2026) | prior 5-yr range: 5.3%–7.0%

EXPORT SALES (USDA Weekly): No data (set FAS_API_KEY to enable)

EXPORT INSPECTIONS (USDA Weekly):
  Corn: Inspected: 1,488,028 MT (w/e 07/23)
  Soybeans: Inspected: 348,850 MT (w/e 07/23)
  Wheat: Inspected: 394,785 MT (w/e 07/23)
  US export flows by port region (AMS tonnage, not basis):
    Soybeans (w/e 07/23): Gulf 219,159 MT (63%) | PNW 0 MT (0%) | Interior 120,772 MT (35%)
    Corn Yellow (w/e 07/23): Gulf 674,988 MT (46%) | PNW 456,666 MT (31%) | Interior 296,105 MT (20%)

DCE CHINESE FUTURES:
  DCE Soybean: CNY 4,689 | vs CBOT 1,191.25 USD (as of 2026-07-30)
  DCE Soybean Meal: CNY 3,074 | vs CBOT 322.90 USD (as of 2026-07-30)
  DCE Soybean Oil: CNY 8,407 | vs CBOT 67.44 USD (as of 2026-07-30)
  DCE Palm Oil: CNY 9,393 (as of 2026-07-30)
  DCE Corn: CNY 2,266 (as of 2026-07-30)
  CZCE Rapeseed Oil: CNY 9,893 (as of 2026-07-30)
  CZCE Rapeseed Meal: CNY 2,289 (as of 2026-07-30)

FORWARD CURVE:
  Coffee: Backwardation: Sep 2026 323.55 → Sep 2027 295.50 (-28.05, -8.7%) — tight supply / strong nearby demand
  Corn: Contango: Sep 2026 448.50 → Sep 2027 484.75 (+36.25, +8.1%) — adequate supply / carrying costs priced in
  Cotton: Mild Contango: Oct 2026 79.95 → Oct 2027 79.13 (-0.82, -1.0%) — adequate supply / carrying costs priced in
  Lean Hogs: Mild Contango: Aug 2026 98.60 → May 2027 85.97 (-12.62, -12.8%) — adequate supply / carrying costs priced in
  Live Cattle: Mild Backwardation: Aug 2026 230.12 → Jun 2027 218.30 (-11.82, -5.1%) — tight supply / strong nearby demand
  Soybean Meal: Contango: Aug 2026 314.50 → Mar 2027 328.50 (+14.00, +4.5%) — adequate supply / carrying costs priced in
  Soybean Oil: Backwardation: Aug 2026 68.68 → Mar 2027 67.05 (-1.63, -2.4%) — tight supply / strong nearby demand
  Soybeans: Contango: Aug 2026 1177.25 → May 2027 1216.50 (+39.25, +3.3%) — adequate supply / carrying costs priced in
  Sugar: Contango: Oct 2026 14.42 → Mar 2028 16.20 (+1.78, +12.3%) — adequate supply / carrying costs priced in
  Wheat: Contango: Sep 2026 669.00 → Sep 2027 707.50 (+38.50, +5.8%) — adequate supply / carrying costs priced in

BIOFUEL & ENERGY (EIA): No data (set EIA_API_KEY to enable)

BRAZIL CROP ESTIMATES (CONAB):
  Cotton (2025/26):
    Production: 3,978 1000 MT (vs USDA 18,000 — gap: -14,022)
    Area: 2,020 1000 HA
    Yield: 1,969 KG/HA
    Production: 3,978 1000 MT (vs USDA 18,000 — gap: -14,022)
    Area: 2,020 1000 HA
    Yield: 1,969 KG/HA
  Corn (2025/26):
    Production: 140,463 1000 MT (vs USDA 139,000 — gap: +1,463)
    Area: 22,582 1000 HA
    Yield: 6,220 KG/HA
    Production: 140,463 1000 MT (vs USDA 139,000 — gap: +1,463)
    Area: 22,582 1000 HA
    Yield: 6,220 KG/HA
  Soybeans (2025/26):
    Production: 180,253 1000 MT (vs USDA 186,000 — gap: -5,747)
    Area: 48,563 1000 HA
    Yield: 3,712 KG/HA
    Production: 180,253 1000 MT (vs USDA 186,000 — gap: -5,747)
    Area: 48,563 1000 HA
    Yield: 3,712 KG/HA
  Wheat (2025):
    Production: 6,297 1000 MT (vs USDA 6,700 — gap: -403)
    Area: 2,117 1000 HA
    Yield: 2,974 KG/HA
    Production: 6,297 1000 MT (vs USDA 6,700 — gap: -403)
    Area: 2,117 1000 HA
    Yield: 2,974 KG/HA

CURRENCIES:
  BRL/USD: 0.1974 (Real weakening — Brazil exports cheaper)
  ARS/USD: 0.0007 (Peso weakening)
  COP/USD: 0.0003 
  PYG/USD: 0.0002 
  CNY/USD: 0.1483 (Yuan stable)
  IDR/USD: 0.0001 (Rupiah weakening)
  MYR/USD: 0.2454 (Ringgit stable)
  VND/USD: 0.0000 
  INR/USD: 0.0105 
  THB/USD: 0.0300 
  ETB/USD: 0.0063 
  ZAR/USD: 0.0607 
  NGN/USD: 0.0007 

COT POSITIONING:
  Soybeans: Commercials net short 127,600, -1.2σ vs 3yr, Specs net long 153,010, +1.2σ vs 3yr
  Soybean Oil: Commercials net short 142,415, -1.8σ vs 3yr, Specs net long 132,003, +1.8σ vs 3yr
  Soybean Meal: Commercials net short 127,645, -1.2σ vs 3yr, Specs net long 103,266, +1.2σ vs 3yr
  Coffee: Commercials net short 27,764, +0.6σ vs 3yr, Specs net long 26,034, -0.6σ vs 3yr
  Corn: Commercials net short 81,746, -0.9σ vs 3yr, Specs net long 121,796, +0.8σ vs 3yr
  Wheat: Commercials net long 19,130, -1.6σ vs 3yr, Specs net short 14,250, +1.6σ vs 3yr
  Sugar: Commercials net long 41,350, +0.4σ vs 3yr, Specs net short 47,496, -0.4σ vs 3yr
  Cotton: Commercials net short 108,641, -2.0σ vs 3yr, Specs net long 100,360, +2.0σ vs 3yr
  Live Cattle: Commercials net short 65,702, +0.9σ vs 3yr, Specs net long 78,860, -1.0σ vs 3yr
  Lean Hogs: Commercials net long 15,465, +1.7σ vs 3yr, Specs net short 13,734, -1.7σ vs 3yr

WEATHER ALERTS:
  US Midwest (Iowa): Dry conditions — watch soil moisture [-0.3σ vs 90d]
  US Illinois: Dry spell — 19 consecutive days <1mm — soil moisture depleting
  Brazil Mato Grosso: Dry spell — 17 consecutive days <1mm — soil moisture depleting
  Brazil Parana: Dry conditions — watch soil moisture [-0.5σ vs 90d]
  Brazil Minas Gerais: Dry conditions — watch soil moisture [-0.3σ vs 90d]
  Brazil Bahia: Dry conditions — watch soil moisture [-1.0σ vs 90d]
  Argentina Pampas: Dry conditions — watch soil moisture [-0.4σ vs 90d]
  Argentina Cordoba: Dry conditions — watch soil moisture [+0.2σ vs 90d]
  Paraguay Chaco: Dry conditions — watch soil moisture [-0.3σ vs 90d]
  Indonesia Riau (Sumatra): Heavy rain (28mm) — harvest delays possible [+2.8σ vs 90d]
  India Madhya Pradesh: Heavy rain (42mm) — harvest delays possible [+4.0σ vs 90d]
  India Maharashtra: Heavy rain (27mm) — harvest delays possible [+2.9σ vs 90d]
  South Africa Free State: Dry conditions — watch soil moisture [-0.3σ vs 90d]
  South Africa Mpumalanga: Dry spell — 33 consecutive days <1mm — soil moisture depleting

GLOBAL SUPPLY (USDA PSD):
  Brazil soybeans production: 186,000 (1000 MT)
  China soybeans imports: 115,000 (1000 MT)
  United States soybeans production: 121,790 (1000 MT)
  Indonesia palm oil production: 47,500 (1000 MT)
  Argentina (top soymeal/oil exporter):
    Soybeans production: 50,000 (1000 MT) (+0.0% YoY)
    Soybean Meal exports: 29,400 (1000 MT) (+1.4% YoY)
    Soybean Oil exports: 6,650 (1000 MT) (+3.1% YoY)

WORLD PRICES (World Bank Monthly):
  Coffee Arabica: 6.79 cents/lb (-2.3% vs last month)
  Coffee Robusta: $4/mt (+1.6% vs last month)
  Palm Oil: $1,105/mt (-2.7% vs last month)
  Soybeans: $468/mt (-1.1% vs last month)
  Soybean Oil: $1,765/mt (-0.9% vs last month)
  Soybean Meal: $425/mt (+0.7% vs last month)
  Rapeseed Oil: $1,498/mt (+0.7% vs last month)
  Sunflower Oil: $1,510/mt (+0.5% vs last month)

EMERGING MARKETS (Soybeans):
  South Africa:
    Beginning Stocks: 475 (1000 MT) (+35.7% YoY)
    Crush: 2,000 (1000 MT) (+5.3% YoY)
    Domestic Consumption: 2,625 (1000 MT) (+4.0% YoY)
    Ending Stocks: 335 (1000 MT) (-29.5% YoY)
    Exports: 325 (1000 MT) (-27.8% YoY)
    Imports: 10 (1000 MT) (-80.0% YoY)
    Production: 2,800 (1000 MT) (-8.2% YoY)
    Total Distribution: 3,285 (1000 MT) (-4.8% YoY)
    Total Supply: 3,285 (1000 MT) (-4.8% YoY)
    Currency: ZAR/USD: 0.0607, week: -0.6%
    Weather: South Africa Free State — Dry
    Weather: South Africa Mpumalanga — Dry
    SAFEX Soybean: R8,115/MT / $492.2/MT
    SAFEX-CBOT Basis: $+54.5/MT (sub-Saharan premium)
  India:
    Beginning Stocks: 741 (1000 MT) (+12.4% YoY)
    Crush: 10,000 (1000 MT) (+2.3% YoY)
    Domestic Consumption: 11,875 (1000 MT) (+2.2% YoY)
    Ending Stocks: 541 (1000 MT) (-27.0% YoY)
    Exports: 25 (1000 MT) (+25.0% YoY)
    Imports: 200 (1000 MT) (-71.4% YoY)
    Production: 11,500 (1000 MT) (+4.3% YoY)
    Total Distribution: 12,441 (1000 MT) (+0.4% YoY)
    Total Supply: 12,441 (1000 MT) (+0.4% YoY)
    Currency: INR/USD: 0.0105, week: +0.9%
    Weather: India Maharashtra — Dry
  Nigeria:
    Beginning Stocks: 222 (1000 MT) (-9.8% YoY)
    Crush: 975 (1000 MT) (+0.0% YoY)
    Domestic Consumption: 1,450 (1000 MT) (+3.6% YoY)
    Ending Stocks: 223 (1000 MT) (+0.5% YoY)
    Exports: 50 (1000 MT) (-60.0% YoY)
    Imports: 1 (1000 MT) (+0.0% YoY)
    Production: 1,500 (1000 MT) (+0.0% YoY)
    Total Distribution: 1,723 (1000 MT) (-1.4% YoY)
    Total Supply: 1,723 (1000 MT) (-1.4% YoY)
    Currency: NGN/USD: 0.0007, week: +0.7%
  Brazil:
    Beginning Stocks: 37,688 (1000 MT) (+0.0% YoY)
    Crush: 65,000 (1000 MT) (+5.7% YoY)
    Domestic Consumption: 69,600 (1000 MT) (+5.6% YoY)
    Ending Stocks: 36,888 (1000 MT) (-2.1% YoY)
    Exports: 118,000 (1000 MT) (+2.6% YoY)
    Imports: 800 (1000 MT) (-11.1% YoY)
    Production: 186,000 (1000 MT) (+3.3% YoY)
    Total Distribution: 224,488 (1000 MT) (+2.7% YoY)
    Total Supply: 224,488 (1000 MT) (+2.7% YoY)
    Currency: BRL/USD: 0.1974, week: -0.1%
    Weather: Brazil Mato Grosso — Dry
    Weather: Brazil Parana — Dry
    CEPEA: R$2,316.67/MT / $457.2/MT
    Brazil-CBOT Basis: $+19.5/MT (premium)
    Weekly Chg: +0.8%

CORRELATIONS:
  Cross-commodity (daily returns):
    Soybeans vs Soybean Oil: 0.52 (moderate positive)
    Soybeans vs Soybean Meal: 0.75 (strong positive)
    Soybeans vs Corn: 0.53 (moderate positive)
    Corn vs Wheat: 0.55 (moderate positive)
  Commodity-currency:
    Soybeans vs BRL/USD: 0.04 (BRL weakening → cheaper Brazil exports → soy pressure)
    Coffee vs COP/USD: -0.03 (COP weakening → cheaper Colombia exports)
    Coffee vs BRL/USD: 0.04 (BRL weakening → cheaper Brazil exports)

SEASONAL ANALYSIS:
  Soybeans: Above seasonal norm (+5.4% vs this month's typical deviation from 12m trend)
  Soybean Oil: Above seasonal norm (+9.8% vs this month's typical deviation from 12m trend)
  Soybean Meal: Above seasonal norm (+3.0% vs this month's typical deviation from 12m trend)
  Coffee: Below seasonal norm (-3.8% vs this month's typical deviation from 12m trend)
  Corn: Above seasonal norm (+10.2% vs this month's typical deviation from 12m trend)
  Wheat: Above seasonal norm (+17.9% vs this month's typical deviation from 12m trend)
  Sugar: Above seasonal norm (+0.5% vs this month's typical deviation from 12m trend)
  Cotton: Above seasonal norm (+20.6% vs this month's typical deviation from 12m trend)
  Live Cattle: Below seasonal norm (-4.9% vs this month's typical deviation from 12m trend)
  Lean Hogs: Below seasonal norm (-22.3% vs this month's typical deviation from 12m trend)
  Palm Oil (CME): Above seasonal norm (+9.3% vs this month's typical deviation from 12m trend)

MARKET DRIVERS:
  1. Crowded short in Lean Hogs: Specs net short 13,734 contracts AND RSI at 23 — short squeeze risk
  2. Weather premium building in Coffee: price up 4.5% this week with active weather alerts in Argentina Pampas
  3. Corn outperforming soybeans (+1.7% vs -3.7% this week): if sustained, farmers may shift acreage to corn next planting season
  4. Corn in steep contango (+8.1%): market expects adequate supply, carrying costs elevated
  5. Wheat in steep contango (+5.8%): market expects adequate supply, carrying costs elevated
  6. Palm oil outperforming soybean oil (+0.4% vs -10.8%): palm premium widening — may shift demand toward soy oil
  7. CONAB vs USDA divergence: CONAB estimates Brazil soybean production 5,747 1000 MT lower than USDA — USDA may revise down

SIGNALS:
  [WARNING]  Lean Hogs RSI oversold (23)
  [INFO]     Soybeans volume spike (3.2x normal)
  [INFO]     Coffee volume spike (2.4x normal)
  [INFO]     Cotton volume spike (779.0x normal)
  [INFO]     Lean Hogs volume spike (2.3x normal)
  [INFO]     Lean Hogs MACD bearish crossover (momentum turning down)","[{""date"": ""2026-07-30 00:00:00"", ""commodity"": ""Soybeans"", ""signal_type"": ""volume_spike"", ""severity"": ""info"", ""description"": ""Soybeans volume spike (3.2x normal)""}, {""date"": ""2026-07-30 00:00:00"", ""commodity"": ""Coffee"", ""signal_type"": ""volume_spike"", ""severity"": ""info"", ""description"": ""Coffee volume spike (2.4x normal)""}, {""date"": ""2026-07-30 00:00:00"", ""commodity"": ""Cotton"", ""signal_type"": ""volume_spike"", ""severity"": ""info"", ""description"": ""Cotton volume spike (779.0x normal)""}, {""date"": ""2026-07-30 00:00:00"", ""commodity"": ""Lean Hogs"", ""signal_type"": ""volume_spike"", ""severity"": ""info"", ""description"": ""Lean Hogs volume spike (2.3x normal)""}, {""date"": ""2026-07-30 00:00:00"", ""commodity"": ""Lean Hogs"", ""signal_type"": ""rsi_oversold"", ""severity"": ""warning"", ""description"": ""Lean Hogs RSI oversold (23)""}, {""date"": ""2026-07-30 00:00:00"", ""commodity"": ""Lean Hogs"", ""signal_type"": ""macd_bearish"", ""severity"": ""info"", ""description"": ""Lean Hogs MACD bearish crossover (momentum turning down)""}]","{""schema_version"": 2, ""prices"": {""Soybeans"": {""close"": 1191.25, ""daily_pct_change"": 1.1247877758913338, ""weekly_pct_change"": -3.7373737373737392, ""rsi"": 50.26391380716834, ""macd"": 13.449150079630044, ""macd_signal"": 17.255318799238147, ""macd_histogram"": -3.8061687196081024, ""ma_20"": 1202.3375, ""ma_50"": 1167.645, ""ma_200"": 1130.395, ""bb_upper"": 1252.7273681858824, ""bb_middle"": 1202.3375, ""bb_lower"": 1151.9476318141178, ""bb_width"": 8.38198395806207, ""hv_20"": 25.73863071066197, ""hv_60"": 20.719877856304024, ""close_usd_mt"": 437.70932624999995}, ""Soybean Oil"": {""close"": 67.44000244140625, ""daily_pct_change"": -2.5010781745484656, ""weekly_pct_change"": -10.781841898832145, ""rsi"": 34.58422864941333, ""macd"": -0.3756520031561621, ""macd_signal"": 0.12485783389772008, ""macd_histogram"": -0.5005098370538822, ""ma_20"": 71.80200004577637, ""ma_50"": 72.85680023193359, ""ma_200"": 62.07235000610351, ""bb_upper"": 77.20261081862411, ""bb_middle"": 71.80200004577637, ""bb_lower"": 66.40138927292863, ""bb_width"": 15.043065010458365, ""hv_20"": 31.31545297000186, ""hv_60"": 27.388566314815787, ""close_usd_mt"": 1486.7957818237303}, ""Soybean Meal"": {""close"": 322.8999938964844, ""daily_pct_change"": 2.4104048200934036, ""weekly_pct_change"": -2.121855146865037, ""rsi"": 53.676498360940485, ""macd"": 2.490238625066411, ""macd_signal"": 2.90284023817615, ""macd_histogram"": -0.412601613109739, ""ma_20"": 320.9449981689453, ""ma_50"": 316.4059991455078, ""ma_200"": 311.54649978637696, ""bb_upper"": 332.81968902037966, ""bb_middle"": 320.9449981689453, ""bb_lower"": 309.0703073175109, ""bb_width"": 7.39982920387096, ""hv_20"": 23.23927436476689, ""hv_60"": 19.84196438008134, ""close_usd_mt"": 355.9362135578569}, ""Coffee"": {""close"": 323.3999938964844, ""daily_pct_change"": -0.7366464046675958, ""weekly_pct_change"": 4.524886967090236, ""rsi"": 52.238539686567336, ""macd"": 6.836035367894397, ""macd_signal"": 9.389122682503759, ""macd_histogram"": -2.5530873146093622, ""ma_20"": 330.87749938964845, ""ma_50"": 295.0730001831055, ""ma_200"": 329.63500022888184, ""bb_upper"": 358.48831116603515, ""bb_middle"": 330.87749938964845, ""bb_lower"": 303.26668761326175, ""bb_width"": 16.689446594173884, ""hv_20"": 85.12032040406284, ""hv_60"": 57.03394685186232, ""close_usd_mt"": 7129.740945440673}, ""Corn"": {""close"": 471.75, ""daily_pct_change"": 5.066815144766146, ""weekly_pct_change"": 1.6702586206896575, ""rsi"": 64.00940857199623, ""macd"": 8.632721390708639, ""macd_signal"": 6.814446921255677, ""macd_histogram"": 1.8182744694529616, ""ma_20"": 446.875, ""ma_50"": 436.31, ""ma_200"": 439.09, ""bb_upper"": 472.27107304918667, ""bb_middle"": 446.875, ""bb_lower"": 421.47892695081333, ""bb_width"": 11.366074651384244, ""hv_20"": 32.1510496471138, ""hv_60"": 28.220285957943663, ""close_usd_mt"": 185.71854000000002}, ""Wheat"": {""close"": 668.5, ""daily_pct_change"": 1.1729095724555494, ""weekly_pct_change"": -3.9856373429084435, ""rsi"": 58.21635233509504, ""macd"": 17.277674903798015, ""macd_signal"": 18.326114515482843, ""macd_histogram"": -1.0484396116848274, ""ma_20"": 651.275, ""ma_50"": 622.265, ""ma_200"": 572.9375, ""bb_upper"": 720.7197716951416, ""bb_middle"": 651.275, ""bb_lower"": 581.8302283048583, ""bb_width"": 21.325790701360145, ""hv_20"": 38.10485836270299, ""hv_60"": 33.77641286288371, ""close_usd_mt"": 245.63163449999996}, ""Sugar"": {""close"": 14.430000305175781, ""daily_pct_change"": -0.48275651602909253, ""weekly_pct_change"": -1.7699066210642878, ""rsi"": 45.75639848110134, ""macd"": 0.043224335290901195, ""macd_signal"": 0.10728442995620996, ""macd_histogram"": -0.06406009466530876, ""ma_20"": 14.801500034332275, ""ma_50"": 14.388200035095215, ""ma_200"": 14.586600017547607, ""bb_upper"": 15.260894462005567, ""bb_middle"": 14.801500034332275, ""bb_lower"": 14.342105606658983, ""bb_width"": 6.207403663246571, ""hv_20"": 19.700538694326607, ""hv_60"": 24.765215445477946, ""close_usd_mt"": 318.1266727279663}, ""Cotton"": {""close"": 81.0999984741211, ""daily_pct_change"": 3.9477082332435742, ""weekly_pct_change"": 1.5781590606517737, ""rsi"": 61.170420139834995, ""macd"": 1.0828074571012394, ""macd_signal"": 0.9521037181437528, ""macd_histogram"": 0.13070373895748655, ""ma_20"": 78.1379997253418, ""ma_50"": 76.27960021972656, ""ma_200"": 69.4527000617981, ""bb_upper"": 82.53185401767978, ""bb_middle"": 78.1379997253418, ""bb_lower"": 73.74414543300382, ""bb_width"": 11.246395627690884, ""hv_20"": 33.11176077225816, ""hv_60"": 32.16688162801121, ""close_usd_mt"": 1787.9467863601683}, ""Live Cattle"": {""close"": 226.0749969482422, ""daily_pct_change"": -0.8007885024653105, ""weekly_pct_change"": 0.2994689751712354, ""rsi"": 33.58758859841005, ""macd"": -5.470037701932455, ""macd_signal"": -5.830377349910222, ""macd_histogram"": 0.3603396479777672, ""ma_20"": 230.40750045776366, ""ma_50"": 243.1265005493164, ""ma_200"": 238.20562477111815, ""bb_upper"": 241.2693168148385, ""bb_middle"": 230.40750045776366, ""bb_lower"": 219.54568410068882, ""bb_width"": 9.428353100914732, ""hv_20"": 12.966196489525455, ""hv_60"": 18.123167500856987, ""close_usd_mt"": 4984.094597720336}, ""Lean Hogs"": {""close"": 83.0, ""daily_pct_change"": -17.556496166849833, ""weekly_pct_change"": -18.746941987100605, ""rsi"": 22.91031317063384, ""macd"": 0.6062120415024879, ""macd_signal"": 1.5446112856368122, ""macd_histogram"": -0.9383992441343243, ""ma_20"": 97.5099998474121, ""ma_50"": 95.92350006103516, ""ma_200"": 89.8529999923706, ""bb_upper"": 107.71557661445858, ""bb_middle"": 97.5099998474121, ""bb_lower"": 87.30442308036562, ""bb_width"": 20.932369568283484, ""hv_20"": 67.44226903498506, ""hv_60"": 45.10152525075661, ""close_usd_mt"": 1829.8346}, ""Palm Oil (CME)"": {""close"": 1127.5, ""daily_pct_change"": 0.04436557231588534, ""weekly_pct_change"": 0.4230683589401041, ""rsi"": 51.726855063755515, ""macd"": -0.055947469339344025, ""macd_signal"": -1.4042418915589725, ""macd_histogram"": 1.3482944222196285, ""ma_20"": 1122.7125, ""ma_50"": 1130.24, ""ma_200"": 1080.1125, ""bb_upper"": 1134.5605233753263, ""bb_middle"": 1122.7125, ""bb_lower"": 1110.864476624674, ""bb_width"": 2.1106068339536956, ""hv_20"": 8.398146402126622, ""hv_60"": 12.190833810826051, ""close_usd_mt"": 1127.5}}, ""crush_spread"": {""value_cents"": 260.97001342773456, ""value_usd_mt"": 95.8900388238465, ""oil_value_share"": 0.5108317059372245, ""chg_5d_cents"": -58.79993286132799}, ""brazil_basis"": {""paranagua_fob"": {""basis_usd_mt"": 45.81148778136259, ""basis_pct"": 0.10466189554114531, ""spot_usd_mt"": 483.52081403136253, ""cbot_usd_mt"": 437.70932624999995, ""brl_usd"": 0.19735543429851532}, ""cepea_parana"": {""basis_usd_mt"": 18.127634434445213, ""basis_pct"": 0.04188060603522981, ""spot_usd_mt"": 450.96842043444514, ""cbot_usd_mt"": 432.8407859999999, ""brl_usd"": 0.19466234743595123}, ""port_farm_wedge_usd_mt"": 27.683853346917374}, ""economic"": {}, ""yield_curve"": null, ""usda"": {}, ""crop_progress"": {}, ""wasde"": {""CORN"": {""Area Harvested"": {""value"": 91.3, ""unit"": ""Million Acres"", ""marketing_year"": ""2025/26"", ""reference_period"": ""2026-07-15"", ""mom_revision"": 0.0}, ""Area Planted"": {""value"": 98.8, ""unit"": ""Million Acres"", ""marketing_year"": ""2025/26"", ""reference_period"": ""2026-07-15"", ""mom_revision"": 0.0}, ""Avg. Farm Price ($/bu)"": {""value"": 4.4, ""unit"": ""$/bu"", ""marketing_year"": ""2026/27"", ""reference_period"": ""2026-07-15"", ""mom_revision"": 0.0}, ""Beginning Stocks"": {""value"": 2020.0, ""unit"": ""Million Bushels"", ""marketing_year"": ""2026/27"", ""reference_period"": ""2026-07-15"", ""mom_revision"": -125.0}, ""Domestic, Total"": {""value"": 13055.0, ""unit"": ""Million Bushels"", ""marketing_year"": ""2026/27"", ""reference_period"": ""2026-07-15"", ""mom_revision"": 0.0}, ""Ending Stocks"": {""value"": 1790.0, ""unit"": ""Million Bushels"", ""marketing_year"": ""2026/27"", ""reference_period"": ""2026-07-15"", ""mom_revision"": -170.0}, ""Ethanol & by-products"": {""value"": 5600.0, ""unit"": ""Million Bushels"", ""marketing_year"": ""2026/27"", ""reference_period"": ""2026-07-15"", ""mom_revision"": 0.0}, ""Exports"": {""value"": 3200.0, ""unit"": ""Million Bushels"", ""marketing_year"": ""2026/27"", ""reference_period"": ""2026-07-15"", ""mom_revision"": 50.0}, ""Feed and Residual"": {""value"": 6100.0, ""unit"": ""Million Bushels"", ""marketing_year"": ""2026/27"", ""reference_period"": ""2026-07-15"", ""mom_revision"": 0.0}, ""Food, Seed & Industrial"": {""value"": 6955.0, ""unit"": ""Million Bushels"", ""marketing_year"": ""2026/27"", ""reference_period"": ""2026-07-15"", ""mom_revision"": 0.0}, ""Imports"": {""value"": 25.0, ""unit"": ""Million Bushels"", ""marketing_year"": ""2026/27"", ""reference_period"": ""2026-07-15"", ""mom_revision"": 0.0}, ""Production"": {""value"": 16000.0, ""unit"": ""Million Bushels"", ""marketing_year"": ""2026/27"", ""reference_period"": ""2026-07-15"", ""mom_revision"": 5.0}, ""Supply, Total"": {""value"": 18045.0, ""unit"": ""Million Bushels"", ""marketing_year"": ""2026/27"", ""reference_period"": ""2026-07-15"", ""mom_revision"": -120.0}, ""Use, Total"": {""value"": 16255.0, ""unit"": ""Million Bushels"", ""marketing_year"": ""2026/27"", ""reference_period"": ""2026-07-15"", ""mom_revision"": 50.0}, ""Yield per Harvested Acre"": {""value"": 186.5, ""unit"": ""Bushels"", ""marketing_year"": ""2025/26"", ""reference_period"": ""2026-07-15"", ""mom_revision"": 0.0}}, ""COTTON"": {""Avg. Farm Price"": {""value"": 73.0, ""unit"": null, ""marketing_year"": ""2026/27"", ""reference_period"": ""2026-07-15"", ""mom_revision"": 0.0}, ""Beginning Stocks"": {""value"": 4.2, ""unit"": ""Million 480 Pound Bales"", ""marketing_year"": ""2026/27"", ""reference_period"": ""2026-07-15"", ""mom_revision"": 0.0}, ""Domestic Use"": {""value"": 1.6, ""unit"": ""Million 480 Pound Bales"", ""marketing_year"": ""2026/27"", ""reference_period"": ""2026-07-15"", ""mom_revision"": 0.0}, ""Ending Stocks"": {""value"": 4.1, ""unit"": ""Million 480 Pound Bales"", ""marketing_year"": ""2026/27"", ""reference_period"": ""2026-07-15"", ""mom_revision"": 0.39999999999999947}, ""Exports, Total"": {""value"": 12.3, ""unit"": ""Million 480 Pound Bales"", ""marketing_year"": ""2026/27"", ""reference_period"": ""2026-07-15"", ""mom_revision"": 0.0}, ""Harvested"": {""value"": 7.83, ""unit"": ""Million Acres"", ""marketing_year"": ""2025/26"", ""reference_period"": ""2026-07-15"", ""mom_revision"": 0.0}, ""Imports"": {""value"": 0.01, ""unit"": ""Million 480 Pound Bales"", ""marketing_year"": ""2026/27"", ""reference_period"": ""2026-07-15"", ""mom_revision"": 0.0}, ""Planted"": {""value"": 9.28, ""unit"": ""Million Acres"", ""marketing_year"": ""2025/26"", ""reference_period"": ""2026-07-15"", ""mom_revision"": 0.0}, ""Production"": {""value"": 13.7, ""unit"": ""Million 480 Pound Bales"", ""marketing_year"": ""2026/27"", ""reference_period"": ""2026-07-15"", ""mom_revision"": 0.3999999999999986}, ""Supply, Total"": {""value"": 17.91, ""unit"": ""Million 480 Pound Bales"", ""marketing_year"": ""2026/27"", ""reference_period"": ""2026-07-15"", ""mom_revision"": 0.3999999999999986}, ""Unaccounted"": {""value"": -0.1, ""unit"": ""Million 480 Pound Bales"", ""marketing_year"": ""2026/27"", ""reference_period"": ""2026-07-15"", ""mom_revision"": 0.0}, ""Use, Total"": {""value"": 13.9, ""unit"": ""Million 480 Pound Bales"", ""marketing_year"": ""2026/27"", ""reference_period"": ""2026-07-15"", ""mom_revision"": 0.0}, ""Yield per Harvested Acre"": {""value"": 852.0, ""unit"": ""Pounds"", ""marketing_year"": ""2025/26"", ""reference_period"": ""2026-07-15"", ""mom_revision"": 0.0}}, ""SOYBEANS"": {""Area Harvested"": {""value"": 80.4, ""unit"": ""Million Acres"", ""marketing_year"": ""2025/26"", ""reference_period"": ""2026-07-15"", ""mom_revision"": 0.0}, ""Area Planted"": {""value"": 81.2, ""unit"": ""Million Acres"", ""marketing_year"": ""2025/26"", ""reference_period"": ""2026-07-15"", ""mom_revision"": 0.0}, ""Avg. Farm Price ($/bu)"": {""value"": 11.4, ""unit"": ""$/bu"", ""marketing_year"": ""2026/27"", ""reference_period"": ""2026-07-15"", ""mom_revision"": 0.0}, ""Beginning Stocks"": {""value"": 330.0, ""unit"": ""Million Bushels"", ""marketing_year"": ""2026/27"", ""reference_period"": ""2026-07-15"", ""mom_revision"": -10.0}, ""Crushings"": {""value"": 2750.0, ""unit"": ""Million Bushels"", ""marketing_year"": ""2026/27"", ""reference_period"": ""2026-07-15"", ""mom_revision"": 0.0}, ""Ending Stocks"": {""value"": 310.0, ""unit"": ""Million Bushels"", ""marketing_year"": ""2026/27"", ""reference_period"": ""2026-07-15"", ""mom_revision"": 0.0}, ""Exports"": {""value"": 1660.0, ""unit"": ""Million Bushels"", ""marketing_year"": ""2026/27"", ""reference_period"": ""2026-07-15"", ""mom_revision"": 30.0}, ""Imports"": {""value"": 25.0, ""unit"": ""Million Bushels"", ""marketing_year"": ""2026/27"", ""reference_period"": ""2026-07-15"", ""mom_revision"": 0.0}, ""Production"": {""value"": 4475.0, ""unit"": ""Million Bushels"", ""marketing_year"": ""2026/27"", ""reference_period"": ""2026-07-15"", ""mom_revision"": 40.0}, ""Residual"": {""value"": 38.0, ""unit"": ""Million Bushels"", ""marketing_year"": ""2026/27"", ""reference_period"": ""2026-07-15"", ""mom_revision"": 0.0}, ""Seed"": {""value"": 72.0, ""unit"": ""Million Bushels"", ""marketing_year"": ""2026/27"", ""reference_period"": ""2026-07-15"", ""mom_revision"": 0.0}, ""Supply, Total"": {""value"": 4830.0, ""unit"": ""Million Bushels"", ""marketing_year"": ""2026/27"", ""reference_period"": ""2026-07-15"", ""mom_revision"": 30.0}, ""Use, Total"": {""value"": 4520.0, ""unit"": ""Million Bushels"", ""marketing_year"": ""2026/27"", ""reference_period"": ""2026-07-15"", ""mom_revision"": 30.0}, ""Yield per Harvested Acre"": {""value"": 53.0, ""unit"": ""Bushels"", ""marketing_year"": ""2025/26"", ""reference_period"": ""2026-07-15"", ""mom_revision"": 0.0}}, ""SOYBEAN_MEAL"": {""Avg. Price ($/s.t.)"": {""value"": 310.0, ""unit"": ""$/s.t."", ""marketing_year"": ""2026/27"", ""reference_period"": ""2026-07-15"", ""mom_revision"": 0.0}, ""Beginning Stocks"": {""value"": 450.0, ""unit"": ""Thousand Short Tons"", ""marketing_year"": ""2026/27"", ""reference_period"": ""2026-07-15"", ""mom_revision"": 0.0}, ""Domestic Disappearance"": {""value"": 43825.0, ""unit"": ""Thousand Short Tons"", ""marketing_year"": ""2026/27"", ""reference_period"": ""2026-07-15"", ""mom_revision"": -300.0}, ""Ending Stocks"": {""value"": 450.0, ""unit"": ""Thousand Short Tons"", ""marketing_year"": ""2026/27"", ""reference_period"": ""2026-07-15"", ""mom_revision"": 0.0}, ""Exports"": {""value"": 22000.0, ""unit"": ""Thousand Short Tons"", ""marketing_year"": ""2026/27"", ""reference_period"": ""2026-07-15"", ""mom_revision"": 300.0}, ""Imports"": {""value"": 840.0, ""unit"": ""Thousand Short Tons"", ""marketing_year"": ""2026/27"", ""reference_period"": ""2026-07-15"", ""mom_revision"": 40.0}, ""Production"": {""value"": 64985.0, ""unit"": ""Thousand Short Tons"", ""marketing_year"": ""2026/27"", ""reference_period"": ""2026-07-15"", ""mom_revision"": -40.0}, ""Supply, Total"": {""value"": 66275.0, ""unit"": ""Thousand Short Tons"", ""marketing_year"": ""2026/27"", ""reference_period"": ""2026-07-15"", ""mom_revision"": 0.0}, ""Use, Total"": {""value"": 65825.0, ""unit"": ""Thousand Short Tons"", ""marketing_year"": ""2026/27"", ""reference_period"": ""2026-07-15"", ""mom_revision"": 0.0}}, ""SOYBEAN_OIL"": {""Avg. Price (c/lb)"": {""value"": 70.0, ""unit"": ""c/lb"", ""marketing_year"": ""2026/27"", ""reference_period"": ""2026-07-15"", ""mom_revision"": 0.0}, ""Beginning Stocks"": {""value"": 1837.0, ""unit"": ""Million Pounds"", ""marketing_year"": ""2026/27"", ""reference_period"": ""2026-07-15"", ""mom_revision"": 0.0}, ""Biofuel"": {""value"": 17800.0, ""unit"": ""Million Pounds"", ""marketing_year"": ""2026/27"", ""reference_period"": ""2026-07-15"", ""mom_revision"": 0.0}, ""Domestic Disappearance"": {""value"": 32750.0, ""unit"": ""Million Pounds"", ""marketing_year"": ""2026/27"", ""reference_period"": ""2026-07-15"", ""mom_revision"": 0.0}, ""Ending stocks"": {""value"": 1877.0, ""unit"": ""Million Pounds"", ""marketing_year"": ""2026/27"", ""reference_period"": ""2026-07-15"", ""mom_revision"": 0.0}, ""Exports"": {""value"": 400.0, ""unit"": ""Million Pounds"", ""marketing_year"": ""2026/27"", ""reference_period"": ""2026-07-15"", ""mom_revision"": 0.0}, ""Food, Feed & other Industrial"": {""value"": 14950.0, ""unit"": ""Million Pounds"", ""marketing_year"": ""2026/27"", ""reference_period"": ""2026-07-15"", ""mom_revision"": 0.0}, ""Imports"": {""value"": 600.0, ""unit"": ""Million Pounds"", ""marketing_year"": ""2026/27"", ""reference_period"": ""2026-07-15"", ""mom_revision"": 0.0}, ""Production"": {""value"": 32590.0, ""unit"": ""Million Pounds"", ""marketing_year"": ""2026/27"", ""reference_period"": ""2026-07-15"", ""mom_revision"": 0.0}, ""Supply, Total"": {""value"": 35027.0, ""unit"": ""Million Pounds"", ""marketing_year"": ""2026/27"", ""reference_period"": ""2026-07-15"", ""mom_revision"": 0.0}, ""Use, Total"": {""value"": 33150.0, ""unit"": ""Million Pounds"", ""marketing_year"": ""2026/27"", ""reference_period"": ""2026-07-15"", ""mom_revision"": 0.0}}, ""WHEAT"": {""Area Harvested"": {""value"": 32.1, ""unit"": ""Million Acres"", ""marketing_year"": ""2026/27"", ""reference_period"": ""2026-07-15"", ""mom_revision"": null}, ""Area Planted"": {""value"": 42.7, ""unit"": ""Million Acres"", ""marketing_year"": ""2026/27"", ""reference_period"": ""2026-07-15"", ""mom_revision"": null}, ""Avg. Farm Price ($/bu)"": {""value"": 6.0, ""unit"": ""$/bu"", ""marketing_year"": ""2026/27"", ""reference_period"": ""2026-07-15"", ""mom_revision"": 0.0}, ""Beginning Stocks"": {""value"": 920.0, ""unit"": ""Million Bushels"", ""marketing_year"": ""2026/27"", ""reference_period"": ""2026-07-15"", ""mom_revision"": -15.0}, ""Domestic, Total"": {""value"": 1099.0, ""unit"": ""Million Bushels"", ""marketing_year"": ""2026/27"", ""reference_period"": ""2026-07-15"", ""mom_revision"": 0.0}, ""Ending Stocks"": {""value"": 722.0, ""unit"": ""Million Bushels"", ""marketing_year"": ""2026/27"", ""reference_period"": ""2026-07-15"", ""mom_revision"": -22.0}, ""Exports"": {""value"": 775.0, ""unit"": ""Million Bushels"", ""marketing_year"": ""2026/27"", ""reference_period"": ""2026-07-15"", ""mom_revision"": 0.0}, ""Feed and Residual"": {""value"": 80.0, ""unit"": ""Million Bushels"", ""marketing_year"": ""2026/27"", ""reference_period"": ""2026-07-15"", ""mom_revision"": 0.0}, ""Food"": {""value"": 960.0, ""unit"": ""Million Bushels"", ""marketing_year"": ""2026/27"", ""reference_period"": ""2026-07-15"", ""mom_revision"": 0.0}, ""Imports"": {""value"": 140.0, ""unit"": ""Million Bushels"", ""marketing_year"": ""2026/27"", ""reference_period"": ""2026-07-15"", ""mom_revision"": 0.0}, ""Production"": {""value"": 1536.0, ""unit"": ""Million Bushels"", ""marketing_year"": ""2026/27"", ""reference_period"": ""2026-07-15"", ""mom_revision"": -7.0}, ""Seed"": {""value"": 59.0, ""unit"": ""Million Bushels"", ""marketing_year"": ""2026/27"", ""reference_period"": ""2026-07-15"", ""mom_revision"": 0.0}, ""Supply, Total"": {""value"": 2596.0, ""unit"": ""Million Bushels"", ""marketing_year"": ""2026/27"", ""reference_period"": ""2026-07-15"", ""mom_revision"": -22.0}, ""Use, Total"": {""value"": 1874.0, ""unit"": ""Million Bushels"", ""marketing_year"": ""2026/27"", ""reference_period"": ""2026-07-15"", ""mom_revision"": 0.0}, ""Yield per Harvested Acre"": {""value"": 47.9, ""unit"": ""Bushels"", ""marketing_year"": ""2026/27"", ""reference_period"": ""2026-07-15"", ""mom_revision"": null}}}, ""stocks_to_use"": {""Coffee"": {""ratio"": 0.17457886676875958, ""ending_stocks"": 5700.0, ""total_use"": 32650.0, ""marketing_year"": 2026, ""prior_5y_low"": 0.17899199246349506, ""prior_5y_high"": 0.1949051119849547, ""tight"": true}, ""Corn"": {""ratio"": 0.09918841085609564, ""ending_stocks"": 45464.0, ""total_use"": 458360.0, ""marketing_year"": 2026, ""prior_5y_low"": 0.08459469526559953, ""prior_5y_high"": 0.1085940096135733, ""tight"": false}, ""Cotton"": {""ratio"": 0.22898631667132086, ""ending_stocks"": 4100.0, ""total_use"": 17905.0, ""marketing_year"": 2026, ""prior_5y_low"": 0.18841966742433305, ""prior_5y_high"": 0.24383848977451494, ""tight"": false}, ""Palm Oil"": {""ratio"": 0.07024793388429752, ""ending_stocks"": 136.0, ""total_use"": 1936.0, ""marketing_year"": 2026, ""prior_5y_low"": 0.05728395061728395, ""prior_5y_high"": 0.09248554913294797, ""tight"": false}, ""Soybean Meal"": {""ratio"": 0.006786088518536999, ""ending_stocks"": 408.0, ""total_use"": 60123.0, ""marketing_year"": 2026, ""prior_5y_low"": 0.005886282040577774, ""prior_5y_high"": 0.008212936874288113, ""tight"": false}, ""Soybean Oil"": {""ratio"": 0.053562437059415914, ""ending_stocks"": 851.0, ""total_use"": 15888.0, ""marketing_year"": 2026, ""prior_5y_low"": 0.05285714285714286, ""prior_5y_high"": 0.0696329426280074, ""tight"": false}, ""Soybeans"": {""ratio"": 0.06416986184650965, ""ending_stocks"": 8435.0, ""total_use"": 131448.0, ""marketing_year"": 2026, ""prior_5y_low"": 0.05781787770594101, ""prior_5y_high"": 0.07699743865157399, ""tight"": false}, ""Wheat"": {""ratio"": 0.2782605003962414, ""ending_stocks"": 19663.0, ""total_use"": 70664.0, ""marketing_year"": 2026, ""prior_5y_low"": 0.2328806225774466, ""prior_5y_high"": 0.31041279285979917, ""tight"": false}}, ""export_sales"": {}, ""inspections"": {""Corn"": {""week_ending"": ""2026-07-23"", ""inspections_mt"": 1488028.0}, ""Soybeans"": {""week_ending"": ""2026-07-23"", ""inspections_mt"": 348850.0}, ""Wheat"": {""week_ending"": ""2026-07-23"", ""inspections_mt"": 394785.0}}, ""port_flows"": {""Corn White"": {""week_ending"": ""2026-07-23"", ""regions_mt"": {""ATLANTIC"": 0.0, ""GULF"": 23237.0, ""INTERIOR"": 0.0, ""LAKES"": 0.0, ""PACIFIC"": 0.0}, ""prev_week_ending"": null, ""prev_regions_mt"": null}, ""Corn Yellow"": {""week_ending"": ""2026-07-23"", ""regions_mt"": {""ATLANTIC"": 13200.0, ""GULF"": 674988.0, ""INTERIOR"": 296105.0, ""LAKES"": 23832.0, ""PACIFIC"": 456666.0}, ""prev_week_ending"": null, ""prev_regions_mt"": null}, ""Flaxseed"": {""week_ending"": ""2026-07-23"", ""regions_mt"": {""ATLANTIC"": 0.0, ""GULF"": 0.0, ""INTERIOR"": 48.0, ""LAKES"": 0.0, ""PACIFIC"": 0.0}, ""prev_week_ending"": null, ""prev_regions_mt"": null}, ""Rye"": {""week_ending"": ""2026-07-23"", ""regions_mt"": {""ATLANTIC"": 0.0, ""GULF"": 0.0, ""INTERIOR"": 0.0, ""LAKES"": 0.0, ""PACIFIC"": 0.0}, ""prev_week_ending"": null, ""prev_regions_mt"": null}, ""Sorghum"": {""week_ending"": ""2026-07-23"", ""regions_mt"": {""ATLANTIC"": 0.0, ""GULF"": 38279.0, ""INTERIOR"": 1175.0, ""LAKES"": 0.0, ""PACIFIC"": 10687.0}, ""prev_week_ending"": null, ""prev_regions_mt"": null}, ""Soybeans"": {""week_ending"": ""2026-07-23"", ""regions_mt"": {""ATLANTIC"": 8919.0, ""GULF"": 219159.0, ""INTERIOR"": 120772.0, ""LAKES"": 0.0, ""PACIFIC"": 0.0}, ""prev_week_ending"": null, ""prev_regions_mt"": null}, ""Wheat"": {""week_ending"": ""2026-07-23"", ""regions_mt"": {""ATLANTIC"": 0.0, ""GULF"": 186782.0, ""INTERIOR"": 45126.0, ""LAKES"": 0.0, ""PACIFIC"": 162877.0}, ""prev_week_ending"": null, ""prev_regions_mt"": null}}, ""gulf_bids"": {""report_date"": ""2026-07-30"", ""deliveries"": {""Current"": {""basis_low_cents_bu"": 120.0, ""basis_high_cents_bu"": 122.0, ""futures_month"": 8, ""avg_price_usd_bu"": 12.97, ""year_ago_usd_bu"": 10.4675}}}, ""nass_crush"": null, ""dce"": {""CZCE Rapeseed Meal"": {""date"": ""2026-07-30"", ""close_cny"": 2289.0, ""cbot_commodity"": null, ""cbot_close"": null}, ""CZCE Rapeseed Oil"": {""date"": ""2026-07-30"", ""close_cny"": 9893.0, ""cbot_commodity"": null, ""cbot_close"": null}, ""DCE Corn"": {""date"": ""2026-07-30"", ""close_cny"": 2266.0, ""cbot_commodity"": null, ""cbot_close"": null}, ""DCE Palm Oil"": {""date"": ""2026-07-30"", ""close_cny"": 9393.0, ""cbot_commodity"": null, ""cbot_close"": null}, ""DCE Soybean"": {""date"": ""2026-07-30"", ""close_cny"": 4689.0, ""cbot_commodity"": ""Soybeans"", ""cbot_close"": 1191.25}, ""DCE Soybean Meal"": {""date"": ""2026-07-30"", ""close_cny"": 3074.0, ""cbot_commodity"": ""Soybean Meal"", ""cbot_close"": 322.8999938964844}, ""DCE Soybean Oil"": {""date"": ""2026-07-30"", ""close_cny"": 8407.0, ""cbot_commodity"": ""Soybean Oil"", ""cbot_close"": 67.44000244140625}}, ""forward_curve"": {""Coffee"": {""structure"": ""backwardation"", ""front_price"": 323.54998779296875, ""back_price"": 295.5, ""spread"": -28.04998779296875, ""spread_pct"": -8.669444862077142, ""num_contracts"": 6, ""slope_per_month"": -2.337498982747396}, ""Corn"": {""structure"": ""contango"", ""front_price"": 448.5, ""back_price"": 484.75, ""spread"": 36.25, ""spread_pct"": 8.082497212931996, ""num_contracts"": 6, ""slope_per_month"": 3.0208333333333335}, ""Cotton"": {""structure"": ""mild contango"", ""front_price"": 79.94999694824219, ""back_price"": 79.12999725341797, ""spread"": -0.8199996948242188, ""spread_pct"": -1.025640683082287, ""num_contracts"": 6, ""slope_per_month"": -0.06833330790201823}, ""Lean Hogs"": {""structure"": ""mild contango"", ""front_price"": 98.5999984741211, ""back_price"": 85.9749984741211, ""spread"": -12.625, ""spread_pct"": -12.80425983304006, ""num_contracts"": 6, ""slope_per_month"": -1.4027777777777777}, ""Live Cattle"": {""structure"": ""mild backwardation"", ""front_price"": 230.125, ""back_price"": 218.3000030517578, ""spread"": -11.824996948242188, ""spread_pct"": -5.138510352305134, ""num_contracts"": 6, ""slope_per_month"": -1.1824996948242188}, ""Soybean Meal"": {""structure"": ""contango"", ""front_price"": 314.5, ""back_price"": 328.5, ""spread"": 14.0, ""spread_pct"": 4.451510333863275, ""num_contracts"": 6, ""slope_per_month"": 2.0}, ""Soybean Oil"": {""structure"": ""backwardation"", ""front_price"": 68.68000030517578, ""back_price"": 67.05000305175781, ""spread"": -1.6299972534179688, ""spread_pct"": -2.3733215582049594, ""num_contracts"": 6, ""slope_per_month"": -0.23285675048828125}, ""Soybeans"": {""structure"": ""contango"", ""front_price"": 1177.25, ""back_price"": 1216.5, ""spread"": 39.25, ""spread_pct"": 3.334041197706519, ""num_contracts"": 6, ""slope_per_month"": 4.361111111111111}, ""Sugar"": {""structure"": ""contango"", ""front_price"": 14.420000076293945, ""back_price"": 16.200000762939453, ""spread"": 1.7800006866455078, ""spread_pct"": 12.343971409346775, ""num_contracts"": 6, ""slope_per_month"": 0.1047059227438534}, ""Wheat"": {""structure"": ""contango"", ""front_price"": 669.0, ""back_price"": 707.5, ""spread"": 38.5, ""spread_pct"": 5.754857997010463, ""num_contracts"": 6, ""slope_per_month"": 3.2083333333333335}}, ""eia"": {}, ""conab"": {""Corn"": {""crop_year"": ""2025/26"", ""attributes"": {""Production"": {""value"": 140463.1, ""unit"": ""1000 MT""}, ""Area"": {""value"": 22582.0, ""unit"": ""1000 HA""}, ""Yield"": {""value"": 6220.135506155345, ""unit"": ""KG/HA""}}, ""usda_production"": {""value"": 139000.0, ""unit"": ""(1000 MT)"", ""year"": 2026}}, ""Cotton"": {""crop_year"": ""2025/26"", ""attributes"": {""Production"": {""value"": 3978.4, ""unit"": ""1000 MT""}, ""Area"": {""value"": 2020.2, ""unit"": ""1000 HA""}, ""Yield"": {""value"": 1969.3099693099693, ""unit"": ""KG/HA""}}, ""usda_production"": {""value"": 18000.0, ""unit"": ""1000 480 lb. Bales"", ""year"": 2026}}, ""Soybeans"": {""crop_year"": ""2025/26"", ""attributes"": {""Production"": {""value"": 180252.69999999998, ""unit"": ""1000 MT""}, ""Area"": {""value"": 48563.3, ""unit"": ""1000 HA""}, ""Yield"": {""value"": 3711.7061649434854, ""unit"": ""KG/HA""}}, ""usda_production"": {""value"": 186000.0, ""unit"": ""(1000 MT)"", ""year"": 2026}}, ""Wheat"": {""crop_year"": ""2025"", ""attributes"": {""Production"": {""value"": 6296.8, ""unit"": ""1000 MT""}, ""Area"": {""value"": 2117.0, ""unit"": ""1000 HA""}, ""Yield"": {""value"": 2974.3977326405293, ""unit"": ""KG/HA""}}, ""usda_production"": {""value"": 6700.0, ""unit"": ""(1000 MT)"", ""year"": 2026}}}, ""currencies"": {""BRL/USD"": {""close"": 0.19735543429851532, ""chg_5d_pct"": -0.08904577763163125, ""chg_21d_pct"": 2.1255105292771823}, ""ARS/USD"": {""close"": 0.0006706907879561186, ""chg_5d_pct"": -0.5794022708427348, ""chg_21d_pct"": -0.4688658446275389}, ""COP/USD"": {""close"": 0.0003203075029887259, ""chg_5d_pct"": 2.992955456365277, ""chg_21d_pct"": 9.848174377587211}, ""PYG/USD"": {""close"": 0.00016833259724080563, ""chg_5d_pct"": 0.09922759619222861, ""chg_21d_pct"": 0.29203111310906105}, ""CNY/USD"": {""close"": 0.14833934605121613, ""chg_5d_pct"": 0.46282055629293056, ""chg_21d_pct"": 0.7758157114500466}, ""IDR/USD"": {""close"": 5.533115836442448e-05, ""chg_5d_pct"": -0.8631617136964347, ""chg_21d_pct"": -0.7635678185398471}, ""MYR/USD"": {""close"": 0.24539878964424133, ""chg_5d_pct"": 0.30675956430932505, ""chg_21d_pct"": 0.1766975968567196}, ""VND/USD"": {""close"": 3.8053200114518404e-05, ""chg_5d_pct"": 0.098941160202093, ""chg_21d_pct"": -0.09132202020240612}, ""INR/USD"": {""close"": 0.01045259740203619, ""chg_5d_pct"": 0.9272519985561513, ""chg_21d_pct"": -0.7860375113482568}, ""THB/USD"": {""close"": 0.029994001612067223, ""chg_5d_pct"": 1.2897455098530526, ""chg_21d_pct"": -0.23995703038848593}, ""ETB/USD"": {""close"": 0.006253908853977919, ""chg_5d_pct"": 0.06254017259865742, ""chg_21d_pct"": -0.8755466261828637}, ""ZAR/USD"": {""close"": 0.06065311282873154, ""chg_5d_pct"": -0.5680127979832, ""chg_21d_pct"": -0.6817397818181374}, ""NGN/USD"": {""close"": 0.0007341389427892864, ""chg_5d_pct"": 0.6754100501468854, ""chg_21d_pct"": 1.2634556898902107}}, ""cot"": {""Coffee"": {""date"": ""2026-07-21"", ""commercial_net"": -27764.0, ""noncommercial_net"": 26034.0, ""total_open_interest"": 220681.0, ""commercial_z3y"": 0.557023095399132, ""noncommercial_z3y"": -0.5763965278857923}, ""Corn"": {""date"": ""2026-07-21"", ""commercial_net"": -81746.0, ""noncommercial_net"": 121796.0, ""total_open_interest"": 2425879.0, ""commercial_z3y"": -0.8650858154340156, ""noncommercial_z3y"": 0.7929323026289121}, ""Cotton"": {""date"": ""2026-07-21"", ""commercial_net"": -108641.0, ""noncommercial_net"": 100360.0, ""total_open_interest"": 448035.0, ""commercial_z3y"": -1.961546988469558, ""noncommercial_z3y"": 1.9931957924597532}, ""Lean Hogs"": {""date"": ""2026-07-21"", ""commercial_net"": 15465.0, ""noncommercial_net"": -13734.0, ""total_open_interest"": 372403.0, ""commercial_z3y"": 1.6529598237776466, ""noncommercial_z3y"": -1.6723202637739571}, ""Live Cattle"": {""date"": ""2026-07-21"", ""commercial_net"": -65702.0, ""noncommercial_net"": 78860.0, ""total_open_interest"": 443042.0, ""commercial_z3y"": 0.8571066397709105, ""noncommercial_z3y"": -0.9618060181687147}, ""Soybean Meal"": {""date"": ""2026-07-21"", ""commercial_net"": -127645.0, ""noncommercial_net"": 103266.0, ""total_open_interest"": 684247.0, ""commercial_z3y"": -1.2339311425667352, ""noncommercial_z3y"": 1.201903337149556}, ""Soybean Oil"": {""date"": ""2026-07-21"", ""commercial_net"": -142415.0, ""noncommercial_net"": 132003.0, ""total_open_interest"": 779213.0, ""commercial_z3y"": -1.7981925542094763, ""noncommercial_z3y"": 1.8201260061934934}, ""Soybeans"": {""date"": ""2026-07-21"", ""commercial_net"": -127600.0, ""noncommercial_net"": 153010.0, ""total_open_interest"": 1300374.0, ""commercial_z3y"": -1.190626795335045, ""noncommercial_z3y"": 1.1879911589531504}, ""Sugar"": {""date"": ""2026-07-21"", ""commercial_net"": 41350.0, ""noncommercial_net"": -47496.0, ""total_open_interest"": 1192719.0, ""commercial_z3y"": 0.402966320571497, ""noncommercial_z3y"": -0.42417989463887723}, ""Wheat"": {""date"": ""2026-07-21"", ""commercial_net"": 19130.0, ""noncommercial_net"": -14250.0, ""total_open_interest"": 578236.0, ""commercial_z3y"": -1.5779626071018942, ""noncommercial_z3y"": 1.5770354893301333}}, ""weather"": {""Argentina Cordoba"": {""date"": ""2026-07-30"", ""precipitation_mm"": 0.5, ""temp_max_c"": 17.8, ""temp_min_c"": 11.4, ""precip_z90d"": 0.1605781783575438, ""temp_max_z90d"": 0.22054349902637507, ""consecutive_dry_days"": 1, ""precip_30d_mm"": 11.4, ""precip_30d_deficit_pct"": null, ""forecast_days"": 6}, ""Argentina Pampas"": {""date"": ""2026-07-30"", ""precipitation_mm"": 0.0, ""temp_max_c"": 16.9, ""temp_min_c"": 8.8, ""precip_z90d"": -0.39090064547257947, ""temp_max_z90d"": 0.4126325428871439, ""consecutive_dry_days"": 2, ""precip_30d_mm"": 28.5, ""precip_30d_deficit_pct"": null, ""forecast_days"": 6}, ""Brazil Bahia"": {""date"": ""2026-07-30"", ""precipitation_mm"": 0.0, ""temp_max_c"": 27.0, ""temp_min_c"": 22.5, ""precip_z90d"": -0.9759784411176059, ""temp_max_z90d"": 0.44731067577021466, ""consecutive_dry_days"": 1, ""precip_30d_mm"": 86.49999999999999, ""precip_30d_deficit_pct"": null, ""forecast_days"": 6}, ""Brazil Mato Grosso"": {""date"": ""2026-07-30"", ""precipitation_mm"": 0.4, ""temp_max_c"": 32.9, ""temp_min_c"": 21.2, ""precip_z90d"": 0.6315603296225419, ""temp_max_z90d"": 0.4513357198940061, ""consecutive_dry_days"": 17, ""precip_30d_mm"": 5.1, ""precip_30d_deficit_pct"": null, ""forecast_days"": 6}, ""Brazil Minas Gerais"": {""date"": ""2026-07-30"", ""precipitation_mm"": 0.0, ""temp_max_c"": 27.1, ""temp_min_c"": 16.8, ""precip_z90d"": -0.2623025879677268, ""temp_max_z90d"": 0.8785171122717654, ""consecutive_dry_days"": 5, ""precip_30d_mm"": 4.7, ""precip_30d_deficit_pct"": null, ""forecast_days"": 6}, ""Brazil Parana"": {""date"": ""2026-07-30"", ""precipitation_mm"": 0.0, ""temp_max_c"": 25.9, ""temp_min_c"": 16.1, ""precip_z90d"": -0.4545473561911556, ""temp_max_z90d"": 1.1300374491806706, ""consecutive_dry_days"": 1, ""precip_30d_mm"": 106.2, ""precip_30d_deficit_pct"": null, ""forecast_days"": 6}, ""China Heilongjiang"": {""date"": ""2026-07-30"", ""precipitation_mm"": 1.2, ""temp_max_c"": 26.9, ""temp_min_c"": 19.6, ""precip_z90d"": -0.7934885984612889, ""temp_max_z90d"": 0.5170774360998021, ""consecutive_dry_days"": 0, ""precip_30d_mm"": 260.0, ""precip_30d_deficit_pct"": null, ""forecast_days"": 6}, ""Colombia Coffee Region"": {""date"": ""2026-07-30"", ""precipitation_mm"": 1.3, ""temp_max_c"": 27.7, ""temp_min_c"": 17.8, ""precip_z90d"": -0.38804633440533026, ""temp_max_z90d"": 0.3462188942648105, ""consecutive_dry_days"": 0, ""precip_30d_mm"": 91.7, ""precip_30d_deficit_pct"": null, ""forecast_days"": 6}, ""Ethiopia Sidama (Coffee)"": {""date"": ""2026-07-30"", ""precipitation_mm"": 4.0, ""temp_max_c"": 22.0, ""temp_min_c"": 14.3, ""precip_z90d"": -0.07575710881308466, ""temp_max_z90d"": 0.4329715252172504, ""consecutive_dry_days"": 0, ""precip_30d_mm"": 128.3, ""precip_30d_deficit_pct"": null, ""forecast_days"": 6}, ""India Madhya Pradesh"": {""date"": ""2026-07-30"", ""precipitation_mm"": 42.0, ""temp_max_c"": 30.2, ""temp_min_c"": 23.4, ""precip_z90d"": 4.032939001230752, ""temp_max_z90d"": 0.08692058747633742, ""consecutive_dry_days"": 0, ""precip_30d_mm"": 287.09999999999997, ""precip_30d_deficit_pct"": null, ""forecast_days"": 6}, ""India Maharashtra"": {""date"": ""2026-07-30"", ""precipitation_mm"": 27.0, ""temp_max_c"": 27.0, ""temp_min_c"": 23.7, ""precip_z90d"": 2.91237690086634, ""temp_max_z90d"": -2.090831518202089, ""consecutive_dry_days"": 0, ""precip_30d_mm"": 242.60000000000002, ""precip_30d_deficit_pct"": null, ""forecast_days"": 6}, ""Indonesia Riau (Sumatra)"": {""date"": ""2026-07-30"", ""precipitation_mm"": 27.5, ""temp_max_c"": 30.3, ""temp_min_c"": 22.8, ""precip_z90d"": 2.8376098605883837, ""temp_max_z90d"": -1.9742411519008374, ""consecutive_dry_days"": 0, ""precip_30d_mm"": 183.90000000000003, ""precip_30d_deficit_pct"": null, ""forecast_days"": 6}, ""Ivory Coast (Cocoa)"": {""date"": ""2026-07-30"", ""precipitation_mm"": 4.5, ""temp_max_c"": 28.5, ""temp_min_c"": 22.3, ""precip_z90d"": -0.07146681287190511, ""temp_max_z90d"": -0.19196359448551803, ""consecutive_dry_days"": 0, ""precip_30d_mm"": 129.6, ""precip_30d_deficit_pct"": null, ""forecast_days"": 6}, ""Malaysia Sabah (Borneo)"": {""date"": ""2026-07-30"", ""precipitation_mm"": 10.0, ""temp_max_c"": 29.3, ""temp_min_c"": 20.2, ""precip_z90d"": 0.49254544561119395, ""temp_max_z90d"": 0.6827533946872542, ""consecutive_dry_days"": 0, ""precip_30d_mm"": 212.19999999999996, ""precip_30d_deficit_pct"": null, ""forecast_days"": 6}, ""Nigeria Benue"": {""date"": ""2026-07-30"", ""precipitation_mm"": 8.1, ""temp_max_c"": 28.7, ""temp_min_c"": 22.8, ""precip_z90d"": 0.2918750612640533, ""temp_max_z90d"": -1.4085906076099968, ""consecutive_dry_days"": 0, ""precip_30d_mm"": 191.6, ""precip_30d_deficit_pct"": null, ""forecast_days"": 6}, ""Nigeria Kaduna"": {""date"": ""2026-07-30"", ""precipitation_mm"": 6.9, ""temp_max_c"": 27.3, ""temp_min_c"": 20.9, ""precip_z90d"": 0.24643436796238724, ""temp_max_z90d"": -1.3291825973114446, ""consecutive_dry_days"": 0, ""precip_30d_mm"": 159.0, ""precip_30d_deficit_pct"": null, ""forecast_days"": 6}, ""Paraguay Chaco"": {""date"": ""2026-07-30"", ""precipitation_mm"": 0.4, ""temp_max_c"": 33.9, ""temp_min_c"": 22.5, ""precip_z90d"": -0.27499212669812645, ""temp_max_z90d"": 1.1106004980106639, ""consecutive_dry_days"": 8, ""precip_30d_mm"": 31.5, ""precip_30d_deficit_pct"": null, ""forecast_days"": 6}, ""South Africa Free State"": {""date"": ""2026-07-30"", ""precipitation_mm"": 0.0, ""temp_max_c"": 15.4, ""temp_min_c"": 1.3, ""precip_z90d"": -0.33352921222261667, ""temp_max_z90d"": -0.8933706257278616, ""consecutive_dry_days"": 2, ""precip_30d_mm"": 17.0, ""precip_30d_deficit_pct"": null, ""forecast_days"": 6}, ""South Africa Mpumalanga"": {""date"": ""2026-07-30"", ""precipitation_mm"": 0.0, ""temp_max_c"": 16.2, ""temp_min_c"": 6.8, ""precip_z90d"": -0.17677669529663687, ""temp_max_z90d"": -0.7806722732832282, ""consecutive_dry_days"": 33, ""precip_30d_mm"": 0.7, ""precip_30d_deficit_pct"": null, ""forecast_days"": 6}, ""Thailand Surat Thani"": {""date"": ""2026-07-30"", ""precipitation_mm"": 3.8, ""temp_max_c"": 28.0, ""temp_min_c"": 23.7, ""precip_z90d"": 0.03088774545758555, ""temp_max_z90d"": -2.6278884537420613, ""consecutive_dry_days"": 0, ""precip_30d_mm"": 106.5, ""precip_30d_deficit_pct"": null, ""forecast_days"": 6}, ""US Illinois"": {""date"": ""2026-07-30"", ""precipitation_mm"": 0.0, ""temp_max_c"": 30.4, ""temp_min_c"": 16.4, ""precip_z90d"": -0.267511435433704, ""temp_max_z90d"": 0.1762505993599527, ""consecutive_dry_days"": 19, ""precip_30d_mm"": 7.000000000000001, ""precip_30d_deficit_pct"": null, ""forecast_days"": 6}, ""US Midwest (Iowa)"": {""date"": ""2026-07-30"", ""precipitation_mm"": 0.0, ""temp_max_c"": 29.8, ""temp_min_c"": 18.6, ""precip_z90d"": -0.2904144730565589, ""temp_max_z90d"": 0.02359962520301965, ""consecutive_dry_days"": 4, ""precip_30d_mm"": 287.4, ""precip_30d_deficit_pct"": null, ""forecast_days"": 6}, ""Vietnam Central Highlands"": {""date"": ""2026-07-30"", ""precipitation_mm"": 17.0, ""temp_max_c"": 28.3, ""temp_min_c"": 22.6, ""precip_z90d"": 0.8173487634160654, ""temp_max_z90d"": 0.19652662577611296, ""consecutive_dry_days"": 0, ""precip_30d_mm"": 344.7, ""precip_30d_deficit_pct"": null, ""forecast_days"": 6}}, ""psd_highlights"": {""brazil_soy_production"": {""value"": 186000.0, ""unit"": ""(1000 MT)"", ""year"": 2026}, ""china_soy_imports"": {""value"": 115000.0, ""unit"": ""(1000 MT)"", ""year"": 2026}, ""us_soy_production"": {""value"": 121790.0, ""unit"": ""(1000 MT)"", ""year"": 2026}, ""indonesia_palm_production"": {""value"": 47500.0, ""unit"": ""(1000 MT)"", ""year"": 2026}, ""argentina_soy_production"": {""value"": 50000.0, ""unit"": ""(1000 MT)"", ""year"": 2026}, ""argentina_meal_exports"": {""value"": 29400.0, ""unit"": ""(1000 MT)"", ""year"": 2026}, ""argentina_oil_exports"": {""value"": 6650.0, ""unit"": ""(1000 MT)"", ""year"": 2026}}, ""worldbank"": {""Coffee Arabica"": {""date"": ""2026-06-01"", ""price"": 6.79, ""unit"": ""cents/lb"", ""mom_pct"": -2.302158273381297}, ""Coffee Robusta"": {""date"": ""2026-06-01"", ""price"": 3.73, ""unit"": ""$/mt"", ""mom_pct"": 1.6348773841961868}, ""Palm Oil"": {""date"": ""2026-06-01"", ""price"": 1105.0, ""unit"": ""$/mt"", ""mom_pct"": -2.7288732394366195}, ""Rapeseed Oil"": {""date"": ""2026-06-01"", ""price"": 1498.0, ""unit"": ""$/mt"", ""mom_pct"": 0.6720430107526881}, ""Soybean Meal"": {""date"": ""2026-06-01"", ""price"": 425.0, ""unit"": ""$/mt"", ""mom_pct"": 0.7109004739336493}, ""Soybean Oil"": {""date"": ""2026-06-01"", ""price"": 1765.0, ""unit"": ""$/mt"", ""mom_pct"": -0.8983717012914094}, ""Soybeans"": {""date"": ""2026-06-01"", ""price"": 468.0, ""unit"": ""$/mt"", ""mom_pct"": -1.0570824524312896}, ""Sunflower Oil"": {""date"": ""2026-06-01"", ""price"": 1510.0, ""unit"": ""$/mt"", ""mom_pct"": 0.4657351962741184}}, ""emerging_markets"": {""countries"": {""South Africa"": {""name"": ""South Africa"", ""psd"": {""Beginning Stocks"": {""value"": 475.0, ""unit"": ""(1000 MT)"", ""yoy_pct"": 35.714285714285715}, ""Crush"": {""value"": 2000.0, ""unit"": ""(1000 MT)"", ""yoy_pct"": 5.263157894736842}, ""Domestic Consumption"": {""value"": 2625.0, ""unit"": ""(1000 MT)"", ""yoy_pct"": 3.9603960396039604}, ""Ending Stocks"": {""value"": 335.0, ""unit"": ""(1000 MT)"", ""yoy_pct"": -29.47368421052631}, ""Exports"": {""value"": 325.0, ""unit"": ""(1000 MT)"", ""yoy_pct"": -27.77777777777778}, ""Imports"": {""value"": 10.0, ""unit"": ""(1000 MT)"", ""yoy_pct"": -80.0}, ""Production"": {""value"": 2800.0, ""unit"": ""(1000 MT)"", ""yoy_pct"": -8.19672131147541}, ""Total Distribution"": {""value"": 3285.0, ""unit"": ""(1000 MT)"", ""yoy_pct"": -4.782608695652174}, ""Total Supply"": {""value"": 3285.0, ""unit"": ""(1000 MT)"", ""yoy_pct"": -4.782608695652174}}, ""psd_year"": 2026, ""currency"": {""pair"": ""ZAR/USD"", ""close"": 0.06065311282873154, ""weekly_chg"": -0.5680127979832, ""monthly_chg"": -0.6817397818181374}, ""weather"": [{""region"": ""South Africa Free State"", ""temp_max"": 19.3, ""temp_min"": 5.6, ""precip"": 0.0, ""date"": ""2026-08-05"", ""alert"": ""Dry""}, {""region"": ""South Africa Mpumalanga"", ""temp_max"": 17.1, ""temp_min"": 6.0, ""precip"": 0.0, ""date"": ""2026-08-05"", ""alert"": ""Dry""}], ""south_africa_domestic"": {""soybean_safex_zar"": 8115.0, ""soybean_safex_usd"": 492.2, ""sunflower_safex_zar"": 10395.0, ""cbot_usd"": 437.71, ""safex_cbot_basis_usd"": 54.49}}, ""India"": {""name"": ""India"", ""psd"": {""Beginning Stocks"": {""value"": 741.0, ""unit"": ""(1000 MT)"", ""yoy_pct"": 12.44309559939302}, ""Crush"": {""value"": 10000.0, ""unit"": ""(1000 MT)"", ""yoy_pct"": 2.3017902813299234}, ""Domestic Consumption"": {""value"": 11875.0, ""unit"": ""(1000 MT)"", ""yoy_pct"": 2.1505376344086025}, ""Ending Stocks"": {""value"": 541.0, ""unit"": ""(1000 MT)"", ""yoy_pct"": -26.99055330634278}, ""Exports"": {""value"": 25.0, ""unit"": ""(1000 MT)"", ""yoy_pct"": 25.0}, ""Imports"": {""value"": 200.0, ""unit"": ""(1000 MT)"", ""yoy_pct"": -71.42857142857143}, ""Production"": {""value"": 11500.0, ""unit"": ""(1000 MT)"", ""yoy_pct"": 4.289471297723769}, ""Total Distribution"": {""value"": 12441.0, ""unit"": ""(1000 MT)"", ""yoy_pct"": 0.4440497335701598}, ""Total Supply"": {""value"": 12441.0, ""unit"": ""(1000 MT)"", ""yoy_pct"": 0.4440497335701598}}, ""psd_year"": 2026, ""currency"": {""pair"": ""INR/USD"", ""close"": 0.01045259740203619, ""weekly_chg"": 0.9272519985561513, ""monthly_chg"": -0.7860375113482568}, ""weather"": [{""region"": ""India Madhya Pradesh"", ""temp_max"": 28.3, ""temp_min"": 23.7, ""precip"": 2.4, ""date"": ""2026-08-05"", ""alert"": null}, {""region"": ""India Maharashtra"", ""temp_max"": 29.7, ""temp_min"": 23.9, ""precip"": 0.9, ""date"": ""2026-08-05"", ""alert"": ""Dry""}]}, ""Nigeria"": {""name"": ""Nigeria"", ""psd"": {""Beginning Stocks"": {""value"": 222.0, ""unit"": ""(1000 MT)"", ""yoy_pct"": -9.75609756097561}, ""Crush"": {""value"": 975.0, ""unit"": ""(1000 MT)"", ""yoy_pct"": 0.0}, ""Domestic Consumption"": {""value"": 1450.0, ""unit"": ""(1000 MT)"", ""yoy_pct"": 3.571428571428571}, ""Ending Stocks"": {""value"": 223.0, ""unit"": ""(1000 MT)"", ""yoy_pct"": 0.45045045045045046}, ""Exports"": {""value"": 50.0, ""unit"": ""(1000 MT)"", ""yoy_pct"": -60.0}, ""Imports"": {""value"": 1.0, ""unit"": ""(1000 MT)"", ""yoy_pct"": 0.0}, ""Production"": {""value"": 1500.0, ""unit"": ""(1000 MT)"", ""yoy_pct"": 0.0}, ""Total Distribution"": {""value"": 1723.0, ""unit"": ""(1000 MT)"", ""yoy_pct"": -1.3737836290784202}, ""Total Supply"": {""value"": 1723.0, ""unit"": ""(1000 MT)"", ""yoy_pct"": -1.3737836290784202}}, ""psd_year"": 2026, ""currency"": {""pair"": ""NGN/USD"", ""close"": 0.0007341389427892864, ""weekly_chg"": 0.6754100501468854, ""monthly_chg"": 1.2634556898902107}, ""weather"": [{""region"": ""Nigeria Benue"", ""temp_max"": 28.4, ""temp_min"": 23.1, ""precip"": 4.7, ""date"": ""2026-08-05"", ""alert"": null}, {""region"": ""Nigeria Kaduna"", ""temp_max"": 28.3, ""temp_min"": 21.0, ""precip"": 3.0, ""date"": ""2026-08-05"", ""alert"": null}]}, ""Brazil"": {""name"": ""Brazil"", ""psd"": {""Beginning Stocks"": {""value"": 37688.0, ""unit"": ""(1000 MT)"", ""yoy_pct"": 0.0}, ""Crush"": {""value"": 65000.0, ""unit"": ""(1000 MT)"", ""yoy_pct"": 5.691056910569105}, ""Domestic Consumption"": {""value"": 69600.0, ""unit"": ""(1000 MT)"", ""yoy_pct"": 5.614567526555387}, ""Ending Stocks"": {""value"": 36888.0, ""unit"": ""(1000 MT)"", ""yoy_pct"": -2.1226915729144555}, ""Exports"": {""value"": 118000.0, ""unit"": ""(1000 MT)"", ""yoy_pct"": 2.608695652173913}, ""Imports"": {""value"": 800.0, ""unit"": ""(1000 MT)"", ""yoy_pct"": -11.11111111111111}, ""Production"": {""value"": 186000.0, ""unit"": ""(1000 MT)"", ""yoy_pct"": 3.3333333333333335}, ""Total Distribution"": {""value"": 224488.0, ""unit"": ""(1000 MT)"", ""yoy_pct"": 2.699141764415247}, ""Total Supply"": {""value"": 224488.0, ""unit"": ""(1000 MT)"", ""yoy_pct"": 2.699141764415247}}, ""psd_year"": 2026, ""currency"": {""pair"": ""BRL/USD"", ""close"": 0.19735543429851532, ""weekly_chg"": -0.08904577763163125, ""monthly_chg"": 2.1255105292771823}, ""weather"": [{""region"": ""Brazil Mato Grosso"", ""temp_max"": 34.7, ""temp_min"": 21.2, ""precip"": 0.0, ""date"": ""2026-08-05"", ""alert"": ""Dry""}, {""region"": ""Brazil Parana"", ""temp_max"": 25.9, ""temp_min"": 16.4, ""precip"": 0.2, ""date"": ""2026-08-05"", ""alert"": ""Dry""}], ""brazil_domestic"": {""cepea_soy_brl"": 2316.67, ""cepea_soy_usd"": 457.21, ""weekly_chg_pct"": 0.84, ""agrural_soy_usd"": 483.52, ""cbot_usd"": 437.71, ""brazil_cbot_basis_usd"": 19.5, ""agrural_cbot_basis_usd"": 45.81}}}}, ""correlations"": {""matrix"": {""Soybeans"": {""Wheat"": 0.349342008428678, ""Sugar"": 0.14299421127271636}, ""Soybean Oil"": {""Soybeans"": 0.5151263992497473, ""Wheat"": 0.23555726829602963, ""Sugar"": 0.14570440832109835}, ""Soybean Meal"": {""Soybeans"": 0.7482682754223199, ""Soybean Oil"": 0.11796606589998088, ""Wheat"": 0.2632173089973525, ""Sugar"": 0.097636761405759}, ""Coffee"": {""Soybeans"": 0.13328697803322184, ""Soybean Oil"": 0.12939720100787427, ""Soybean Meal"": 0.08580455128237527, ""Corn"": 0.1197242788530995, ""Wheat"": 0.10337573484378318, ""Sugar"": 0.20958280239566685, ""Cotton"": 0.10733725796212763, ""Live Cattle"": 0.05144143855724307, ""Lean Hogs"": 0.02691494241697777, ""Palm Oil (CME)"": 0.026818782070118837}, ""Corn"": {""Soybeans"": 0.5315494744729801, ""Soybean Oil"": 0.30696750389799676, ""Soybean Meal"": 0.41890527524998455, ""Wheat"": 0.5510923943561999, ""Sugar"": 0.12268309478039958, ""Cotton"": 0.13394576512839898, ""Live Cattle"": 0.022557904445445615, ""Lean Hogs"": 0.037318757189510554, ""Palm Oil (CME)"": 0.04149989976234851}, ""Sugar"": {""Wheat"": 0.1399951807098234}, ""Cotton"": {""Soybeans"": 0.14157814021718307, ""Soybean Oil"": 0.15158769456173435, ""Soybean Meal"": 0.08697427519877243, ""Wheat"": 0.1508451592990656, ""Sugar"": 0.14537112071092131, ""Live Cattle"": 0.036703875563307675, ""Lean Hogs"": 0.01041598381654415, ""Palm Oil (CME)"": 0.10071534440875873}, ""Live Cattle"": {""Soybeans"": 0.06307404196150185, ""Soybean Oil"": 0.08816271866427196, ""Soybean Meal"": 0.02646764046295865, ""Wheat"": -0.0011470356337441613, ""Sugar"": 0.035563579461841126, ""Palm Oil (CME)"": 0.08122317362337902}, ""Lean Hogs"": {""Soybeans"": 0.09331853235723006, ""Soybean Oil"": 0.047889897307657706, ""Soybean Meal"": 0.07563511946948517, ""Wheat"": 0.05191180759147386, ""Sugar"": 0.03813499214312911, ""Live Cattle"": 0.08270315560943217, ""Palm Oil (CME)"": 0.0032012266790321943}, ""Palm Oil (CME)"": {""Soybeans"": 0.13634657153250154, ""Soybean Oil"": 0.25670758634737656, ""Soybean Meal"": 0.046348587614834943, ""Wheat"": 0.062329959123151014, ""Sugar"": 0.05836730537651562}}, ""vs_currency"": {""Soybeans|BRL/USD"": 0.037638872949141956, ""Coffee|COP/USD"": -0.03225358318569547, ""Coffee|BRL/USD"": 0.04462889916934126}}, ""seasonal"": {""Soybeans"": {""current_price"": 1191.25, ""seasonal_avg"": 1192.6015625, ""deviation_pct"": -0.11332892245812398, ""n_years"": 16, ""current_dev_pct"": 7.665100921263224, ""seasonal_dev_pct"": 2.258179750755911, ""detrended_delta_pct"": 5.406921170507313}, ""Soybean Oil"": {""current_price"": 67.44000244140625, ""seasonal_avg"": 45.58534369468689, ""deviation_pct"": 47.942292358468244, ""n_years"": 16, ""current_dev_pct"": 12.512366938476616, ""seasonal_dev_pct"": 2.66619574538912, ""detrended_delta_pct"": 9.846171193087496}, ""Soybean Meal"": {""current_price"": 322.8999938964844, ""seasonal_avg"": 370.48843612670896, ""deviation_pct"": -12.844784773241638, ""n_years"": 16, ""current_dev_pct"": 5.893610453213771, ""seasonal_dev_pct"": 2.8935329758964308, ""detrended_delta_pct"": 3.0000774773173404}, ""Coffee"": {""current_price"": 323.3999938964844, ""seasonal_avg"": 174.26043577580438, ""deviation_pct"": 85.58429080973734, ""n_years"": 16, ""current_dev_pct"": -4.005139028332283, ""seasonal_dev_pct"": -0.1595183764981341, ""detrended_delta_pct"": -3.8456206518341487}, ""Corn"": {""current_price"": 471.75, ""seasonal_avg"": 470.171875, ""deviation_pct"": 0.33564853278388884, ""n_years"": 16, ""current_dev_pct"": 9.332216089693436, ""seasonal_dev_pct"": -0.8609167250188353, ""detrended_delta_pct"": 10.193132814712271}, ""Wheat"": {""current_price"": 668.5, ""seasonal_avg"": 596.059375, ""deviation_pct"": 12.153256544283018, ""n_years"": 16, ""current_dev_pct"": 19.29543293371132, ""seasonal_dev_pct"": 1.3778512483573924, ""detrended_delta_pct"": 17.91758168535393}, ""Sugar"": {""current_price"": 14.430000305175781, ""seasonal_avg"": 16.536479747926705, ""deviation_pct"": -12.738378874228223, ""n_years"": 16, ""current_dev_pct"": -3.155655206900665, ""seasonal_dev_pct"": -3.6548562083779883, ""detrended_delta_pct"": 0.4992010014773234}, ""Cotton"": {""current_price"": 81.0999984741211, ""seasonal_avg"": 75.25218074715397, ""deviation_pct"": 7.770961145452633, ""n_years"": 16, ""current_dev_pct"": 18.36476237259992, ""seasonal_dev_pct"": -2.254478142758592, ""detrended_delta_pct"": 20.619240515358513}, ""Live Cattle"": {""current_price"": 226.0749969482422, ""seasonal_avg"": 143.77812504768372, ""deviation_pct"": 57.23879892943721, ""n_years"": 16, ""current_dev_pct"": -4.814439531550196, ""seasonal_dev_pct"": 0.05554642436342988, ""detrended_delta_pct"": -4.869985955913626}, ""Lean Hogs"": {""current_price"": 83.0, ""seasonal_avg"": 92.30421876907349, ""deviation_pct"": -10.079949641685134, ""n_years"": 16, ""current_dev_pct"": -9.473988478828321, ""seasonal_dev_pct"": 12.829023487723479, ""detrended_delta_pct"": -22.3030119665518}, ""Palm Oil (CME)"": {""current_price"": 1127.5, ""seasonal_avg"": 761.285143769968, ""deviation_pct"": 48.10482106829191, ""n_years"": 15, ""current_dev_pct"": 5.1050716463004076, ""seasonal_dev_pct"": -4.175995233938944, ""detrended_delta_pct"": 9.28106688023935}}, ""health"": {""critical_count"": 3, ""warning_count"": 10, ""commodity_status"": [{""commodity"": ""Coffee"", ""table"": ""prices"", ""last_date"": ""2026-07-30"", ""rows"": 3773, ""age_days"": 0, ""status"": ""fresh""}, {""commodity"": ""Corn"", ""table"": ""prices"", ""last_date"": ""2026-07-30"", ""rows"": 3770, ""age_days"": 0, ""status"": ""fresh""}, {""commodity"": ""Cotton"", ""table"": ""prices"", ""last_date"": ""2026-07-30"", ""rows"": 3773, ""age_days"": 0, ""status"": ""fresh""}, {""commodity"": ""Lean Hogs"", ""table"": ""prices"", ""last_date"": ""2026-07-30"", ""rows"": 3772, ""age_days"": 0, ""status"": ""fresh""}, {""commodity"": ""Live Cattle"", ""table"": ""prices"", ""last_date"": ""2026-07-30"", ""rows"": 3771, ""age_days"": 0, ""status"": ""fresh""}, {""commodity"": ""Palm Oil (CME)"", ""table"": ""prices"", ""last_date"": ""2026-07-29"", ""rows"": 3613, ""age_days"": 1, ""status"": ""fresh""}, {""commodity"": ""Soybean Meal"", ""table"": ""prices"", ""last_date"": ""2026-07-30"", ""rows"": 3772, ""age_days"": 0, ""status"": ""fresh""}, {""commodity"": ""Soybean Oil"", ""table"": ""prices"", ""last_date"": ""2026-07-30"", ""rows"": 3772, ""age_days"": 0, ""status"": ""fresh""}, {""commodity"": ""Soybeans"", ""table"": ""prices"", ""last_date"": ""2026-07-30"", ""rows"": 3772, ""age_days"": 0, ""status"": ""fresh""}, {""commodity"": ""Sugar"", ""table"": ""prices"", ""last_date"": ""2026-07-30"", ""rows"": 3774, ""age_days"": 0, ""status"": ""fresh""}, {""commodity"": ""Wheat"", ""table"": ""prices"", ""last_date"": ""2026-07-30"", ""rows"": 3772, ""age_days"": 0, ""status"": ""fresh""}, {""commodity"": ""Coffee"", ""table"": ""cot"", ""last_date"": ""2026-07-21"", ""rows"": 864, ""age_days"": 9, ""status"": ""stale""}, {""commodity"": ""Corn"", ""table"": ""cot"", ""last_date"": ""2026-07-21"", ""rows"": 864, ""age_days"": 9, ""status"": ""stale""}, {""commodity"": ""Cotton"", ""table"": ""cot"", ""last_date"": ""2026-07-21"", ""rows"": 864, ""age_days"": 9, ""status"": ""stale""}, {""commodity"": ""Lean Hogs"", ""table"": ""cot"", ""last_date"": ""2026-07-21"", ""rows"": 864, ""age_days"": 9, ""status"": ""stale""}, {""commodity"": ""Live Cattle"", ""table"": ""cot"", ""last_date"": ""2026-07-21"", ""rows"": 864, ""age_days"": 9, ""status"": ""stale""}, {""commodity"": ""Soybean Meal"", ""table"": ""cot"", ""last_date"": ""2026-07-21"", ""rows"": 864, ""age_days"": 9, ""status"": ""stale""}, {""commodity"": ""Soybean Oil"", ""table"": ""cot"", ""last_date"": ""2026-07-21"", ""rows"": 864, ""age_days"": 9, ""status"": ""stale""}, {""commodity"": ""Soybeans"", ""table"": ""cot"", ""last_date"": ""2026-07-21"", ""rows"": 864, ""age_days"": 9, ""status"": ""stale""}, {""commodity"": ""Sugar"", ""table"": ""cot"", ""last_date"": ""2026-07-21"", ""rows"": 864, ""age_days"": 9, ""status"": ""stale""}, {""commodity"": ""Wheat"", ""table"": ""cot"", ""last_date"": ""2026-07-21"", ""rows"": 864, ""age_days"": 9, ""status"": ""stale""}, {""commodity"": ""Argentina Cordoba"", ""table"": ""weather"", ""last_date"": ""2026-08-05"", ""rows"": 39, ""age_days"": -6, ""status"": ""fresh""}, {""commodity"": ""Argentina Pampas"", ""table"": ""weather"", ""last_date"": ""2026-08-05"", ""rows"": 39, ""age_days"": -6, ""status"": ""fresh""}, {""commodity"": ""Brazil Bahia"", ""table"": ""weather"", ""last_date"": ""2026-08-05"", ""rows"": 39, ""age_days"": -6, ""status"": ""fresh""}, {""commodity"": ""Brazil Mato Grosso"", ""table"": ""weather"", ""last_date"": ""2026-08-05"", ""rows"": 39, ""age_days"": -6, ""status"": ""fresh""}, {""commodity"": ""Brazil Minas Gerais"", ""table"": ""weather"", ""last_date"": ""2026-08-05"", ""rows"": 39, ""age_days"": -6, ""status"": ""fresh""}, {""commodity"": ""Brazil Parana"", ""table"": ""weather"", ""last_date"": ""2026-08-05"", ""rows"": 39, ""age_days"": -6, ""status"": ""fresh""}, {""commodity"": ""China Heilongjiang"", ""table"": ""weather"", ""last_date"": ""2026-08-05"", ""rows"": 39, ""age_days"": -6, ""status"": ""fresh""}, {""commodity"": ""Colombia Coffee Region"", ""table"": ""weather"", ""last_date"": ""2026-08-05"", ""rows"": 39, ""age_days"": -6, ""status"": ""fresh""}, {""commodity"": ""Ethiopia Sidama (Coffee)"", ""table"": ""weather"", ""last_date"": ""2026-08-05"", ""rows"": 39, ""age_days"": -6, ""status"": ""fresh""}, {""commodity"": ""India Madhya Pradesh"", ""table"": ""weather"", ""last_date"": ""2026-08-05"", ""rows"": 39, ""age_days"": -6, ""status"": ""fresh""}, {""commodity"": ""India Maharashtra"", ""table"": ""weather"", ""last_date"": ""2026-08-05"", ""rows"": 39, ""age_days"": -6, ""status"": ""fresh""}, {""commodity"": ""Indonesia Riau (Sumatra)"", ""table"": ""weather"", ""last_date"": ""2026-08-05"", ""rows"": 39, ""age_days"": -6, ""status"": ""fresh""}, {""commodity"": ""Ivory Coast (Cocoa)"", ""table"": ""weather"", ""last_date"": ""2026-08-05"", ""rows"": 39, ""age_days"": -6, ""status"": ""fresh""}, {""commodity"": ""Malaysia Sabah (Borneo)"", ""table"": ""weather"", ""last_date"": ""2026-08-05"", ""rows"": 39, ""age_days"": -6, ""status"": ""fresh""}, {""commodity"": ""Nigeria Benue"", ""table"": ""weather"", ""last_date"": ""2026-08-05"", ""rows"": 39, ""age_days"": -6, ""status"": ""fresh""}, {""commodity"": ""Nigeria Kaduna"", ""table"": ""weather"", ""last_date"": ""2026-08-05"", ""rows"": 39, ""age_days"": -6, ""status"": ""fresh""}, {""commodity"": ""Paraguay Chaco"", ""table"": ""weather"", ""last_date"": ""2026-08-05"", ""rows"": 39, ""age_days"": -6, ""status"": ""fresh""}, {""commodity"": ""South Africa Free State"", ""table"": ""weather"", ""last_date"": ""2026-08-05"", ""rows"": 39, ""age_days"": -6, ""status"": ""fresh""}, {""commodity"": ""South Africa Mpumalanga"", ""table"": ""weather"", ""last_date"": ""2026-08-05"", ""rows"": 39, ""age_days"": -6, ""status"": ""fresh""}, {""commodity"": ""Thailand Surat Thani"", ""table"": ""weather"", ""last_date"": ""2026-08-05"", ""rows"": 39, ""age_days"": -6, ""status"": ""fresh""}, {""commodity"": ""US Illinois"", ""table"": ""weather"", ""last_date"": ""2026-08-05"", ""rows"": 39, ""age_days"": -6, ""status"": ""fresh""}, {""commodity"": ""US Midwest (Iowa)"", ""table"": ""weather"", ""last_date"": ""2026-08-05"", ""rows"": 39, ""age_days"": -6, ""status"": ""fresh""}, {""commodity"": ""Vietnam Central Highlands"", ""table"": ""weather"", ""last_date"": ""2026-08-05"", ""rows"": 39, ""age_days"": -6, ""status"": ""fresh""}, {""commodity"": ""ARS/USD"", ""table"": ""currencies"", ""last_date"": ""2026-07-30"", ""rows"": 3906, ""age_days"": 0, ""status"": ""fresh""}, {""commodity"": ""BRL/USD"", ""table"": ""currencies"", ""last_date"": ""2026-07-30"", ""rows"": 3906, ""age_days"": 0, ""status"": ""fresh""}, {""commodity"": ""CNY/USD"", ""table"": ""currencies"", ""last_date"": ""2026-07-30"", ""rows"": 3906, ""age_days"": 0, ""status"": ""fresh""}, {""commodity"": ""COP/USD"", ""table"": ""currencies"", ""last_date"": ""2026-07-30"", ""rows"": 3895, ""age_days"": 0, ""status"": ""fresh""}, {""commodity"": ""ETB/USD"", ""table"": ""currencies"", ""last_date"": ""2026-07-29"", ""rows"": 3909, ""age_days"": 1, ""status"": ""fresh""}, {""commodity"": ""IDR/USD"", ""table"": ""currencies"", ""last_date"": ""2026-07-30"", ""rows"": 3906, ""age_days"": 0, ""status"": ""fresh""}, {""commodity"": ""INR/USD"", ""table"": ""currencies"", ""last_date"": ""2026-07-30"", ""rows"": 3907, ""age_days"": 0, ""status"": ""fresh""}, {""commodity"": ""MYR/USD"", ""table"": ""currencies"", ""last_date"": ""2026-07-30"", ""rows"": 3909, ""age_days"": 0, ""status"": ""fresh""}, {""commodity"": ""NGN/USD"", ""table"": ""currencies"", ""last_date"": ""2026-07-30"", ""rows"": 3907, ""age_days"": 0, ""status"": ""fresh""}, {""commodity"": ""PYG/USD"", ""table"": ""currencies"", ""last_date"": ""2026-07-30"", ""rows"": 3907, ""age_days"": 0, ""status"": ""fresh""}, {""commodity"": ""THB/USD"", ""table"": ""currencies"", ""last_date"": ""2026-07-30"", ""rows"": 3907, ""age_days"": 0, ""status"": ""fresh""}, {""commodity"": ""VND/USD"", ""table"": ""currencies"", ""last_date"": ""2026-07-30"", ""rows"": 3910, ""age_days"": 0, ""status"": ""fresh""}, {""commodity"": ""ZAR/USD"", ""table"": ""currencies"", ""last_date"": ""2026-07-30"", ""rows"": 3905, ""age_days"": 0, ""status"": ""fresh""}, {""commodity"": ""CZCE Rapeseed Meal"", ""table"": ""dce_futures"", ""last_date"": ""2026-07-30"", ""rows"": 3293, ""age_days"": 0, ""status"": ""fresh""}, {""commodity"": ""CZCE Rapeseed Oil"", ""table"": ""dce_futures"", ""last_date"": ""2026-07-30"", ""rows"": 4651, ""age_days"": 0, ""status"": ""fresh""}, {""commodity"": ""DCE Corn"", ""table"": ""dce_futures"", ""last_date"": ""2026-07-30"", ""rows"": 5244, ""age_days"": 0, ""status"": ""fresh""}, {""commodity"": ""DCE Palm Oil"", ""table"": ""dce_futures"", ""last_date"": ""2026-07-30"", ""rows"": 4561, ""age_days"": 0, ""status"": ""fresh""}, {""commodity"": ""DCE Soybean"", ""table"": ""dce_futures"", ""last_date"": ""2026-07-30"", ""rows"": 5247, ""age_days"": 0, ""status"": ""fresh""}, {""commodity"": ""DCE Soybean Meal"", ""table"": ""dce_futures"", ""last_date"": ""2026-07-30"", ""rows"": 5250, ""age_days"": 0, ""status"": ""fresh""}, {""commodity"": ""DCE Soybean Oil"", ""table"": ""dce_futures"", ""last_date"": ""2026-07-30"", ""rows"": 4993, ""age_days"": 0, ""status"": ""fresh""}, {""commodity"": ""Coffee Arabica"", ""table"": ""worldbank_prices"", ""last_date"": ""2026-06-01"", ""rows"": 798, ""age_days"": 59, ""status"": ""stale""}, {""commodity"": ""Coffee Robusta"", ""table"": ""worldbank_prices"", ""last_date"": ""2026-06-01"", ""rows"": 798, ""age_days"": 59, ""status"": ""stale""}, {""commodity"": ""Palm Oil"", ""table"": ""worldbank_prices"", ""last_date"": ""2026-06-01"", ""rows"": 798, ""age_days"": 59, ""status"": ""stale""}, {""commodity"": ""Rapeseed Oil"", ""table"": ""worldbank_prices"", ""last_date"": ""2026-06-01"", ""rows"": 293, ""age_days"": 59, ""status"": ""stale""}, {""commodity"": ""Soybean Meal"", ""table"": ""worldbank_prices"", ""last_date"": ""2026-06-01"", ""rows"": 798, ""age_days"": 59, ""status"": ""stale""}, {""commodity"": ""Soybean Oil"", ""table"": ""worldbank_prices"", ""last_date"": ""2026-06-01"", ""rows"": 798, ""age_days"": 59, ""status"": ""stale""}, {""commodity"": ""Soybeans"", ""table"": ""worldbank_prices"", ""last_date"": ""2026-06-01"", ""rows"": 798, ""age_days"": 59, ""status"": ""stale""}, {""commodity"": ""Sunflower Oil"", ""table"": ""worldbank_prices"", ""last_date"": ""2026-06-01"", ""rows"": 288, ""age_days"": 59, ""status"": ""stale""}, {""commodity"": ""Coffee"", ""table"": ""forward_curve"", ""last_date"": ""2026-07-30"", ""rows"": 6, ""age_days"": 0, ""status"": ""fresh""}, {""commodity"": ""Corn"", ""table"": ""forward_curve"", ""last_date"": ""2026-07-30"", ""rows"": 6, ""age_days"": 0, ""status"": ""fresh""}, {""commodity"": ""Cotton"", ""table"": ""forward_curve"", ""last_date"": ""2026-07-30"", ""rows"": 6, ""age_days"": 0, ""status"": ""fresh""}, {""commodity"": ""Lean Hogs"", ""table"": ""forward_curve"", ""last_date"": ""2026-07-30"", ""rows"": 6, ""age_days"": 0, ""status"": ""fresh""}, {""commodity"": ""Live Cattle"", ""table"": ""forward_curve"", ""last_date"": ""2026-07-30"", ""rows"": 6, ""age_days"": 0, ""status"": ""fresh""}, {""commodity"": ""Soybean Meal"", ""table"": ""forward_curve"", ""last_date"": ""2026-07-30"", ""rows"": 6, ""age_days"": 0, ""status"": ""fresh""}, {""commodity"": ""Soybean Oil"", ""table"": ""forward_curve"", ""last_date"": ""2026-07-30"", ""rows"": 6, ""age_days"": 0, ""status"": ""fresh""}, {""commodity"": ""Soybeans"", ""table"": ""forward_curve"", ""last_date"": ""2026-07-30"", ""rows"": 6, ""age_days"": 0, ""status"": ""fresh""}, {""commodity"": ""Sugar"", ""table"": ""forward_curve"", ""last_date"": ""2026-07-30"", ""rows"": 6, ""age_days"": 0, ""status"": ""fresh""}, {""commodity"": ""Wheat"", ""table"": ""forward_curve"", ""last_date"": ""2026-07-30"", ""rows"": 6, ""age_days"": 0, ""status"": ""fresh""}, {""commodity"": ""Soybean (AgRural Paranagu\u00e1 FOB)"", ""table"": ""brazil_spot_prices"", ""last_date"": ""2026-07-30"", ""rows"": 3, ""age_days"": 0, ""status"": ""fresh""}, {""commodity"": ""Soybean (CEPEA)"", ""table"": ""brazil_spot_prices"", ""last_date"": ""2026-07-29"", ""rows"": 108, ""age_days"": 1, ""status"": ""fresh""}, {""commodity"": ""Soybean (ESALQ/B3 Paranagu\u00e1)"", ""table"": ""brazil_spot_prices"", ""last_date"": ""2026-07-29"", ""rows"": 108, ""age_days"": 1, ""status"": ""fresh""}, {""commodity"": ""Soybean (SAFEX)"", ""table"": ""safex_prices"", ""last_date"": ""2026-07-30"", ""rows"": 2, ""age_days"": 0, ""status"": ""fresh""}, {""commodity"": ""Sunflower (SAFEX)"", ""table"": ""safex_prices"", ""last_date"": ""2026-07-30"", ""rows"": 2, ""age_days"": 0, ""status"": ""fresh""}]}}",2026-07-30 16:01:18
2026-08-02,"=== Mirror Market Daily Briefing — 2026-08-02 ===
NOTE: Data is informational only and should not be used as sole basis for trading decisions.
Some data layers may be delayed or unavailable. Check Data Freshness below.

DATA HEALTH: 3 critical, 10 warnings

CRITICAL:
  [india_domestic_prices] Soybean (NCDEX): MISSING from india_domestic_prices — no rows at all
  [india_domestic_prices] Soybean Oil (NCDEX): MISSING from india_domestic_prices — no rows at all
  [india_domestic_prices] Soybean Meal (NCDEX): MISSING from india_domestic_prices — no rows at all

WARNINGS:
  [cot] Coffee: STALE in cot — last date is 2026-07-21 (12 days ago)
  [cot] Corn: STALE in cot — last date is 2026-07-21 (12 days ago)
  [cot] Cotton: STALE in cot — last date is 2026-07-21 (12 days ago)
  [cot] Lean Hogs: STALE in cot — last date is 2026-07-21 (12 days ago)
  [cot] Live Cattle: STALE in cot — last date is 2026-07-21 (12 days ago)
  [cot] Soybean Meal: STALE in cot — last date is 2026-07-21 (12 days ago)
  [cot] Soybean Oil: STALE in cot — last date is 2026-07-21 (12 days ago)
  [cot] Soybeans: STALE in cot — last date is 2026-07-21 (12 days ago)
  [cot] Sugar: STALE in cot — last date is 2026-07-21 (12 days ago)
  [cot] Wheat: STALE in cot — last date is 2026-07-21 (12 days ago)

PRICES:
  Note: technicals computed on yfinance front-month series; signals within ±3 trading days of contract roll may be data artifacts rather than economic moves.
  Soybeans:        437.7 USD/MT  (+1.1%)  Above 200-day MA  MACD negative  Vol 26%
  Soybean Oil:     1,486.8 USD/MT  (-2.5%)  Above 200-day MA  MACD negative  Vol 31%
  Soybean Meal:    355.9 USD/MT  (+2.4%)  Above 200-day MA  MACD negative  Vol 23%
  Coffee:          7,129.7 USD/MT  (-0.7%)  Below 200-day MA  MACD negative  Vol 85%
  Corn:            185.7 USD/MT  (+5.1%)  Above 200-day MA  MACD positive  Vol 32%
  Wheat:           245.6 USD/MT  (+1.2%)  Above 200-day MA  MACD negative  Vol 38%
  Sugar:           318.1 USD/MT  (-0.5%)  Below 200-day MA  MACD negative  Vol 20%
  Cotton:          1,787.9 USD/MT  (+3.9%)  Above 200-day MA  MACD positive  Vol 33%
  Live Cattle:     4,984.1 USD/MT  (-0.8%)  Below 200-day MA  MACD positive  Vol 13%
  Lean Hogs:       1,829.8 USD/MT  (-17.6%)  Below 200-day MA  RSI 23 (oversold)  MACD negative  Vol 67%
  Palm Oil (CME):  1,127.5 USD/MT  (+0.0%)  Above 200-day MA  MACD positive  Vol 8%

CRUSH SPREAD: $95.9/MT (narrowing — processors profitable, oil share 51%)

BRAZIL BASIS (Paranaguá FOB vs CBOT): $+45.8/MT (Brazilian premium)
  └ Farm-gate (CEPEA Paraná): $+18.1/MT — port-vs-farm wedge $+27.7/MT

US GULF BASIS (CIF NOLA barge — AMS export bids, 2026-07-30):
  Current: +120/+122¢/bu over Aug (UNCH) | $12.97/bu ≈ $476.6/MT | yr-ago $10.47/bu

ECONOMIC CONTEXT (FRED): No data

USDA FUNDAMENTALS: No data

CROP CONDITIONS (USDA Weekly): No data

WASDE ESTIMATES (USDA Monthly Forecasts):
  WHEAT:
    Area Planted: 43 Million Acres (2026-07-15)
    Area Harvested: 32 Million Acres (2026-07-15)
    Yield per Harvested Acre: 48 Bushels (2026-07-15)
    Beginning Stocks: 920 Million Bushels (revised DOWN -15 vs prior month)
    Production: 1,536 Million Bushels (revised DOWN -7 vs prior month)
    Imports: 140 Million Bushels (revised DOWN +0 vs prior month)
    Supply, Total: 2,596 Million Bushels (revised DOWN -22 vs prior month)
    Food: 960 Million Bushels (revised DOWN +0 vs prior month)
    Seed: 59 Million Bushels (revised DOWN +0 vs prior month)
    Feed and Residual: 80 Million Bushels (revised DOWN +0 vs prior month)
    Domestic, Total: 1,099 Million Bushels (revised DOWN +0 vs prior month)
    Exports: 775 Million Bushels (revised DOWN +0 vs prior month)
    Use, Total: 1,874 Million Bushels (revised DOWN +0 vs prior month)
    Ending Stocks: 722 Million Bushels (revised DOWN -22 vs prior month)
    Avg. Farm Price ($/bu): 6 $/bu (revised DOWN +0 vs prior month)
  CORN:
    Area Planted: 99 Million Acres (revised DOWN +0 vs prior month)
    Area Harvested: 91 Million Acres (revised DOWN +0 vs prior month)
    Yield per Harvested Acre: 186 Bushels (revised DOWN +0 vs prior month)
    Beginning Stocks: 2,020 Million Bushels (revised DOWN -125 vs prior month)
    Production: 16,000 Million Bushels (revised UP +5 vs prior month)
    Imports: 25 Million Bushels (revised DOWN +0 vs prior month)
    Supply, Total: 18,045 Million Bushels (revised DOWN -120 vs prior month)
    Feed and Residual: 6,100 Million Bushels (revised DOWN +0 vs prior month)
    Food, Seed & Industrial: 6,955 Million Bushels (revised DOWN +0 vs prior month)
    Ethanol & by-products: 5,600 Million Bushels (revised DOWN +0 vs prior month)
    Domestic, Total: 13,055 Million Bushels (revised DOWN +0 vs prior month)
    Exports: 3,200 Million Bushels (revised UP +50 vs prior month)
    Use, Total: 16,255 Million Bushels (revised UP +50 vs prior month)
    Ending Stocks: 1,790 Million Bushels (revised DOWN -170 vs prior month)
    Avg. Farm Price ($/bu): 4 $/bu (revised DOWN +0 vs prior month)
  SOYBEANS:
    Area Planted: 81 Million Acres (revised DOWN +0 vs prior month)
    Area Harvested: 80 Million Acres (revised DOWN +0 vs prior month)
    Yield per Harvested Acre: 53 Bushels (revised DOWN +0 vs prior month)
    Beginning Stocks: 330 Million Bushels (revised DOWN -10 vs prior month)
    Production: 4,475 Million Bushels (revised UP +40 vs prior month)
    Imports: 25 Million Bushels (revised DOWN +0 vs prior month)
    Supply, Total: 4,830 Million Bushels (revised UP +30 vs prior month)
    Crushings: 2,750 Million Bushels (revised DOWN +0 vs prior month)
    Exports: 1,660 Million Bushels (revised UP +30 vs prior month)
    Seed: 72 Million Bushels (revised DOWN +0 vs prior month)
    Residual: 38 Million Bushels (revised DOWN +0 vs prior month)
    Use, Total: 4,520 Million Bushels (revised UP +30 vs prior month)
    Ending Stocks: 310 Million Bushels (revised DOWN +0 vs prior month)
    Avg. Farm Price ($/bu): 11 $/bu (revised DOWN +0 vs prior month)
  SOYBEAN_OIL:
    Beginning Stocks: 1,837 Million Pounds (revised DOWN +0 vs prior month)
    Production: 32,590 Million Pounds (revised DOWN +0 vs prior month)
    Imports: 600 Million Pounds (revised DOWN +0 vs prior month)
    Supply, Total: 35,027 Million Pounds (revised DOWN +0 vs prior month)
    Domestic Disappearance: 32,750 Million Pounds (revised DOWN +0 vs prior month)
    Biofuel: 17,800 Million Pounds (revised DOWN +0 vs prior month)
    Food, Feed & other Industrial: 14,950 Million Pounds (revised DOWN +0 vs prior month)
    Exports: 400 Million Pounds (revised DOWN +0 vs prior month)
    Use, Total: 33,150 Million Pounds (revised DOWN +0 vs prior month)
    Ending stocks: 1,877 Million Pounds (revised DOWN +0 vs prior month)
    Avg. Price (c/lb): 70 c/lb (revised DOWN +0 vs prior month)
  SOYBEAN_MEAL:
    Beginning Stocks: 450 Thousand Short Tons (revised DOWN +0 vs prior month)
    Production: 64,985 Thousand Short Tons (revised DOWN -40 vs prior month)
    Imports: 840 Thousand Short Tons (revised UP +40 vs prior month)
    Supply, Total: 66,275 Thousand Short Tons (revised DOWN +0 vs prior month)
    Domestic Disappearance: 43,825 Thousand Short Tons (revised DOWN -300 vs prior month)
    Exports: 22,000 Thousand Short Tons (revised UP +300 vs prior month)
    Use, Total: 65,825 Thousand Short Tons (revised DOWN +0 vs prior month)
    Ending Stocks: 450 Thousand Short Tons (revised DOWN +0 vs prior month)
    Avg. Price ($/s.t.): 310 $/s.t. (revised DOWN +0 vs prior month)
  COTTON:
    Planted: 9 Million Acres (revised DOWN +0 vs prior month)
    Harvested: 8 Million Acres (revised DOWN +0 vs prior month)
    Yield per Harvested Acre: 852 Pounds (revised DOWN +0 vs prior month)
    Beginning Stocks: 4 Million 480 Pound Bales (revised DOWN +0 vs prior month)
    Production: 14 Million 480 Pound Bales (revised UP +0 vs prior month)
    Imports: 0 Million 480 Pound Bales (revised DOWN +0 vs prior month)
    Supply, Total: 18 Million 480 Pound Bales (revised UP +0 vs prior month)
    Domestic Use: 2 Million 480 Pound Bales (revised DOWN +0 vs prior month)
    Exports, Total: 12 Million 480 Pound Bales (revised DOWN +0 vs prior month)
    Use, Total: 14 Million 480 Pound Bales (revised DOWN +0 vs prior month)
    Unaccounted: -0 Million 480 Pound Bales (revised DOWN +0 vs prior month)
    Ending Stocks: 4 Million 480 Pound Bales (revised UP +0 vs prior month)
    Avg. Farm Price: 73  (revised DOWN +0 vs prior month)

STOCKS-TO-USE (US balance sheet, source: PSD):
  Soybeans: 6.4% (MY 2026) | prior 5-yr range: 5.8%–7.7%
  Corn: 9.9% (MY 2026) | prior 5-yr range: 8.5%–10.9%
  Wheat: 27.8% (MY 2026) | prior 5-yr range: 23.3%–31.0%
  Cotton: 22.9% (MY 2026) | prior 5-yr range: 18.8%–24.4%
  Soybean Meal: 0.7% (MY 2026) | prior 5-yr range: 0.6%–0.8%
  Soybean Oil: 5.4% (MY 2026) | prior 5-yr range: 5.3%–7.0%

EXPORT SALES (USDA Weekly): No data (set FAS_API_KEY to enable)

EXPORT INSPECTIONS (USDA Weekly):
  Corn: Inspected: 1,488,028 MT (w/e 07/23)
  Soybeans: Inspected: 348,850 MT (w/e 07/23)
  Wheat: Inspected: 394,785 MT (w/e 07/23)
  US export flows by port region (AMS tonnage, not basis):
    Soybeans (w/e 07/23): Gulf 219,159 MT (63%) | PNW 0 MT (0%) | Interior 120,772 MT (35%)
    Corn Yellow (w/e 07/23): Gulf 674,988 MT (46%) | PNW 456,666 MT (31%) | Interior 296,105 MT (20%)

DCE CHINESE FUTURES:
  DCE Soybean: CNY 4,689 | vs CBOT 1,191.25 USD (as of 2026-07-30)
  DCE Soybean Meal: CNY 3,074 | vs CBOT 322.90 USD (as of 2026-07-30)
  DCE Soybean Oil: CNY 8,407 | vs CBOT 67.44 USD (as of 2026-07-30)
  DCE Palm Oil: CNY 9,393 (as of 2026-07-30)
  DCE Corn: CNY 2,266 (as of 2026-07-30)
  CZCE Rapeseed Oil: CNY 9,893 (as of 2026-07-30)
  CZCE Rapeseed Meal: CNY 2,289 (as of 2026-07-30)

FORWARD CURVE:
  Coffee: Backwardation: Sep 2026 323.55 → Sep 2027 295.50 (-28.05, -8.7%) — tight supply / strong nearby demand
  Corn: Contango: Sep 2026 448.50 → Sep 2027 484.75 (+36.25, +8.1%) — adequate supply / carrying costs priced in
  Cotton: Mild Contango: Oct 2026 79.95 → Oct 2027 79.13 (-0.82, -1.0%) — adequate supply / carrying costs priced in
  Lean Hogs: Mild Contango: Aug 2026 98.60 → May 2027 85.97 (-12.62, -12.8%) — adequate supply / carrying costs priced in
  Live Cattle: Mild Backwardation: Aug 2026 230.12 → Jun 2027 218.30 (-11.82, -5.1%) — tight supply / strong nearby demand
  Soybean Meal: Contango: Aug 2026 314.50 → Mar 2027 328.50 (+14.00, +4.5%) — adequate supply / carrying costs priced in
  Soybean Oil: Backwardation: Aug 2026 68.68 → Mar 2027 67.05 (-1.63, -2.4%) — tight supply / strong nearby demand
  Soybeans: Contango: Aug 2026 1177.25 → May 2027 1216.50 (+39.25, +3.3%) — adequate supply / carrying costs priced in
  Sugar: Contango: Oct 2026 14.42 → Mar 2028 16.20 (+1.78, +12.3%) — adequate supply / carrying costs priced in
  Wheat: Contango: Sep 2026 669.00 → Sep 2027 707.50 (+38.50, +5.8%) — adequate supply / carrying costs priced in

BIOFUEL & ENERGY (EIA): No data (set EIA_API_KEY to enable)

BRAZIL CROP ESTIMATES (CONAB):
  Cotton (2025/26):
    Production: 3,978 1000 MT (vs USDA 18,000 — gap: -14,022)
    Area: 2,020 1000 HA
    Yield: 1,969 KG/HA
    Production: 3,978 1000 MT (vs USDA 18,000 — gap: -14,022)
    Area: 2,020 1000 HA
    Yield: 1,969 KG/HA
  Corn (2025/26):
    Production: 140,463 1000 MT (vs USDA 139,000 — gap: +1,463)
    Area: 22,582 1000 HA
    Yield: 6,220 KG/HA
    Production: 140,463 1000 MT (vs USDA 139,000 — gap: +1,463)
    Area: 22,582 1000 HA
    Yield: 6,220 KG/HA
  Soybeans (2025/26):
    Production: 180,253 1000 MT (vs USDA 186,000 — gap: -5,747)
    Area: 48,563 1000 HA
    Yield: 3,712 KG/HA
    Production: 180,253 1000 MT (vs USDA 186,000 — gap: -5,747)
    Area: 48,563 1000 HA
    Yield: 3,712 KG/HA
  Wheat (2025):
    Production: 6,297 1000 MT (vs USDA 6,700 — gap: -403)
    Area: 2,117 1000 HA
    Yield: 2,974 KG/HA
    Production: 6,297 1000 MT (vs USDA 6,700 — gap: -403)
    Area: 2,117 1000 HA
    Yield: 2,974 KG/HA

CURRENCIES:
  BRL/USD: 0.1974 (Real weakening — Brazil exports cheaper)
  ARS/USD: 0.0007 (Peso weakening)
  COP/USD: 0.0003 
  PYG/USD: 0.0002 
  CNY/USD: 0.1483 (Yuan stable)
  IDR/USD: 0.0001 (Rupiah weakening)
  MYR/USD: 0.2454 (Ringgit stable)
  VND/USD: 0.0000 
  INR/USD: 0.0105 
  THB/USD: 0.0300 
  ETB/USD: 0.0063 
  ZAR/USD: 0.0607 
  NGN/USD: 0.0007 

COT POSITIONING:
  Soybeans: Commercials net short 127,600, -1.2σ vs 3yr, Specs net long 153,010, +1.2σ vs 3yr
  Soybean Oil: Commercials net short 142,415, -1.8σ vs 3yr, Specs net long 132,003, +1.8σ vs 3yr
  Soybean Meal: Commercials net short 127,645, -1.2σ vs 3yr, Specs net long 103,266, +1.2σ vs 3yr
  Coffee: Commercials net short 27,764, +0.6σ vs 3yr, Specs net long 26,034, -0.6σ vs 3yr
  Corn: Commercials net short 81,746, -0.9σ vs 3yr, Specs net long 121,796, +0.8σ vs 3yr
  Wheat: Commercials net long 19,130, -1.6σ vs 3yr, Specs net short 14,250, +1.6σ vs 3yr
  Sugar: Commercials net long 41,350, +0.4σ vs 3yr, Specs net short 47,496, -0.4σ vs 3yr
  Cotton: Commercials net short 108,641, -2.0σ vs 3yr, Specs net long 100,360, +2.0σ vs 3yr
  Live Cattle: Commercials net short 65,702, +0.9σ vs 3yr, Specs net long 78,860, -1.0σ vs 3yr
  Lean Hogs: Commercials net long 15,465, +1.7σ vs 3yr, Specs net short 13,734, -1.7σ vs 3yr

WEATHER ALERTS:
  US Midwest (Iowa): Dry conditions — watch soil moisture [-0.3σ vs 90d]
  US Illinois: Dry spell — 19 consecutive days <1mm — soil moisture depleting
  Brazil Mato Grosso: Dry spell — 17 consecutive days <1mm — soil moisture depleting
  Brazil Parana: Dry conditions — watch soil moisture [-0.5σ vs 90d]
  Brazil Minas Gerais: Dry conditions — watch soil moisture [-0.3σ vs 90d]
  Brazil Bahia: Dry conditions — watch soil moisture [-1.0σ vs 90d]
  Argentina Pampas: Dry conditions — watch soil moisture [-0.4σ vs 90d]
  Argentina Cordoba: Dry conditions — watch soil moisture [+0.2σ vs 90d]
  Paraguay Chaco: Dry conditions — watch soil moisture [-0.3σ vs 90d]
  Indonesia Riau (Sumatra): Heavy rain (28mm) — harvest delays possible [+2.8σ vs 90d]
  India Madhya Pradesh: Heavy rain (42mm) — harvest delays possible [+4.0σ vs 90d]
  India Maharashtra: Heavy rain (27mm) — harvest delays possible [+2.9σ vs 90d]
  South Africa Free State: Dry conditions — watch soil moisture [-0.3σ vs 90d]
  South Africa Mpumalanga: Dry spell — 33 consecutive days <1mm — soil moisture depleting

GLOBAL SUPPLY (USDA PSD):
  Brazil soybeans production: 186,000 (1000 MT)
  China soybeans imports: 115,000 (1000 MT)
  United States soybeans production: 121,790 (1000 MT)
  Indonesia palm oil production: 47,500 (1000 MT)
  Argentina (top soymeal/oil exporter):
    Soybeans production: 50,000 (1000 MT) (+0.0% YoY)
    Soybean Meal exports: 29,400 (1000 MT) (+1.4% YoY)
    Soybean Oil exports: 6,650 (1000 MT) (+3.1% YoY)

WORLD PRICES (World Bank Monthly):
  Coffee Arabica: 6.79 cents/lb (-2.3% vs last month)
  Coffee Robusta: $4/mt (+1.6% vs last month)
  Palm Oil: $1,105/mt (-2.7% vs last month)
  Soybeans: $468/mt (-1.1% vs last month)
  Soybean Oil: $1,765/mt (-0.9% vs last month)
  Soybean Meal: $425/mt (+0.7% vs last month)
  Rapeseed Oil: $1,498/mt (+0.7% vs last month)
  Sunflower Oil: $1,510/mt (+0.5% vs last month)

EMERGING MARKETS (Soybeans):
  South Africa:
    Beginning Stocks: 475 (1000 MT) (+35.7% YoY)
    Crush: 2,000 (1000 MT) (+5.3% YoY)
    Domestic Consumption: 2,625 (1000 MT) (+4.0% YoY)
    Ending Stocks: 335 (1000 MT) (-29.5% YoY)
    Exports: 325 (1000 MT) (-27.8% YoY)
    Imports: 10 (1000 MT) (-80.0% YoY)
    Production: 2,800 (1000 MT) (-8.2% YoY)
    Total Distribution: 3,285 (1000 MT) (-4.8% YoY)
    Total Supply: 3,285 (1000 MT) (-4.8% YoY)
    Currency: ZAR/USD: 0.0607, week: -0.6%
    Weather: South Africa Free State — Dry
    Weather: South Africa Mpumalanga — Dry
    SAFEX Soybean: R8,115/MT / $492.2/MT
    SAFEX-CBOT Basis: $+54.5/MT (sub-Saharan premium)
  India:
    Beginning Stocks: 741 (1000 MT) (+12.4% YoY)
    Crush: 10,000 (1000 MT) (+2.3% YoY)
    Domestic Consumption: 11,875 (1000 MT) (+2.2% YoY)
    Ending Stocks: 541 (1000 MT) (-27.0% YoY)
    Exports: 25 (1000 MT) (+25.0% YoY)
    Imports: 200 (1000 MT) (-71.4% YoY)
    Production: 11,500 (1000 MT) (+4.3% YoY)
    Total Distribution: 12,441 (1000 MT) (+0.4% YoY)
    Total Supply: 12,441 (1000 MT) (+0.4% YoY)
    Currency: INR/USD: 0.0105, week: +0.9%
    Weather: India Maharashtra — Dry
  Nigeria:
    Beginning Stocks: 222 (1000 MT) (-9.8% YoY)
    Crush: 975 (1000 MT) (+0.0% YoY)
    Domestic Consumption: 1,450 (1000 MT) (+3.6% YoY)
    Ending Stocks: 223 (1000 MT) (+0.5% YoY)
    Exports: 50 (1000 MT) (-60.0% YoY)
    Imports: 1 (1000 MT) (+0.0% YoY)
    Production: 1,500 (1000 MT) (+0.0% YoY)
    Total Distribution: 1,723 (1000 MT) (-1.4% YoY)
    Total Supply: 1,723 (1000 MT) (-1.4% YoY)
    Currency: NGN/USD: 0.0007, week: +0.7%
  Brazil:
    Beginning Stocks: 37,688 (1000 MT) (+0.0% YoY)
    Crush: 65,000 (1000 MT) (+5.7% YoY)
    Domestic Consumption: 69,600 (1000 MT) (+5.6% YoY)
    Ending Stocks: 36,888 (1000 MT) (-2.1% YoY)
    Exports: 118,000 (1000 MT) (+2.6% YoY)
    Imports: 800 (1000 MT) (-11.1% YoY)
    Production: 186,000 (1000 MT) (+3.3% YoY)
    Total Distribution: 224,488 (1000 MT) (+2.7% YoY)
    Total Supply: 224,488 (1000 MT) (+2.7% YoY)
    Currency: BRL/USD: 0.1974, week: -0.1%
    Weather: Brazil Mato Grosso — Dry
    Weather: Brazil Parana — Dry
    CEPEA: R$2,316.67/MT / $457.2/MT
    Brazil-CBOT Basis: $+19.5/MT (premium)
    Weekly Chg: +0.8%

CORRELATIONS:
  Cross-commodity (daily returns):
    Soybeans vs Soybean Oil: 0.52 (moderate positive)
    Soybeans vs Soybean Meal: 0.75 (strong positive)
    Soybeans vs Corn: 0.53 (moderate positive)
    Corn vs Wheat: 0.55 (moderate positive)
  Commodity-currency:
    Soybeans vs BRL/USD: 0.04 (BRL weakening → cheaper Brazil exports → soy pressure)
    Coffee vs COP/USD: -0.03 (COP weakening → cheaper Colombia exports)
    Coffee vs BRL/USD: 0.04 (BRL weakening → cheaper Brazil exports)

SEASONAL ANALYSIS:
  Soybeans: Above seasonal norm (+5.4% vs this month's typical deviation from 12m trend)
  Soybean Oil: Above seasonal norm (+9.8% vs this month's typical deviation from 12m trend)
  Soybean Meal: Above seasonal norm (+3.0% vs this month's typical deviation from 12m trend)
  Coffee: Below seasonal norm (-3.8% vs this month's typical deviation from 12m trend)
  Corn: Above seasonal norm (+10.2% vs this month's typical deviation from 12m trend)
  Wheat: Above seasonal norm (+17.9% vs this month's typical deviation from 12m trend)
  Sugar: Above seasonal norm (+0.5% vs this month's typical deviation from 12m trend)
  Cotton: Above seasonal norm (+20.6% vs this month's typical deviation from 12m trend)
  Live Cattle: Below seasonal norm (-4.9% vs this month's typical deviation from 12m trend)
  Lean Hogs: Below seasonal norm (-22.3% vs this month's typical deviation from 12m trend)
  Palm Oil (CME): Above seasonal norm (+9.3% vs this month's typical deviation from 12m trend)

MARKET DRIVERS:
  1. Crowded short in Lean Hogs: Specs net short 13,734 contracts AND RSI at 23 — short squeeze risk
  2. Weather premium building in Coffee: price up 4.5% this week with active weather alerts in Argentina Pampas
  3. Corn outperforming soybeans (+1.7% vs -3.7% this week): if sustained, farmers may shift acreage to corn next planting season
  4. Corn in steep contango (+8.1%): market expects adequate supply, carrying costs elevated
  5. Wheat in steep contango (+5.8%): market expects adequate supply, carrying costs elevated
  6. Palm oil outperforming soybean oil (+0.4% vs -10.8%): palm premium widening — may shift demand toward soy oil
  7. CONAB vs USDA divergence: CONAB estimates Brazil soybean production 5,747 1000 MT lower than USDA — USDA may revise down

SIGNALS:
  [WARNING]  Lean Hogs RSI oversold (23)
  [INFO]     Soybeans volume spike (3.2x normal)
  [INFO]     Coffee volume spike (2.4x normal)
  [INFO]     Cotton volume spike (779.0x normal)
  [INFO]     Lean Hogs volume spike (2.3x normal)
  [INFO]     Lean Hogs MACD bearish crossover (momentum turning down)","[{""date"": ""2026-07-30 00:00:00"", ""commodity"": ""Soybeans"", ""signal_type"": ""volume_spike"", ""severity"": ""info"", ""description"": ""Soybeans volume spike (3.2x normal)""}, {""date"": ""2026-07-30 00:00:00"", ""commodity"": ""Coffee"", ""signal_type"": ""volume_spike"", ""severity"": ""info"", ""description"": ""Coffee volume spike (2.4x normal)""}, {""date"": ""2026-07-30 00:00:00"", ""commodity"": ""Cotton"", ""signal_type"": ""volume_spike"", ""severity"": ""info"", ""description"": ""Cotton volume spike (779.0x normal)""}, {""date"": ""2026-07-30 00:00:00"", ""commodity"": ""Lean Hogs"", ""signal_type"": ""volume_spike"", ""severity"": ""info"", ""description"": ""Lean Hogs volume spike (2.3x normal)""}, {""date"": ""2026-07-30 00:00:00"", ""commodity"": ""Lean Hogs"", ""signal_type"": ""rsi_oversold"", ""severity"": ""warning"", ""description"": ""Lean Hogs RSI oversold (23)""}, {""date"": ""2026-07-30 00:00:00"", ""commodity"": ""Lean Hogs"", ""signal_type"": ""macd_bearish"", ""severity"": ""info"", ""description"": ""Lean Hogs MACD bearish crossover (momentum turning down)""}]","{""schema_version"": 2, ""prices"": {""Soybeans"": {""close"": 1191.25, ""daily_pct_change"": 1.1247877758913338, ""weekly_pct_change"": -3.7373737373737392, ""rsi"": 50.26391380716834, ""macd"": 13.449150079630044, ""macd_signal"": 17.255318799238147, ""macd_histogram"": -3.8061687196081024, ""ma_20"": 1202.3375, ""ma_50"": 1167.645, ""ma_200"": 1130.395, ""bb_upper"": 1252.7273681858824, ""bb_middle"": 1202.3375, ""bb_lower"": 1151.9476318141178, ""bb_width"": 8.38198395806207, ""hv_20"": 25.73863071066197, ""hv_60"": 20.719877856304024, ""close_usd_mt"": 437.70932624999995}, ""Soybean Oil"": {""close"": 67.44000244140625, ""daily_pct_change"": -2.5010781745484656, ""weekly_pct_change"": -10.781841898832145, ""rsi"": 34.58422864941333, ""macd"": -0.3756520031561621, ""macd_signal"": 0.12485783389772008, ""macd_histogram"": -0.5005098370538822, ""ma_20"": 71.80200004577637, ""ma_50"": 72.85680023193359, ""ma_200"": 62.07235000610351, ""bb_upper"": 77.20261081862411, ""bb_middle"": 71.80200004577637, ""bb_lower"": 66.40138927292863, ""bb_width"": 15.043065010458365, ""hv_20"": 31.31545297000186, ""hv_60"": 27.388566314815787, ""close_usd_mt"": 1486.7957818237303}, ""Soybean Meal"": {""close"": 322.8999938964844, ""daily_pct_change"": 2.4104048200934036, ""weekly_pct_change"": -2.121855146865037, ""rsi"": 53.676498360940485, ""macd"": 2.490238625066411, ""macd_signal"": 2.90284023817615, ""macd_histogram"": -0.412601613109739, ""ma_20"": 320.9449981689453, ""ma_50"": 316.4059991455078, ""ma_200"": 311.54649978637696, ""bb_upper"": 332.81968902037966, ""bb_middle"": 320.9449981689453, ""bb_lower"": 309.0703073175109, ""bb_width"": 7.39982920387096, ""hv_20"": 23.23927436476689, ""hv_60"": 19.84196438008134, ""close_usd_mt"": 355.9362135578569}, ""Coffee"": {""close"": 323.3999938964844, ""daily_pct_change"": -0.7366464046675958, ""weekly_pct_change"": 4.524886967090236, ""rsi"": 52.238539686567336, ""macd"": 6.836035367894397, ""macd_signal"": 9.389122682503759, ""macd_histogram"": -2.5530873146093622, ""ma_20"": 330.87749938964845, ""ma_50"": 295.0730001831055, ""ma_200"": 329.63500022888184, ""bb_upper"": 358.48831116603515, ""bb_middle"": 330.87749938964845, ""bb_lower"": 303.26668761326175, ""bb_width"": 16.689446594173884, ""hv_20"": 85.12032040406284, ""hv_60"": 57.03394685186232, ""close_usd_mt"": 7129.740945440673}, ""Corn"": {""close"": 471.75, ""daily_pct_change"": 5.066815144766146, ""weekly_pct_change"": 1.6702586206896575, ""rsi"": 64.00940857199623, ""macd"": 8.632721390708639, ""macd_signal"": 6.814446921255677, ""macd_histogram"": 1.8182744694529616, ""ma_20"": 446.875, ""ma_50"": 436.31, ""ma_200"": 439.09, ""bb_upper"": 472.27107304918667, ""bb_middle"": 446.875, ""bb_lower"": 421.47892695081333, ""bb_width"": 11.366074651384244, ""hv_20"": 32.1510496471138, ""hv_60"": 28.220285957943663, ""close_usd_mt"": 185.71854000000002}, ""Wheat"": {""close"": 668.5, ""daily_pct_change"": 1.1729095724555494, ""weekly_pct_change"": -3.9856373429084435, ""rsi"": 58.21635233509504, ""macd"": 17.277674903798015, ""macd_signal"": 18.326114515482843, ""macd_histogram"": -1.0484396116848274, ""ma_20"": 651.275, ""ma_50"": 622.265, ""ma_200"": 572.9375, ""bb_upper"": 720.7197716951416, ""bb_middle"": 651.275, ""bb_lower"": 581.8302283048583, ""bb_width"": 21.325790701360145, ""hv_20"": 38.10485836270299, ""hv_60"": 33.77641286288371, ""close_usd_mt"": 245.63163449999996}, ""Sugar"": {""close"": 14.430000305175781, ""daily_pct_change"": -0.48275651602909253, ""weekly_pct_change"": -1.7699066210642878, ""rsi"": 45.75639848110134, ""macd"": 0.043224335290901195, ""macd_signal"": 0.10728442995620996, ""macd_histogram"": -0.06406009466530876, ""ma_20"": 14.801500034332275, ""ma_50"": 14.388200035095215, ""ma_200"": 14.586600017547607, ""bb_upper"": 15.260894462005567, ""bb_middle"": 14.801500034332275, ""bb_lower"": 14.342105606658983, ""bb_width"": 6.207403663246571, ""hv_20"": 19.700538694326607, ""hv_60"": 24.765215445477946, ""close_usd_mt"": 318.1266727279663}, ""Cotton"": {""close"": 81.0999984741211, ""daily_pct_change"": 3.9477082332435742, ""weekly_pct_change"": 1.5781590606517737, ""rsi"": 61.170420139834995, ""macd"": 1.0828074571012394, ""macd_signal"": 0.9521037181437528, ""macd_histogram"": 0.13070373895748655, ""ma_20"": 78.1379997253418, ""ma_50"": 76.27960021972656, ""ma_200"": 69.4527000617981, ""bb_upper"": 82.53185401767978, ""bb_middle"": 78.1379997253418, ""bb_lower"": 73.74414543300382, ""bb_width"": 11.246395627690884, ""hv_20"": 33.11176077225816, ""hv_60"": 32.16688162801121, ""close_usd_mt"": 1787.9467863601683}, ""Live Cattle"": {""close"": 226.0749969482422, ""daily_pct_change"": -0.8007885024653105, ""weekly_pct_change"": 0.2994689751712354, ""rsi"": 33.58758859841005, ""macd"": -5.470037701932455, ""macd_signal"": -5.830377349910222, ""macd_histogram"": 0.3603396479777672, ""ma_20"": 230.40750045776366, ""ma_50"": 243.1265005493164, ""ma_200"": 238.20562477111815, ""bb_upper"": 241.2693168148385, ""bb_middle"": 230.40750045776366, ""bb_lower"": 219.54568410068882, ""bb_width"": 9.428353100914732, ""hv_20"": 12.966196489525455, ""hv_60"": 18.123167500856987, ""close_usd_mt"": 4984.094597720336}, ""Lean Hogs"": {""close"": 83.0, ""daily_pct_change"": -17.556496166849833, ""weekly_pct_change"": -18.746941987100605, ""rsi"": 22.91031317063384, ""macd"": 0.6062120415024879, ""macd_signal"": 1.5446112856368122, ""macd_histogram"": -0.9383992441343243, ""ma_20"": 97.5099998474121, ""ma_50"": 95.92350006103516, ""ma_200"": 89.8529999923706, ""bb_upper"": 107.71557661445858, ""bb_middle"": 97.5099998474121, ""bb_lower"": 87.30442308036562, ""bb_width"": 20.932369568283484, ""hv_20"": 67.44226903498506, ""hv_60"": 45.10152525075661, ""close_usd_mt"": 1829.8346}, ""Palm Oil (CME)"": {""close"": 1127.5, ""daily_pct_change"": 0.04436557231588534, ""weekly_pct_change"": 0.4230683589401041, ""rsi"": 51.726855063755515, ""macd"": -0.055947469339344025, ""macd_signal"": -1.4042418915589725, ""macd_histogram"": 1.3482944222196285, ""ma_20"": 1122.7125, ""ma_50"": 1130.24, ""ma_200"": 1080.1125, ""bb_upper"": 1134.5605233753263, ""bb_middle"": 1122.7125, ""bb_lower"": 1110.864476624674, ""bb_width"": 2.1106068339536956, ""hv_20"": 8.398146402126622, ""hv_60"": 12.190833810826051, ""close_usd_mt"": 1127.5}}, ""crush_spread"": {""value_cents"": 260.97001342773456, ""value_usd_mt"": 95.8900388238465, ""oil_value_share"": 0.5108317059372245, ""chg_5d_cents"": -58.79993286132799}, ""brazil_basis"": {""paranagua_fob"": {""basis_usd_mt"": 45.81148778136259, ""basis_pct"": 0.10466189554114531, ""spot_usd_mt"": 483.52081403136253, ""cbot_usd_mt"": 437.70932624999995, ""brl_usd"": 0.19735543429851532}, ""cepea_parana"": {""basis_usd_mt"": 18.127634434445213, ""basis_pct"": 0.04188060603522981, ""spot_usd_mt"": 450.96842043444514, ""cbot_usd_mt"": 432.8407859999999, ""brl_usd"": 0.19466234743595123}, ""port_farm_wedge_usd_mt"": 27.683853346917374}, ""economic"": {}, ""yield_curve"": null, ""usda"": {}, ""crop_progress"": {}, ""wasde"": {""CORN"": {""Area Harvested"": {""value"": 91.3, ""unit"": ""Million Acres"", ""marketing_year"": ""2025/26"", ""reference_period"": ""2026-07-15"", ""mom_revision"": 0.0}, ""Area Planted"": {""value"": 98.8, ""unit"": ""Million Acres"", ""marketing_year"": ""2025/26"", ""reference_period"": ""2026-07-15"", ""mom_revision"": 0.0}, ""Avg. Farm Price ($/bu)"": {""value"": 4.4, ""unit"": ""$/bu"", ""marketing_year"": ""2026/27"", ""reference_period"": ""2026-07-15"", ""mom_revision"": 0.0}, ""Beginning Stocks"": {""value"": 2020.0, ""unit"": ""Million Bushels"", ""marketing_year"": ""2026/27"", ""reference_period"": ""2026-07-15"", ""mom_revision"": -125.0}, ""Domestic, Total"": {""value"": 13055.0, ""unit"": ""Million Bushels"", ""marketing_year"": ""2026/27"", ""reference_period"": ""2026-07-15"", ""mom_revision"": 0.0}, ""Ending Stocks"": {""value"": 1790.0, ""unit"": ""Million Bushels"", ""marketing_year"": ""2026/27"", ""reference_period"": ""2026-07-15"", ""mom_revision"": -170.0}, ""Ethanol & by-products"": {""value"": 5600.0, ""unit"": ""Million Bushels"", ""marketing_year"": ""2026/27"", ""reference_period"": ""2026-07-15"", ""mom_revision"": 0.0}, ""Exports"": {""value"": 3200.0, ""unit"": ""Million Bushels"", ""marketing_year"": ""2026/27"", ""reference_period"": ""2026-07-15"", ""mom_revision"": 50.0}, ""Feed and Residual"": {""value"": 6100.0, ""unit"": ""Million Bushels"", ""marketing_year"": ""2026/27"", ""reference_period"": ""2026-07-15"", ""mom_revision"": 0.0}, ""Food, Seed & Industrial"": {""value"": 6955.0, ""unit"": ""Million Bushels"", ""marketing_year"": ""2026/27"", ""reference_period"": ""2026-07-15"", ""mom_revision"": 0.0}, ""Imports"": {""value"": 25.0, ""unit"": ""Million Bushels"", ""marketing_year"": ""2026/27"", ""reference_period"": ""2026-07-15"", ""mom_revision"": 0.0}, ""Production"": {""value"": 16000.0, ""unit"": ""Million Bushels"", ""marketing_year"": ""2026/27"", ""reference_period"": ""2026-07-15"", ""mom_revision"": 5.0}, ""Supply, Total"": {""value"": 18045.0, ""unit"": ""Million Bushels"", ""marketing_year"": ""2026/27"", ""reference_period"": ""2026-07-15"", ""mom_revision"": -120.0}, ""Use, Total"": {""value"": 16255.0, ""unit"": ""Million Bushels"", ""marketing_year"": ""2026/27"", ""reference_period"": ""2026-07-15"", ""mom_revision"": 50.0}, ""Yield per Harvested Acre"": {""value"": 186.5, ""unit"": ""Bushels"", ""marketing_year"": ""2025/26"", ""reference_period"": ""2026-07-15"", ""mom_revision"": 0.0}}, ""COTTON"": {""Avg. Farm Price"": {""value"": 73.0, ""unit"": null, ""marketing_year"": ""2026/27"", ""reference_period"": ""2026-07-15"", ""mom_revision"": 0.0}, ""Beginning Stocks"": {""value"": 4.2, ""unit"": ""Million 480 Pound Bales"", ""marketing_year"": ""2026/27"", ""reference_period"": ""2026-07-15"", ""mom_revision"": 0.0}, ""Domestic Use"": {""value"": 1.6, ""unit"": ""Million 480 Pound Bales"", ""marketing_year"": ""2026/27"", ""reference_period"": ""2026-07-15"", ""mom_revision"": 0.0}, ""Ending Stocks"": {""value"": 4.1, ""unit"": ""Million 480 Pound Bales"", ""marketing_year"": ""2026/27"", ""reference_period"": ""2026-07-15"", ""mom_revision"": 0.39999999999999947}, ""Exports, Total"": {""value"": 12.3, ""unit"": ""Million 480 Pound Bales"", ""marketing_year"": ""2026/27"", ""reference_period"": ""2026-07-15"", ""mom_revision"": 0.0}, ""Harvested"": {""value"": 7.83, ""unit"": ""Million Acres"", ""marketing_year"": ""2025/26"", ""reference_period"": ""2026-07-15"", ""mom_revision"": 0.0}, ""Imports"": {""value"": 0.01, ""unit"": ""Million 480 Pound Bales"", ""marketing_year"": ""2026/27"", ""reference_period"": ""2026-07-15"", ""mom_revision"": 0.0}, ""Planted"": {""value"": 9.28, ""unit"": ""Million Acres"", ""marketing_year"": ""2025/26"", ""reference_period"": ""2026-07-15"", ""mom_revision"": 0.0}, ""Production"": {""value"": 13.7, ""unit"": ""Million 480 Pound Bales"", ""marketing_year"": ""2026/27"", ""reference_period"": ""2026-07-15"", ""mom_revision"": 0.3999999999999986}, ""Supply, Total"": {""value"": 17.91, ""unit"": ""Million 480 Pound Bales"", ""marketing_year"": ""2026/27"", ""reference_period"": ""2026-07-15"", ""mom_revision"": 0.3999999999999986}, ""Unaccounted"": {""value"": -0.1, ""unit"": ""Million 480 Pound Bales"", ""marketing_year"": ""2026/27"", ""reference_period"": ""2026-07-15"", ""mom_revision"": 0.0}, ""Use, Total"": {""value"": 13.9, ""unit"": ""Million 480 Pound Bales"", ""marketing_year"": ""2026/27"", ""reference_period"": ""2026-07-15"", ""mom_revision"": 0.0}, ""Yield per Harvested Acre"": {""value"": 852.0, ""unit"": ""Pounds"", ""marketing_year"": ""2025/26"", ""reference_period"": ""2026-07-15"", ""mom_revision"": 0.0}}, ""SOYBEANS"": {""Area Harvested"": {""value"": 80.4, ""unit"": ""Million Acres"", ""marketing_year"": ""2025/26"", ""reference_period"": ""2026-07-15"", ""mom_revision"": 0.0}, ""Area Planted"": {""value"": 81.2, ""unit"": ""Million Acres"", ""marketing_year"": ""2025/26"", ""reference_period"": ""2026-07-15"", ""mom_revision"": 0.0}, ""Avg. Farm Price ($/bu)"": {""value"": 11.4, ""unit"": ""$/bu"", ""marketing_year"": ""2026/27"", ""reference_period"": ""2026-07-15"", ""mom_revision"": 0.0}, ""Beginning Stocks"": {""value"": 330.0, ""unit"": ""Million Bushels"", ""marketing_year"": ""2026/27"", ""reference_period"": ""2026-07-15"", ""mom_revision"": -10.0}, ""Crushings"": {""value"": 2750.0, ""unit"": ""Million Bushels"", ""marketing_year"": ""2026/27"", ""reference_period"": ""2026-07-15"", ""mom_revision"": 0.0}, ""Ending Stocks"": {""value"": 310.0, ""unit"": ""Million Bushels"", ""marketing_year"": ""2026/27"", ""reference_period"": ""2026-07-15"", ""mom_revision"": 0.0}, ""Exports"": {""value"": 1660.0, ""unit"": ""Million Bushels"", ""marketing_year"": ""2026/27"", ""reference_period"": ""2026-07-15"", ""mom_revision"": 30.0}, ""Imports"": {""value"": 25.0, ""unit"": ""Million Bushels"", ""marketing_year"": ""2026/27"", ""reference_period"": ""2026-07-15"", ""mom_revision"": 0.0}, ""Production"": {""value"": 4475.0, ""unit"": ""Million Bushels"", ""marketing_year"": ""2026/27"", ""reference_period"": ""2026-07-15"", ""mom_revision"": 40.0}, ""Residual"": {""value"": 38.0, ""unit"": ""Million Bushels"", ""marketing_year"": ""2026/27"", ""reference_period"": ""2026-07-15"", ""mom_revision"": 0.0}, ""Seed"": {""value"": 72.0, ""unit"": ""Million Bushels"", ""marketing_year"": ""2026/27"", ""reference_period"": ""2026-07-15"", ""mom_revision"": 0.0}, ""Supply, Total"": {""value"": 4830.0, ""unit"": ""Million Bushels"", ""marketing_year"": ""2026/27"", ""reference_period"": ""2026-07-15"", ""mom_revision"": 30.0}, ""Use, Total"": {""value"": 4520.0, ""unit"": ""Million Bushels"", ""marketing_year"": ""2026/27"", ""reference_period"": ""2026-07-15"", ""mom_revision"": 30.0}, ""Yield per Harvested Acre"": {""value"": 53.0, ""unit"": ""Bushels"", ""marketing_year"": ""2025/26"", ""reference_period"": ""2026-07-15"", ""mom_revision"": 0.0}}, ""SOYBEAN_MEAL"": {""Avg. Price ($/s.t.)"": {""value"": 310.0, ""unit"": ""$/s.t."", ""marketing_year"": ""2026/27"", ""reference_period"": ""2026-07-15"", ""mom_revision"": 0.0}, ""Beginning Stocks"": {""value"": 450.0, ""unit"": ""Thousand Short Tons"", ""marketing_year"": ""2026/27"", ""reference_period"": ""2026-07-15"", ""mom_revision"": 0.0}, ""Domestic Disappearance"": {""value"": 43825.0, ""unit"": ""Thousand Short Tons"", ""marketing_year"": ""2026/27"", ""reference_period"": ""2026-07-15"", ""mom_revision"": -300.0}, ""Ending Stocks"": {""value"": 450.0, ""unit"": ""Thousand Short Tons"", ""marketing_year"": ""2026/27"", ""reference_period"": ""2026-07-15"", ""mom_revision"": 0.0}, ""Exports"": {""value"": 22000.0, ""unit"": ""Thousand Short Tons"", ""marketing_year"": ""2026/27"", ""reference_period"": ""2026-07-15"", ""mom_revision"": 300.0}, ""Imports"": {""value"": 840.0, ""unit"": ""Thousand Short Tons"", ""marketing_year"": ""2026/27"", ""reference_period"": ""2026-07-15"", ""mom_revision"": 40.0}, ""Production"": {""value"": 64985.0, ""unit"": ""Thousand Short Tons"", ""marketing_year"": ""2026/27"", ""reference_period"": ""2026-07-15"", ""mom_revision"": -40.0}, ""Supply, Total"": {""value"": 66275.0, ""unit"": ""Thousand Short Tons"", ""marketing_year"": ""2026/27"", ""reference_period"": ""2026-07-15"", ""mom_revision"": 0.0}, ""Use, Total"": {""value"": 65825.0, ""unit"": ""Thousand Short Tons"", ""marketing_year"": ""2026/27"", ""reference_period"": ""2026-07-15"", ""mom_revision"": 0.0}}, ""SOYBEAN_OIL"": {""Avg. Price (c/lb)"": {""value"": 70.0, ""unit"": ""c/lb"", ""marketing_year"": ""2026/27"", ""reference_period"": ""2026-07-15"", ""mom_revision"": 0.0}, ""Beginning Stocks"": {""value"": 1837.0, ""unit"": ""Million Pounds"", ""marketing_year"": ""2026/27"", ""reference_period"": ""2026-07-15"", ""mom_revision"": 0.0}, ""Biofuel"": {""value"": 17800.0, ""unit"": ""Million Pounds"", ""marketing_year"": ""2026/27"", ""reference_period"": ""2026-07-15"", ""mom_revision"": 0.0}, ""Domestic Disappearance"": {""value"": 32750.0, ""unit"": ""Million Pounds"", ""marketing_year"": ""2026/27"", ""reference_period"": ""2026-07-15"", ""mom_revision"": 0.0}, ""Ending stocks"": {""value"": 1877.0, ""unit"": ""Million Pounds"", ""marketing_year"": ""2026/27"", ""reference_period"": ""2026-07-15"", ""mom_revision"": 0.0}, ""Exports"": {""value"": 400.0, ""unit"": ""Million Pounds"", ""marketing_year"": ""2026/27"", ""reference_period"": ""2026-07-15"", ""mom_revision"": 0.0}, ""Food, Feed & other Industrial"": {""value"": 14950.0, ""unit"": ""Million Pounds"", ""marketing_year"": ""2026/27"", ""reference_period"": ""2026-07-15"", ""mom_revision"": 0.0}, ""Imports"": {""value"": 600.0, ""unit"": ""Million Pounds"", ""marketing_year"": ""2026/27"", ""reference_period"": ""2026-07-15"", ""mom_revision"": 0.0}, ""Production"": {""value"": 32590.0, ""unit"": ""Million Pounds"", ""marketing_year"": ""2026/27"", ""reference_period"": ""2026-07-15"", ""mom_revision"": 0.0}, ""Supply, Total"": {""value"": 35027.0, ""unit"": ""Million Pounds"", ""marketing_year"": ""2026/27"", ""reference_period"": ""2026-07-15"", ""mom_revision"": 0.0}, ""Use, Total"": {""value"": 33150.0, ""unit"": ""Million Pounds"", ""marketing_year"": ""2026/27"", ""reference_period"": ""2026-07-15"", ""mom_revision"": 0.0}}, ""WHEAT"": {""Area Harvested"": {""value"": 32.1, ""unit"": ""Million Acres"", ""marketing_year"": ""2026/27"", ""reference_period"": ""2026-07-15"", ""mom_revision"": null}, ""Area Planted"": {""value"": 42.7, ""unit"": ""Million Acres"", ""marketing_year"": ""2026/27"", ""reference_period"": ""2026-07-15"", ""mom_revision"": null}, ""Avg. Farm Price ($/bu)"": {""value"": 6.0, ""unit"": ""$/bu"", ""marketing_year"": ""2026/27"", ""reference_period"": ""2026-07-15"", ""mom_revision"": 0.0}, ""Beginning Stocks"": {""value"": 920.0, ""unit"": ""Million Bushels"", ""marketing_year"": ""2026/27"", ""reference_period"": ""2026-07-15"", ""mom_revision"": -15.0}, ""Domestic, Total"": {""value"": 1099.0, ""unit"": ""Million Bushels"", ""marketing_year"": ""2026/27"", ""reference_period"": ""2026-07-15"", ""mom_revision"": 0.0}, ""Ending Stocks"": {""value"": 722.0, ""unit"": ""Million Bushels"", ""marketing_year"": ""2026/27"", ""reference_period"": ""2026-07-15"", ""mom_revision"": -22.0}, ""Exports"": {""value"": 775.0, ""unit"": ""Million Bushels"", ""marketing_year"": ""2026/27"", ""reference_period"": ""2026-07-15"", ""mom_revision"": 0.0}, ""Feed and Residual"": {""value"": 80.0, ""unit"": ""Million Bushels"", ""marketing_year"": ""2026/27"", ""reference_period"": ""2026-07-15"", ""mom_revision"": 0.0}, ""Food"": {""value"": 960.0, ""unit"": ""Million Bushels"", ""marketing_year"": ""2026/27"", ""reference_period"": ""2026-07-15"", ""mom_revision"": 0.0}, ""Imports"": {""value"": 140.0, ""unit"": ""Million Bushels"", ""marketing_year"": ""2026/27"", ""reference_period"": ""2026-07-15"", ""mom_revision"": 0.0}, ""Production"": {""value"": 1536.0, ""unit"": ""Million Bushels"", ""marketing_year"": ""2026/27"", ""reference_period"": ""2026-07-15"", ""mom_revision"": -7.0}, ""Seed"": {""value"": 59.0, ""unit"": ""Million Bushels"", ""marketing_year"": ""2026/27"", ""reference_period"": ""2026-07-15"", ""mom_revision"": 0.0}, ""Supply, Total"": {""value"": 2596.0, ""unit"": ""Million Bushels"", ""marketing_year"": ""2026/27"", ""reference_period"": ""2026-07-15"", ""mom_revision"": -22.0}, ""Use, Total"": {""value"": 1874.0, ""unit"": ""Million Bushels"", ""marketing_year"": ""2026/27"", ""reference_period"": ""2026-07-15"", ""mom_revision"": 0.0}, ""Yield per Harvested Acre"": {""value"": 47.9, ""unit"": ""Bushels"", ""marketing_year"": ""2026/27"", ""reference_period"": ""2026-07-15"", ""mom_revision"": null}}}, ""stocks_to_use"": {""Coffee"": {""ratio"": 0.17457886676875958, ""ending_stocks"": 5700.0, ""total_use"": 32650.0, ""marketing_year"": 2026, ""prior_5y_low"": 0.17899199246349506, ""prior_5y_high"": 0.1949051119849547, ""tight"": true}, ""Corn"": {""ratio"": 0.09918841085609564, ""ending_stocks"": 45464.0, ""total_use"": 458360.0, ""marketing_year"": 2026, ""prior_5y_low"": 0.08459469526559953, ""prior_5y_high"": 0.1085940096135733, ""tight"": false}, ""Cotton"": {""ratio"": 0.22898631667132086, ""ending_stocks"": 4100.0, ""total_use"": 17905.0, ""marketing_year"": 2026, ""prior_5y_low"": 0.18841966742433305, ""prior_5y_high"": 0.24383848977451494, ""tight"": false}, ""Palm Oil"": {""ratio"": 0.07024793388429752, ""ending_stocks"": 136.0, ""total_use"": 1936.0, ""marketing_year"": 2026, ""prior_5y_low"": 0.05728395061728395, ""prior_5y_high"": 0.09248554913294797, ""tight"": false}, ""Soybean Meal"": {""ratio"": 0.006786088518536999, ""ending_stocks"": 408.0, ""total_use"": 60123.0, ""marketing_year"": 2026, ""prior_5y_low"": 0.005886282040577774, ""prior_5y_high"": 0.008212936874288113, ""tight"": false}, ""Soybean Oil"": {""ratio"": 0.053562437059415914, ""ending_stocks"": 851.0, ""total_use"": 15888.0, ""marketing_year"": 2026, ""prior_5y_low"": 0.05285714285714286, ""prior_5y_high"": 0.0696329426280074, ""tight"": false}, ""Soybeans"": {""ratio"": 0.06416986184650965, ""ending_stocks"": 8435.0, ""total_use"": 131448.0, ""marketing_year"": 2026, ""prior_5y_low"": 0.05781787770594101, ""prior_5y_high"": 0.07699743865157399, ""tight"": false}, ""Wheat"": {""ratio"": 0.2782605003962414, ""ending_stocks"": 19663.0, ""total_use"": 70664.0, ""marketing_year"": 2026, ""prior_5y_low"": 0.2328806225774466, ""prior_5y_high"": 0.31041279285979917, ""tight"": false}}, ""export_sales"": {}, ""inspections"": {""Corn"": {""week_ending"": ""2026-07-23"", ""inspections_mt"": 1488028.0}, ""Soybeans"": {""week_ending"": ""2026-07-23"", ""inspections_mt"": 348850.0}, ""Wheat"": {""week_ending"": ""2026-07-23"", ""inspections_mt"": 394785.0}}, ""port_flows"": {""Corn White"": {""week_ending"": ""2026-07-23"", ""regions_mt"": {""ATLANTIC"": 0.0, ""GULF"": 23237.0, ""INTERIOR"": 0.0, ""LAKES"": 0.0, ""PACIFIC"": 0.0}, ""prev_week_ending"": null, ""prev_regions_mt"": null}, ""Corn Yellow"": {""week_ending"": ""2026-07-23"", ""regions_mt"": {""ATLANTIC"": 13200.0, ""GULF"": 674988.0, ""INTERIOR"": 296105.0, ""LAKES"": 23832.0, ""PACIFIC"": 456666.0}, ""prev_week_ending"": null, ""prev_regions_mt"": null}, ""Flaxseed"": {""week_ending"": ""2026-07-23"", ""regions_mt"": {""ATLANTIC"": 0.0, ""GULF"": 0.0, ""INTERIOR"": 48.0, ""LAKES"": 0.0, ""PACIFIC"": 0.0}, ""prev_week_ending"": null, ""prev_regions_mt"": null}, ""Rye"": {""week_ending"": ""2026-07-23"", ""regions_mt"": {""ATLANTIC"": 0.0, ""GULF"": 0.0, ""INTERIOR"": 0.0, ""LAKES"": 0.0, ""PACIFIC"": 0.0}, ""prev_week_ending"": null, ""prev_regions_mt"": null}, ""Sorghum"": {""week_ending"": ""2026-07-23"", ""regions_mt"": {""ATLANTIC"": 0.0, ""GULF"": 38279.0, ""INTERIOR"": 1175.0, ""LAKES"": 0.0, ""PACIFIC"": 10687.0}, ""prev_week_ending"": null, ""prev_regions_mt"": null}, ""Soybeans"": {""week_ending"": ""2026-07-23"", ""regions_mt"": {""ATLANTIC"": 8919.0, ""GULF"": 219159.0, ""INTERIOR"": 120772.0, ""LAKES"": 0.0, ""PACIFIC"": 0.0}, ""prev_week_ending"": null, ""prev_regions_mt"": null}, ""Wheat"": {""week_ending"": ""2026-07-23"", ""regions_mt"": {""ATLANTIC"": 0.0, ""GULF"": 186782.0, ""INTERIOR"": 45126.0, ""LAKES"": 0.0, ""PACIFIC"": 162877.0}, ""prev_week_ending"": null, ""prev_regions_mt"": null}}, ""gulf_bids"": {""report_date"": ""2026-07-30"", ""deliveries"": {""Current"": {""basis_low_cents_bu"": 120.0, ""basis_high_cents_bu"": 122.0, ""futures_month"": 8, ""avg_price_usd_bu"": 12.97, ""year_ago_usd_bu"": 10.4675}}}, ""nass_crush"": null, ""dce"": {""CZCE Rapeseed Meal"": {""date"": ""2026-07-30"", ""close_cny"": 2289.0, ""cbot_commodity"": null, ""cbot_close"": null}, ""CZCE Rapeseed Oil"": {""date"": ""2026-07-30"", ""close_cny"": 9893.0, ""cbot_commodity"": null, ""cbot_close"": null}, ""DCE Corn"": {""date"": ""2026-07-30"", ""close_cny"": 2266.0, ""cbot_commodity"": null, ""cbot_close"": null}, ""DCE Palm Oil"": {""date"": ""2026-07-30"", ""close_cny"": 9393.0, ""cbot_commodity"": null, ""cbot_close"": null}, ""DCE Soybean"": {""date"": ""2026-07-30"", ""close_cny"": 4689.0, ""cbot_commodity"": ""Soybeans"", ""cbot_close"": 1191.25}, ""DCE Soybean Meal"": {""date"": ""2026-07-30"", ""close_cny"": 3074.0, ""cbot_commodity"": ""Soybean Meal"", ""cbot_close"": 322.8999938964844}, ""DCE Soybean Oil"": {""date"": ""2026-07-30"", ""close_cny"": 8407.0, ""cbot_commodity"": ""Soybean Oil"", ""cbot_close"": 67.44000244140625}}, ""forward_curve"": {""Coffee"": {""structure"": ""backwardation"", ""front_price"": 323.54998779296875, ""back_price"": 295.5, ""spread"": -28.04998779296875, ""spread_pct"": -8.669444862077142, ""num_contracts"": 6, ""slope_per_month"": -2.337498982747396}, ""Corn"": {""structure"": ""contango"", ""front_price"": 448.5, ""back_price"": 484.75, ""spread"": 36.25, ""spread_pct"": 8.082497212931996, ""num_contracts"": 6, ""slope_per_month"": 3.0208333333333335}, ""Cotton"": {""structure"": ""mild contango"", ""front_price"": 79.94999694824219, ""back_price"": 79.12999725341797, ""spread"": -0.8199996948242188, ""spread_pct"": -1.025640683082287, ""num_contracts"": 6, ""slope_per_month"": -0.06833330790201823}, ""Lean Hogs"": {""structure"": ""mild contango"", ""front_price"": 98.5999984741211, ""back_price"": 85.9749984741211, ""spread"": -12.625, ""spread_pct"": -12.80425983304006, ""num_contracts"": 6, ""slope_per_month"": -1.4027777777777777}, ""Live Cattle"": {""structure"": ""mild backwardation"", ""front_price"": 230.125, ""back_price"": 218.3000030517578, ""spread"": -11.824996948242188, ""spread_pct"": -5.138510352305134, ""num_contracts"": 6, ""slope_per_month"": -1.1824996948242188}, ""Soybean Meal"": {""structure"": ""contango"", ""front_price"": 314.5, ""back_price"": 328.5, ""spread"": 14.0, ""spread_pct"": 4.451510333863275, ""num_contracts"": 6, ""slope_per_month"": 2.0}, ""Soybean Oil"": {""structure"": ""backwardation"", ""front_price"": 68.68000030517578, ""back_price"": 67.05000305175781, ""spread"": -1.6299972534179688, ""spread_pct"": -2.3733215582049594, ""num_contracts"": 6, ""slope_per_month"": -0.23285675048828125}, ""Soybeans"": {""structure"": ""contango"", ""front_price"": 1177.25, ""back_price"": 1216.5, ""spread"": 39.25, ""spread_pct"": 3.334041197706519, ""num_contracts"": 6, ""slope_per_month"": 4.361111111111111}, ""Sugar"": {""structure"": ""contango"", ""front_price"": 14.420000076293945, ""back_price"": 16.200000762939453, ""spread"": 1.7800006866455078, ""spread_pct"": 12.343971409346775, ""num_contracts"": 6, ""slope_per_month"": 0.1047059227438534}, ""Wheat"": {""structure"": ""contango"", ""front_price"": 669.0, ""back_price"": 707.5, ""spread"": 38.5, ""spread_pct"": 5.754857997010463, ""num_contracts"": 6, ""slope_per_month"": 3.2083333333333335}}, ""eia"": {}, ""conab"": {""Corn"": {""crop_year"": ""2025/26"", ""attributes"": {""Production"": {""value"": 140463.1, ""unit"": ""1000 MT""}, ""Area"": {""value"": 22582.0, ""unit"": ""1000 HA""}, ""Yield"": {""value"": 6220.135506155345, ""unit"": ""KG/HA""}}, ""usda_production"": {""value"": 139000.0, ""unit"": ""(1000 MT)"", ""year"": 2026}}, ""Cotton"": {""crop_year"": ""2025/26"", ""attributes"": {""Production"": {""value"": 3978.4, ""unit"": ""1000 MT""}, ""Area"": {""value"": 2020.2, ""unit"": ""1000 HA""}, ""Yield"": {""value"": 1969.3099693099693, ""unit"": ""KG/HA""}}, ""usda_production"": {""value"": 18000.0, ""unit"": ""1000 480 lb. Bales"", ""year"": 2026}}, ""Soybeans"": {""crop_year"": ""2025/26"", ""attributes"": {""Production"": {""value"": 180252.69999999998, ""unit"": ""1000 MT""}, ""Area"": {""value"": 48563.3, ""unit"": ""1000 HA""}, ""Yield"": {""value"": 3711.7061649434854, ""unit"": ""KG/HA""}}, ""usda_production"": {""value"": 186000.0, ""unit"": ""(1000 MT)"", ""year"": 2026}}, ""Wheat"": {""crop_year"": ""2025"", ""attributes"": {""Production"": {""value"": 6296.8, ""unit"": ""1000 MT""}, ""Area"": {""value"": 2117.0, ""unit"": ""1000 HA""}, ""Yield"": {""value"": 2974.3977326405293, ""unit"": ""KG/HA""}}, ""usda_production"": {""value"": 6700.0, ""unit"": ""(1000 MT)"", ""year"": 2026}}}, ""currencies"": {""BRL/USD"": {""close"": 0.19735543429851532, ""chg_5d_pct"": -0.08904577763163125, ""chg_21d_pct"": 2.1255105292771823}, ""ARS/USD"": {""close"": 0.0006706907879561186, ""chg_5d_pct"": -0.5794022708427348, ""chg_21d_pct"": -0.4688658446275389}, ""COP/USD"": {""close"": 0.0003203075029887259, ""chg_5d_pct"": 2.992955456365277, ""chg_21d_pct"": 9.848174377587211}, ""PYG/USD"": {""close"": 0.00016833259724080563, ""chg_5d_pct"": 0.09922759619222861, ""chg_21d_pct"": 0.29203111310906105}, ""CNY/USD"": {""close"": 0.14833934605121613, ""chg_5d_pct"": 0.46282055629293056, ""chg_21d_pct"": 0.7758157114500466}, ""IDR/USD"": {""close"": 5.533115836442448e-05, ""chg_5d_pct"": -0.8631617136964347, ""chg_21d_pct"": -0.7635678185398471}, ""MYR/USD"": {""close"": 0.24539878964424133, ""chg_5d_pct"": 0.30675956430932505, ""chg_21d_pct"": 0.1766975968567196}, ""VND/USD"": {""close"": 3.8053200114518404e-05, ""chg_5d_pct"": 0.098941160202093, ""chg_21d_pct"": -0.09132202020240612}, ""INR/USD"": {""close"": 0.01045259740203619, ""chg_5d_pct"": 0.9272519985561513, ""chg_21d_pct"": -0.7860375113482568}, ""THB/USD"": {""close"": 0.029994001612067223, ""chg_5d_pct"": 1.2897455098530526, ""chg_21d_pct"": -0.23995703038848593}, ""ETB/USD"": {""close"": 0.006253908853977919, ""chg_5d_pct"": 0.06254017259865742, ""chg_21d_pct"": -0.8755466261828637}, ""ZAR/USD"": {""close"": 0.06065311282873154, ""chg_5d_pct"": -0.5680127979832, ""chg_21d_pct"": -0.6817397818181374}, ""NGN/USD"": {""close"": 0.0007341389427892864, ""chg_5d_pct"": 0.6754100501468854, ""chg_21d_pct"": 1.2634556898902107}}, ""cot"": {""Coffee"": {""date"": ""2026-07-21"", ""commercial_net"": -27764.0, ""noncommercial_net"": 26034.0, ""total_open_interest"": 220681.0, ""commercial_z3y"": 0.557023095399132, ""noncommercial_z3y"": -0.5763965278857923}, ""Corn"": {""date"": ""2026-07-21"", ""commercial_net"": -81746.0, ""noncommercial_net"": 121796.0, ""total_open_interest"": 2425879.0, ""commercial_z3y"": -0.8650858154340156, ""noncommercial_z3y"": 0.7929323026289121}, ""Cotton"": {""date"": ""2026-07-21"", ""commercial_net"": -108641.0, ""noncommercial_net"": 100360.0, ""total_open_interest"": 448035.0, ""commercial_z3y"": -1.961546988469558, ""noncommercial_z3y"": 1.9931957924597532}, ""Lean Hogs"": {""date"": ""2026-07-21"", ""commercial_net"": 15465.0, ""noncommercial_net"": -13734.0, ""total_open_interest"": 372403.0, ""commercial_z3y"": 1.6529598237776466, ""noncommercial_z3y"": -1.6723202637739571}, ""Live Cattle"": {""date"": ""2026-07-21"", ""commercial_net"": -65702.0, ""noncommercial_net"": 78860.0, ""total_open_interest"": 443042.0, ""commercial_z3y"": 0.8571066397709105, ""noncommercial_z3y"": -0.9618060181687147}, ""Soybean Meal"": {""date"": ""2026-07-21"", ""commercial_net"": -127645.0, ""noncommercial_net"": 103266.0, ""total_open_interest"": 684247.0, ""commercial_z3y"": -1.2339311425667352, ""noncommercial_z3y"": 1.201903337149556}, ""Soybean Oil"": {""date"": ""2026-07-21"", ""commercial_net"": -142415.0, ""noncommercial_net"": 132003.0, ""total_open_interest"": 779213.0, ""commercial_z3y"": -1.7981925542094763, ""noncommercial_z3y"": 1.8201260061934934}, ""Soybeans"": {""date"": ""2026-07-21"", ""commercial_net"": -127600.0, ""noncommercial_net"": 153010.0, ""total_open_interest"": 1300374.0, ""commercial_z3y"": -1.190626795335045, ""noncommercial_z3y"": 1.1879911589531504}, ""Sugar"": {""date"": ""2026-07-21"", ""commercial_net"": 41350.0, ""noncommercial_net"": -47496.0, ""total_open_interest"": 1192719.0, ""commercial_z3y"": 0.402966320571497, ""noncommercial_z3y"": -0.42417989463887723}, ""Wheat"": {""date"": ""2026-07-21"", ""commercial_net"": 19130.0, ""noncommercial_net"": -14250.0, ""total_open_interest"": 578236.0, ""commercial_z3y"": -1.5779626071018942, ""noncommercial_z3y"": 1.5770354893301333}}, ""weather"": {""Argentina Cordoba"": {""date"": ""2026-07-30"", ""precipitation_mm"": 0.5, ""temp_max_c"": 17.8, ""temp_min_c"": 11.4, ""precip_z90d"": 0.1605781783575438, ""temp_max_z90d"": 0.22054349902637507, ""consecutive_dry_days"": 1, ""precip_30d_mm"": 11.4, ""precip_30d_deficit_pct"": null, ""forecast_days"": 6}, ""Argentina Pampas"": {""date"": ""2026-07-30"", ""precipitation_mm"": 0.0, ""temp_max_c"": 16.9, ""temp_min_c"": 8.8, ""precip_z90d"": -0.39090064547257947, ""temp_max_z90d"": 0.4126325428871439, ""consecutive_dry_days"": 2, ""precip_30d_mm"": 28.5, ""precip_30d_deficit_pct"": null, ""forecast_days"": 6}, ""Brazil Bahia"": {""date"": ""2026-07-30"", ""precipitation_mm"": 0.0, ""temp_max_c"": 27.0, ""temp_min_c"": 22.5, ""precip_z90d"": -0.9759784411176059, ""temp_max_z90d"": 0.44731067577021466, ""consecutive_dry_days"": 1, ""precip_30d_mm"": 86.49999999999999, ""precip_30d_deficit_pct"": null, ""forecast_days"": 6}, ""Brazil Mato Grosso"": {""date"": ""2026-07-30"", ""precipitation_mm"": 0.4, ""temp_max_c"": 32.9, ""temp_min_c"": 21.2, ""precip_z90d"": 0.6315603296225419, ""temp_max_z90d"": 0.4513357198940061, ""consecutive_dry_days"": 17, ""precip_30d_mm"": 5.1, ""precip_30d_deficit_pct"": null, ""forecast_days"": 6}, ""Brazil Minas Gerais"": {""date"": ""2026-07-30"", ""precipitation_mm"": 0.0, ""temp_max_c"": 27.1, ""temp_min_c"": 16.8, ""precip_z90d"": -0.2623025879677268, ""temp_max_z90d"": 0.8785171122717654, ""consecutive_dry_days"": 5, ""precip_30d_mm"": 4.7, ""precip_30d_deficit_pct"": null, ""forecast_days"": 6}, ""Brazil Parana"": {""date"": ""2026-07-30"", ""precipitation_mm"": 0.0, ""temp_max_c"": 25.9, ""temp_min_c"": 16.1, ""precip_z90d"": -0.4545473561911556, ""temp_max_z90d"": 1.1300374491806706, ""consecutive_dry_days"": 1, ""precip_30d_mm"": 106.2, ""precip_30d_deficit_pct"": null, ""forecast_days"": 6}, ""China Heilongjiang"": {""date"": ""2026-07-30"", ""precipitation_mm"": 1.2, ""temp_max_c"": 26.9, ""temp_min_c"": 19.6, ""precip_z90d"": -0.7934885984612889, ""temp_max_z90d"": 0.5170774360998021, ""consecutive_dry_days"": 0, ""precip_30d_mm"": 260.0, ""precip_30d_deficit_pct"": null, ""forecast_days"": 6}, ""Colombia Coffee Region"": {""date"": ""2026-07-30"", ""precipitation_mm"": 1.3, ""temp_max_c"": 27.7, ""temp_min_c"": 17.8, ""precip_z90d"": -0.38804633440533026, ""temp_max_z90d"": 0.3462188942648105, ""consecutive_dry_days"": 0, ""precip_30d_mm"": 91.7, ""precip_30d_deficit_pct"": null, ""forecast_days"": 6}, ""Ethiopia Sidama (Coffee)"": {""date"": ""2026-07-30"", ""precipitation_mm"": 4.0, ""temp_max_c"": 22.0, ""temp_min_c"": 14.3, ""precip_z90d"": -0.07575710881308466, ""temp_max_z90d"": 0.4329715252172504, ""consecutive_dry_days"": 0, ""precip_30d_mm"": 128.3, ""precip_30d_deficit_pct"": null, ""forecast_days"": 6}, ""India Madhya Pradesh"": {""date"": ""2026-07-30"", ""precipitation_mm"": 42.0, ""temp_max_c"": 30.2, ""temp_min_c"": 23.4, ""precip_z90d"": 4.032939001230752, ""temp_max_z90d"": 0.08692058747633742, ""consecutive_dry_days"": 0, ""precip_30d_mm"": 287.09999999999997, ""precip_30d_deficit_pct"": null, ""forecast_days"": 6}, ""India Maharashtra"": {""date"": ""2026-07-30"", ""precipitation_mm"": 27.0, ""temp_max_c"": 27.0, ""temp_min_c"": 23.7, ""precip_z90d"": 2.91237690086634, ""temp_max_z90d"": -2.090831518202089, ""consecutive_dry_days"": 0, ""precip_30d_mm"": 242.60000000000002, ""precip_30d_deficit_pct"": null, ""forecast_days"": 6}, ""Indonesia Riau (Sumatra)"": {""date"": ""2026-07-30"", ""precipitation_mm"": 27.5, ""temp_max_c"": 30.3, ""temp_min_c"": 22.8, ""precip_z90d"": 2.8376098605883837, ""temp_max_z90d"": -1.9742411519008374, ""consecutive_dry_days"": 0, ""precip_30d_mm"": 183.90000000000003, ""precip_30d_deficit_pct"": null, ""forecast_days"": 6}, ""Ivory Coast (Cocoa)"": {""date"": ""2026-07-30"", ""precipitation_mm"": 4.5, ""temp_max_c"": 28.5, ""temp_min_c"": 22.3, ""precip_z90d"": -0.07146681287190511, ""temp_max_z90d"": -0.19196359448551803, ""consecutive_dry_days"": 0, ""precip_30d_mm"": 129.6, ""precip_30d_deficit_pct"": null, ""forecast_days"": 6}, ""Malaysia Sabah (Borneo)"": {""date"": ""2026-07-30"", ""precipitation_mm"": 10.0, ""temp_max_c"": 29.3, ""temp_min_c"": 20.2, ""precip_z90d"": 0.49254544561119395, ""temp_max_z90d"": 0.6827533946872542, ""consecutive_dry_days"": 0, ""precip_30d_mm"": 212.19999999999996, ""precip_30d_deficit_pct"": null, ""forecast_days"": 6}, ""Nigeria Benue"": {""date"": ""2026-07-30"", ""precipitation_mm"": 8.1, ""temp_max_c"": 28.7, ""temp_min_c"": 22.8, ""precip_z90d"": 0.2918750612640533, ""temp_max_z90d"": -1.4085906076099968, ""consecutive_dry_days"": 0, ""precip_30d_mm"": 191.6, ""precip_30d_deficit_pct"": null, ""forecast_days"": 6}, ""Nigeria Kaduna"": {""date"": ""2026-07-30"", ""precipitation_mm"": 6.9, ""temp_max_c"": 27.3, ""temp_min_c"": 20.9, ""precip_z90d"": 0.24643436796238724, ""temp_max_z90d"": -1.3291825973114446, ""consecutive_dry_days"": 0, ""precip_30d_mm"": 159.0, ""precip_30d_deficit_pct"": null, ""forecast_days"": 6}, ""Paraguay Chaco"": {""date"": ""2026-07-30"", ""precipitation_mm"": 0.4, ""temp_max_c"": 33.9, ""temp_min_c"": 22.5, ""precip_z90d"": -0.27499212669812645, ""temp_max_z90d"": 1.1106004980106639, ""consecutive_dry_days"": 8, ""precip_30d_mm"": 31.5, ""precip_30d_deficit_pct"": null, ""forecast_days"": 6}, ""South Africa Free State"": {""date"": ""2026-07-30"", ""precipitation_mm"": 0.0, ""temp_max_c"": 15.4, ""temp_min_c"": 1.3, ""precip_z90d"": -0.33352921222261667, ""temp_max_z90d"": -0.8933706257278616, ""consecutive_dry_days"": 2, ""precip_30d_mm"": 17.0, ""precip_30d_deficit_pct"": null, ""forecast_days"": 6}, ""South Africa Mpumalanga"": {""date"": ""2026-07-30"", ""precipitation_mm"": 0.0, ""temp_max_c"": 16.2, ""temp_min_c"": 6.8, ""precip_z90d"": -0.17677669529663687, ""temp_max_z90d"": -0.7806722732832282, ""consecutive_dry_days"": 33, ""precip_30d_mm"": 0.7, ""precip_30d_deficit_pct"": null, ""forecast_days"": 6}, ""Thailand Surat Thani"": {""date"": ""2026-07-30"", ""precipitation_mm"": 3.8, ""temp_max_c"": 28.0, ""temp_min_c"": 23.7, ""precip_z90d"": 0.03088774545758555, ""temp_max_z90d"": -2.6278884537420613, ""consecutive_dry_days"": 0, ""precip_30d_mm"": 106.5, ""precip_30d_deficit_pct"": null, ""forecast_days"": 6}, ""US Illinois"": {""date"": ""2026-07-30"", ""precipitation_mm"": 0.0, ""temp_max_c"": 30.4, ""temp_min_c"": 16.4, ""precip_z90d"": -0.267511435433704, ""temp_max_z90d"": 0.1762505993599527, ""consecutive_dry_days"": 19, ""precip_30d_mm"": 7.000000000000001, ""precip_30d_deficit_pct"": null, ""forecast_days"": 6}, ""US Midwest (Iowa)"": {""date"": ""2026-07-30"", ""precipitation_mm"": 0.0, ""temp_max_c"": 29.8, ""temp_min_c"": 18.6, ""precip_z90d"": -0.2904144730565589, ""temp_max_z90d"": 0.02359962520301965, ""consecutive_dry_days"": 4, ""precip_30d_mm"": 287.4, ""precip_30d_deficit_pct"": null, ""forecast_days"": 6}, ""Vietnam Central Highlands"": {""date"": ""2026-07-30"", ""precipitation_mm"": 17.0, ""temp_max_c"": 28.3, ""temp_min_c"": 22.6, ""precip_z90d"": 0.8173487634160654, ""temp_max_z90d"": 0.19652662577611296, ""consecutive_dry_days"": 0, ""precip_30d_mm"": 344.7, ""precip_30d_deficit_pct"": null, ""forecast_days"": 6}}, ""psd_highlights"": {""brazil_soy_production"": {""value"": 186000.0, ""unit"": ""(1000 MT)"", ""year"": 2026}, ""china_soy_imports"": {""value"": 115000.0, ""unit"": ""(1000 MT)"", ""year"": 2026}, ""us_soy_production"": {""value"": 121790.0, ""unit"": ""(1000 MT)"", ""year"": 2026}, ""indonesia_palm_production"": {""value"": 47500.0, ""unit"": ""(1000 MT)"", ""year"": 2026}, ""argentina_soy_production"": {""value"": 50000.0, ""unit"": ""(1000 MT)"", ""year"": 2026}, ""argentina_meal_exports"": {""value"": 29400.0, ""unit"": ""(1000 MT)"", ""year"": 2026}, ""argentina_oil_exports"": {""value"": 6650.0, ""unit"": ""(1000 MT)"", ""year"": 2026}}, ""worldbank"": {""Coffee Arabica"": {""date"": ""2026-06-01"", ""price"": 6.79, ""unit"": ""cents/lb"", ""mom_pct"": -2.302158273381297}, ""Coffee Robusta"": {""date"": ""2026-06-01"", ""price"": 3.73, ""unit"": ""$/mt"", ""mom_pct"": 1.6348773841961868}, ""Palm Oil"": {""date"": ""2026-06-01"", ""price"": 1105.0, ""unit"": ""$/mt"", ""mom_pct"": -2.7288732394366195}, ""Rapeseed Oil"": {""date"": ""2026-06-01"", ""price"": 1498.0, ""unit"": ""$/mt"", ""mom_pct"": 0.6720430107526881}, ""Soybean Meal"": {""date"": ""2026-06-01"", ""price"": 425.0, ""unit"": ""$/mt"", ""mom_pct"": 0.7109004739336493}, ""Soybean Oil"": {""date"": ""2026-06-01"", ""price"": 1765.0, ""unit"": ""$/mt"", ""mom_pct"": -0.8983717012914094}, ""Soybeans"": {""date"": ""2026-06-01"", ""price"": 468.0, ""unit"": ""$/mt"", ""mom_pct"": -1.0570824524312896}, ""Sunflower Oil"": {""date"": ""2026-06-01"", ""price"": 1510.0, ""unit"": ""$/mt"", ""mom_pct"": 0.4657351962741184}}, ""emerging_markets"": {""countries"": {""South Africa"": {""name"": ""South Africa"", ""psd"": {""Beginning Stocks"": {""value"": 475.0, ""unit"": ""(1000 MT)"", ""yoy_pct"": 35.714285714285715}, ""Crush"": {""value"": 2000.0, ""unit"": ""(1000 MT)"", ""yoy_pct"": 5.263157894736842}, ""Domestic Consumption"": {""value"": 2625.0, ""unit"": ""(1000 MT)"", ""yoy_pct"": 3.9603960396039604}, ""Ending Stocks"": {""value"": 335.0, ""unit"": ""(1000 MT)"", ""yoy_pct"": -29.47368421052631}, ""Exports"": {""value"": 325.0, ""unit"": ""(1000 MT)"", ""yoy_pct"": -27.77777777777778}, ""Imports"": {""value"": 10.0, ""unit"": ""(1000 MT)"", ""yoy_pct"": -80.0}, ""Production"": {""value"": 2800.0, ""unit"": ""(1000 MT)"", ""yoy_pct"": -8.19672131147541}, ""Total Distribution"": {""value"": 3285.0, ""unit"": ""(1000 MT)"", ""yoy_pct"": -4.782608695652174}, ""Total Supply"": {""value"": 3285.0, ""unit"": ""(1000 MT)"", ""yoy_pct"": -4.782608695652174}}, ""psd_year"": 2026, ""currency"": {""pair"": ""ZAR/USD"", ""close"": 0.06065311282873154, ""weekly_chg"": -0.5680127979832, ""monthly_chg"": -0.6817397818181374}, ""weather"": [{""region"": ""South Africa Free State"", ""temp_max"": 19.3, ""temp_min"": 5.6, ""precip"": 0.0, ""date"": ""2026-08-05"", ""alert"": ""Dry""}, {""region"": ""South Africa Mpumalanga"", ""temp_max"": 17.1, ""temp_min"": 6.0, ""precip"": 0.0, ""date"": ""2026-08-05"", ""alert"": ""Dry""}], ""south_africa_domestic"": {""soybean_safex_zar"": 8115.0, ""soybean_safex_usd"": 492.2, ""sunflower_safex_zar"": 10395.0, ""cbot_usd"": 437.71, ""safex_cbot_basis_usd"": 54.49}}, ""India"": {""name"": ""India"", ""psd"": {""Beginning Stocks"": {""value"": 741.0, ""unit"": ""(1000 MT)"", ""yoy_pct"": 12.44309559939302}, ""Crush"": {""value"": 10000.0, ""unit"": ""(1000 MT)"", ""yoy_pct"": 2.3017902813299234}, ""Domestic Consumption"": {""value"": 11875.0, ""unit"": ""(1000 MT)"", ""yoy_pct"": 2.1505376344086025}, ""Ending Stocks"": {""value"": 541.0, ""unit"": ""(1000 MT)"", ""yoy_pct"": -26.99055330634278}, ""Exports"": {""value"": 25.0, ""unit"": ""(1000 MT)"", ""yoy_pct"": 25.0}, ""Imports"": {""value"": 200.0, ""unit"": ""(1000 MT)"", ""yoy_pct"": -71.42857142857143}, ""Production"": {""value"": 11500.0, ""unit"": ""(1000 MT)"", ""yoy_pct"": 4.289471297723769}, ""Total Distribution"": {""value"": 12441.0, ""unit"": ""(1000 MT)"", ""yoy_pct"": 0.4440497335701598}, ""Total Supply"": {""value"": 12441.0, ""unit"": ""(1000 MT)"", ""yoy_pct"": 0.4440497335701598}}, ""psd_year"": 2026, ""currency"": {""pair"": ""INR/USD"", ""close"": 0.01045259740203619, ""weekly_chg"": 0.9272519985561513, ""monthly_chg"": -0.7860375113482568}, ""weather"": [{""region"": ""India Madhya Pradesh"", ""temp_max"": 28.3, ""temp_min"": 23.7, ""precip"": 2.4, ""date"": ""2026-08-05"", ""alert"": null}, {""region"": ""India Maharashtra"", ""temp_max"": 29.7, ""temp_min"": 23.9, ""precip"": 0.9, ""date"": ""2026-08-05"", ""alert"": ""Dry""}]}, ""Nigeria"": {""name"": ""Nigeria"", ""psd"": {""Beginning Stocks"": {""value"": 222.0, ""unit"": ""(1000 MT)"", ""yoy_pct"": -9.75609756097561}, ""Crush"": {""value"": 975.0, ""unit"": ""(1000 MT)"", ""yoy_pct"": 0.0}, ""Domestic Consumption"": {""value"": 1450.0, ""unit"": ""(1000 MT)"", ""yoy_pct"": 3.571428571428571}, ""Ending Stocks"": {""value"": 223.0, ""unit"": ""(1000 MT)"", ""yoy_pct"": 0.45045045045045046}, ""Exports"": {""value"": 50.0, ""unit"": ""(1000 MT)"", ""yoy_pct"": -60.0}, ""Imports"": {""value"": 1.0, ""unit"": ""(1000 MT)"", ""yoy_pct"": 0.0}, ""Production"": {""value"": 1500.0, ""unit"": ""(1000 MT)"", ""yoy_pct"": 0.0}, ""Total Distribution"": {""value"": 1723.0, ""unit"": ""(1000 MT)"", ""yoy_pct"": -1.3737836290784202}, ""Total Supply"": {""value"": 1723.0, ""unit"": ""(1000 MT)"", ""yoy_pct"": -1.3737836290784202}}, ""psd_year"": 2026, ""currency"": {""pair"": ""NGN/USD"", ""close"": 0.0007341389427892864, ""weekly_chg"": 0.6754100501468854, ""monthly_chg"": 1.2634556898902107}, ""weather"": [{""region"": ""Nigeria Benue"", ""temp_max"": 28.4, ""temp_min"": 23.1, ""precip"": 4.7, ""date"": ""2026-08-05"", ""alert"": null}, {""region"": ""Nigeria Kaduna"", ""temp_max"": 28.3, ""temp_min"": 21.0, ""precip"": 3.0, ""date"": ""2026-08-05"", ""alert"": null}]}, ""Brazil"": {""name"": ""Brazil"", ""psd"": {""Beginning Stocks"": {""value"": 37688.0, ""unit"": ""(1000 MT)"", ""yoy_pct"": 0.0}, ""Crush"": {""value"": 65000.0, ""unit"": ""(1000 MT)"", ""yoy_pct"": 5.691056910569105}, ""Domestic Consumption"": {""value"": 69600.0, ""unit"": ""(1000 MT)"", ""yoy_pct"": 5.614567526555387}, ""Ending Stocks"": {""value"": 36888.0, ""unit"": ""(1000 MT)"", ""yoy_pct"": -2.1226915729144555}, ""Exports"": {""value"": 118000.0, ""unit"": ""(1000 MT)"", ""yoy_pct"": 2.608695652173913}, ""Imports"": {""value"": 800.0, ""unit"": ""(1000 MT)"", ""yoy_pct"": -11.11111111111111}, ""Production"": {""value"": 186000.0, ""unit"": ""(1000 MT)"", ""yoy_pct"": 3.3333333333333335}, ""Total Distribution"": {""value"": 224488.0, ""unit"": ""(1000 MT)"", ""yoy_pct"": 2.699141764415247}, ""Total Supply"": {""value"": 224488.0, ""unit"": ""(1000 MT)"", ""yoy_pct"": 2.699141764415247}}, ""psd_year"": 2026, ""currency"": {""pair"": ""BRL/USD"", ""close"": 0.19735543429851532, ""weekly_chg"": -0.08904577763163125, ""monthly_chg"": 2.1255105292771823}, ""weather"": [{""region"": ""Brazil Mato Grosso"", ""temp_max"": 34.7, ""temp_min"": 21.2, ""precip"": 0.0, ""date"": ""2026-08-05"", ""alert"": ""Dry""}, {""region"": ""Brazil Parana"", ""temp_max"": 25.9, ""temp_min"": 16.4, ""precip"": 0.2, ""date"": ""2026-08-05"", ""alert"": ""Dry""}], ""brazil_domestic"": {""cepea_soy_brl"": 2316.67, ""cepea_soy_usd"": 457.21, ""weekly_chg_pct"": 0.84, ""agrural_soy_usd"": 483.52, ""cbot_usd"": 437.71, ""brazil_cbot_basis_usd"": 19.5, ""agrural_cbot_basis_usd"": 45.81}}}}, ""correlations"": {""matrix"": {""Soybeans"": {""Wheat"": 0.349342008428678, ""Sugar"": 0.14299421127271636}, ""Soybean Oil"": {""Soybeans"": 0.5151263992497473, ""Wheat"": 0.23555726829602963, ""Sugar"": 0.14570440832109835}, ""Soybean Meal"": {""Soybeans"": 0.7482682754223199, ""Soybean Oil"": 0.11796606589998088, ""Wheat"": 0.2632173089973525, ""Sugar"": 0.097636761405759}, ""Coffee"": {""Soybeans"": 0.13328697803322184, ""Soybean Oil"": 0.12939720100787427, ""Soybean Meal"": 0.08580455128237527, ""Corn"": 0.1197242788530995, ""Wheat"": 0.10337573484378318, ""Sugar"": 0.20958280239566685, ""Cotton"": 0.10733725796212763, ""Live Cattle"": 0.05144143855724307, ""Lean Hogs"": 0.02691494241697777, ""Palm Oil (CME)"": 0.026818782070118837}, ""Corn"": {""Soybeans"": 0.5315494744729801, ""Soybean Oil"": 0.30696750389799676, ""Soybean Meal"": 0.41890527524998455, ""Wheat"": 0.5510923943561999, ""Sugar"": 0.12268309478039958, ""Cotton"": 0.13394576512839898, ""Live Cattle"": 0.022557904445445615, ""Lean Hogs"": 0.037318757189510554, ""Palm Oil (CME)"": 0.04149989976234851}, ""Sugar"": {""Wheat"": 0.1399951807098234}, ""Cotton"": {""Soybeans"": 0.14157814021718307, ""Soybean Oil"": 0.15158769456173435, ""Soybean Meal"": 0.08697427519877243, ""Wheat"": 0.1508451592990656, ""Sugar"": 0.14537112071092131, ""Live Cattle"": 0.036703875563307675, ""Lean Hogs"": 0.01041598381654415, ""Palm Oil (CME)"": 0.10071534440875873}, ""Live Cattle"": {""Soybeans"": 0.06307404196150185, ""Soybean Oil"": 0.08816271866427196, ""Soybean Meal"": 0.02646764046295865, ""Wheat"": -0.0011470356337441613, ""Sugar"": 0.035563579461841126, ""Palm Oil (CME)"": 0.08122317362337902}, ""Lean Hogs"": {""Soybeans"": 0.09331853235723006, ""Soybean Oil"": 0.047889897307657706, ""Soybean Meal"": 0.07563511946948517, ""Wheat"": 0.05191180759147386, ""Sugar"": 0.03813499214312911, ""Live Cattle"": 0.08270315560943217, ""Palm Oil (CME)"": 0.0032012266790321943}, ""Palm Oil (CME)"": {""Soybeans"": 0.13634657153250154, ""Soybean Oil"": 0.25670758634737656, ""Soybean Meal"": 0.046348587614834943, ""Wheat"": 0.062329959123151014, ""Sugar"": 0.05836730537651562}}, ""vs_currency"": {""Soybeans|BRL/USD"": 0.037638872949141956, ""Coffee|COP/USD"": -0.03225358318569547, ""Coffee|BRL/USD"": 0.04462889916934126}}, ""seasonal"": {""Soybeans"": {""current_price"": 1191.25, ""seasonal_avg"": 1192.6015625, ""deviation_pct"": -0.11332892245812398, ""n_years"": 16, ""current_dev_pct"": 7.665100921263224, ""seasonal_dev_pct"": 2.258179750755911, ""detrended_delta_pct"": 5.406921170507313}, ""Soybean Oil"": {""current_price"": 67.44000244140625, ""seasonal_avg"": 45.58534369468689, ""deviation_pct"": 47.942292358468244, ""n_years"": 16, ""current_dev_pct"": 12.512366938476616, ""seasonal_dev_pct"": 2.66619574538912, ""detrended_delta_pct"": 9.846171193087496}, ""Soybean Meal"": {""current_price"": 322.8999938964844, ""seasonal_avg"": 370.48843612670896, ""deviation_pct"": -12.844784773241638, ""n_years"": 16, ""current_dev_pct"": 5.893610453213771, ""seasonal_dev_pct"": 2.8935329758964308, ""detrended_delta_pct"": 3.0000774773173404}, ""Coffee"": {""current_price"": 323.3999938964844, ""seasonal_avg"": 174.26043577580438, ""deviation_pct"": 85.58429080973734, ""n_years"": 16, ""current_dev_pct"": -4.005139028332283, ""seasonal_dev_pct"": -0.1595183764981341, ""detrended_delta_pct"": -3.8456206518341487}, ""Corn"": {""current_price"": 471.75, ""seasonal_avg"": 470.171875, ""deviation_pct"": 0.33564853278388884, ""n_years"": 16, ""current_dev_pct"": 9.332216089693436, ""seasonal_dev_pct"": -0.8609167250188353, ""detrended_delta_pct"": 10.193132814712271}, ""Wheat"": {""current_price"": 668.5, ""seasonal_avg"": 596.059375, ""deviation_pct"": 12.153256544283018, ""n_years"": 16, ""current_dev_pct"": 19.29543293371132, ""seasonal_dev_pct"": 1.3778512483573924, ""detrended_delta_pct"": 17.91758168535393}, ""Sugar"": {""current_price"": 14.430000305175781, ""seasonal_avg"": 16.536479747926705, ""deviation_pct"": -12.738378874228223, ""n_years"": 16, ""current_dev_pct"": -3.155655206900665, ""seasonal_dev_pct"": -3.6548562083779883, ""detrended_delta_pct"": 0.4992010014773234}, ""Cotton"": {""current_price"": 81.0999984741211, ""seasonal_avg"": 75.25218074715397, ""deviation_pct"": 7.770961145452633, ""n_years"": 16, ""current_dev_pct"": 18.36476237259992, ""seasonal_dev_pct"": -2.254478142758592, ""detrended_delta_pct"": 20.619240515358513}, ""Live Cattle"": {""current_price"": 226.0749969482422, ""seasonal_avg"": 143.77812504768372, ""deviation_pct"": 57.23879892943721, ""n_years"": 16, ""current_dev_pct"": -4.814439531550196, ""seasonal_dev_pct"": 0.05554642436342988, ""detrended_delta_pct"": -4.869985955913626}, ""Lean Hogs"": {""current_price"": 83.0, ""seasonal_avg"": 92.30421876907349, ""deviation_pct"": -10.079949641685134, ""n_years"": 16, ""current_dev_pct"": -9.473988478828321, ""seasonal_dev_pct"": 12.829023487723479, ""detrended_delta_pct"": -22.3030119665518}, ""Palm Oil (CME)"": {""current_price"": 1127.5, ""seasonal_avg"": 761.285143769968, ""deviation_pct"": 48.10482106829191, ""n_years"": 15, ""current_dev_pct"": 5.1050716463004076, ""seasonal_dev_pct"": -4.175995233938944, ""detrended_delta_pct"": 9.28106688023935}}, ""health"": {""critical_count"": 3, ""warning_count"": 10, ""commodity_status"": [{""commodity"": ""Coffee"", ""table"": ""prices"", ""last_date"": ""2026-07-30"", ""rows"": 3773, ""age_days"": 3, ""status"": ""aging""}, {""commodity"": ""Corn"", ""table"": ""prices"", ""last_date"": ""2026-07-30"", ""rows"": 3770, ""age_days"": 3, ""status"": ""aging""}, {""commodity"": ""Cotton"", ""table"": ""prices"", ""last_date"": ""2026-07-30"", ""rows"": 3773, ""age_days"": 3, ""status"": ""aging""}, {""commodity"": ""Lean Hogs"", ""table"": ""prices"", ""last_date"": ""2026-07-30"", ""rows"": 3772, ""age_days"": 3, ""status"": ""aging""}, {""commodity"": ""Live Cattle"", ""table"": ""prices"", ""last_date"": ""2026-07-30"", ""rows"": 3771, ""age_days"": 3, ""status"": ""aging""}, {""commodity"": ""Palm Oil (CME)"", ""table"": ""prices"", ""last_date"": ""2026-07-29"", ""rows"": 3613, ""age_days"": 4, ""status"": ""aging""}, {""commodity"": ""Soybean Meal"", ""table"": ""prices"", ""last_date"": ""2026-07-30"", ""rows"": 3772, ""age_days"": 3, ""status"": ""aging""}, {""commodity"": ""Soybean Oil"", ""table"": ""prices"", ""last_date"": ""2026-07-30"", ""rows"": 3772, ""age_days"": 3, ""status"": ""aging""}, {""commodity"": ""Soybeans"", ""table"": ""prices"", ""last_date"": ""2026-07-30"", ""rows"": 3772, ""age_days"": 3, ""status"": ""aging""}, {""commodity"": ""Sugar"", ""table"": ""prices"", ""last_date"": ""2026-07-30"", ""rows"": 3774, ""age_days"": 3, ""status"": ""aging""}, {""commodity"": ""Wheat"", ""table"": ""prices"", ""last_date"": ""2026-07-30"", ""rows"": 3772, ""age_days"": 3, ""status"": ""aging""}, {""commodity"": ""Coffee"", ""table"": ""cot"", ""last_date"": ""2026-07-21"", ""rows"": 864, ""age_days"": 12, ""status"": ""stale""}, {""commodity"": ""Corn"", ""table"": ""cot"", ""last_date"": ""2026-07-21"", ""rows"": 864, ""age_days"": 12, ""status"": ""stale""}, {""commodity"": ""Cotton"", ""table"": ""cot"", ""last_date"": ""2026-07-21"", ""rows"": 864, ""age_days"": 12, ""status"": ""stale""}, {""commodity"": ""Lean Hogs"", ""table"": ""cot"", ""last_date"": ""2026-07-21"", ""rows"": 864, ""age_days"": 12, ""status"": ""stale""}, {""commodity"": ""Live Cattle"", ""table"": ""cot"", ""last_date"": ""2026-07-21"", ""rows"": 864, ""age_days"": 12, ""status"": ""stale""}, {""commodity"": ""Soybean Meal"", ""table"": ""cot"", ""last_date"": ""2026-07-21"", ""rows"": 864, ""age_days"": 12, ""status"": ""stale""}, {""commodity"": ""Soybean Oil"", ""table"": ""cot"", ""last_date"": ""2026-07-21"", ""rows"": 864, ""age_days"": 12, ""status"": ""stale""}, {""commodity"": ""Soybeans"", ""table"": ""cot"", ""last_date"": ""2026-07-21"", ""rows"": 864, ""age_days"": 12, ""status"": ""stale""}, {""commodity"": ""Sugar"", ""table"": ""cot"", ""last_date"": ""2026-07-21"", ""rows"": 864, ""age_days"": 12, ""status"": ""stale""}, {""commodity"": ""Wheat"", ""table"": ""cot"", ""last_date"": ""2026-07-21"", ""rows"": 864, ""age_days"": 12, ""status"": ""stale""}, {""commodity"": ""Argentina Cordoba"", ""table"": ""weather"", ""last_date"": ""2026-08-05"", ""rows"": 39, ""age_days"": -3, ""status"": ""fresh""}, {""commodity"": ""Argentina Pampas"", ""table"": ""weather"", ""last_date"": ""2026-08-05"", ""rows"": 39, ""age_days"": -3, ""status"": ""fresh""}, {""commodity"": ""Brazil Bahia"", ""table"": ""weather"", ""last_date"": ""2026-08-05"", ""rows"": 39, ""age_days"": -3, ""status"": ""fresh""}, {""commodity"": ""Brazil Mato Grosso"", ""table"": ""weather"", ""last_date"": ""2026-08-05"", ""rows"": 39, ""age_days"": -3, ""status"": ""fresh""}, {""commodity"": ""Brazil Minas Gerais"", ""table"": ""weather"", ""last_date"": ""2026-08-05"", ""rows"": 39, ""age_days"": -3, ""status"": ""fresh""}, {""commodity"": ""Brazil Parana"", ""table"": ""weather"", ""last_date"": ""2026-08-05"", ""rows"": 39, ""age_days"": -3, ""status"": ""fresh""}, {""commodity"": ""China Heilongjiang"", ""table"": ""weather"", ""last_date"": ""2026-08-05"", ""rows"": 39, ""age_days"": -3, ""status"": ""fresh""}, {""commodity"": ""Colombia Coffee Region"", ""table"": ""weather"", ""last_date"": ""2026-08-05"", ""rows"": 39, ""age_days"": -3, ""status"": ""fresh""}, {""commodity"": ""Ethiopia Sidama (Coffee)"", ""table"": ""weather"", ""last_date"": ""2026-08-05"", ""rows"": 39, ""age_days"": -3, ""status"": ""fresh""}, {""commodity"": ""India Madhya Pradesh"", ""table"": ""weather"", ""last_date"": ""2026-08-05"", ""rows"": 39, ""age_days"": -3, ""status"": ""fresh""}, {""commodity"": ""India Maharashtra"", ""table"": ""weather"", ""last_date"": ""2026-08-05"", ""rows"": 39, ""age_days"": -3, ""status"": ""fresh""}, {""commodity"": ""Indonesia Riau (Sumatra)"", ""table"": ""weather"", ""last_date"": ""2026-08-05"", ""rows"": 39, ""age_days"": -3, ""status"": ""fresh""}, {""commodity"": ""Ivory Coast (Cocoa)"", ""table"": ""weather"", ""last_date"": ""2026-08-05"", ""rows"": 39, ""age_days"": -3, ""status"": ""fresh""}, {""commodity"": ""Malaysia Sabah (Borneo)"", ""table"": ""weather"", ""last_date"": ""2026-08-05"", ""rows"": 39, ""age_days"": -3, ""status"": ""fresh""}, {""commodity"": ""Nigeria Benue"", ""table"": ""weather"", ""last_date"": ""2026-08-05"", ""rows"": 39, ""age_days"": -3, ""status"": ""fresh""}, {""commodity"": ""Nigeria Kaduna"", ""table"": ""weather"", ""last_date"": ""2026-08-05"", ""rows"": 39, ""age_days"": -3, ""status"": ""fresh""}, {""commodity"": ""Paraguay Chaco"", ""table"": ""weather"", ""last_date"": ""2026-08-05"", ""rows"": 39, ""age_days"": -3, ""status"": ""fresh""}, {""commodity"": ""South Africa Free State"", ""table"": ""weather"", ""last_date"": ""2026-08-05"", ""rows"": 39, ""age_days"": -3, ""status"": ""fresh""}, {""commodity"": ""South Africa Mpumalanga"", ""table"": ""weather"", ""last_date"": ""2026-08-05"", ""rows"": 39, ""age_days"": -3, ""status"": ""fresh""}, {""commodity"": ""Thailand Surat Thani"", ""table"": ""weather"", ""last_date"": ""2026-08-05"", ""rows"": 39, ""age_days"": -3, ""status"": ""fresh""}, {""commodity"": ""US Illinois"", ""table"": ""weather"", ""last_date"": ""2026-08-05"", ""rows"": 39, ""age_days"": -3, ""status"": ""fresh""}, {""commodity"": ""US Midwest (Iowa)"", ""table"": ""weather"", ""last_date"": ""2026-08-05"", ""rows"": 39, ""age_days"": -3, ""status"": ""fresh""}, {""commodity"": ""Vietnam Central Highlands"", ""table"": ""weather"", ""last_date"": ""2026-08-05"", ""rows"": 39, ""age_days"": -3, ""status"": ""fresh""}, {""commodity"": ""ARS/USD"", ""table"": ""currencies"", ""last_date"": ""2026-07-30"", ""rows"": 3906, ""age_days"": 3, ""status"": ""aging""}, {""commodity"": ""BRL/USD"", ""table"": ""currencies"", ""last_date"": ""2026-07-30"", ""rows"": 3906, ""age_days"": 3, ""status"": ""aging""}, {""commodity"": ""CNY/USD"", ""table"": ""currencies"", ""last_date"": ""2026-07-30"", ""rows"": 3906, ""age_days"": 3, ""status"": ""aging""}, {""commodity"": ""COP/USD"", ""table"": ""currencies"", ""last_date"": ""2026-07-30"", ""rows"": 3895, ""age_days"": 3, ""status"": ""aging""}, {""commodity"": ""ETB/USD"", ""table"": ""currencies"", ""last_date"": ""2026-07-29"", ""rows"": 3909, ""age_days"": 4, ""status"": ""aging""}, {""commodity"": ""IDR/USD"", ""table"": ""currencies"", ""last_date"": ""2026-07-30"", ""rows"": 3906, ""age_days"": 3, ""status"": ""aging""}, {""commodity"": ""INR/USD"", ""table"": ""currencies"", ""last_date"": ""2026-07-30"", ""rows"": 3907, ""age_days"": 3, ""status"": ""aging""}, {""commodity"": ""MYR/USD"", ""table"": ""currencies"", ""last_date"": ""2026-07-30"", ""rows"": 3909, ""age_days"": 3, ""status"": ""aging""}, {""commodity"": ""NGN/USD"", ""table"": ""currencies"", ""last_date"": ""2026-07-30"", ""rows"": 3907, ""age_days"": 3, ""status"": ""aging""}, {""commodity"": ""PYG/USD"", ""table"": ""currencies"", ""last_date"": ""2026-07-30"", ""rows"": 3907, ""age_days"": 3, ""status"": ""aging""}, {""commodity"": ""THB/USD"", ""table"": ""currencies"", ""last_date"": ""2026-07-30"", ""rows"": 3907, ""age_days"": 3, ""status"": ""aging""}, {""commodity"": ""VND/USD"", ""table"": ""currencies"", ""last_date"": ""2026-07-30"", ""rows"": 3910, ""age_days"": 3, ""status"": ""aging""}, {""commodity"": ""ZAR/USD"", ""table"": ""currencies"", ""last_date"": ""2026-07-30"", ""rows"": 3905, ""age_days"": 3, ""status"": ""aging""}, {""commodity"": ""CZCE Rapeseed Meal"", ""table"": ""dce_futures"", ""last_date"": ""2026-07-30"", ""rows"": 3293, ""age_days"": 3, ""status"": ""aging""}, {""commodity"": ""CZCE Rapeseed Oil"", ""table"": ""dce_futures"", ""last_date"": ""2026-07-30"", ""rows"": 4651, ""age_days"": 3, ""status"": ""aging""}, {""commodity"": ""DCE Corn"", ""table"": ""dce_futures"", ""last_date"": ""2026-07-30"", ""rows"": 5244, ""age_days"": 3, ""status"": ""aging""}, {""commodity"": ""DCE Palm Oil"", ""table"": ""dce_futures"", ""last_date"": ""2026-07-30"", ""rows"": 4561, ""age_days"": 3, ""status"": ""aging""}, {""commodity"": ""DCE Soybean"", ""table"": ""dce_futures"", ""last_date"": ""2026-07-30"", ""rows"": 5247, ""age_days"": 3, ""status"": ""aging""}, {""commodity"": ""DCE Soybean Meal"", ""table"": ""dce_futures"", ""last_date"": ""2026-07-30"", ""rows"": 5250, ""age_days"": 3, ""status"": ""aging""}, {""commodity"": ""DCE Soybean Oil"", ""table"": ""dce_futures"", ""last_date"": ""2026-07-30"", ""rows"": 4993, ""age_days"": 3, ""status"": ""aging""}, {""commodity"": ""Coffee Arabica"", ""table"": ""worldbank_prices"", ""last_date"": ""2026-06-01"", ""rows"": 798, ""age_days"": 62, ""status"": ""stale""}, {""commodity"": ""Coffee Robusta"", ""table"": ""worldbank_prices"", ""last_date"": ""2026-06-01"", ""rows"": 798, ""age_days"": 62, ""status"": ""stale""}, {""commodity"": ""Palm Oil"", ""table"": ""worldbank_prices"", ""last_date"": ""2026-06-01"", ""rows"": 798, ""age_days"": 62, ""status"": ""stale""}, {""commodity"": ""Rapeseed Oil"", ""table"": ""worldbank_prices"", ""last_date"": ""2026-06-01"", ""rows"": 293, ""age_days"": 62, ""status"": ""stale""}, {""commodity"": ""Soybean Meal"", ""table"": ""worldbank_prices"", ""last_date"": ""2026-06-01"", ""rows"": 798, ""age_days"": 62, ""status"": ""stale""}, {""commodity"": ""Soybean Oil"", ""table"": ""worldbank_prices"", ""last_date"": ""2026-06-01"", ""rows"": 798, ""age_days"": 62, ""status"": ""stale""}, {""commodity"": ""Soybeans"", ""table"": ""worldbank_prices"", ""last_date"": ""2026-06-01"", ""rows"": 798, ""age_days"": 62, ""status"": ""stale""}, {""commodity"": ""Sunflower Oil"", ""table"": ""worldbank_prices"", ""last_date"": ""2026-06-01"", ""rows"": 288, ""age_days"": 62, ""status"": ""stale""}, {""commodity"": ""Coffee"", ""table"": ""forward_curve"", ""last_date"": ""2026-07-30"", ""rows"": 6, ""age_days"": 3, ""status"": ""aging""}, {""commodity"": ""Corn"", ""table"": ""forward_curve"", ""last_date"": ""2026-07-30"", ""rows"": 6, ""age_days"": 3, ""status"": ""aging""}, {""commodity"": ""Cotton"", ""table"": ""forward_curve"", ""last_date"": ""2026-07-30"", ""rows"": 6, ""age_days"": 3, ""status"": ""aging""}, {""commodity"": ""Lean Hogs"", ""table"": ""forward_curve"", ""last_date"": ""2026-07-30"", ""rows"": 6, ""age_days"": 3, ""status"": ""aging""}, {""commodity"": ""Live Cattle"", ""table"": ""forward_curve"", ""last_date"": ""2026-07-30"", ""rows"": 6, ""age_days"": 3, ""status"": ""aging""}, {""commodity"": ""Soybean Meal"", ""table"": ""forward_curve"", ""last_date"": ""2026-07-30"", ""rows"": 6, ""age_days"": 3, ""status"": ""aging""}, {""commodity"": ""Soybean Oil"", ""table"": ""forward_curve"", ""last_date"": ""2026-07-30"", ""rows"": 6, ""age_days"": 3, ""status"": ""aging""}, {""commodity"": ""Soybeans"", ""table"": ""forward_curve"", ""last_date"": ""2026-07-30"", ""rows"": 6, ""age_days"": 3, ""status"": ""aging""}, {""commodity"": ""Sugar"", ""table"": ""forward_curve"", ""last_date"": ""2026-07-30"", ""rows"": 6, ""age_days"": 3, ""status"": ""aging""}, {""commodity"": ""Wheat"", ""table"": ""forward_curve"", ""last_date"": ""2026-07-30"", ""rows"": 6, ""age_days"": 3, ""status"": ""aging""}, {""commodity"": ""Soybean (AgRural Paranagu\u00e1 FOB)"", ""table"": ""brazil_spot_prices"", ""last_date"": ""2026-07-30"", ""rows"": 3, ""age_days"": 3, ""status"": ""aging""}, {""commodity"": ""Soybean (CEPEA)"", ""table"": ""brazil_spot_prices"", ""last_date"": ""2026-07-29"", ""rows"": 108, ""age_days"": 4, ""status"": ""aging""}, {""commodity"": ""Soybean (ESALQ/B3 Paranagu\u00e1)"", ""table"": ""brazil_spot_prices"", ""last_date"": ""2026-07-29"", ""rows"": 108, ""age_days"": 4, ""status"": ""aging""}, {""commodity"": ""Soybean (SAFEX)"", ""table"": ""safex_prices"", ""last_date"": ""2026-07-30"", ""rows"": 2, ""age_days"": 3, ""status"": ""aging""}, {""commodity"": ""Sunflower (SAFEX)"", ""table"": ""safex_prices"", ""last_date"": ""2026-07-30"", ""rows"": 2, ""age_days"": 3, ""status"": ""aging""}]}}",2026-08-02 09:07:48
2026-08-08,"=== Mirror Market Daily Briefing — 2026-08-08 ===
NOTE: Data is informational only and should not be used as sole basis for trading decisions.
Some data layers may be delayed or unavailable. Check Data Freshness below.

DATA FRESHNESS WARNINGS:
  WARNING: fred last fetch FAILED — showing older data
  WARNING: india_domestic last fetch FAILED — showing older data

DATA HEALTH: 2 critical, 9 warnings

CRITICAL:
  [india_domestic_prices] Soybean (Mandi MP): MISSING from india_domestic_prices — no rows at all
  [india_domestic_prices] Soybean (Mandi MH): MISSING from india_domestic_prices — no rows at all

WARNINGS:
  [cot] Corn: STALE in cot — last date is 2026-07-28 (11 days ago)
  [cot] Cotton: STALE in cot — last date is 2026-07-28 (11 days ago)
  [cot] Lean Hogs: STALE in cot — last date is 2026-07-28 (11 days ago)
  [cot] Live Cattle: STALE in cot — last date is 2026-07-28 (11 days ago)
  [cot] Soybean Meal: STALE in cot — last date is 2026-07-28 (11 days ago)
  [cot] Soybean Oil: STALE in cot — last date is 2026-07-28 (11 days ago)
  [cot] Soybeans: STALE in cot — last date is 2026-07-28 (11 days ago)
  [cot] Sugar: STALE in cot — last date is 2026-07-28 (11 days ago)
  [cot] Wheat: STALE in cot — last date is 2026-07-28 (11 days ago)

PRICES:
  Note: technicals computed on yfinance front-month series; signals within ±3 trading days of contract roll may be data artifacts rather than economic moves.
  Soybeans:        434.0 USD/MT  (+2.1%)  Above 200-day MA  MACD negative  Vol 20%
  Soybean Oil:     1,487.0 USD/MT  (-0.4%)  Above 200-day MA  MACD negative  Vol 28%
  Soybean Meal:    349.0 USD/MT  (+1.9%)  Above 200-day MA  MACD negative  Vol 20%
  Corn:            182.9 USD/MT  (+5.8%)  Above 200-day MA  MACD negative  Vol 31%
  Wheat:           232.2 USD/MT  (+0.1%)  Above 200-day MA  MACD negative  Vol 39%
  Sugar:           348.3 USD/MT  (+1.5%)  Above 200-day MA  RSI 72 (overbought)  MACD positive  Vol 22%
  Cotton:          1,821.2 USD/MT  (+0.8%)  Above 200-day MA  MACD positive  Vol 21%
  Live Cattle:     5,097.6 USD/MT  (-1.3%)  Below 200-day MA  MACD positive  Vol 15%
  Lean Hogs:       2,105.4 USD/MT  (-1.1%)  Above 200-day MA  MACD negative  Vol 25%
  Palm Oil (CME):  1,151.2 USD/MT  (-0.2%)  Above 200-day MA  MACD positive  Vol 7%

CRUSH SPREAD: $94.5/MT (widening — processors profitable, oil share 52%)

BRAZIL BASIS (Paranaguá FOB vs CBOT): $+45.1/MT (Brazilian premium, widening)
  └ Farm-gate (CEPEA Paraná): $+20.8/MT — port-vs-farm wedge $+24.3/MT

US GULF BASIS (CIF NOLA barge — AMS export bids, 2026-08-06):
  Sep¹: +100¢/bu over Nov (UNCH) | $12.78/bu ≈ $469.5/MT
  Sep²: +100/+102¢/bu over Nov (UNCH) | $12.79/bu ≈ $469.9/MT
  Oct: +105¢/bu over Nov (UNCH) | $12.83/bu ≈ $471.3/MT | yr-ago $10.57/bu

CROSS-ORIGIN FOB BOARD (Soybeans, USD/MT):
  US Gulf (CIF NOLA barge):   $469.5/MT  (2026-08-06)
  Brazil Paranaguá (FOB):     $470.3/MT  (2026-08-06)
  Argentina up-river (FOB):   $451.0/MT  (2026-08-06)
  Cheapest origin: Argentina up-river — $18.5/MT under next
  (Gulf leg is a CIF barge bid pre-elevation; Brazil/Argentina are port FOB — directional comparison, not an Incoterm-identical quote)

ECONOMIC CONTEXT (FRED): No data

USDA FUNDAMENTALS: No data

CROP CONDITIONS (USDA Weekly): No data

WASDE ESTIMATES (USDA Monthly Forecasts):
  WHEAT:
    Area Planted: 42.70 Million Acres (2026-07-15)
    Area Harvested: 32.10 Million Acres (2026-07-15)
    Yield per Harvested Acre: 47.90 Bushels (2026-07-15)
    Beginning Stocks: 920.0 Million Bushels (revised DOWN -15.00 vs prior month)
    Production: 1,536 Million Bushels (revised DOWN -7.00 vs prior month)
    Imports: 140.0 Million Bushels (unchanged vs prior month)
    Supply, Total: 2,596 Million Bushels (revised DOWN -22.00 vs prior month)
    Food: 960.0 Million Bushels (unchanged vs prior month)
    Seed: 59.00 Million Bushels (unchanged vs prior month)
    Feed and Residual: 80.00 Million Bushels (unchanged vs prior month)
    Domestic, Total: 1,099 Million Bushels (unchanged vs prior month)
    Exports: 775.0 Million Bushels (unchanged vs prior month)
    Use, Total: 1,874 Million Bushels (unchanged vs prior month)
    Ending Stocks: 722.0 Million Bushels (revised DOWN -22.00 vs prior month)
    Avg. Farm Price ($/bu): 6.00 $/bu (unchanged vs prior month)
  CORN:
    Area Planted: 98.80 Million Acres (unchanged vs prior month)
    Area Harvested: 91.30 Million Acres (unchanged vs prior month)
    Yield per Harvested Acre: 186.5 Bushels (unchanged vs prior month)
    Beginning Stocks: 2,020 Million Bushels (revised DOWN -125.0 vs prior month)
    Production: 16,000 Million Bushels (revised UP +5.00 vs prior month)
    Imports: 25.00 Million Bushels (unchanged vs prior month)
    Supply, Total: 18,045 Million Bushels (revised DOWN -120.0 vs prior month)
    Feed and Residual: 6,100 Million Bushels (unchanged vs prior month)
    Food, Seed & Industrial: 6,955 Million Bushels (unchanged vs prior month)
    Ethanol & by-products: 5,600 Million Bushels (unchanged vs prior month)
    Domestic, Total: 13,055 Million Bushels (unchanged vs prior month)
    Exports: 3,200 Million Bushels (revised UP +50.00 vs prior month)
    Use, Total: 16,255 Million Bushels (revised UP +50.00 vs prior month)
    Ending Stocks: 1,790 Million Bushels (revised DOWN -170.0 vs prior month)
    Avg. Farm Price ($/bu): 4.40 $/bu (unchanged vs prior month)
  SOYBEANS:
    Area Planted: 81.20 Million Acres (unchanged vs prior month)
    Area Harvested: 80.40 Million Acres (unchanged vs prior month)
    Yield per Harvested Acre: 53.00 Bushels (unchanged vs prior month)
    Beginning Stocks: 330.0 Million Bushels (revised DOWN -10.00 vs prior month)
    Production: 4,475 Million Bushels (revised UP +40.00 vs prior month)
    Imports: 25.00 Million Bushels (unchanged vs prior month)
    Supply, Total: 4,830 Million Bushels (revised UP +30.00 vs prior month)
    Crushings: 2,750 Million Bushels (unchanged vs prior month)
    Exports: 1,660 Million Bushels (revised UP +30.00 vs prior month)
    Seed: 72.00 Million Bushels (unchanged vs prior month)
    Residual: 38.00 Million Bushels (unchanged vs prior month)
    Use, Total: 4,520 Million Bushels (revised UP +30.00 vs prior month)
    Ending Stocks: 310.0 Million Bushels (unchanged vs prior month)
    Avg. Farm Price ($/bu): 11.40 $/bu (unchanged vs prior month)
  SOYBEAN_OIL:
    Beginning Stocks: 1,837 Million Pounds (unchanged vs prior month)
    Production: 32,590 Million Pounds (unchanged vs prior month)
    Imports: 600.0 Million Pounds (unchanged vs prior month)
    Supply, Total: 35,027 Million Pounds (unchanged vs prior month)
    Domestic Disappearance: 32,750 Million Pounds (unchanged vs prior month)
    Biofuel: 17,800 Million Pounds (unchanged vs prior month)
    Food, Feed & other Industrial: 14,950 Million Pounds (unchanged vs prior month)
    Exports: 400.0 Million Pounds (unchanged vs prior month)
    Use, Total: 33,150 Million Pounds (unchanged vs prior month)
    Ending stocks: 1,877 Million Pounds (unchanged vs prior month)
    Avg. Price (c/lb): 70.00 c/lb (unchanged vs prior month)
  SOYBEAN_MEAL:
    Beginning Stocks: 450.0 Thousand Short Tons (unchanged vs prior month)
    Production: 64,985 Thousand Short Tons (revised DOWN -40.00 vs prior month)
    Imports: 840.0 Thousand Short Tons (revised UP +40.00 vs prior month)
    Supply, Total: 66,275 Thousand Short Tons (unchanged vs prior month)
    Domestic Disappearance: 43,825 Thousand Short Tons (revised DOWN -300.0 vs prior month)
    Exports: 22,000 Thousand Short Tons (revised UP +300.0 vs prior month)
    Use, Total: 65,825 Thousand Short Tons (unchanged vs prior month)
    Ending Stocks: 450.0 Thousand Short Tons (unchanged vs prior month)
    Avg. Price ($/s.t.): 310.0 $/s.t. (unchanged vs prior month)
  COTTON:
    Planted: 9.28 Million Acres (unchanged vs prior month)
    Harvested: 7.83 Million Acres (unchanged vs prior month)
    Yield per Harvested Acre: 852.0 Pounds (unchanged vs prior month)
    Beginning Stocks: 4.20 Million 480 Pound Bales (unchanged vs prior month)
    Production: 13.70 Million 480 Pound Bales (revised UP +0.40 vs prior month)
    Imports: 0.01 Million 480 Pound Bales (unchanged vs prior month)
    Supply, Total: 17.91 Million 480 Pound Bales (revised UP +0.40 vs prior month)
    Domestic Use: 1.60 Million 480 Pound Bales (unchanged vs prior month)
    Exports, Total: 12.30 Million 480 Pound Bales (unchanged vs prior month)
    Use, Total: 13.90 Million 480 Pound Bales (unchanged vs prior month)
    Unaccounted: -0.10 Million 480 Pound Bales (unchanged vs prior month)
    Ending Stocks: 4.10 Million 480 Pound Bales (revised UP +0.40 vs prior month)
    Avg. Farm Price: 73.00  (unchanged vs prior month)

STOCKS-TO-USE (US balance sheet, source: PSD):
  Soybeans: 6.9% (MY 2026) | prior 5-yr range: 6.1%–8.3%
  Corn: 11.0% (MY 2026) | prior 5-yr range: 9.2%–12.2%
  Wheat: 38.6% (MY 2026) | prior 5-yr range: 30.4%–45.0%
  Cotton: No data
  Soybean Meal: 0.7% (MY 2026) | prior 5-yr range: 0.6%–0.8%
  Soybean Oil: 5.7% (MY 2026) | prior 5-yr range: 5.6%–7.5%

EXPORT SALES (USDA Weekly): No data (set FAS_API_KEY to enable)

EXPORT INSPECTIONS (USDA Weekly):
  Corn: Inspected: 1,884,680 MT (w/e 07/30)
  Soybeans: Inspected: 343,941 MT (w/e 07/30)
  Wheat: Inspected: 335,313 MT (w/e 07/30)
  US export flows by port region (AMS tonnage, not basis):
    Soybeans (w/e 07/23): Gulf 219,159 MT (63%) | PNW 0 MT (0%) | Interior 120,772 MT (35%)
    Corn Yellow (w/e 07/23): Gulf 674,988 MT (46%) | PNW 456,666 MT (31%) | Interior 296,105 MT (20%)
  US shipments by destination country (AMS inspections):
    Soybeans (w/e 07/30): INDONESIA 78,705 MT (24%) | MEXICO 74,245 MT (22%) | GERMANY 58,129 MT (18%) | EGYPT 56,944 MT (17%) | TAIWAN 16,628 MT (5%)
    Corn Yellow (w/e 07/30): MEXICO 490,997 MT (26%) | KOREA REP 351,556 MT (19%) | COLOMBIA 271,599 MT (14%) | JAPAN 231,199 MT (12%) | SPAIN 113,636 MT (6%)

DCE CHINESE FUTURES (USD/MT):
  DCE Soybean: 724 USD/MT (CNY 4,875) | vs CBOT 434 USD/MT | premium +290 (as of 2026-08-07)
  DCE Soybean Meal: 468 USD/MT (CNY 3,154) | vs CBOT 349 USD/MT | premium +119 (as of 2026-08-07)
  DCE Soybean Oil: 1,253 USD/MT (CNY 8,443) | vs CBOT 1,487 USD/MT | premium -234 (as of 2026-08-07)
  DCE Palm Oil: 1,434 USD/MT (CNY 9,662) (as of 2026-08-07)
  DCE Corn: 333 USD/MT (CNY 2,245) (as of 2026-08-07)
  CZCE Rapeseed Oil: 1,506 USD/MT (CNY 10,144) (as of 2026-08-07)
  CZCE Rapeseed Meal: 323 USD/MT (CNY 2,173) (as of 2026-08-07)

FORWARD CURVE:
  Corn: Mild Contango: Sep 2026 441.25 → Sep 2027 485.00 (+43.75, +9.9%) — adequate supply / carrying costs priced in
  Cotton: Mild Backwardation: Oct 2026 81.38 → Oct 2027 80.88 (-0.50, -0.6%) — tight supply / strong nearby demand
  Lean Hogs: Mild Contango: Oct 2026 81.72 → Jun 2027 94.38 (+12.65, +15.5%) — adequate supply / carrying costs priced in
  Live Cattle: Mild Backwardation: Oct 2026 224.93 → Aug 2027 212.43 (-12.50, -5.6%) — tight supply / strong nearby demand
  Soybean Meal: Contango: Sep 2026 311.30 → May 2027 324.90 (+13.60, +4.4%) — adequate supply / carrying costs priced in
  Soybean Oil: Backwardation: Sep 2026 67.79 → May 2027 67.17 (-0.62, -0.9%) — tight supply / strong nearby demand
  Soybeans: Contango: Sep 2026 1163.25 → Jul 2027 1216.00 (+52.75, +4.5%) — adequate supply / carrying costs priced in
  Sugar: Mild Contango: Oct 2026 15.77 → Mar 2028 17.25 (+1.48, +9.4%) — adequate supply / carrying costs priced in
  Wheat: Contango: Sep 2026 632.25 → Sep 2027 684.75 (+52.50, +8.3%) — adequate supply / carrying costs priced in

BIOFUEL & ENERGY (EIA): No data (set EIA_API_KEY to enable)

BRAZIL CROP ESTIMATES (CONAB):
  Cotton (2025/26):
    Production: 3,978 1000 MT (vs USDA 18,000 1000 480 lb. Bales — units differ, no gap)
    Area: 2,020 1000 HA
    Yield: 1,969 KG/HA
    Production: 3,978 1000 MT (vs USDA 18,000 1000 480 lb. Bales — units differ, no gap)
    Area: 2,020 1000 HA
    Yield: 1,969 KG/HA
    Area: 2,020 1000 HA
    Area: 2,020 1000 HA
    Production: 3,978 1000 MT (vs USDA 18,000 1000 480 lb. Bales — units differ, no gap)
    Production: 3,978 1000 MT (vs USDA 18,000 1000 480 lb. Bales — units differ, no gap)
    Yield: 1,969 KG/HA
    Yield: 1,969 KG/HA
    Production: 3,978 1000 MT (vs USDA 18,000 1000 480 lb. Bales — units differ, no gap)
    Area: 2,020 1000 HA
    Yield: 1,969 KG/HA
    Area: 2,020 1000 HA
    Area: 2,020 1000 HA
    Area: 2,020 1000 HA
    Area: 2,020 1000 HA
    Production: 3,978 1000 MT (vs USDA 18,000 1000 480 lb. Bales — units differ, no gap)
    Production: 3,978 1000 MT (vs USDA 18,000 1000 480 lb. Bales — units differ, no gap)
    Production: 3,978 1000 MT (vs USDA 18,000 1000 480 lb. Bales — units differ, no gap)
    Production: 3,978 1000 MT (vs USDA 18,000 1000 480 lb. Bales — units differ, no gap)
    Yield: 1,969 KG/HA
    Yield: 1,969 KG/HA
    Yield: 1,969 KG/HA
    Yield: 1,969 KG/HA
  Corn (2025/26):
    Production: 140,463 1000 MT (vs USDA 139,000 — gap: +1,463)
    Area: 22,582 1000 HA
    Yield: 6,220 KG/HA
    Production: 140,463 1000 MT (vs USDA 139,000 — gap: +1,463)
    Area: 22,582 1000 HA
    Yield: 6,220 KG/HA
    Area: 22,582 1000 HA
    Area: 22,582 1000 HA
    Production: 140,463 1000 MT (vs USDA 139,000 — gap: +1,463)
    Production: 140,463 1000 MT (vs USDA 139,000 — gap: +1,463)
    Yield: 6,220 KG/HA
    Yield: 6,220 KG/HA
    Production: 140,463 1000 MT (vs USDA 139,000 — gap: +1,463)
    Area: 22,582 1000 HA
    Yield: 6,220 KG/HA
    Area: 22,582 1000 HA
    Area: 22,582 1000 HA
    Area: 22,582 1000 HA
    Area: 22,582 1000 HA
    Production: 140,463 1000 MT (vs USDA 139,000 — gap: +1,463)
    Production: 140,463 1000 MT (vs USDA 139,000 — gap: +1,463)
    Production: 140,463 1000 MT (vs USDA 139,000 — gap: +1,463)
    Production: 140,463 1000 MT (vs USDA 139,000 — gap: +1,463)
    Yield: 6,220 KG/HA
    Yield: 6,220 KG/HA
    Yield: 6,220 KG/HA
    Yield: 6,220 KG/HA
  Soybeans (2025/26):
    Production: 180,253 1000 MT (vs USDA 186,000 — gap: -5,747)
    Area: 48,563 1000 HA
    Yield: 3,712 KG/HA
    Production: 180,253 1000 MT (vs USDA 186,000 — gap: -5,747)
    Area: 48,563 1000 HA
    Yield: 3,712 KG/HA
    Area: 48,563 1000 HA
    Area: 48,563 1000 HA
    Production: 180,253 1000 MT (vs USDA 186,000 — gap: -5,747)
    Production: 180,253 1000 MT (vs USDA 186,000 — gap: -5,747)
    Yield: 3,712 KG/HA
    Yield: 3,712 KG/HA
    Production: 180,253 1000 MT (vs USDA 186,000 — gap: -5,747)
    Area: 48,563 1000 HA
    Yield: 3,712 KG/HA
    Area: 48,563 1000 HA
    Area: 48,563 1000 HA
    Area: 48,563 1000 HA
    Area: 48,563 1000 HA
    Production: 180,253 1000 MT (vs USDA 186,000 — gap: -5,747)
    Production: 180,253 1000 MT (vs USDA 186,000 — gap: -5,747)
    Production: 180,253 1000 MT (vs USDA 186,000 — gap: -5,747)
    Production: 180,253 1000 MT (vs USDA 186,000 — gap: -5,747)
    Yield: 3,712 KG/HA
    Yield: 3,712 KG/HA
    Yield: 3,712 KG/HA
    Yield: 3,712 KG/HA
  Wheat (2025):
    Production: 6,297 1000 MT (vs USDA 6,700 — gap: -403)
    Area: 2,117 1000 HA
    Yield: 2,974 KG/HA
    Production: 6,297 1000 MT (vs USDA 6,700 — gap: -403)
    Area: 2,117 1000 HA
    Yield: 2,974 KG/HA
    Area: 2,117 1000 HA
    Area: 2,117 1000 HA
    Production: 6,297 1000 MT (vs USDA 6,700 — gap: -403)
    Production: 6,297 1000 MT (vs USDA 6,700 — gap: -403)
    Yield: 2,974 KG/HA
    Yield: 2,974 KG/HA
    Production: 6,297 1000 MT (vs USDA 6,700 — gap: -403)
    Area: 2,117 1000 HA
    Yield: 2,974 KG/HA
    Area: 2,117 1000 HA
    Area: 2,117 1000 HA
    Area: 2,117 1000 HA
    Area: 2,117 1000 HA
    Production: 6,297 1000 MT (vs USDA 6,700 — gap: -403)
    Production: 6,297 1000 MT (vs USDA 6,700 — gap: -403)
    Production: 6,297 1000 MT (vs USDA 6,700 — gap: -403)
    Production: 6,297 1000 MT (vs USDA 6,700 — gap: -403)
    Yield: 2,974 KG/HA
    Yield: 2,974 KG/HA
    Yield: 2,974 KG/HA
    Yield: 2,974 KG/HA

CURRENCIES:
  BRL/USD: 0.1958 (Real weakening — Brazil exports cheaper)
  ARS/USD: 0.000667 (Peso weakening)
  PYG/USD: 0.000169 
  CNY/USD: 0.1484 (Yuan strengthening)
  IDR/USD: 0.00005591 (Rupiah strengthening)
  MYR/USD: 0.2447 (Ringgit weakening)
  INR/USD: 0.0105 
  THB/USD: 0.0303 
  ZAR/USD: 0.0616 
  NGN/USD: 0.000735 

COT POSITIONING:
  Soybeans: Commercials net short 162,472, -1.5σ vs 3yr, Specs net long 185,029, +1.5σ vs 3yr
  Soybean Oil: Commercials net short 120,277, -1.4σ vs 3yr, Specs net long 109,449, +1.4σ vs 3yr
  Soybean Meal: Commercials net short 137,822, -1.4σ vs 3yr, Specs net long 113,290, +1.3σ vs 3yr
  Corn: Commercials net short 151,006, -1.3σ vs 3yr, Specs net long 196,354, +1.2σ vs 3yr
  Wheat: Commercials net long 7,054, -2.0σ vs 3yr, Specs net short 5,384, +1.9σ vs 3yr
  Sugar: Commercials net long 76,457, +0.7σ vs 3yr, Specs net short 81,679, -0.7σ vs 3yr
  Cotton: Commercials net short 105,951, -1.9σ vs 3yr, Specs net long 98,453, +1.9σ vs 3yr
  Live Cattle: Commercials net short 55,231, +1.2σ vs 3yr, Specs net long 68,876, -1.2σ vs 3yr
  Lean Hogs: Commercials net long 9,174, +1.5σ vs 3yr, Specs net short 5,806, -1.5σ vs 3yr

WEATHER ALERTS:
  US Midwest (Iowa): Dry conditions — watch soil moisture [-0.3σ vs 90d]
  US Illinois: Dry conditions — watch soil moisture [-0.3σ vs 90d]
  Brazil Mato Grosso: Dry spell — 25 consecutive days <1mm — soil moisture depleting
  Brazil Parana: Heavy rain (23mm) — harvest delays possible [+2.5σ vs 90d]
  Argentina Pampas: Dry conditions — watch soil moisture [-0.3σ vs 90d]
  Argentina Cordoba: Dry conditions — watch soil moisture [-0.4σ vs 90d]
  Indonesia Riau (Sumatra): Dry conditions — watch soil moisture [-0.8σ vs 90d]
  India Madhya Pradesh: Dry conditions — watch soil moisture [-0.9σ vs 90d]
  Thailand Surat Thani: Dry conditions — watch soil moisture [-0.9σ vs 90d]
  South Africa Free State: Dry spell — 10 consecutive days <1mm — soil moisture depleting
  South Africa Mpumalanga: Dry spell — 41 consecutive days <1mm — soil moisture depleting

GLOBAL SUPPLY (USDA PSD):
  Brazil soybeans production: 186,000 (1000 MT)
  China soybeans imports: 115,000 (1000 MT)
  United States soybeans production: 121,790 (1000 MT)
  Indonesia palm oil production: 47,500 (1000 MT)
  Argentina (top soymeal/oil exporter):
    Soybeans production: 50,000 (1000 MT) (+0.0% YoY)
    Soybean Meal exports: 29,400 (1000 MT) (+1.4% YoY)
    Soybean Oil exports: 6,650 (1000 MT) (+3.1% YoY)

WORLD PRICES (World Bank Monthly):
  Palm Oil: $1,101/mt (-0.3% vs last month)
  Soybeans: $459/mt (-1.1% vs last month)
  Soybean Oil: $1,660/mt (-4.6% vs last month)
  Soybean Meal: $398/mt (-5.0% vs last month)
  Rapeseed Oil: $1,494/mt (-1.8% vs last month)
  Sunflower Oil: $1,483/mt (-1.7% vs last month)

EMERGING MARKETS (Soybeans):
  South Africa:
    Beginning Stocks: 475 (1000 MT) (+35.7% YoY)
    Crush: 2,000 (1000 MT) (+5.3% YoY)
    Domestic Consumption: 2,625 (1000 MT) (+4.0% YoY)
    Ending Stocks: 335 (1000 MT) (-29.5% YoY)
    Exports: 325 (1000 MT) (-27.8% YoY)
    Imports: 10 (1000 MT) (-80.0% YoY)
    Production: 2,800 (1000 MT) (-8.2% YoY)
    Total Distribution: 3,285 (1000 MT) (-4.8% YoY)
    Total Supply: 3,285 (1000 MT) (-4.8% YoY)
    Currency: ZAR/USD: 0.0616, week: +1.6%
    Weather: South Africa Free State — Dry
    Weather: South Africa Mpumalanga — Dry
    SAFEX Soybean: R8,082/MT / $497.7/MT
    SAFEX-CBOT Basis: $+63.7/MT (sub-Saharan premium)
  India:
    Beginning Stocks: 741 (1000 MT) (+12.4% YoY)
    Crush: 10,000 (1000 MT) (+2.3% YoY)
    Domestic Consumption: 11,875 (1000 MT) (+2.2% YoY)
    Ending Stocks: 541 (1000 MT) (-27.0% YoY)
    Exports: 25 (1000 MT) (+25.0% YoY)
    Imports: 200 (1000 MT) (-71.4% YoY)
    Production: 11,500 (1000 MT) (+4.3% YoY)
    Total Distribution: 12,441 (1000 MT) (+0.4% YoY)
    Total Supply: 12,441 (1000 MT) (+0.4% YoY)
    Currency: INR/USD: 0.0105, week: +0.5%
  Nigeria:
    Beginning Stocks: 222 (1000 MT) (-9.8% YoY)
    Crush: 975 (1000 MT) (+0.0% YoY)
    Domestic Consumption: 1,450 (1000 MT) (+3.6% YoY)
    Ending Stocks: 223 (1000 MT) (+0.5% YoY)
    Exports: 50 (1000 MT) (-60.0% YoY)
    Imports: 1 (1000 MT) (+0.0% YoY)
    Production: 1,500 (1000 MT) (+0.0% YoY)
    Total Distribution: 1,723 (1000 MT) (-1.4% YoY)
    Total Supply: 1,723 (1000 MT) (-1.4% YoY)
    Currency: NGN/USD: 0.0007, week: +0.2%
  Brazil:
    Beginning Stocks: 37,688 (1000 MT) (+0.0% YoY)
    Crush: 65,000 (1000 MT) (+5.7% YoY)
    Domestic Consumption: 69,600 (1000 MT) (+5.6% YoY)
    Ending Stocks: 36,888 (1000 MT) (-2.1% YoY)
    Exports: 118,000 (1000 MT) (+2.6% YoY)
    Imports: 800 (1000 MT) (-11.1% YoY)
    Production: 186,000 (1000 MT) (+3.3% YoY)
    Total Distribution: 224,488 (1000 MT) (+2.7% YoY)
    Total Supply: 224,488 (1000 MT) (+2.7% YoY)
    Currency: BRL/USD: 0.1958, week: -0.6%
    Weather: Brazil Mato Grosso — Dry
    CEPEA: R$2,291.67/MT / $446.0/MT
    Brazil-CBOT Basis: $+20.8/MT (premium)
    CONAB PR Farmgate: R$2,060.00/MT (CEPEA +11.2% vs farmgate)
    Weekly Chg: -0.2%

CORRELATIONS:
  Cross-commodity (daily returns):
    Soybeans vs Soybean Oil: 0.52 (moderate positive)
    Soybeans vs Soybean Meal: 0.75 (strong positive)
    Soybeans vs Corn: 0.53 (moderate positive)
    Corn vs Wheat: 0.55 (moderate positive)
  Commodity-currency:
    Soybeans vs BRL/USD: 0.04 (BRL weakening → cheaper Brazil exports → soy pressure)

SEASONAL ANALYSIS:
  Soybeans: Above seasonal norm (+7.9% vs this month's typical deviation from 12m trend)
  Soybean Oil: Above seasonal norm (+11.7% vs this month's typical deviation from 12m trend)
  Soybean Meal: Above seasonal norm (+3.2% vs this month's typical deviation from 12m trend)
  Corn: Above seasonal norm (+14.4% vs this month's typical deviation from 12m trend)
  Wheat: Above seasonal norm (+14.3% vs this month's typical deviation from 12m trend)
  Sugar: Above seasonal norm (+11.0% vs this month's typical deviation from 12m trend)
  Cotton: Above seasonal norm (+22.1% vs this month's typical deviation from 12m trend)
  Live Cattle: Below seasonal norm (-3.2% vs this month's typical deviation from 12m trend)
  Lean Hogs: Above seasonal norm (+3.6% vs this month's typical deviation from 12m trend)
  Palm Oil (CME): Above seasonal norm (+11.4% vs this month's typical deviation from 12m trend)

MARKET DRIVERS:
  1. Corn outperforming soybeans (+5.4% vs +0.8% this week): if sustained, farmers may shift acreage to corn next planting season
  2. Corn in steep contango (+9.9%): market expects adequate supply, carrying costs elevated
  3. Wheat in steep contango (+8.3%): market expects adequate supply, carrying costs elevated
  4. CONAB vs USDA divergence: CONAB estimates Brazil soybean production 5,747 1000 MT lower than USDA — USDA may revise down

SIGNALS:
  [WARNING]  Sugar RSI overbought (72)
  [INFO]     Cotton volume spike (207.4x normal)","[{""date"": ""2026-08-07 00:00:00"", ""commodity"": ""Sugar"", ""signal_type"": ""rsi_overbought"", ""severity"": ""warning"", ""description"": ""Sugar RSI overbought (72)""}, {""date"": ""2026-08-07 00:00:00"", ""commodity"": ""Cotton"", ""signal_type"": ""volume_spike"", ""severity"": ""info"", ""description"": ""Cotton volume spike (207.4x normal)""}]","{""schema_version"": 2, ""prices"": {""Soybeans"": {""close"": 1181.25, ""daily_pct_change"": 2.0738820479585307, ""weekly_pct_change"": 0.7892491467576868, ""rsi"": 50.28819968758867, ""macd"": -2.026357616103951, ""macd_signal"": 4.93620485561165, ""macd_histogram"": -6.962562471715601, ""ma_20"": 1196.825, ""ma_50"": 1163.655, ""ma_200"": 1134.84, ""bb_upper"": 1253.570994525936, ""bb_middle"": 1196.825, ""bb_lower"": 1140.0790054740642, ""bb_width"": 9.482755545035554, ""hv_20"": 20.3843515750807, ""hv_60"": 20.550250316258523, ""close_usd_mt"": 434.03495624999994}, ""Soybean Oil"": {""close"": 67.44999694824219, ""daily_pct_change"": -0.36927623525763176, ""weekly_pct_change"": 0.4916480753227592, ""rsi"": 36.962965159038276, ""macd"": -1.2286574890433997, ""macd_signal"": -0.7277772756099247, ""macd_histogram"": -0.500880213433475, ""ma_20"": 71.3625, ""ma_50"": 72.0613998413086, ""ma_200"": 62.59099998474121, ""bb_upper"": 77.44337267226784, ""bb_middle"": 71.3625, ""bb_lower"": 65.28162732773215, ""bb_width"": 17.04220752430995, ""hv_20"": 27.591468649052526, ""hv_60"": 26.679656211563348, ""close_usd_mt"": 1487.0161227203369}, ""Soybean Meal"": {""close"": 316.6000061035156, ""daily_pct_change"": 1.8989358431543923, ""weekly_pct_change"": 1.409350968752232, ""rsi"": 50.26940626230862, ""macd"": -0.9861031743665194, ""macd_signal"": 0.3097526622099217, ""macd_histogram"": -1.295855836576441, ""ma_20"": 319.23499908447263, ""ma_50"": 314.0320001220703, ""ma_200"": 312.605, ""bb_upper"": 332.9131431607793, ""bb_middle"": 319.23499908447263, ""bb_lower"": 305.55685500816594, ""bb_width"": 8.56932611745827, ""hv_20"": 19.7494571556971, ""hv_60"": 19.04120548087357, ""close_usd_mt"": 348.9916677452952}, ""Corn"": {""close"": 464.5, ""daily_pct_change"": 5.808656036446469, ""weekly_pct_change"": 5.388542257515594, ""rsi"": 60.83492188661479, ""macd"": 3.568266513118431, ""macd_signal"": 4.295389435408127, ""macd_histogram"": -0.7271229222896958, ""ma_20"": 448.7625, ""ma_50"": 433.71, ""ma_200"": 439.7825, ""bb_upper"": 468.16303919499325, ""bb_middle"": 448.7625, ""bb_lower"": 429.36196080500673, ""bb_width"": 8.646239021751263, ""hv_20"": 31.446500141425314, ""hv_60"": 28.50011444232176, ""close_usd_mt"": 182.8657535}, ""Wheat"": {""close"": 632.0, ""daily_pct_change"": 0.11881188118811892, ""weekly_pct_change"": -1.1341415721548675, ""rsi"": 45.688844536100106, ""macd"": 3.535885724037257, ""macd_signal"": 10.182258020994471, ""macd_histogram"": -6.646372296957214, ""ma_20"": 660.3125, ""ma_50"": 621.26, ""ma_200"": 577.05, ""bb_upper"": 706.4806352290424, ""bb_middle"": 660.3125, ""bb_lower"": 614.1443647709576, ""bb_width"": 13.983722927868964, ""hv_20"": 39.03779231404681, ""hv_60"": 31.24616353218003, ""close_usd_mt"": 232.22018399999996}, ""Sugar"": {""close"": 15.800000190734863, ""daily_pct_change"": 1.477202957088708, ""weekly_pct_change"": 7.776264360084517, ""rsi"": 72.0528153562654, ""macd"": 0.22679750311830205, ""macd_signal"": 0.13352342873910708, ""macd_histogram"": 0.09327407437919497, ""ma_20"": 14.846999979019165, ""ma_50"": 14.452400035858155, ""ma_200"": 14.571750016212464, ""bb_upper"": 15.542189460079669, ""bb_middle"": 14.846999979019165, ""bb_lower"": 14.15181049795866, ""bb_width"": 9.364713168221215, ""hv_20"": 22.08600186528342, ""hv_60"": 24.584759452451987, ""close_usd_mt"": 348.3299642049789}, ""Cotton"": {""close"": 82.61000061035156, ""daily_pct_change"": 0.7930716607365662, ""weekly_pct_change"": 2.6211187706230543, ""rsi"": 65.59320474325935, ""macd"": 1.4597035480762202, ""macd_signal"": 1.2063618247348478, ""macd_histogram"": 0.2533417233413724, ""ma_20"": 79.73549957275391, ""ma_50"": 76.57639999389649, ""ma_200"": 69.97605005264282, ""bb_upper"": 82.84354173746921, ""bb_middle"": 79.73549957275391, ""bb_lower"": 76.62745740803861, ""bb_width"": 7.79588058360228, ""hv_20"": 21.09309968957717, ""hv_60"": 29.625800501889447, ""close_usd_mt"": 1821.2365954559325}, ""Live Cattle"": {""close"": 231.22500610351562, ""daily_pct_change"": -1.2597403265924956, ""weekly_pct_change"": 0.0, ""rsi"": 44.824511863987055, ""macd"": -2.686380983031029, ""macd_signal"": -4.121670735692773, ""macd_histogram"": 1.4352897526617445, ""ma_20"": 229.19375076293946, ""ma_50"": 241.3435009765625, ""ma_200"": 237.98849990844727, ""bb_upper"": 236.29048860344048, ""bb_middle"": 229.19375076293946, ""bb_lower"": 222.09701292243844, ""bb_width"": 6.192784765620722, ""hv_20"": 14.868853862462567, ""hv_60"": 18.445872234100204, ""close_usd_mt"": 5097.6327295593255}, ""Lean Hogs"": {""close"": 95.5, ""daily_pct_change"": -1.138714794509832, ""weekly_pct_change"": -2.971808952060351, ""rsi"": 39.70674716240257, ""macd"": 0.41403646161926133, ""macd_signal"": 1.1824026453186114, ""macd_histogram"": -0.7683661836993501, ""ma_20"": 99.12375030517578, ""ma_50"": 96.31449996948243, ""ma_200"": 90.144375, ""bb_upper"": 105.16456404785339, ""bb_middle"": 99.12375030517578, ""bb_lower"": 93.08293656249816, ""bb_width"": 12.188428553357895, ""hv_20"": 25.113096895952573, ""hv_60"": 27.324300404200745, ""close_usd_mt"": 2105.4121}, ""Palm Oil (CME)"": {""close"": 1151.25, ""daily_pct_change"": -0.19505851755526882, ""weekly_pct_change"": 2.0611702127659504, ""rsi"": 68.56275101008, ""macd"": 5.285587022235632, ""macd_signal"": 1.8533219201190871, ""macd_histogram"": 3.4322651021165447, ""ma_20"": 1129.2375, ""ma_50"": 1129.625, ""ma_200"": 1082.33625, ""bb_upper"": 1150.6239658384754, ""bb_middle"": 1129.2375, ""bb_lower"": 1107.8510341615245, ""bb_width"": 3.787771100140668, ""hv_20"": 7.203816823806959, ""hv_60"": 10.821523058224061, ""close_usd_mt"": 1151.25}}, ""crush_spread"": {""value_cents"": 257.21997985839835, ""value_usd_mt"": 94.5121377392303, ""oil_value_share"": 0.5157910674671855, ""chg_5d_cents"": 4.059922790527253}, ""brazil_basis"": {""paranagua_fob"": {""basis_usd_mt"": 45.09002310559805, ""basis_pct"": 0.10604016182902873, ""spot_usd_mt"": 470.306491355598, ""cbot_usd_mt"": 425.21646824999993, ""brl_usd"": 0.19460931420326233}, ""cepea_parana"": {""basis_usd_mt"": 20.76385883019026, ""basis_pct"": 0.04883126685014101, ""spot_usd_mt"": 445.9803270801902, ""cbot_usd_mt"": 425.21646824999993, ""brl_usd"": 0.19460931420326233}, ""port_farm_wedge_usd_mt"": 24.32616427540779}, ""economic"": {}, ""yield_curve"": null, ""usda"": {}, ""crop_progress"": {}, ""wasde"": {""CORN"": {""Area Harvested"": {""value"": 91.3, ""unit"": ""Million Acres"", ""marketing_year"": ""2025/26"", ""reference_period"": ""2026-07-15"", ""mom_revision"": 0.0}, ""Area Planted"": {""value"": 98.8, ""unit"": ""Million Acres"", ""marketing_year"": ""2025/26"", ""reference_period"": ""2026-07-15"", ""mom_revision"": 0.0}, ""Avg. Farm Price ($/bu)"": {""value"": 4.4, ""unit"": ""$/bu"", ""marketing_year"": ""2026/27"", ""reference_period"": ""2026-07-15"", ""mom_revision"": 0.0}, ""Beginning Stocks"": {""value"": 2020.0, ""unit"": ""Million Bushels"", ""marketing_year"": ""2026/27"", ""reference_period"": ""2026-07-15"", ""mom_revision"": -125.0}, ""Domestic, Total"": {""value"": 13055.0, ""unit"": ""Million Bushels"", ""marketing_year"": ""2026/27"", ""reference_period"": ""2026-07-15"", ""mom_revision"": 0.0}, ""Ending Stocks"": {""value"": 1790.0, ""unit"": ""Million Bushels"", ""marketing_year"": ""2026/27"", ""reference_period"": ""2026-07-15"", ""mom_revision"": -170.0}, ""Ethanol & by-products"": {""value"": 5600.0, ""unit"": ""Million Bushels"", ""marketing_year"": ""2026/27"", ""reference_period"": ""2026-07-15"", ""mom_revision"": 0.0}, ""Exports"": {""value"": 3200.0, ""unit"": ""Million Bushels"", ""marketing_year"": ""2026/27"", ""reference_period"": ""2026-07-15"", ""mom_revision"": 50.0}, ""Feed and Residual"": {""value"": 6100.0, ""unit"": ""Million Bushels"", ""marketing_year"": ""2026/27"", ""reference_period"": ""2026-07-15"", ""mom_revision"": 0.0}, ""Food, Seed & Industrial"": {""value"": 6955.0, ""unit"": ""Million Bushels"", ""marketing_year"": ""2026/27"", ""reference_period"": ""2026-07-15"", ""mom_revision"": 0.0}, ""Imports"": {""value"": 25.0, ""unit"": ""Million Bushels"", ""marketing_year"": ""2026/27"", ""reference_period"": ""2026-07-15"", ""mom_revision"": 0.0}, ""Production"": {""value"": 16000.0, ""unit"": ""Million Bushels"", ""marketing_year"": ""2026/27"", ""reference_period"": ""2026-07-15"", ""mom_revision"": 5.0}, ""Supply, Total"": {""value"": 18045.0, ""unit"": ""Million Bushels"", ""marketing_year"": ""2026/27"", ""reference_period"": ""2026-07-15"", ""mom_revision"": -120.0}, ""Use, Total"": {""value"": 16255.0, ""unit"": ""Million Bushels"", ""marketing_year"": ""2026/27"", ""reference_period"": ""2026-07-15"", ""mom_revision"": 50.0}, ""Yield per Harvested Acre"": {""value"": 186.5, ""unit"": ""Bushels"", ""marketing_year"": ""2025/26"", ""reference_period"": ""2026-07-15"", ""mom_revision"": 0.0}}, ""COTTON"": {""Avg. Farm Price"": {""value"": 73.0, ""unit"": null, ""marketing_year"": ""2026/27"", ""reference_period"": ""2026-07-15"", ""mom_revision"": 0.0}, ""Beginning Stocks"": {""value"": 4.2, ""unit"": ""Million 480 Pound Bales"", ""marketing_year"": ""2026/27"", ""reference_period"": ""2026-07-15"", ""mom_revision"": 0.0}, ""Domestic Use"": {""value"": 1.6, ""unit"": ""Million 480 Pound Bales"", ""marketing_year"": ""2026/27"", ""reference_period"": ""2026-07-15"", ""mom_revision"": 0.0}, ""Ending Stocks"": {""value"": 4.1, ""unit"": ""Million 480 Pound Bales"", ""marketing_year"": ""2026/27"", ""reference_period"": ""2026-07-15"", ""mom_revision"": 0.39999999999999947}, ""Exports, Total"": {""value"": 12.3, ""unit"": ""Million 480 Pound Bales"", ""marketing_year"": ""2026/27"", ""reference_period"": ""2026-07-15"", ""mom_revision"": 0.0}, ""Harvested"": {""value"": 7.83, ""unit"": ""Million Acres"", ""marketing_year"": ""2025/26"", ""reference_period"": ""2026-07-15"", ""mom_revision"": 0.0}, ""Imports"": {""value"": 0.01, ""unit"": ""Million 480 Pound Bales"", ""marketing_year"": ""2026/27"", ""reference_period"": ""2026-07-15"", ""mom_revision"": 0.0}, ""Planted"": {""value"": 9.28, ""unit"": ""Million Acres"", ""marketing_year"": ""2025/26"", ""reference_period"": ""2026-07-15"", ""mom_revision"": 0.0}, ""Production"": {""value"": 13.7, ""unit"": ""Million 480 Pound Bales"", ""marketing_year"": ""2026/27"", ""reference_period"": ""2026-07-15"", ""mom_revision"": 0.3999999999999986}, ""Supply, Total"": {""value"": 17.91, ""unit"": ""Million 480 Pound Bales"", ""marketing_year"": ""2026/27"", ""reference_period"": ""2026-07-15"", ""mom_revision"": 0.3999999999999986}, ""Unaccounted"": {""value"": -0.1, ""unit"": ""Million 480 Pound Bales"", ""marketing_year"": ""2026/27"", ""reference_period"": ""2026-07-15"", ""mom_revision"": 0.0}, ""Use, Total"": {""value"": 13.9, ""unit"": ""Million 480 Pound Bales"", ""marketing_year"": ""2026/27"", ""reference_period"": ""2026-07-15"", ""mom_revision"": 0.0}, ""Yield per Harvested Acre"": {""value"": 852.0, ""unit"": ""Pounds"", ""marketing_year"": ""2025/26"", ""reference_period"": ""2026-07-15"", ""mom_revision"": 0.0}}, ""SOYBEANS"": {""Area Harvested"": {""value"": 80.4, ""unit"": ""Million Acres"", ""marketing_year"": ""2025/26"", ""reference_period"": ""2026-07-15"", ""mom_revision"": 0.0}, ""Area Planted"": {""value"": 81.2, ""unit"": ""Million Acres"", ""marketing_year"": ""2025/26"", ""reference_period"": ""2026-07-15"", ""mom_revision"": 0.0}, ""Avg. Farm Price ($/bu)"": {""value"": 11.4, ""unit"": ""$/bu"", ""marketing_year"": ""2026/27"", ""reference_period"": ""2026-07-15"", ""mom_revision"": 0.0}, ""Beginning Stocks"": {""value"": 330.0, ""unit"": ""Million Bushels"", ""marketing_year"": ""2026/27"", ""reference_period"": ""2026-07-15"", ""mom_revision"": -10.0}, ""Crushings"": {""value"": 2750.0, ""unit"": ""Million Bushels"", ""marketing_year"": ""2026/27"", ""reference_period"": ""2026-07-15"", ""mom_revision"": 0.0}, ""Ending Stocks"": {""value"": 310.0, ""unit"": ""Million Bushels"", ""marketing_year"": ""2026/27"", ""reference_period"": ""2026-07-15"", ""mom_revision"": 0.0}, ""Exports"": {""value"": 1660.0, ""unit"": ""Million Bushels"", ""marketing_year"": ""2026/27"", ""reference_period"": ""2026-07-15"", ""mom_revision"": 30.0}, ""Imports"": {""value"": 25.0, ""unit"": ""Million Bushels"", ""marketing_year"": ""2026/27"", ""reference_period"": ""2026-07-15"", ""mom_revision"": 0.0}, ""Production"": {""value"": 4475.0, ""unit"": ""Million Bushels"", ""marketing_year"": ""2026/27"", ""reference_period"": ""2026-07-15"", ""mom_revision"": 40.0}, ""Residual"": {""value"": 38.0, ""unit"": ""Million Bushels"", ""marketing_year"": ""2026/27"", ""reference_period"": ""2026-07-15"", ""mom_revision"": 0.0}, ""Seed"": {""value"": 72.0, ""unit"": ""Million Bushels"", ""marketing_year"": ""2026/27"", ""reference_period"": ""2026-07-15"", ""mom_revision"": 0.0}, ""Supply, Total"": {""value"": 4830.0, ""unit"": ""Million Bushels"", ""marketing_year"": ""2026/27"", ""reference_period"": ""2026-07-15"", ""mom_revision"": 30.0}, ""Use, Total"": {""value"": 4520.0, ""unit"": ""Million Bushels"", ""marketing_year"": ""2026/27"", ""reference_period"": ""2026-07-15"", ""mom_revision"": 30.0}, ""Yield per Harvested Acre"": {""value"": 53.0, ""unit"": ""Bushels"", ""marketing_year"": ""2025/26"", ""reference_period"": ""2026-07-15"", ""mom_revision"": 0.0}}, ""SOYBEAN_MEAL"": {""Avg. Price ($/s.t.)"": {""value"": 310.0, ""unit"": ""$/s.t."", ""marketing_year"": ""2026/27"", ""reference_period"": ""2026-07-15"", ""mom_revision"": 0.0}, ""Beginning Stocks"": {""value"": 450.0, ""unit"": ""Thousand Short Tons"", ""marketing_year"": ""2026/27"", ""reference_period"": ""2026-07-15"", ""mom_revision"": 0.0}, ""Domestic Disappearance"": {""value"": 43825.0, ""unit"": ""Thousand Short Tons"", ""marketing_year"": ""2026/27"", ""reference_period"": ""2026-07-15"", ""mom_revision"": -300.0}, ""Ending Stocks"": {""value"": 450.0, ""unit"": ""Thousand Short Tons"", ""marketing_year"": ""2026/27"", ""reference_period"": ""2026-07-15"", ""mom_revision"": 0.0}, ""Exports"": {""value"": 22000.0, ""unit"": ""Thousand Short Tons"", ""marketing_year"": ""2026/27"", ""reference_period"": ""2026-07-15"", ""mom_revision"": 300.0}, ""Imports"": {""value"": 840.0, ""unit"": ""Thousand Short Tons"", ""marketing_year"": ""2026/27"", ""reference_period"": ""2026-07-15"", ""mom_revision"": 40.0}, ""Production"": {""value"": 64985.0, ""unit"": ""Thousand Short Tons"", ""marketing_year"": ""2026/27"", ""reference_period"": ""2026-07-15"", ""mom_revision"": -40.0}, ""Supply, Total"": {""value"": 66275.0, ""unit"": ""Thousand Short Tons"", ""marketing_year"": ""2026/27"", ""reference_period"": ""2026-07-15"", ""mom_revision"": 0.0}, ""Use, Total"": {""value"": 65825.0, ""unit"": ""Thousand Short Tons"", ""marketing_year"": ""2026/27"", ""reference_period"": ""2026-07-15"", ""mom_revision"": 0.0}}, ""SOYBEAN_OIL"": {""Avg. Price (c/lb)"": {""value"": 70.0, ""unit"": ""c/lb"", ""marketing_year"": ""2026/27"", ""reference_period"": ""2026-07-15"", ""mom_revision"": 0.0}, ""Beginning Stocks"": {""value"": 1837.0, ""unit"": ""Million Pounds"", ""marketing_year"": ""2026/27"", ""reference_period"": ""2026-07-15"", ""mom_revision"": 0.0}, ""Biofuel"": {""value"": 17800.0, ""unit"": ""Million Pounds"", ""marketing_year"": ""2026/27"", ""reference_period"": ""2026-07-15"", ""mom_revision"": 0.0}, ""Domestic Disappearance"": {""value"": 32750.0, ""unit"": ""Million Pounds"", ""marketing_year"": ""2026/27"", ""reference_period"": ""2026-07-15"", ""mom_revision"": 0.0}, ""Ending stocks"": {""value"": 1877.0, ""unit"": ""Million Pounds"", ""marketing_year"": ""2026/27"", ""reference_period"": ""2026-07-15"", ""mom_revision"": 0.0}, ""Exports"": {""value"": 400.0, ""unit"": ""Million Pounds"", ""marketing_year"": ""2026/27"", ""reference_period"": ""2026-07-15"", ""mom_revision"": 0.0}, ""Food, Feed & other Industrial"": {""value"": 14950.0, ""unit"": ""Million Pounds"", ""marketing_year"": ""2026/27"", ""reference_period"": ""2026-07-15"", ""mom_revision"": 0.0}, ""Imports"": {""value"": 600.0, ""unit"": ""Million Pounds"", ""marketing_year"": ""2026/27"", ""reference_period"": ""2026-07-15"", ""mom_revision"": 0.0}, ""Production"": {""value"": 32590.0, ""unit"": ""Million Pounds"", ""marketing_year"": ""2026/27"", ""reference_period"": ""2026-07-15"", ""mom_revision"": 0.0}, ""Supply, Total"": {""value"": 35027.0, ""unit"": ""Million Pounds"", ""marketing_year"": ""2026/27"", ""reference_period"": ""2026-07-15"", ""mom_revision"": 0.0}, ""Use, Total"": {""value"": 33150.0, ""unit"": ""Million Pounds"", ""marketing_year"": ""2026/27"", ""reference_period"": ""2026-07-15"", ""mom_revision"": 0.0}}, ""WHEAT"": {""Area Harvested"": {""value"": 32.1, ""unit"": ""Million Acres"", ""marketing_year"": ""2026/27"", ""reference_period"": ""2026-07-15"", ""mom_revision"": null}, ""Area Planted"": {""value"": 42.7, ""unit"": ""Million Acres"", ""marketing_year"": ""2026/27"", ""reference_period"": ""2026-07-15"", ""mom_revision"": null}, ""Avg. Farm Price ($/bu)"": {""value"": 6.0, ""unit"": ""$/bu"", ""marketing_year"": ""2026/27"", ""reference_period"": ""2026-07-15"", ""mom_revision"": 0.0}, ""Beginning Stocks"": {""value"": 920.0, ""unit"": ""Million Bushels"", ""marketing_year"": ""2026/27"", ""reference_period"": ""2026-07-15"", ""mom_revision"": -15.0}, ""Domestic, Total"": {""value"": 1099.0, ""unit"": ""Million Bushels"", ""marketing_year"": ""2026/27"", ""reference_period"": ""2026-07-15"", ""mom_revision"": 0.0}, ""Ending Stocks"": {""value"": 722.0, ""unit"": ""Million Bushels"", ""marketing_year"": ""2026/27"", ""reference_period"": ""2026-07-15"", ""mom_revision"": -22.0}, ""Exports"": {""value"": 775.0, ""unit"": ""Million Bushels"", ""marketing_year"": ""2026/27"", ""reference_period"": ""2026-07-15"", ""mom_revision"": 0.0}, ""Feed and Residual"": {""value"": 80.0, ""unit"": ""Million Bushels"", ""marketing_year"": ""2026/27"", ""reference_period"": ""2026-07-15"", ""mom_revision"": 0.0}, ""Food"": {""value"": 960.0, ""unit"": ""Million Bushels"", ""marketing_year"": ""2026/27"", ""reference_period"": ""2026-07-15"", ""mom_revision"": 0.0}, ""Imports"": {""value"": 140.0, ""unit"": ""Million Bushels"", ""marketing_year"": ""2026/27"", ""reference_period"": ""2026-07-15"", ""mom_revision"": 0.0}, ""Production"": {""value"": 1536.0, ""unit"": ""Million Bushels"", ""marketing_year"": ""2026/27"", ""reference_period"": ""2026-07-15"", ""mom_revision"": -7.0}, ""Seed"": {""value"": 59.0, ""unit"": ""Million Bushels"", ""marketing_year"": ""2026/27"", ""reference_period"": ""2026-07-15"", ""mom_revision"": 0.0}, ""Supply, Total"": {""value"": 2596.0, ""unit"": ""Million Bushels"", ""marketing_year"": ""2026/27"", ""reference_period"": ""2026-07-15"", ""mom_revision"": -22.0}, ""Use, Total"": {""value"": 1874.0, ""unit"": ""Million Bushels"", ""marketing_year"": ""2026/27"", ""reference_period"": ""2026-07-15"", ""mom_revision"": 0.0}, ""Yield per Harvested Acre"": {""value"": 47.9, ""unit"": ""Bushels"", ""marketing_year"": ""2026/27"", ""reference_period"": ""2026-07-15"", ""mom_revision"": null}}}, ""stocks_to_use"": {""Corn"": {""ratio"": 0.1101100519259087, ""ending_stocks"": 45464.0, ""total_use"": 412896.0, ""marketing_year"": 2026, ""prior_5y_low"": 0.09241228429427137, ""prior_5y_high"": 0.1218232890340994, ""tight"": false}, ""Palm Oil"": {""ratio"": 0.07555555555555556, ""ending_stocks"": 136.0, ""total_use"": 1800.0, ""marketing_year"": 2026, ""prior_5y_low"": 0.060764798323729705, ""prior_5y_high"": 0.10191082802547771, ""tight"": false}, ""Soybean Meal"": {""ratio"": 0.006832454157246923, ""ending_stocks"": 408.0, ""total_use"": 59715.0, ""marketing_year"": 2026, ""prior_5y_low"": 0.005921135514214924, ""prior_5y_high"": 0.008280947775628626, ""tight"": false}, ""Soybean Oil"": {""ratio"": 0.05659373545255038, ""ending_stocks"": 851.0, ""total_use"": 15037.0, ""marketing_year"": 2026, ""prior_5y_low"": 0.05580693815987934, ""prior_5y_high"": 0.07484459179444675, ""tight"": false}, ""Soybeans"": {""ratio"": 0.06856998853779682, ""ending_stocks"": 8435.0, ""total_use"": 123013.0, ""marketing_year"": 2026, ""prior_5y_low"": 0.06136592526842258, ""prior_5y_high"": 0.08342061211519008, ""tight"": false}, ""Wheat"": {""ratio"": 0.3855414599713731, ""ending_stocks"": 19663.0, ""total_use"": 51001.0, ""marketing_year"": 2026, ""prior_5y_low"": 0.30357807328489456, ""prior_5y_high"": 0.4501429110715634, ""tight"": false}}, ""export_sales"": {}, ""inspections"": {""Corn"": {""week_ending"": ""2026-07-30"", ""inspections_mt"": 1884680.0}, ""Soybeans"": {""week_ending"": ""2026-07-30"", ""inspections_mt"": 343941.0}, ""Wheat"": {""week_ending"": ""2026-07-30"", ""inspections_mt"": 335313.0}}, ""inspection_destinations"": {""Corn White"": {""week_ending"": ""2026-07-30"", ""countries_mt"": {""PHILIPPINES"": 245.0, ""KOREA REP"": 98.0, ""JORDAN"": 24.0}}, ""Corn Yellow"": {""week_ending"": ""2026-07-30"", ""countries_mt"": {""MEXICO"": 490997.0, ""KOREA REP"": 351556.0, ""COLOMBIA"": 271599.0, ""JAPAN"": 231199.0, ""SPAIN"": 113636.0, ""TAIWAN"": 86918.0, ""NICARAGUA"": 61030.0, ""PORTUGAL"": 53885.0, ""VENEZUELA"": 52200.0, ""COSTA RICA"": 51423.0, ""PANAMA"": 41113.0, ""GUATEMALA"": 34713.0, ""UN KINGDOM"": 29897.0, ""BARBADOS"": 6293.0, ""MALAYSIA"": 3182.0, ""JAMAICA"": 2886.0, ""VIETNAM"": 1395.0, ""HONG KONG"": 220.0, ""PHILIPPINES"": 147.0, ""JORDAN"": 24.0}}, ""Sorghum"": {""week_ending"": ""2026-07-30"", ""countries_mt"": {""CHINA"": 60889.0, ""ERITREA"": 33002.0, ""JAPAN"": 9637.0}}, ""Soybeans"": {""week_ending"": ""2026-07-30"", ""countries_mt"": {""INDONESIA"": 78705.0, ""MEXICO"": 74245.0, ""GERMANY"": 58129.0, ""EGYPT"": 56944.0, ""TAIWAN"": 16628.0, ""COSTA RICA"": 12437.0, ""VIETNAM"": 9643.0, ""COLOMBIA"": 7411.0, ""MALAYSIA"": 6512.0, ""PHILIPPINES"": 3941.0, ""BARBADOS"": 3001.0, ""THAILAND"": 2742.0, ""NEPAL"": 588.0, ""KOREA REP"": 441.0, ""PERU"": 367.0, ""JAPAN"": 342.0}}, ""Wheat"": {""week_ending"": ""2026-07-30"", ""countries_mt"": {""KOREA REP"": 90198.0, ""THAILAND"": 68166.0, ""PHILIPPINES"": 57815.0, ""MEXICO"": 43810.0, ""TAIWAN"": 43743.0, ""HAITI"": 11942.0, ""DOMINICN REP"": 7128.0, ""BARBADOS"": 4951.0, ""SURINAME"": 4500.0, ""MALAYSIA"": 2326.0, ""VIETNAM"": 734.0}}}, ""argentina_fob"": {""Soybean Meal"": {""date"": ""2026-08-06"", ""spot_usd_mt"": 351.0, ""spot_ship_from"": ""2026-08"", ""curve"": {""2026-08"": 351.0, ""2026-09"": 352.0, ""2026-10"": 351.0, ""2026-11"": 356.0}}, ""Soybean Oil"": {""date"": ""2026-08-06"", ""spot_usd_mt"": 1191.0, ""spot_ship_from"": ""2026-08"", ""curve"": {""2026-08"": 1191.0, ""2026-09"": 1192.0, ""2026-10"": 1189.0, ""2026-11"": 1184.0, ""2027-01"": 1176.0, ""2027-04"": 1163.0}}, ""Soybeans"": {""date"": ""2026-08-06"", ""spot_usd_mt"": 451.0, ""spot_ship_from"": ""2026-08"", ""curve"": {""2026-08"": 451.0, ""2026-09"": 454.0, ""2026-10"": 455.0, ""2026-11"": 457.0}}}, ""port_flows"": {""Corn White"": {""week_ending"": ""2026-07-23"", ""regions_mt"": {""ATLANTIC"": 0.0, ""GULF"": 23237.0, ""INTERIOR"": 0.0, ""LAKES"": 0.0, ""PACIFIC"": 0.0}, ""prev_week_ending"": null, ""prev_regions_mt"": null}, ""Corn Yellow"": {""week_ending"": ""2026-07-23"", ""regions_mt"": {""ATLANTIC"": 13200.0, ""GULF"": 674988.0, ""INTERIOR"": 296105.0, ""LAKES"": 23832.0, ""PACIFIC"": 456666.0}, ""prev_week_ending"": null, ""prev_regions_mt"": null}, ""Flaxseed"": {""week_ending"": ""2026-07-23"", ""regions_mt"": {""ATLANTIC"": 0.0, ""GULF"": 0.0, ""INTERIOR"": 48.0, ""LAKES"": 0.0, ""PACIFIC"": 0.0}, ""prev_week_ending"": null, ""prev_regions_mt"": null}, ""Rye"": {""week_ending"": ""2026-07-23"", ""regions_mt"": {""ATLANTIC"": 0.0, ""GULF"": 0.0, ""INTERIOR"": 0.0, ""LAKES"": 0.0, ""PACIFIC"": 0.0}, ""prev_week_ending"": null, ""prev_regions_mt"": null}, ""Sorghum"": {""week_ending"": ""2026-07-23"", ""regions_mt"": {""ATLANTIC"": 0.0, ""GULF"": 38279.0, ""INTERIOR"": 1175.0, ""LAKES"": 0.0, ""PACIFIC"": 10687.0}, ""prev_week_ending"": null, ""prev_regions_mt"": null}, ""Soybeans"": {""week_ending"": ""2026-07-23"", ""regions_mt"": {""ATLANTIC"": 8919.0, ""GULF"": 219159.0, ""INTERIOR"": 120772.0, ""LAKES"": 0.0, ""PACIFIC"": 0.0}, ""prev_week_ending"": null, ""prev_regions_mt"": null}, ""Wheat"": {""week_ending"": ""2026-07-23"", ""regions_mt"": {""ATLANTIC"": 0.0, ""GULF"": 186782.0, ""INTERIOR"": 45126.0, ""LAKES"": 0.0, ""PACIFIC"": 162877.0}, ""prev_week_ending"": null, ""prev_regions_mt"": null}}, ""gulf_bids"": {""report_date"": ""2026-08-06"", ""deliveries"": {""Sep\u00b9"": {""basis_low_cents_bu"": 100.0, ""basis_high_cents_bu"": 100.0, ""futures_month"": 11, ""avg_price_usd_bu"": 12.7775, ""year_ago_usd_bu"": null}, ""Sep\u00b2"": {""basis_low_cents_bu"": 100.0, ""basis_high_cents_bu"": 102.0, ""futures_month"": 11, ""avg_price_usd_bu"": 12.7875, ""year_ago_usd_bu"": null}, ""Oct"": {""basis_low_cents_bu"": 105.0, ""basis_high_cents_bu"": 105.0, ""futures_month"": 11, ""avg_price_usd_bu"": 12.8275, ""year_ago_usd_bu"": 10.5725}, ""Nov\u00b9"": {""basis_low_cents_bu"": 114.0, ""basis_high_cents_bu"": 115.0, ""futures_month"": 11, ""avg_price_usd_bu"": 12.9225, ""year_ago_usd_bu"": null}, ""Nov\u00b2"": {""basis_low_cents_bu"": 115.0, ""basis_high_cents_bu"": 117.0, ""futures_month"": 11, ""avg_price_usd_bu"": 12.9375, ""year_ago_usd_bu"": null}, ""Dec"": {""basis_low_cents_bu"": 101.0, ""basis_high_cents_bu"": 105.0, ""futures_month"": 1, ""avg_price_usd_bu"": 12.9575, ""year_ago_usd_bu"": 10.785}}}, ""nass_crush"": null, ""dce"": {""CZCE Rapeseed Meal"": {""date"": ""2026-08-07"", ""close_cny"": 2173.0, ""cbot_commodity"": null, ""cbot_close"": null}, ""CZCE Rapeseed Oil"": {""date"": ""2026-08-07"", ""close_cny"": 10144.0, ""cbot_commodity"": null, ""cbot_close"": null}, ""DCE Corn"": {""date"": ""2026-08-07"", ""close_cny"": 2245.0, ""cbot_commodity"": null, ""cbot_close"": null}, ""DCE Palm Oil"": {""date"": ""2026-08-07"", ""close_cny"": 9662.0, ""cbot_commodity"": null, ""cbot_close"": null}, ""DCE Soybean"": {""date"": ""2026-08-07"", ""close_cny"": 4875.0, ""cbot_commodity"": ""Soybeans"", ""cbot_close"": 1181.25}, ""DCE Soybean Meal"": {""date"": ""2026-08-07"", ""close_cny"": 3154.0, ""cbot_commodity"": ""Soybean Meal"", ""cbot_close"": 316.6000061035156}, ""DCE Soybean Oil"": {""date"": ""2026-08-07"", ""close_cny"": 8443.0, ""cbot_commodity"": ""Soybean Oil"", ""cbot_close"": 67.44999694824219}}, ""forward_curve"": {""Corn"": {""structure"": ""mild contango"", ""front_price"": 441.25, ""back_price"": 485.0, ""spread"": 43.75, ""spread_pct"": 9.91501416430595, ""num_contracts"": 6, ""slope_per_month"": 3.6458333333333335}, ""Cotton"": {""structure"": ""mild backwardation"", ""front_price"": 81.37999725341797, ""back_price"": 80.87999725341797, ""spread"": -0.5, ""spread_pct"": -0.6144015936041334, ""num_contracts"": 6, ""slope_per_month"": -0.041666666666666664}, ""Lean Hogs"": {""structure"": ""mild contango"", ""front_price"": 81.7249984741211, ""back_price"": 94.375, ""spread"": 12.650001525878906, ""spread_pct"": 15.478741831833299, ""num_contracts"": 6, ""slope_per_month"": 1.5812501907348633}, ""Live Cattle"": {""structure"": ""mild backwardation"", ""front_price"": 224.9250030517578, ""back_price"": 212.4250030517578, ""spread"": -12.5, ""spread_pct"": -5.557407949494884, ""num_contracts"": 6, ""slope_per_month"": -1.25}, ""Soybean Meal"": {""structure"": ""contango"", ""front_price"": 311.29998779296875, ""back_price"": 324.8999938964844, ""spread"": 13.600006103515625, ""spread_pct"": 4.368778232192017, ""num_contracts"": 6, ""slope_per_month"": 1.7000007629394531}, ""Soybean Oil"": {""structure"": ""backwardation"", ""front_price"": 67.79000091552734, ""back_price"": 67.16999816894531, ""spread"": -0.6200027465820312, ""spread_pct"": -0.9145932116959438, ""num_contracts"": 6, ""slope_per_month"": -0.0775003433227539}, ""Soybeans"": {""structure"": ""contango"", ""front_price"": 1163.25, ""back_price"": 1216.0, ""spread"": 52.75, ""spread_pct"": 4.534708790027938, ""num_contracts"": 6, ""slope_per_month"": 5.275}, ""Sugar"": {""structure"": ""mild contango"", ""front_price"": 15.770000457763672, ""back_price"": 17.25, ""spread"": 1.4799995422363281, ""spread_pct"": 9.38490487809539, ""num_contracts"": 6, ""slope_per_month"": 0.08705879660213695}, ""Wheat"": {""structure"": ""contango"", ""front_price"": 632.25, ""back_price"": 684.75, ""spread"": 52.5, ""spread_pct"": 8.30367734282325, ""num_contracts"": 6, ""slope_per_month"": 4.375}}, ""eia"": {}, ""conab"": {""Corn"": {""crop_year"": ""2025/26"", ""attributes"": {""Production"": {""value"": 140463.1, ""unit"": ""1000 MT""}, ""Area"": {""value"": 22582.0, ""unit"": ""1000 HA""}, ""Yield"": {""value"": 6220.135506155345, ""unit"": ""KG/HA""}}, ""usda_production"": {""value"": 139000.0, ""unit"": ""(1000 MT)"", ""year"": 2026}}, ""Cotton"": {""crop_year"": ""2025/26"", ""attributes"": {""Production"": {""value"": 3978.4, ""unit"": ""1000 MT""}, ""Area"": {""value"": 2020.2, ""unit"": ""1000 HA""}, ""Yield"": {""value"": 1969.3099693099693, ""unit"": ""KG/HA""}}, ""usda_production"": {""value"": 18000.0, ""unit"": ""1000 480 lb. Bales"", ""year"": 2026}}, ""Soybeans"": {""crop_year"": ""2025/26"", ""attributes"": {""Production"": {""value"": 180252.69999999998, ""unit"": ""1000 MT""}, ""Area"": {""value"": 48563.3, ""unit"": ""1000 HA""}, ""Yield"": {""value"": 3711.7061649434854, ""unit"": ""KG/HA""}}, ""usda_production"": {""value"": 186000.0, ""unit"": ""(1000 MT)"", ""year"": 2026}}, ""Wheat"": {""crop_year"": ""2025"", ""attributes"": {""Production"": {""value"": 6296.8, ""unit"": ""1000 MT""}, ""Area"": {""value"": 2117.0, ""unit"": ""1000 HA""}, ""Yield"": {""value"": 2974.3977326405293, ""unit"": ""KG/HA""}}, ""usda_production"": {""value"": 6700.0, ""unit"": ""(1000 MT)"", ""year"": 2026}}}, ""currencies"": {""BRL/USD"": {""close"": 0.1957598328590393, ""chg_5d_pct"": -0.5911989157456227, ""chg_21d_pct"": 1.0805831198637754}, ""ARS/USD"": {""close"": 0.0006668889545835555, ""chg_5d_pct"": -0.7003975428406407, ""chg_21d_pct"": -0.8012051671741734}, ""PYG/USD"": {""close"": 0.00016894802683964372, ""chg_5d_pct"": -0.9250647463400152, ""chg_21d_pct"": 0.757965897175675}, ""CNY/USD"": {""close"": 0.14843623340129852, ""chg_5d_pct"": 0.26867457934038236, ""chg_21d_pct"": 0.9737439946219709}, ""IDR/USD"": {""close"": 5.591277658822946e-05, ""chg_5d_pct"": 0.867208547586311, ""chg_21d_pct"": 1.3419050569318431}, ""MYR/USD"": {""close"": 0.24467825889587402, ""chg_5d_pct"": -0.3865915666922777, ""chg_21d_pct"": -0.3107411981704135}, ""INR/USD"": {""close"": 0.010504422709345818, ""chg_5d_pct"": 0.5113595098049263, ""chg_21d_pct"": 0.6972900030220691}, ""THB/USD"": {""close"": 0.030275508761405945, ""chg_5d_pct"": 1.029367002910352, ""chg_21d_pct"": 1.3321333603402068}, ""ZAR/USD"": {""close"": 0.06158014386892319, ""chg_5d_pct"": 1.6072343555917037, ""chg_21d_pct"": 0.9932784150654609}, ""NGN/USD"": {""close"": 0.0007347107166424394, ""chg_5d_pct"": 0.19544178726557168, ""chg_21d_pct"": 1.029332300700685}}, ""cot"": {""Corn"": {""date"": ""2026-07-28"", ""commercial_net"": -151006.0, ""noncommercial_net"": 196354.0, ""total_open_interest"": 2364856.0, ""commercial_z3y"": -1.2856854810568041, ""noncommercial_z3y"": 1.2092763585489412}, ""Cotton"": {""date"": ""2026-07-28"", ""commercial_net"": -105951.0, ""noncommercial_net"": 98453.0, ""total_open_interest"": 455225.0, ""commercial_z3y"": -1.8861775696016387, ""noncommercial_z3y"": 1.9277140585646135}, ""Lean Hogs"": {""date"": ""2026-07-28"", ""commercial_net"": 9174.0, ""noncommercial_net"": -5806.0, ""total_open_interest"": 377546.0, ""commercial_z3y"": 1.5027772531020458, ""noncommercial_z3y"": -1.5025225558053776}, ""Live Cattle"": {""date"": ""2026-07-28"", ""commercial_net"": -55231.0, ""noncommercial_net"": 68876.0, ""total_open_interest"": 445137.0, ""commercial_z3y"": 1.2084766151347817, ""noncommercial_z3y"": -1.224606468918902}, ""Soybean Meal"": {""date"": ""2026-07-28"", ""commercial_net"": -137822.0, ""noncommercial_net"": 113290.0, ""total_open_interest"": 675462.0, ""commercial_z3y"": -1.3676374172418333, ""noncommercial_z3y"": 1.3339266040461042}, ""Soybean Oil"": {""date"": ""2026-07-28"", ""commercial_net"": -120277.0, ""noncommercial_net"": 109449.0, ""total_open_interest"": 738946.0, ""commercial_z3y"": -1.4174146078331822, ""noncommercial_z3y"": 1.4138192732877901}, ""Soybeans"": {""date"": ""2026-07-28"", ""commercial_net"": -162472.0, ""noncommercial_net"": 185029.0, ""total_open_interest"": 1239392.0, ""commercial_z3y"": -1.4923836283053333, ""noncommercial_z3y"": 1.4571523033213178}, ""Sugar"": {""date"": ""2026-07-28"", ""commercial_net"": 76457.0, ""noncommercial_net"": -81679.0, ""total_open_interest"": 1203654.0, ""commercial_z3y"": 0.671526990747912, ""noncommercial_z3y"": -0.7209130483118197}, ""Wheat"": {""date"": ""2026-07-28"", ""commercial_net"": 7054.0, ""noncommercial_net"": -5384.0, ""total_open_interest"": 566358.0, ""commercial_z3y"": -2.0445679809595516, ""noncommercial_z3y"": 1.8841488833348798}}, ""weather"": {""Argentina Cordoba"": {""date"": ""2026-08-07"", ""precipitation_mm"": 0.0, ""temp_max_c"": 15.7, ""temp_min_c"": 3.3, ""precip_z90d"": -0.37104366068098593, ""temp_max_z90d"": -0.37511096103883357, ""consecutive_dry_days"": 7, ""precip_30d_mm"": 12.599999999999998, ""precip_30d_deficit_pct"": null, ""forecast_days"": 6}, ""Argentina Pampas"": {""date"": ""2026-08-07"", ""precipitation_mm"": 0.0, ""temp_max_c"": 13.5, ""temp_min_c"": 3.7, ""precip_z90d"": -0.32932970037540976, ""temp_max_z90d"": -0.5689109338602107, ""consecutive_dry_days"": 1, ""precip_30d_mm"": 94.0, ""precip_30d_deficit_pct"": null, ""forecast_days"": 6}, ""Brazil Mato Grosso"": {""date"": ""2026-08-07"", ""precipitation_mm"": 0.0, ""temp_max_c"": 34.4, ""temp_min_c"": 20.5, ""precip_z90d"": -0.3593522123755257, ""temp_max_z90d"": 1.5875396018532162, ""consecutive_dry_days"": 25, ""precip_30d_mm"": 5.199999999999999, ""precip_30d_deficit_pct"": null, ""forecast_days"": 6}, ""Brazil Parana"": {""date"": ""2026-08-07"", ""precipitation_mm"": 23.2, ""temp_max_c"": 19.7, ""temp_min_c"": 16.3, ""precip_z90d"": 2.546551908365637, ""temp_max_z90d"": -1.6218305671573774, ""consecutive_dry_days"": 0, ""precip_30d_mm"": 150.0, ""precip_30d_deficit_pct"": null, ""forecast_days"": 6}, ""China Heilongjiang"": {""date"": ""2026-08-07"", ""precipitation_mm"": 5.0, ""temp_max_c"": 20.2, ""temp_min_c"": 11.3, ""precip_z90d"": -0.3581464642579206, ""temp_max_z90d"": -2.954366049287027, ""consecutive_dry_days"": 0, ""precip_30d_mm"": 253.1, ""precip_30d_deficit_pct"": null, ""forecast_days"": 6}, ""India Madhya Pradesh"": {""date"": ""2026-08-07"", ""precipitation_mm"": 0.7, ""temp_max_c"": 28.2, ""temp_min_c"": 23.3, ""precip_z90d"": -0.8611798554268006, ""temp_max_z90d"": -1.0752677427667008, ""consecutive_dry_days"": 1, ""precip_30d_mm"": 219.4, ""precip_30d_deficit_pct"": null, ""forecast_days"": 6}, ""India Maharashtra"": {""date"": ""2026-08-07"", ""precipitation_mm"": 1.2, ""temp_max_c"": 31.0, ""temp_min_c"": 23.5, ""precip_z90d"": -0.5943826630709935, ""temp_max_z90d"": 0.22912068269108868, ""consecutive_dry_days"": 0, ""precip_30d_mm"": 274.59999999999997, ""precip_30d_deficit_pct"": null, ""forecast_days"": 6}, ""Indonesia Riau (Sumatra)"": {""date"": ""2026-08-07"", ""precipitation_mm"": 0.0, ""temp_max_c"": 33.4, ""temp_min_c"": 24.2, ""precip_z90d"": -0.7801781874385322, ""temp_max_z90d"": 1.87354967551904, ""consecutive_dry_days"": 1, ""precip_30d_mm"": 155.09999999999997, ""precip_30d_deficit_pct"": null, ""forecast_days"": 6}, ""Ivory Coast (Cocoa)"": {""date"": ""2026-08-07"", ""precipitation_mm"": 2.3, ""temp_max_c"": 30.0, ""temp_min_c"": 22.0, ""precip_z90d"": -0.41226108409274503, ""temp_max_z90d"": 1.2000056418987104, ""consecutive_dry_days"": 0, ""precip_30d_mm"": 136.70000000000002, ""precip_30d_deficit_pct"": null, ""forecast_days"": 6}, ""Malaysia Sabah (Borneo)"": {""date"": ""2026-08-07"", ""precipitation_mm"": 2.0, ""temp_max_c"": 29.4, ""temp_min_c"": 20.6, ""precip_z90d"": -0.9071541773904057, ""temp_max_z90d"": 0.6385830377024625, ""consecutive_dry_days"": 0, ""precip_30d_mm"": 149.0, ""precip_30d_deficit_pct"": null, ""forecast_days"": 6}, ""Nigeria Benue"": {""date"": ""2026-08-07"", ""precipitation_mm"": 4.9, ""temp_max_c"": 30.6, ""temp_min_c"": 23.9, ""precip_z90d"": -0.3050548800762447, ""temp_max_z90d"": -0.06418226460850579, ""consecutive_dry_days"": 0, ""precip_30d_mm"": 219.89999999999998, ""precip_30d_deficit_pct"": null, ""forecast_days"": 6}, ""Nigeria Kaduna"": {""date"": ""2026-08-07"", ""precipitation_mm"": 8.1, ""temp_max_c"": 29.3, ""temp_min_c"": 21.5, ""precip_z90d"": 0.22063805555672367, ""temp_max_z90d"": 0.2832849459209752, ""consecutive_dry_days"": 0, ""precip_30d_mm"": 212.09999999999997, ""precip_30d_deficit_pct"": null, ""forecast_days"": 6}, ""Paraguay Chaco"": {""date"": ""2026-08-07"", ""precipitation_mm"": 2.6, ""temp_max_c"": 28.6, ""temp_min_c"": 18.0, ""precip_z90d"": 0.6712557443745987, ""temp_max_z90d"": 0.08176609075310634, ""consecutive_dry_days"": 0, ""precip_30d_mm"": 36.1, ""precip_30d_deficit_pct"": null, ""forecast_days"": 6}, ""South Africa Free State"": {""date"": ""2026-08-07"", ""precipitation_mm"": 0.0, ""temp_max_c"": 21.9, ""temp_min_c"": 8.6, ""precip_z90d"": -0.29589982885963245, ""temp_max_z90d"": 1.9605194429908366, ""consecutive_dry_days"": 10, ""precip_30d_mm"": 6.199999999999999, ""precip_30d_deficit_pct"": null, ""forecast_days"": 6}, ""South Africa Mpumalanga"": {""date"": ""2026-08-07"", ""precipitation_mm"": 0.0, ""temp_max_c"": 18.5, ""temp_min_c"": 5.5, ""precip_z90d"": -0.15811388300841894, ""temp_max_z90d"": 0.727335045835198, ""consecutive_dry_days"": 41, ""precip_30d_mm"": 0.7, ""precip_30d_deficit_pct"": null, ""forecast_days"": 6}, ""Thailand Surat Thani"": {""date"": ""2026-08-07"", ""precipitation_mm"": 0.7, ""temp_max_c"": 32.6, ""temp_min_c"": 25.1, ""precip_z90d"": -0.853617061244061, ""temp_max_z90d"": 0.4995371432137562, ""consecutive_dry_days"": 1, ""precip_30d_mm"": 105.19999999999997, ""precip_30d_deficit_pct"": null, ""forecast_days"": 6}, ""US Illinois"": {""date"": ""2026-08-07"", ""precipitation_mm"": 0.0, ""temp_max_c"": 30.4, ""temp_min_c"": 18.7, ""precip_z90d"": -0.2610586385567589, ""temp_max_z90d"": 0.38211757654116774, ""consecutive_dry_days"": 6, ""precip_30d_mm"": 53.9, ""precip_30d_deficit_pct"": null, ""forecast_days"": 6}, ""US Midwest (Iowa)"": {""date"": ""2026-08-07"", ""precipitation_mm"": 0.0, ""temp_max_c"": 29.2, ""temp_min_c"": 18.8, ""precip_z90d"": -0.2669806437909279, ""temp_max_z90d"": 0.07354550449046049, ""consecutive_dry_days"": 7, ""precip_30d_mm"": 47.19999999999999, ""precip_30d_deficit_pct"": null, ""forecast_days"": 6}}, ""psd_highlights"": {""brazil_soy_production"": {""value"": 186000.0, ""unit"": ""(1000 MT)"", ""year"": 2026}, ""china_soy_imports"": {""value"": 115000.0, ""unit"": ""(1000 MT)"", ""year"": 2026}, ""us_soy_production"": {""value"": 121790.0, ""unit"": ""(1000 MT)"", ""year"": 2026}, ""indonesia_palm_production"": {""value"": 47500.0, ""unit"": ""(1000 MT)"", ""year"": 2026}, ""argentina_soy_production"": {""value"": 50000.0, ""unit"": ""(1000 MT)"", ""year"": 2026}, ""argentina_meal_exports"": {""value"": 29400.0, ""unit"": ""(1000 MT)"", ""year"": 2026}, ""argentina_oil_exports"": {""value"": 6650.0, ""unit"": ""(1000 MT)"", ""year"": 2026}}, ""worldbank"": {""Palm Oil"": {""date"": ""2026-07-01"", ""price"": 1101.0, ""unit"": ""$/mt"", ""mom_pct"": -0.2717391304347826}, ""Rapeseed Oil"": {""date"": ""2026-07-01"", ""price"": 1494.0, ""unit"": ""$/mt"", ""mom_pct"": -1.8396846254927726}, ""Soybean Meal"": {""date"": ""2026-07-01"", ""price"": 398.0, ""unit"": ""$/mt"", ""mom_pct"": -5.011933174224343}, ""Soybean Oil"": {""date"": ""2026-07-01"", ""price"": 1660.0, ""unit"": ""$/mt"", ""mom_pct"": -4.597701149425287}, ""Soybeans"": {""date"": ""2026-07-01"", ""price"": 459.0, ""unit"": ""$/mt"", ""mom_pct"": -1.0775862068965518}, ""Sunflower Oil"": {""date"": ""2026-07-01"", ""price"": 1483.0, ""unit"": ""$/mt"", ""mom_pct"": -1.6578249336870028}}, ""emerging_markets"": {""countries"": {""South Africa"": {""name"": ""South Africa"", ""psd"": {""Beginning Stocks"": {""value"": 475.0, ""unit"": ""(1000 MT)"", ""yoy_pct"": 35.714285714285715}, ""Crush"": {""value"": 2000.0, ""unit"": ""(1000 MT)"", ""yoy_pct"": 5.263157894736842}, ""Domestic Consumption"": {""value"": 2625.0, ""unit"": ""(1000 MT)"", ""yoy_pct"": 3.9603960396039604}, ""Ending Stocks"": {""value"": 335.0, ""unit"": ""(1000 MT)"", ""yoy_pct"": -29.47368421052631}, ""Exports"": {""value"": 325.0, ""unit"": ""(1000 MT)"", ""yoy_pct"": -27.77777777777778}, ""Imports"": {""value"": 10.0, ""unit"": ""(1000 MT)"", ""yoy_pct"": -80.0}, ""Production"": {""value"": 2800.0, ""unit"": ""(1000 MT)"", ""yoy_pct"": -8.19672131147541}, ""Total Distribution"": {""value"": 3285.0, ""unit"": ""(1000 MT)"", ""yoy_pct"": -4.782608695652174}, ""Total Supply"": {""value"": 3285.0, ""unit"": ""(1000 MT)"", ""yoy_pct"": -4.782608695652174}}, ""psd_year"": 2026, ""currency"": {""pair"": ""ZAR/USD"", ""close"": 0.06158014386892319, ""weekly_chg"": 1.6072343555917037, ""monthly_chg"": 0.9932784150654609}, ""weather"": [{""region"": ""South Africa Free State"", ""temp_max"": 12.0, ""temp_min"": 1.4, ""precip"": 0.0, ""date"": ""2026-08-13"", ""alert"": ""Dry""}, {""region"": ""South Africa Mpumalanga"", ""temp_max"": 10.7, ""temp_min"": 0.6, ""precip"": 0.0, ""date"": ""2026-08-13"", ""alert"": ""Dry""}], ""south_africa_domestic"": {""soybean_safex_zar"": 8082.4, ""soybean_safex_date"": ""2026-08-07"", ""soybean_safex_usd"": 497.72, ""cbot_usd"": 434.03, ""safex_cbot_basis_usd"": 63.68, ""basis_date"": ""2026-08-07"", ""weekly_chg_pct"": -2.03, ""sunflower_safex_zar"": 10210.0, ""sunflower_safex_date"": ""2026-08-07""}}, ""India"": {""name"": ""India"", ""psd"": {""Beginning Stocks"": {""value"": 741.0, ""unit"": ""(1000 MT)"", ""yoy_pct"": 12.44309559939302}, ""Crush"": {""value"": 10000.0, ""unit"": ""(1000 MT)"", ""yoy_pct"": 2.3017902813299234}, ""Domestic Consumption"": {""value"": 11875.0, ""unit"": ""(1000 MT)"", ""yoy_pct"": 2.1505376344086025}, ""Ending Stocks"": {""value"": 541.0, ""unit"": ""(1000 MT)"", ""yoy_pct"": -26.99055330634278}, ""Exports"": {""value"": 25.0, ""unit"": ""(1000 MT)"", ""yoy_pct"": 25.0}, ""Imports"": {""value"": 200.0, ""unit"": ""(1000 MT)"", ""yoy_pct"": -71.42857142857143}, ""Production"": {""value"": 11500.0, ""unit"": ""(1000 MT)"", ""yoy_pct"": 4.289471297723769}, ""Total Distribution"": {""value"": 12441.0, ""unit"": ""(1000 MT)"", ""yoy_pct"": 0.4440497335701598}, ""Total Supply"": {""value"": 12441.0, ""unit"": ""(1000 MT)"", ""yoy_pct"": 0.4440497335701598}}, ""psd_year"": 2026, ""currency"": {""pair"": ""INR/USD"", ""close"": 0.010504422709345818, ""weekly_chg"": 0.5113595098049263, ""monthly_chg"": 0.6972900030220691}, ""weather"": [{""region"": ""India Madhya Pradesh"", ""temp_max"": 28.4, ""temp_min"": 23.0, ""precip"": 3.0, ""date"": ""2026-08-13"", ""alert"": null}, {""region"": ""India Maharashtra"", ""temp_max"": 29.8, ""temp_min"": 23.7, ""precip"": 1.2, ""date"": ""2026-08-13"", ""alert"": null}]}, ""Nigeria"": {""name"": ""Nigeria"", ""psd"": {""Beginning Stocks"": {""value"": 222.0, ""unit"": ""(1000 MT)"", ""yoy_pct"": -9.75609756097561}, ""Crush"": {""value"": 975.0, ""unit"": ""(1000 MT)"", ""yoy_pct"": 0.0}, ""Domestic Consumption"": {""value"": 1450.0, ""unit"": ""(1000 MT)"", ""yoy_pct"": 3.571428571428571}, ""Ending Stocks"": {""value"": 223.0, ""unit"": ""(1000 MT)"", ""yoy_pct"": 0.45045045045045046}, ""Exports"": {""value"": 50.0, ""unit"": ""(1000 MT)"", ""yoy_pct"": -60.0}, ""Imports"": {""value"": 1.0, ""unit"": ""(1000 MT)"", ""yoy_pct"": 0.0}, ""Production"": {""value"": 1500.0, ""unit"": ""(1000 MT)"", ""yoy_pct"": 0.0}, ""Total Distribution"": {""value"": 1723.0, ""unit"": ""(1000 MT)"", ""yoy_pct"": -1.3737836290784202}, ""Total Supply"": {""value"": 1723.0, ""unit"": ""(1000 MT)"", ""yoy_pct"": -1.3737836290784202}}, ""psd_year"": 2026, ""currency"": {""pair"": ""NGN/USD"", ""close"": 0.0007347107166424394, ""weekly_chg"": 0.19544178726557168, ""monthly_chg"": 1.029332300700685}, ""weather"": [{""region"": ""Nigeria Benue"", ""temp_max"": 30.5, ""temp_min"": 22.9, ""precip"": 18.2, ""date"": ""2026-08-13"", ""alert"": null}, {""region"": ""Nigeria Kaduna"", ""temp_max"": 27.6, ""temp_min"": 20.7, ""precip"": 5.4, ""date"": ""2026-08-13"", ""alert"": null}]}, ""Brazil"": {""name"": ""Brazil"", ""psd"": {""Beginning Stocks"": {""value"": 37688.0, ""unit"": ""(1000 MT)"", ""yoy_pct"": 0.0}, ""Crush"": {""value"": 65000.0, ""unit"": ""(1000 MT)"", ""yoy_pct"": 5.691056910569105}, ""Domestic Consumption"": {""value"": 69600.0, ""unit"": ""(1000 MT)"", ""yoy_pct"": 5.614567526555387}, ""Ending Stocks"": {""value"": 36888.0, ""unit"": ""(1000 MT)"", ""yoy_pct"": -2.1226915729144555}, ""Exports"": {""value"": 118000.0, ""unit"": ""(1000 MT)"", ""yoy_pct"": 2.608695652173913}, ""Imports"": {""value"": 800.0, ""unit"": ""(1000 MT)"", ""yoy_pct"": -11.11111111111111}, ""Production"": {""value"": 186000.0, ""unit"": ""(1000 MT)"", ""yoy_pct"": 3.3333333333333335}, ""Total Distribution"": {""value"": 224488.0, ""unit"": ""(1000 MT)"", ""yoy_pct"": 2.699141764415247}, ""Total Supply"": {""value"": 224488.0, ""unit"": ""(1000 MT)"", ""yoy_pct"": 2.699141764415247}}, ""psd_year"": 2026, ""currency"": {""pair"": ""BRL/USD"", ""close"": 0.1957598328590393, ""weekly_chg"": -0.5911989157456227, ""monthly_chg"": 1.0805831198637754}, ""weather"": [{""region"": ""Brazil Mato Grosso"", ""temp_max"": 34.5, ""temp_min"": 21.4, ""precip"": 0.0, ""date"": ""2026-08-13"", ""alert"": ""Dry""}, {""region"": ""Brazil Parana"", ""temp_max"": 26.7, ""temp_min"": 15.3, ""precip"": 2.4, ""date"": ""2026-08-13"", ""alert"": null}], ""brazil_domestic"": {""cepea_soy_brl"": 2291.67, ""cepea_soy_date"": ""2026-08-06"", ""cepea_soy_usd"": 445.98, ""cbot_usd"": 425.22, ""brazil_cbot_basis_usd"": 20.76, ""basis_date"": ""2026-08-06"", ""weekly_chg_pct"": -0.23, ""conab_farmgate_brl"": 2060.0, ""conab_farmgate_date"": ""2026-07-31"", ""cepea_vs_farmgate_pct"": 11.2, ""agrural_soy_usd"": 470.31, ""agrural_cbot_basis_usd"": 45.09, ""agrural_basis_date"": ""2026-08-06""}}}}, ""correlations"": {""matrix"": {""Soybeans"": {""Wheat"": 0.34906056262951823, ""Sugar"": 0.1431796593417067}, ""Soybean Oil"": {""Soybeans"": 0.5152174699775209, ""Wheat"": 0.23659494778056103, ""Sugar"": 0.1456031430654977}, ""Soybean Meal"": {""Soybeans"": 0.7483210580160378, ""Soybean Oil"": 0.11878846529567309, ""Wheat"": 0.26308271229341884, ""Sugar"": 0.09796966161768775}, ""Corn"": {""Soybeans"": 0.5319509626869672, ""Soybean Oil"": 0.3086751775691779, ""Soybean Meal"": 0.41879491479827846, ""Wheat"": 0.5504608534552377, ""Sugar"": 0.12378615681641608, ""Cotton"": 0.1322354633982205, ""Live Cattle"": 0.02256181522162947, ""Lean Hogs"": 0.043442082732902544, ""Palm Oil (CME)"": 0.041391047915600415}, ""Sugar"": {""Wheat"": 0.1393201387979111}, ""Cotton"": {""Soybeans"": 0.1411335430547857, ""Soybean Oil"": 0.15234627936552436, ""Soybean Meal"": 0.08615730325779311, ""Wheat"": 0.15027075716859936, ""Sugar"": 0.1460336776354905, ""Live Cattle"": 0.03759063061422176, ""Lean Hogs"": 0.014675296309167647, ""Palm Oil (CME)"": 0.10074423905097575}, ""Live Cattle"": {""Soybeans"": 0.06295723404657584, ""Soybean Oil"": 0.08726469133843512, ""Soybean Meal"": 0.026448187462919645, ""Wheat"": -0.0008674330561332123, ""Sugar"": 0.03496095094217423, ""Palm Oil (CME)"": 0.08128761197651983}, ""Lean Hogs"": {""Soybeans"": 0.09551841038932794, ""Soybean Oil"": 0.04505465660809843, ""Soybean Meal"": 0.07877006396407851, ""Wheat"": 0.05312377275592688, ""Sugar"": 0.03749221736425896, ""Live Cattle"": 0.08162133878370433, ""Palm Oil (CME)"": 0.0031312557156733313}, ""Palm Oil (CME)"": {""Soybeans"": 0.13606659705172794, ""Soybean Oil"": 0.25660894684017493, ""Soybean Meal"": 0.046239682103261945, ""Wheat"": 0.06225746390455088, ""Sugar"": 0.058488727979198435}}, ""vs_currency"": {""Soybeans|BRL/USD"": 0.037656233152929305}}, ""seasonal"": {""Soybeans"": {""current_price"": 1181.25, ""seasonal_avg"": 1165.8010355029585, ""deviation_pct"": 1.3251802002711732, ""n_years"": 16, ""current_dev_pct"": 6.310742272587921, ""seasonal_dev_pct"": -1.6009281174698133, ""detrended_delta_pct"": 7.9116703900577345}, ""Soybean Oil"": {""current_price"": 67.44999694824219, ""seasonal_avg"": 44.644201177111746, ""deviation_pct"": 51.08344459038624, ""n_years"": 16, ""current_dev_pct"": 11.920303203681204, ""seasonal_dev_pct"": 0.2624392216598279, ""detrended_delta_pct"": 11.657863982021375}, ""Soybean Meal"": {""current_price"": 316.6000061035156, ""seasonal_avg"": 364.18106530545026, ""deviation_pct"": -13.065220500145136, ""n_years"": 16, ""current_dev_pct"": 3.4959900193354487, ""seasonal_dev_pct"": 0.29028053044390584, ""detrended_delta_pct"": 3.205709488891543}, ""Corn"": {""current_price"": 464.5, ""seasonal_avg"": 461.2174556213018, ""deviation_pct"": 0.7117129542021201, ""n_years"": 16, ""current_dev_pct"": 7.3246956481715975, ""seasonal_dev_pct"": -7.038632119490902, ""detrended_delta_pct"": 14.3633277676625}, ""Wheat"": {""current_price"": 632.0, ""seasonal_avg"": 589.3054733727811, ""deviation_pct"": 7.244888866017937, ""n_years"": 16, ""current_dev_pct"": 12.19364706090369, ""seasonal_dev_pct"": -2.1066381206824163, ""detrended_delta_pct"": 14.300285181586105}, ""Sugar"": {""current_price"": 15.800000190734863, ""seasonal_avg"": 17.24026630333895, ""deviation_pct"": -8.354082745955886, ""n_years"": 16, ""current_dev_pct"": 6.199573302806338, ""seasonal_dev_pct"": -4.819605609950431, ""detrended_delta_pct"": 11.019178912756768}, ""Cotton"": {""current_price"": 82.61000061035156, ""seasonal_avg"": 78.295325431598, ""deviation_pct"": 5.510769838389697, ""n_years"": 16, ""current_dev_pct"": 19.89334330889221, ""seasonal_dev_pct"": -2.189615832665959, ""detrended_delta_pct"": 22.08295914155817}, ""Live Cattle"": {""current_price"": 231.22500610351562, ""seasonal_avg"": 138.18005990982056, ""deviation_pct"": 67.33601523578605, ""n_years"": 16, ""current_dev_pct"": -2.6558602640511686, ""seasonal_dev_pct"": 0.5664162591129146, ""detrended_delta_pct"": -3.222276523164083}, ""Lean Hogs"": {""current_price"": 95.5, ""seasonal_avg"": 82.69020774456443, ""deviation_pct"": 15.491304962016628, ""n_years"": 16, ""current_dev_pct"": 4.334219355016478, ""seasonal_dev_pct"": 0.693092938051173, ""detrended_delta_pct"": 3.641126416965305}, ""Palm Oil (CME)"": {""current_price"": 1151.25, ""seasonal_avg"": 764.3130266772533, ""deviation_pct"": 50.62545839430507, ""n_years"": 16, ""current_dev_pct"": 6.976759252660636, ""seasonal_dev_pct"": -4.412986201842158, ""detrended_delta_pct"": 11.389745454502794}}, ""health"": {""critical_count"": 2, ""warning_count"": 9, ""commodity_status"": [{""commodity"": ""Corn"", ""table"": ""prices"", ""last_date"": ""2026-08-07"", ""rows"": 3776, ""age_days"": 1, ""status"": ""fresh""}, {""commodity"": ""Cotton"", ""table"": ""prices"", ""last_date"": ""2026-08-07"", ""rows"": 3779, ""age_days"": 1, ""status"": ""fresh""}, {""commodity"": ""Lean Hogs"", ""table"": ""prices"", ""last_date"": ""2026-08-06"", ""rows"": 3777, ""age_days"": 2, ""status"": ""aging""}, {""commodity"": ""Live Cattle"", ""table"": ""prices"", ""last_date"": ""2026-08-06"", ""rows"": 3776, ""age_days"": 2, ""status"": ""aging""}, {""commodity"": ""Palm Oil (CME)"", ""table"": ""prices"", ""last_date"": ""2026-08-06"", ""rows"": 3619, ""age_days"": 2, ""status"": ""aging""}, {""commodity"": ""Soybean Meal"", ""table"": ""prices"", ""last_date"": ""2026-08-07"", ""rows"": 3778, ""age_days"": 1, ""status"": ""fresh""}, {""commodity"": ""Soybean Oil"", ""table"": ""prices"", ""last_date"": ""2026-08-07"", ""rows"": 3778, ""age_days"": 1, ""status"": ""fresh""}, {""commodity"": ""Soybeans"", ""table"": ""prices"", ""last_date"": ""2026-08-07"", ""rows"": 3778, ""age_days"": 1, ""status"": ""fresh""}, {""commodity"": ""Sugar"", ""table"": ""prices"", ""last_date"": ""2026-08-07"", ""rows"": 3780, ""age_days"": 1, ""status"": ""fresh""}, {""commodity"": ""Wheat"", ""table"": ""prices"", ""last_date"": ""2026-08-07"", ""rows"": 3778, ""age_days"": 1, ""status"": ""fresh""}, {""commodity"": ""Corn"", ""table"": ""cot"", ""last_date"": ""2026-07-28"", ""rows"": 865, ""age_days"": 11, ""status"": ""stale""}, {""commodity"": ""Cotton"", ""table"": ""cot"", ""last_date"": ""2026-07-28"", ""rows"": 865, ""age_days"": 11, ""status"": ""stale""}, {""commodity"": ""Lean Hogs"", ""table"": ""cot"", ""last_date"": ""2026-07-28"", ""rows"": 865, ""age_days"": 11, ""status"": ""stale""}, {""commodity"": ""Live Cattle"", ""table"": ""cot"", ""last_date"": ""2026-07-28"", ""rows"": 865, ""age_days"": 11, ""status"": ""stale""}, {""commodity"": ""Soybean Meal"", ""table"": ""cot"", ""last_date"": ""2026-07-28"", ""rows"": 865, ""age_days"": 11, ""status"": ""stale""}, {""commodity"": ""Soybean Oil"", ""table"": ""cot"", ""last_date"": ""2026-07-28"", ""rows"": 865, ""age_days"": 11, ""status"": ""stale""}, {""commodity"": ""Soybeans"", ""table"": ""cot"", ""last_date"": ""2026-07-28"", ""rows"": 865, ""age_days"": 11, ""status"": ""stale""}, {""commodity"": ""Sugar"", ""table"": ""cot"", ""last_date"": ""2026-07-28"", ""rows"": 865, ""age_days"": 11, ""status"": ""stale""}, {""commodity"": ""Wheat"", ""table"": ""cot"", ""last_date"": ""2026-07-28"", ""rows"": 865, ""age_days"": 11, ""status"": ""stale""}, {""commodity"": ""Argentina Cordoba"", ""table"": ""weather"", ""last_date"": ""2026-08-13"", ""rows"": 47, ""age_days"": -5, ""status"": ""fresh""}, {""commodity"": ""Argentina Pampas"", ""table"": ""weather"", ""last_date"": ""2026-08-13"", ""rows"": 47, ""age_days"": -5, ""status"": ""fresh""}, {""commodity"": ""Brazil Mato Grosso"", ""table"": ""weather"", ""last_date"": ""2026-08-13"", ""rows"": 47, ""age_days"": -5, ""status"": ""fresh""}, {""commodity"": ""Brazil Parana"", ""table"": ""weather"", ""last_date"": ""2026-08-13"", ""rows"": 47, ""age_days"": -5, ""status"": ""fresh""}, {""commodity"": ""China Heilongjiang"", ""table"": ""weather"", ""last_date"": ""2026-08-13"", ""rows"": 47, ""age_days"": -5, ""status"": ""fresh""}, {""commodity"": ""India Madhya Pradesh"", ""table"": ""weather"", ""last_date"": ""2026-08-13"", ""rows"": 47, ""age_days"": -5, ""status"": ""fresh""}, {""commodity"": ""India Maharashtra"", ""table"": ""weather"", ""last_date"": ""2026-08-13"", ""rows"": 47, ""age_days"": -5, ""status"": ""fresh""}, {""commodity"": ""Indonesia Riau (Sumatra)"", ""table"": ""weather"", ""last_date"": ""2026-08-13"", ""rows"": 47, ""age_days"": -5, ""status"": ""fresh""}, {""commodity"": ""Ivory Coast (Cocoa)"", ""table"": ""weather"", ""last_date"": ""2026-08-13"", ""rows"": 47, ""age_days"": -5, ""status"": ""fresh""}, {""commodity"": ""Malaysia Sabah (Borneo)"", ""table"": ""weather"", ""last_date"": ""2026-08-13"", ""rows"": 47, ""age_days"": -5, ""status"": ""fresh""}, {""commodity"": ""Nigeria Benue"", ""table"": ""weather"", ""last_date"": ""2026-08-13"", ""rows"": 47, ""age_days"": -5, ""status"": ""fresh""}, {""commodity"": ""Nigeria Kaduna"", ""table"": ""weather"", ""last_date"": ""2026-08-13"", ""rows"": 47, ""age_days"": -5, ""status"": ""fresh""}, {""commodity"": ""Paraguay Chaco"", ""table"": ""weather"", ""last_date"": ""2026-08-13"", ""rows"": 47, ""age_days"": -5, ""status"": ""fresh""}, {""commodity"": ""South Africa Free State"", ""table"": ""weather"", ""last_date"": ""2026-08-13"", ""rows"": 47, ""age_days"": -5, ""status"": ""fresh""}, {""commodity"": ""South Africa Mpumalanga"", ""table"": ""weather"", ""last_date"": ""2026-08-13"", ""rows"": 47, ""age_days"": -5, ""status"": ""fresh""}, {""commodity"": ""Thailand Surat Thani"", ""table"": ""weather"", ""last_date"": ""2026-08-13"", ""rows"": 47, ""age_days"": -5, ""status"": ""fresh""}, {""commodity"": ""US Illinois"", ""table"": ""weather"", ""last_date"": ""2026-08-13"", ""rows"": 47, ""age_days"": -5, ""status"": ""fresh""}, {""commodity"": ""US Midwest (Iowa)"", ""table"": ""weather"", ""last_date"": ""2026-08-13"", ""rows"": 47, ""age_days"": -5, ""status"": ""fresh""}, {""commodity"": ""ARS/USD"", ""table"": ""currencies"", ""last_date"": ""2026-08-07"", ""rows"": 3912, ""age_days"": 1, ""status"": ""fresh""}, {""commodity"": ""BRL/USD"", ""table"": ""currencies"", ""last_date"": ""2026-08-07"", ""rows"": 3912, ""age_days"": 1, ""status"": ""fresh""}, {""commodity"": ""CNY/USD"", ""table"": ""currencies"", ""last_date"": ""2026-08-07"", ""rows"": 3912, ""age_days"": 1, ""status"": ""fresh""}, {""commodity"": ""IDR/USD"", ""table"": ""currencies"", ""last_date"": ""2026-08-07"", ""rows"": 3912, ""age_days"": 1, ""status"": ""fresh""}, {""commodity"": ""INR/USD"", ""table"": ""currencies"", ""last_date"": ""2026-08-07"", ""rows"": 3913, ""age_days"": 1, ""status"": ""fresh""}, {""commodity"": ""MYR/USD"", ""table"": ""currencies"", ""last_date"": ""2026-08-07"", ""rows"": 3915, ""age_days"": 1, ""status"": ""fresh""}, {""commodity"": ""NGN/USD"", ""table"": ""currencies"", ""last_date"": ""2026-08-07"", ""rows"": 3913, ""age_days"": 1, ""status"": ""fresh""}, {""commodity"": ""PYG/USD"", ""table"": ""currencies"", ""last_date"": ""2026-08-07"", ""rows"": 3913, ""age_days"": 1, ""status"": ""fresh""}, {""commodity"": ""THB/USD"", ""table"": ""currencies"", ""last_date"": ""2026-08-07"", ""rows"": 3913, ""age_days"": 1, ""status"": ""fresh""}, {""commodity"": ""ZAR/USD"", ""table"": ""currencies"", ""last_date"": ""2026-08-07"", ""rows"": 3911, ""age_days"": 1, ""status"": ""fresh""}, {""commodity"": ""CZCE Rapeseed Meal"", ""table"": ""dce_futures"", ""last_date"": ""2026-08-07"", ""rows"": 3299, ""age_days"": 1, ""status"": ""fresh""}, {""commodity"": ""CZCE Rapeseed Oil"", ""table"": ""dce_futures"", ""last_date"": ""2026-08-07"", ""rows"": 4657, ""age_days"": 1, ""status"": ""fresh""}, {""commodity"": ""DCE Corn"", ""table"": ""dce_futures"", ""last_date"": ""2026-08-07"", ""rows"": 5250, ""age_days"": 1, ""status"": ""fresh""}, {""commodity"": ""DCE Palm Oil"", ""table"": ""dce_futures"", ""last_date"": ""2026-08-07"", ""rows"": 4567, ""age_days"": 1, ""status"": ""fresh""}, {""commodity"": ""DCE Soybean"", ""table"": ""dce_futures"", ""last_date"": ""2026-08-07"", ""rows"": 5253, ""age_days"": 1, ""status"": ""fresh""}, {""commodity"": ""DCE Soybean Meal"", ""table"": ""dce_futures"", ""last_date"": ""2026-08-07"", ""rows"": 5256, ""age_days"": 1, ""status"": ""fresh""}, {""commodity"": ""DCE Soybean Oil"", ""table"": ""dce_futures"", ""last_date"": ""2026-08-07"", ""rows"": 4999, ""age_days"": 1, ""status"": ""fresh""}, {""commodity"": ""Palm Oil"", ""table"": ""worldbank_prices"", ""last_date"": ""2026-07-01"", ""rows"": 799, ""age_days"": 38, ""status"": ""stale""}, {""commodity"": ""Rapeseed Oil"", ""table"": ""worldbank_prices"", ""last_date"": ""2026-07-01"", ""rows"": 294, ""age_days"": 38, ""status"": ""stale""}, {""commodity"": ""Soybean Meal"", ""table"": ""worldbank_prices"", ""last_date"": ""2026-07-01"", ""rows"": 799, ""age_days"": 38, ""status"": ""stale""}, {""commodity"": ""Soybean Oil"", ""table"": ""worldbank_prices"", ""last_date"": ""2026-07-01"", ""rows"": 799, ""age_days"": 38, ""status"": ""stale""}, {""commodity"": ""Soybeans"", ""table"": ""worldbank_prices"", ""last_date"": ""2026-07-01"", ""rows"": 799, ""age_days"": 38, ""status"": ""stale""}, {""commodity"": ""Sunflower Oil"", ""table"": ""worldbank_prices"", ""last_date"": ""2026-07-01"", ""rows"": 289, ""age_days"": 38, ""status"": ""stale""}, {""commodity"": ""Corn"", ""table"": ""forward_curve"", ""last_date"": ""2026-08-07"", ""rows"": 48, ""age_days"": 1, ""status"": ""fresh""}, {""commodity"": ""Cotton"", ""table"": ""forward_curve"", ""last_date"": ""2026-08-07"", ""rows"": 48, ""age_days"": 1, ""status"": ""fresh""}, {""commodity"": ""Lean Hogs"", ""table"": ""forward_curve"", ""last_date"": ""2026-08-07"", ""rows"": 48, ""age_days"": 1, ""status"": ""fresh""}, {""commodity"": ""Live Cattle"", ""table"": ""forward_curve"", ""last_date"": ""2026-08-07"", ""rows"": 48, ""age_days"": 1, ""status"": ""fresh""}, {""commodity"": ""Soybean Meal"", ""table"": ""forward_curve"", ""last_date"": ""2026-08-07"", ""rows"": 48, ""age_days"": 1, ""status"": ""fresh""}, {""commodity"": ""Soybean Oil"", ""table"": ""forward_curve"", ""last_date"": ""2026-08-07"", ""rows"": 48, ""age_days"": 1, ""status"": ""fresh""}, {""commodity"": ""Soybeans"", ""table"": ""forward_curve"", ""last_date"": ""2026-08-07"", ""rows"": 48, ""age_days"": 1, ""status"": ""fresh""}, {""commodity"": ""Sugar"", ""table"": ""forward_curve"", ""last_date"": ""2026-08-07"", ""rows"": 48, ""age_days"": 1, ""status"": ""fresh""}, {""commodity"": ""Wheat"", ""table"": ""forward_curve"", ""last_date"": ""2026-08-07"", ""rows"": 48, ""age_days"": 1, ""status"": ""fresh""}, {""commodity"": ""Soybean (AgRural Paranagu\u00e1 FOB)"", ""table"": ""brazil_spot_prices"", ""last_date"": ""2026-08-06"", ""rows"": 7, ""age_days"": 2, ""status"": ""aging""}, {""commodity"": ""Soybean (CEPEA)"", ""table"": ""brazil_spot_prices"", ""last_date"": ""2026-08-06"", ""rows"": 114, ""age_days"": 2, ""status"": ""aging""}, {""commodity"": ""Soybean (CONAB PR farmgate)"", ""table"": ""brazil_spot_prices"", ""last_date"": ""2026-07-31"", ""rows"": 56, ""age_days"": 8, ""status"": ""stale""}, {""commodity"": ""Soybean (ESALQ/B3 Paranagu\u00e1)"", ""table"": ""brazil_spot_prices"", ""last_date"": ""2026-08-06"", ""rows"": 114, ""age_days"": 2, ""status"": ""aging""}, {""commodity"": ""Soybean (SAFEX)"", ""table"": ""safex_prices"", ""last_date"": ""2026-08-07"", ""rows"": 8, ""age_days"": 1, ""status"": ""fresh""}, {""commodity"": ""Sunflower (SAFEX)"", ""table"": ""safex_prices"", ""last_date"": ""2026-08-07"", ""rows"": 8, ""age_days"": 1, ""status"": ""fresh""}]}}",2026-08-08 10:03:17
