commodity,week_ending,country,net_sales,weekly_exports,accumulated_exports,outstanding_sales,unit
Corn,2025-09-04,ALGERIA,0.0,0.0,0.0,30000.0,Metric Tons
Corn,2025-09-04,BANGLADH,111.0,0.0,0.0,111.0,Metric Tons
Corn,2025-09-04,BARBADO,0.0,0.0,0.0,3000.0,Metric Tons
Corn,2025-09-04,C RICA,11812.0,0.0,0.0,306932.0,Metric Tons
Corn,2025-09-04,CANADA,28227.0,1878.0,1878.0,204648.0,Metric Tons
Corn,2025-09-04,CHINA,0.0,0.0,0.0,0.0,Metric Tons
Corn,2025-09-04,COLOMB,47442.0,54342.0,54342.0,1589564.0,Metric Tons
Corn,2025-09-04,DOM REP,4050.0,0.0,0.0,4050.0,Metric Tons
Corn,2025-09-04,EGYPT,7206.0,0.0,0.0,130206.0,Metric Tons
Corn,2025-09-04,GUATMAL,1.0,0.0,0.0,225152.0,Metric Tons
Corn,2025-09-04,HG KONG,1518.0,0.0,0.0,2529.0,Metric Tons
Corn,2025-09-04,HONDURA,12755.0,0.0,0.0,333883.0,Metric Tons
Corn,2025-09-04,INDNSIA,732.0,0.0,0.0,732.0,Metric Tons
Corn,2025-09-04,IRELAND,0.0,0.0,0.0,173942.0,Metric Tons
Corn,2025-09-04,ISRAEL,0.0,0.0,0.0,50000.0,Metric Tons
Corn,2025-09-04,ITALY,0.0,0.0,0.0,30000.0,Metric Tons
Corn,2025-09-04,JAMAICA,296.0,33996.0,33996.0,64900.0,Metric Tons
Corn,2025-09-04,JAPAN,238086.0,156649.0,156649.0,2526894.0,Metric Tons
Corn,2025-09-04,JORDAN,173.0,0.0,0.0,195.0,Metric Tons
Corn,2025-09-04,KOR REP,97591.0,136331.0,136331.0,1099774.0,Metric Tons
Corn,2025-09-04,KUWAIT,0.0,0.0,0.0,2.0,Metric Tons
Corn,2025-09-04,LW WW I,0.0,0.0,0.0,4100.0,Metric Tons
Corn,2025-09-04,MALAYSA,41753.0,0.0,0.0,42738.0,Metric Tons
Corn,2025-09-04,MEXICO,718348.0,185534.0,185534.0,7417795.0,Metric Tons
Corn,2025-09-04,MOROCCO,0.0,0.0,0.0,80000.0,Metric Tons
Corn,2025-09-04,NICARAG,14588.0,0.0,0.0,205745.0,Metric Tons
Corn,2025-09-04,PAKISTN,96.0,0.0,0.0,96.0,Metric Tons
Corn,2025-09-04,PANAMA,11998.0,0.0,0.0,221439.0,Metric Tons
Corn,2025-09-04,PERU,316.0,0.0,0.0,316.0,Metric Tons
Corn,2025-09-04,PHIL,27337.0,0.0,0.0,27337.0,Metric Tons
Corn,2025-09-04,PORTUGL,-30000.0,0.0,0.0,65000.0,Metric Tons
Corn,2025-09-04,SALVADR,5658.0,20058.0,20058.0,168964.0,Metric Tons
Corn,2025-09-04,SPAIN,-49455.0,74997.0,74997.0,385500.0,Metric Tons
Corn,2025-09-04,TAIWAN,57529.0,14041.0,14041.0,471412.0,Metric Tons
Corn,2025-09-04,TRINID,0.0,0.0,0.0,8000.0,Metric Tons
Corn,2025-09-04,U KING,816.0,0.0,0.0,92886.0,Metric Tons
Corn,2025-09-04,UNKNOWN,366998.0,0.0,0.0,5556346.0,Metric Tons
Corn,2025-09-04,VENEZ,0.0,0.0,0.0,22400.0,Metric Tons
Corn,2025-09-04,VIETNAM,93551.0,9500.0,9500.0,367551.0,Metric Tons
Corn,2025-09-11,ALGERIA,33000.0,0.0,0.0,63000.0,Metric Tons
Corn,2025-09-11,BANGLADH,1000.0,0.0,0.0,1111.0,Metric Tons
Corn,2025-09-11,BARBADO,0.0,0.0,0.0,3000.0,Metric Tons
Corn,2025-09-11,C RICA,2405.0,32632.0,32632.0,276705.0,Metric Tons
Corn,2025-09-11,CANADA,-1720.0,5377.0,7255.0,197551.0,Metric Tons
Corn,2025-09-11,CHINA,0.0,0.0,0.0,0.0,Metric Tons
Corn,2025-09-11,COLOMB,28666.0,130761.0,185103.0,1487469.0,Metric Tons
Corn,2025-09-11,DOM REP,0.0,0.0,0.0,4050.0,Metric Tons
Corn,2025-09-11,EGYPT,-1955.0,58045.0,58045.0,70206.0,Metric Tons
Corn,2025-09-11,GUATMAL,34294.0,15230.0,15230.0,244216.0,Metric Tons
Corn,2025-09-11,HG KONG,0.0,1162.0,1162.0,1367.0,Metric Tons
Corn,2025-09-11,HONDURA,69546.0,7630.0,7630.0,395799.0,Metric Tons
Corn,2025-09-11,INDNSIA,0.0,0.0,0.0,732.0,Metric Tons
Corn,2025-09-11,IRELAND,-4900.0,69095.0,69095.0,99947.0,Metric Tons
Corn,2025-09-11,ISRAEL,55000.0,0.0,0.0,105000.0,Metric Tons
Corn,2025-09-11,ITALY,0.0,0.0,0.0,30000.0,Metric Tons
Corn,2025-09-11,JAMAICA,0.0,0.0,33996.0,64900.0,Metric Tons
Corn,2025-09-11,JAPAN,194456.0,375764.0,532413.0,2345586.0,Metric Tons
Corn,2025-09-11,JORDAN,0.0,22.0,22.0,173.0,Metric Tons
Corn,2025-09-11,KOR REP,201014.0,1117.0,137448.0,1299671.0,Metric Tons
Corn,2025-09-11,KUWAIT,0.0,0.0,0.0,2.0,Metric Tons
Corn,2025-09-11,LIBYA,36307.0,36307.0,36307.0,0.0,Metric Tons
Corn,2025-09-11,LW WW I,800.0,0.0,0.0,4900.0,Metric Tons
Corn,2025-09-11,MALAYSA,6.0,3032.0,3032.0,39712.0,Metric Tons
Corn,2025-09-11,MEXICO,419201.0,523391.0,708925.0,7313605.0,Metric Tons
Corn,2025-09-11,MOROCCO,27080.0,27080.0,27080.0,80000.0,Metric Tons
Corn,2025-09-11,NICARAG,-6906.0,0.0,0.0,198839.0,Metric Tons
Corn,2025-09-11,PAKISTN,0.0,0.0,0.0,96.0,Metric Tons
Corn,2025-09-11,PANAMA,-11672.0,20767.0,20767.0,189000.0,Metric Tons
Corn,2025-09-11,PERU,0.0,0.0,0.0,316.0,Metric Tons
Corn,2025-09-11,PHIL,1000.0,236.0,236.0,28101.0,Metric Tons
Corn,2025-09-11,PORTUGL,40417.0,75417.0,75417.0,30000.0,Metric Tons
Corn,2025-09-11,SALVADR,5160.0,12660.0,32718.0,161464.0,Metric Tons
Corn,2025-09-11,SPAIN,141496.0,71496.0,146493.0,455500.0,Metric Tons
Corn,2025-09-11,TAIWAN,11435.0,70632.0,84673.0,412215.0,Metric Tons
Corn,2025-09-11,TRINID,0.0,0.0,0.0,8000.0,Metric Tons
Corn,2025-09-11,TUNISIA,18048.0,18048.0,18048.0,0.0,Metric Tons
Corn,2025-09-11,U KING,8000.0,0.0,0.0,100886.0,Metric Tons
Corn,2025-09-11,UNKNOWN,-91744.0,0.0,0.0,5464602.0,Metric Tons
Corn,2025-09-11,VENEZ,0.0,0.0,0.0,22400.0,Metric Tons
Corn,2025-09-11,VIETNAM,22200.0,0.0,9500.0,389751.0,Metric Tons
Corn,2025-09-18,ALGERIA,64345.0,34345.0,34345.0,93000.0,Metric Tons
Corn,2025-09-18,BANGLADH,0.0,0.0,0.0,1111.0,Metric Tons
Corn,2025-09-18,BARBADO,0.0,0.0,0.0,3000.0,Metric Tons
Corn,2025-09-18,C RICA,66421.0,0.0,32632.0,343126.0,Metric Tons
Corn,2025-09-18,CANADA,317.0,14890.0,22145.0,182978.0,Metric Tons
Corn,2025-09-18,CHINA,0.0,0.0,0.0,0.0,Metric Tons
Corn,2025-09-18,COLOMB,190916.0,162375.0,347478.0,1516010.0,Metric Tons
Corn,2025-09-18,DOM REP,0.0,0.0,0.0,4050.0,Metric Tons
Corn,2025-09-18,EGYPT,0.0,0.0,58045.0,70206.0,Metric Tons
Corn,2025-09-18,GUATMAL,2540.0,0.0,15230.0,246756.0,Metric Tons
Corn,2025-09-18,HG KONG,0.0,442.0,1604.0,925.0,Metric Tons
Corn,2025-09-18,HONDURA,8380.0,38850.0,46480.0,365329.0,Metric Tons
Corn,2025-09-18,INDNSIA,0.0,0.0,0.0,732.0,Metric Tons
Corn,2025-09-18,IRELAND,20214.0,60194.0,129289.0,59967.0,Metric Tons
Corn,2025-09-18,ISRAEL,0.0,0.0,0.0,105000.0,Metric Tons
Corn,2025-09-18,ITALY,0.0,0.0,0.0,30000.0,Metric Tons
Corn,2025-09-18,JAMAICA,0.0,0.0,33996.0,64900.0,Metric Tons
Corn,2025-09-18,JAPAN,86946.0,331586.0,863999.0,2100946.0,Metric Tons
Corn,2025-09-18,JORDAN,0.0,1.0,23.0,172.0,Metric Tons
Corn,2025-09-18,KOR REP,65007.0,1461.0,138909.0,1363217.0,Metric Tons
Corn,2025-09-18,KUWAIT,0.0,0.0,0.0,2.0,Metric Tons
Corn,2025-09-18,LIBYA,0.0,0.0,36307.0,0.0,Metric Tons
Corn,2025-09-18,LW WW I,0.0,0.0,0.0,4900.0,Metric Tons
Corn,2025-09-18,MALAYSA,0.0,0.0,3032.0,39712.0,Metric Tons
Corn,2025-09-18,MEXICO,891098.0,490984.0,1199909.0,7713719.0,Metric Tons
Corn,2025-09-18,MOROCCO,0.0,0.0,27080.0,80000.0,Metric Tons
Corn,2025-09-18,NICARAG,1454.0,0.0,0.0,200293.0,Metric Tons
Corn,2025-09-18,PAKISTN,0.0,0.0,0.0,96.0,Metric Tons
Corn,2025-09-18,PANAMA,0.0,0.0,20767.0,189000.0,Metric Tons
Corn,2025-09-18,PERU,0.0,0.0,0.0,316.0,Metric Tons
Corn,2025-09-18,PHIL,8975.0,0.0,236.0,37076.0,Metric Tons
Corn,2025-09-18,PORTUGL,0.0,0.0,75417.0,30000.0,Metric Tons
Corn,2025-09-18,SALVADR,2693.0,15993.0,48711.0,148164.0,Metric Tons
Corn,2025-09-18,SPAIN,97115.0,97115.0,243608.0,455500.0,Metric Tons
Corn,2025-09-18,TAIWAN,75986.0,12975.0,97648.0,475226.0,Metric Tons
Corn,2025-09-18,TRINID,0.0,0.0,0.0,8000.0,Metric Tons
Corn,2025-09-18,TUNISIA,14950.0,14950.0,32998.0,0.0,Metric Tons
Corn,2025-09-18,U KING,35437.0,39655.0,39655.0,96668.0,Metric Tons
Corn,2025-09-18,UNKNOWN,290651.0,0.0,0.0,5755253.0,Metric Tons
Corn,2025-09-18,VENEZ,0.0,0.0,0.0,22400.0,Metric Tons
Corn,2025-09-18,VIETNAM,0.0,51.0,9551.0,389700.0,Metric Tons
Corn,2025-09-25,ALGERIA,3000.0,33000.0,67345.0,63000.0,Metric Tons
Corn,2025-09-25,BANGLADH,0.0,0.0,0.0,1111.0,Metric Tons
Corn,2025-09-25,BARBADO,2000.0,3000.0,3000.0,2000.0,Metric Tons
Corn,2025-09-25,C RICA,-7500.0,0.0,32632.0,335626.0,Metric Tons
Corn,2025-09-25,CANADA,-615.0,7270.0,29415.0,175093.0,Metric Tons
Corn,2025-09-25,CHINA,0.0,0.0,0.0,0.0,Metric Tons
Corn,2025-09-25,COLOMB,170119.0,118685.0,466163.0,1567444.0,Metric Tons
Corn,2025-09-25,DOM REP,0.0,0.0,0.0,4050.0,Metric Tons
Corn,2025-09-25,EGYPT,0.0,0.0,58045.0,70206.0,Metric Tons
Corn,2025-09-25,GUATMAL,254460.0,9960.0,25190.0,491256.0,Metric Tons
Corn,2025-09-25,HG KONG,0.0,0.0,1604.0,925.0,Metric Tons
Corn,2025-09-25,HONDURA,-4099.0,27414.0,73894.0,333816.0,Metric Tons
Corn,2025-09-25,INDNSIA,1000.0,47.0,47.0,1685.0,Metric Tons
Corn,2025-09-25,IRELAND,0.0,0.0,129289.0,59967.0,Metric Tons
Corn,2025-09-25,ISRAEL,54728.0,54728.0,54728.0,105000.0,Metric Tons
Corn,2025-09-25,ITALY,-10000.0,0.0,0.0,20000.0,Metric Tons
Corn,2025-09-25,JAMAICA,0.0,0.0,33996.0,64900.0,Metric Tons
Corn,2025-09-25,JAPAN,123521.0,265596.0,1129595.0,1958871.0,Metric Tons
Corn,2025-09-25,JORDAN,0.0,0.0,23.0,172.0,Metric Tons
Corn,2025-09-25,KOR REP,270138.0,210013.0,348922.0,1423342.0,Metric Tons
Corn,2025-09-25,KUWAIT,0.0,0.0,0.0,2.0,Metric Tons
Corn,2025-09-25,LIBYA,0.0,0.0,36307.0,0.0,Metric Tons
Corn,2025-09-25,LW WW I,1320.0,1000.0,1000.0,5220.0,Metric Tons
Corn,2025-09-25,MALAYSA,0.0,962.0,3994.0,38750.0,Metric Tons
Corn,2025-09-25,MEXICO,512140.0,512453.0,1712362.0,7713406.0,Metric Tons
Corn,2025-09-25,MOROCCO,0.0,32913.0,59993.0,47087.0,Metric Tons
Corn,2025-09-25,N ZEAL,33000.0,0.0,0.0,33000.0,Metric Tons
Corn,2025-09-25,NICARAG,7901.0,10702.0,10702.0,197492.0,Metric Tons
Corn,2025-09-25,PAKISTN,0.0,0.0,0.0,96.0,Metric Tons
Corn,2025-09-25,PANAMA,31000.0,7700.0,28467.0,212300.0,Metric Tons
Corn,2025-09-25,PERU,0.0,0.0,0.0,316.0,Metric Tons
Corn,2025-09-25,PHIL,2000.0,130.0,366.0,38946.0,Metric Tons
Corn,2025-09-25,PORTUGL,0.0,0.0,75417.0,30000.0,Metric Tons
Corn,2025-09-25,SALVADR,7500.0,0.0,48711.0,155664.0,Metric Tons
Corn,2025-09-25,SPAIN,76512.0,60512.0,304120.0,471500.0,Metric Tons
Corn,2025-09-25,TAIWAN,7498.0,73095.0,170743.0,409629.0,Metric Tons
Corn,2025-09-25,TRINID,0.0,0.0,0.0,8000.0,Metric Tons
Corn,2025-09-25,TUNISIA,0.0,0.0,32998.0,0.0,Metric Tons
Corn,2025-09-25,U KING,0.0,0.0,39655.0,96668.0,Metric Tons
Corn,2025-09-25,UNKNOWN,-140798.0,0.0,0.0,5614455.0,Metric Tons
Corn,2025-09-25,VENEZ,0.0,0.0,0.0,22400.0,Metric Tons
Corn,2025-09-25,VIETNAM,24.0,0.0,9551.0,389724.0,Metric Tons
Corn,2025-10-02,ALGERIA,3297.0,36297.0,103642.0,30000.0,Metric Tons
Corn,2025-10-02,BANGLADH,0.0,0.0,0.0,1111.0,Metric Tons
Corn,2025-10-02,BARBADO,0.0,0.0,3000.0,2000.0,Metric Tons
Corn,2025-10-02,C RICA,87753.0,60269.0,92901.0,363110.0,Metric Tons
Corn,2025-10-02,CANADA,30640.0,2465.0,31880.0,203268.0,Metric Tons
Corn,2025-10-02,CHINA,0.0,0.0,0.0,0.0,Metric Tons
Corn,2025-10-02,COLOMB,118111.0,153391.0,619554.0,1532164.0,Metric Tons
Corn,2025-10-02,DOM REP,0.0,0.0,0.0,4050.0,Metric Tons
Corn,2025-10-02,EGYPT,4800.0,67800.0,125845.0,7206.0,Metric Tons
Corn,2025-10-02,GUATMAL,11914.0,11915.0,37105.0,491255.0,Metric Tons
Corn,2025-10-02,HG KONG,246.0,0.0,1604.0,1171.0,Metric Tons
Corn,2025-10-02,HONDURA,10420.0,9220.0,83114.0,335016.0,Metric Tons
Corn,2025-10-02,INDNSIA,0.0,0.0,47.0,1685.0,Metric Tons
Corn,2025-10-02,IRELAND,0.0,0.0,129289.0,59967.0,Metric Tons
Corn,2025-10-02,ISRAEL,-465.0,104535.0,159263.0,0.0,Metric Tons
Corn,2025-10-02,ITALY,37626.0,37626.0,37626.0,20000.0,Metric Tons
Corn,2025-10-02,JAMAICA,483.0,7583.0,41579.0,57800.0,Metric Tons
Corn,2025-10-02,JAPAN,680313.0,242713.0,1372308.0,2396471.0,Metric Tons
Corn,2025-10-02,JORDAN,0.0,0.0,23.0,172.0,Metric Tons
Corn,2025-10-02,KOR REP,346705.0,71502.0,420424.0,1698545.0,Metric Tons
Corn,2025-10-02,KUWAIT,0.0,0.0,0.0,2.0,Metric Tons
Corn,2025-10-02,LIBYA,0.0,0.0,36307.0,0.0,Metric Tons
Corn,2025-10-02,LW WW I,194.0,4194.0,5194.0,1220.0,Metric Tons
Corn,2025-10-02,MALAYSA,-973.0,1027.0,5021.0,36750.0,Metric Tons
Corn,2025-10-02,MEXICO,500669.0,610437.0,2322799.0,7603638.0,Metric Tons
Corn,2025-10-02,MOROCCO,22913.0,0.0,59993.0,70000.0,Metric Tons
Corn,2025-10-02,N ZEAL,0.0,0.0,0.0,33000.0,Metric Tons
Corn,2025-10-02,NICARAG,3100.0,55540.0,66242.0,145052.0,Metric Tons
Corn,2025-10-02,PAKISTN,0.0,0.0,0.0,96.0,Metric Tons
Corn,2025-10-02,PANAMA,1015.0,21315.0,49782.0,192000.0,Metric Tons
Corn,2025-10-02,PERU,0.0,0.0,0.0,316.0,Metric Tons
Corn,2025-10-02,PHIL,0.0,0.0,366.0,38946.0,Metric Tons
Corn,2025-10-02,PORTUGL,65000.0,0.0,75417.0,95000.0,Metric Tons
Corn,2025-10-02,S ARAB,51826.0,51826.0,51826.0,0.0,Metric Tons
Corn,2025-10-02,SALVADR,21717.0,0.0,48711.0,177381.0,Metric Tons
Corn,2025-10-02,SPAIN,141863.0,207863.0,511983.0,405500.0,Metric Tons
Corn,2025-10-02,TAIWAN,72618.0,73102.0,243845.0,409145.0,Metric Tons
Corn,2025-10-02,TRINID,0.0,0.0,0.0,8000.0,Metric Tons
Corn,2025-10-02,TUNISIA,0.0,0.0,32998.0,0.0,Metric Tons
Corn,2025-10-02,U KING,0.0,0.0,39655.0,96668.0,Metric Tons
Corn,2025-10-02,UNKNOWN,47953.0,0.0,0.0,5662408.0,Metric Tons
Corn,2025-10-02,VENEZ,0.0,0.0,0.0,22400.0,Metric Tons
Corn,2025-10-02,VIETNAM,0.0,0.0,9551.0,389724.0,Metric Tons
Corn,2025-10-09,ALGERIA,32788.0,27788.0,131430.0,35000.0,Metric Tons
Corn,2025-10-09,BANGLADH,0.0,0.0,0.0,1111.0,Metric Tons
Corn,2025-10-09,BARBADO,0.0,0.0,3000.0,2000.0,Metric Tons
Corn,2025-10-09,C RICA,68839.0,0.0,92901.0,431949.0,Metric Tons
Corn,2025-10-09,CANADA,60586.0,5799.0,37679.0,258055.0,Metric Tons
Corn,2025-10-09,CHINA,0.0,0.0,0.0,0.0,Metric Tons
Corn,2025-10-09,COLOMB,-60716.0,169685.0,789239.0,1301763.0,Metric Tons
Corn,2025-10-09,DOM REP,0.0,0.0,0.0,4050.0,Metric Tons
Corn,2025-10-09,EGYPT,0.0,0.0,125845.0,7206.0,Metric Tons
Corn,2025-10-09,GUATMAL,1300.0,36300.0,73405.0,456255.0,Metric Tons
Corn,2025-10-09,HG KONG,458.0,0.0,1604.0,1629.0,Metric Tons
Corn,2025-10-09,HONDURA,1200.0,0.0,83114.0,336216.0,Metric Tons
Corn,2025-10-09,INDNSIA,0.0,212.0,259.0,1473.0,Metric Tons
Corn,2025-10-09,IRELAND,0.0,0.0,129289.0,59967.0,Metric Tons
Corn,2025-10-09,ISRAEL,0.0,0.0,159263.0,0.0,Metric Tons
Corn,2025-10-09,ITALY,0.0,0.0,37626.0,20000.0,Metric Tons
Corn,2025-10-09,JAMAICA,0.0,0.0,41579.0,57800.0,Metric Tons
Corn,2025-10-09,JAPAN,67921.0,63841.0,1436149.0,2400551.0,Metric Tons
Corn,2025-10-09,JORDAN,0.0,13.0,36.0,159.0,Metric Tons
Corn,2025-10-09,KOR REP,77485.0,280250.0,700674.0,1495780.0,Metric Tons
Corn,2025-10-09,KUWAIT,0.0,0.0,0.0,2.0,Metric Tons
Corn,2025-10-09,LIBYA,0.0,0.0,36307.0,0.0,Metric Tons
Corn,2025-10-09,LW WW I,0.0,0.0,5194.0,1220.0,Metric Tons
Corn,2025-10-09,MALAYSA,403.0,982.0,6003.0,36171.0,Metric Tons
Corn,2025-10-09,MEXICO,841634.0,399340.0,2722139.0,8045932.0,Metric Tons
Corn,2025-10-09,MOROCCO,0.0,0.0,59993.0,70000.0,Metric Tons
Corn,2025-10-09,N ZEAL,0.0,0.0,0.0,33000.0,Metric Tons
Corn,2025-10-09,NICARAG,-10040.0,0.0,66242.0,135012.0,Metric Tons
Corn,2025-10-09,PAKISTN,0.0,0.0,0.0,96.0,Metric Tons
Corn,2025-10-09,PANAMA,3500.0,0.0,49782.0,195500.0,Metric Tons
Corn,2025-10-09,PERU,0.0,0.0,0.0,316.0,Metric Tons
Corn,2025-10-09,PHIL,18.0,139.0,505.0,38825.0,Metric Tons
Corn,2025-10-09,PORTUGL,40000.0,40000.0,115417.0,95000.0,Metric Tons
Corn,2025-10-09,S ARAB,0.0,0.0,51826.0,0.0,Metric Tons
Corn,2025-10-09,SALVADR,0.0,0.0,48711.0,177381.0,Metric Tons
Corn,2025-10-09,SPAIN,89033.0,95033.0,607016.0,399500.0,Metric Tons
Corn,2025-10-09,TAIWAN,1941.0,2013.0,245858.0,409073.0,Metric Tons
Corn,2025-10-09,TRINID,0.0,0.0,0.0,8000.0,Metric Tons
Corn,2025-10-09,TUNISIA,0.0,0.0,32998.0,0.0,Metric Tons
Corn,2025-10-09,U KING,0.0,0.0,39655.0,96668.0,Metric Tons
Corn,2025-10-09,UNKNOWN,110000.0,0.0,0.0,5772408.0,Metric Tons
Corn,2025-10-09,VENEZ,0.0,0.0,0.0,22400.0,Metric Tons
Corn,2025-10-09,VIETNAM,260.0,1085.0,10636.0,388899.0,Metric Tons
Corn,2025-10-16,ALGERIA,0.0,0.0,131430.0,35000.0,Metric Tons
Corn,2025-10-16,BANGLADH,0.0,0.0,0.0,1111.0,Metric Tons
Corn,2025-10-16,BARBADO,0.0,0.0,3000.0,2000.0,Metric Tons
Corn,2025-10-16,C RICA,36892.0,15176.0,108077.0,453665.0,Metric Tons
Corn,2025-10-16,CANADA,7056.0,8513.0,46192.0,256598.0,Metric Tons
Corn,2025-10-16,CHINA,0.0,0.0,0.0,0.0,Metric Tons
Corn,2025-10-16,COLOMB,256698.0,256231.0,1045470.0,1302230.0,Metric Tons
Corn,2025-10-16,DOM REP,19905.0,4455.0,4455.0,19500.0,Metric Tons
Corn,2025-10-16,EGYPT,0.0,0.0,125845.0,7206.0,Metric Tons
Corn,2025-10-16,GUATMAL,66508.0,66000.0,139405.0,456763.0,Metric Tons
Corn,2025-10-16,HG KONG,0.0,368.0,1972.0,1261.0,Metric Tons
Corn,2025-10-16,HONDURA,27148.0,21132.0,104246.0,342232.0,Metric Tons
Corn,2025-10-16,INDNSIA,65.0,1043.0,1302.0,495.0,Metric Tons
Corn,2025-10-16,IRELAND,0.0,0.0,129289.0,59967.0,Metric Tons
Corn,2025-10-16,ISRAEL,50000.0,0.0,159263.0,50000.0,Metric Tons
Corn,2025-10-16,ITALY,0.0,0.0,37626.0,20000.0,Metric Tons
Corn,2025-10-16,JAMAICA,0.0,0.0,41579.0,57800.0,Metric Tons
Corn,2025-10-16,JAPAN,142267.0,205267.0,1641416.0,2337551.0,Metric Tons
Corn,2025-10-16,JORDAN,0.0,0.0,36.0,159.0,Metric Tons
Corn,2025-10-16,KOR REP,138414.0,109858.0,810532.0,1524336.0,Metric Tons
Corn,2025-10-16,KUWAIT,0.0,0.0,0.0,2.0,Metric Tons
Corn,2025-10-16,LIBYA,0.0,0.0,36307.0,0.0,Metric Tons
Corn,2025-10-16,LW WW I,0.0,0.0,5194.0,1220.0,Metric Tons
Corn,2025-10-16,MALAYSA,394.0,0.0,6003.0,36565.0,Metric Tons
Corn,2025-10-16,MEXICO,1717934.0,349764.0,3071903.0,9414102.0,Metric Tons
Corn,2025-10-16,MOROCCO,21573.0,21573.0,81566.0,70000.0,Metric Tons
Corn,2025-10-16,N ZEAL,0.0,0.0,0.0,33000.0,Metric Tons
Corn,2025-10-16,NICARAG,102940.0,0.0,66242.0,237952.0,Metric Tons
Corn,2025-10-16,PAKISTN,0.0,0.0,0.0,96.0,Metric Tons
Corn,2025-10-16,PANAMA,0.0,0.0,49782.0,195500.0,Metric Tons
Corn,2025-10-16,PERU,0.0,0.0,0.0,316.0,Metric Tons
Corn,2025-10-16,PHIL,60000.0,2000.0,2505.0,96825.0,Metric Tons
Corn,2025-10-16,PORTUGL,39176.0,69176.0,184593.0,65000.0,Metric Tons
Corn,2025-10-16,S ARAB,0.0,0.0,51826.0,0.0,Metric Tons
Corn,2025-10-16,SALVADR,64047.0,58093.0,106804.0,183335.0,Metric Tons
Corn,2025-10-16,SPAIN,63102.0,201102.0,808118.0,261500.0,Metric Tons
Corn,2025-10-16,TAIWAN,93276.0,424.0,246282.0,501925.0,Metric Tons
Corn,2025-10-16,TRINID,0.0,0.0,0.0,8000.0,Metric Tons
Corn,2025-10-16,TUNISIA,0.0,0.0,32998.0,0.0,Metric Tons
Corn,2025-10-16,U KING,1931.0,19931.0,59586.0,78668.0,Metric Tons
Corn,2025-10-16,UNKNOWN,-213764.0,0.0,0.0,5558644.0,Metric Tons
Corn,2025-10-16,VENEZ,60000.0,0.0,0.0,82400.0,Metric Tons
Corn,2025-10-16,VIETNAM,67000.0,24.0,10660.0,455875.0,Metric Tons
Corn,2025-10-23,ALGERIA,0.0,0.0,131430.0,35000.0,Metric Tons
Corn,2025-10-23,BANGLADH,0.0,0.0,0.0,1111.0,Metric Tons
Corn,2025-10-23,BARBADO,0.0,0.0,3000.0,2000.0,Metric Tons
Corn,2025-10-23,C RICA,8627.0,0.0,108077.0,462292.0,Metric Tons
Corn,2025-10-23,CANADA,1575.0,8633.0,54825.0,249540.0,Metric Tons
Corn,2025-10-23,CHINA,0.0,0.0,0.0,0.0,Metric Tons
Corn,2025-10-23,COLOMB,116943.0,184088.0,1229558.0,1235085.0,Metric Tons
Corn,2025-10-23,DOM REP,19500.0,0.0,4455.0,39000.0,Metric Tons
Corn,2025-10-23,EGYPT,0.0,0.0,125845.0,7206.0,Metric Tons
Corn,2025-10-23,GUATMAL,1636.0,40700.0,180105.0,417699.0,Metric Tons
Corn,2025-10-23,HG KONG,122.0,0.0,1972.0,1383.0,Metric Tons
Corn,2025-10-23,HONDURA,75179.0,76529.0,180775.0,340882.0,Metric Tons
Corn,2025-10-23,INDNSIA,0.0,0.0,1302.0,495.0,Metric Tons
Corn,2025-10-23,IRELAND,-29.0,19962.0,149251.0,39976.0,Metric Tons
Corn,2025-10-23,ISRAEL,0.0,0.0,159263.0,50000.0,Metric Tons
Corn,2025-10-23,ITALY,0.0,0.0,37626.0,20000.0,Metric Tons
Corn,2025-10-23,JAMAICA,232.0,7132.0,48711.0,50900.0,Metric Tons
Corn,2025-10-23,JAPAN,156652.0,137652.0,1779068.0,2356551.0,Metric Tons
Corn,2025-10-23,JORDAN,0.0,0.0,36.0,159.0,Metric Tons
Corn,2025-10-23,KOR REP,11521.0,170601.0,981133.0,1365256.0,Metric Tons
Corn,2025-10-23,KUWAIT,0.0,0.0,0.0,2.0,Metric Tons
Corn,2025-10-23,LIBYA,0.0,0.0,36307.0,0.0,Metric Tons
Corn,2025-10-23,LW WW I,0.0,0.0,5194.0,1220.0,Metric Tons
Corn,2025-10-23,MALAYSA,0.0,301.0,6304.0,36264.0,Metric Tons
Corn,2025-10-23,MEXICO,637537.0,508396.0,3580299.0,9543243.0,Metric Tons
Corn,2025-10-23,MOROCCO,0.0,0.0,81566.0,70000.0,Metric Tons
Corn,2025-10-23,N ZEAL,0.0,0.0,0.0,33000.0,Metric Tons
Corn,2025-10-23,NICARAG,101730.0,0.0,66242.0,339682.0,Metric Tons
Corn,2025-10-23,PAKISTN,0.0,0.0,0.0,96.0,Metric Tons
Corn,2025-10-23,PANAMA,32498.0,9898.0,59680.0,218100.0,Metric Tons
Corn,2025-10-23,PERU,0.0,0.0,0.0,316.0,Metric Tons
Corn,2025-10-23,PHIL,0.0,571.0,3076.0,96254.0,Metric Tons
Corn,2025-10-23,PORTUGL,74074.0,74074.0,258667.0,65000.0,Metric Tons
Corn,2025-10-23,S ARAB,0.0,0.0,51826.0,0.0,Metric Tons
Corn,2025-10-23,S LANKA,50.0,0.0,0.0,50.0,Metric Tons
Corn,2025-10-23,SALVADR,44272.0,5331.0,112135.0,222276.0,Metric Tons
Corn,2025-10-23,SPAIN,65999.0,65999.0,874117.0,261500.0,Metric Tons
Corn,2025-10-23,TAIWAN,23769.0,1248.0,247530.0,524446.0,Metric Tons
Corn,2025-10-23,TRINID,0.0,0.0,0.0,8000.0,Metric Tons
Corn,2025-10-23,TUNISIA,0.0,0.0,32998.0,0.0,Metric Tons
Corn,2025-10-23,U KING,22000.0,19.0,59605.0,100649.0,Metric Tons
Corn,2025-10-23,UNKNOWN,351839.0,0.0,0.0,5910483.0,Metric Tons
Corn,2025-10-23,VENEZ,60000.0,0.0,0.0,142400.0,Metric Tons
Corn,2025-10-23,VIETNAM,-467.0,21368.0,32028.0,434040.0,Metric Tons
Corn,2025-10-30,ALGERIA,504.0,35504.0,166934.0,0.0,Metric Tons
Corn,2025-10-30,BANGLADH,0.0,0.0,0.0,1111.0,Metric Tons
Corn,2025-10-30,BARBADO,2215.0,2215.0,5215.0,2000.0,Metric Tons
Corn,2025-10-30,C RICA,-29216.0,0.0,108077.0,433076.0,Metric Tons
Corn,2025-10-30,CANADA,24388.0,38745.0,93570.0,235183.0,Metric Tons
Corn,2025-10-30,CHINA,0.0,0.0,0.0,0.0,Metric Tons
Corn,2025-10-30,COLOMB,189955.0,166341.0,1395899.0,1258699.0,Metric Tons
Corn,2025-10-30,DOM REP,-19500.0,0.0,4455.0,19500.0,Metric Tons
Corn,2025-10-30,EGYPT,0.0,0.0,125845.0,7206.0,Metric Tons
Corn,2025-10-30,GUATMAL,0.0,0.0,180105.0,417699.0,Metric Tons
Corn,2025-10-30,GUYANA,6338.0,6338.0,6338.0,0.0,Metric Tons
Corn,2025-10-30,HG KONG,0.0,0.0,1972.0,1383.0,Metric Tons
Corn,2025-10-30,HONDURA,38045.0,37249.0,218024.0,341678.0,Metric Tons
Corn,2025-10-30,INDNSIA,0.0,236.0,1538.0,259.0,Metric Tons
Corn,2025-10-30,IRELAND,21001.0,21001.0,170252.0,39976.0,Metric Tons
Corn,2025-10-30,ISRAEL,1751.0,51751.0,211014.0,0.0,Metric Tons
Corn,2025-10-30,ITALY,0.0,0.0,37626.0,20000.0,Metric Tons
Corn,2025-10-30,JAMAICA,0.0,0.0,48711.0,50900.0,Metric Tons
Corn,2025-10-30,JAPAN,416955.0,208955.0,1988023.0,2564551.0,Metric Tons
Corn,2025-10-30,JORDAN,0.0,0.0,36.0,159.0,Metric Tons
Corn,2025-10-30,KOR REP,346151.0,276470.0,1257603.0,1434937.0,Metric Tons
Corn,2025-10-30,KUWAIT,0.0,0.0,0.0,2.0,Metric Tons
Corn,2025-10-30,LIBYA,0.0,0.0,36307.0,0.0,Metric Tons
Corn,2025-10-30,LW WW I,0.0,0.0,5194.0,1220.0,Metric Tons
Corn,2025-10-30,MALAYSA,0.0,300.0,6604.0,35964.0,Metric Tons
Corn,2025-10-30,MEXICO,522783.0,368877.0,3949176.0,9697149.0,Metric Tons
Corn,2025-10-30,MOROCCO,-1004.0,32996.0,114562.0,36000.0,Metric Tons
Corn,2025-10-30,N ZEAL,0.0,0.0,0.0,33000.0,Metric Tons
Corn,2025-10-30,NICARAG,-79440.0,0.0,66242.0,260242.0,Metric Tons
Corn,2025-10-30,PAKISTN,0.0,0.0,0.0,96.0,Metric Tons
Corn,2025-10-30,PANAMA,22409.0,39808.0,99488.0,200701.0,Metric Tons
Corn,2025-10-30,PERU,0.0,0.0,0.0,316.0,Metric Tons
Corn,2025-10-30,PHIL,0.0,986.0,4062.0,95268.0,Metric Tons
Corn,2025-10-30,PORTUGL,0.0,0.0,258667.0,65000.0,Metric Tons
Corn,2025-10-30,S ARAB,0.0,0.0,51826.0,0.0,Metric Tons
Corn,2025-10-30,S LANKA,0.0,0.0,0.0,50.0,Metric Tons
Corn,2025-10-30,SALVADR,18451.0,7762.0,119897.0,232965.0,Metric Tons
Corn,2025-10-30,SPAIN,71307.0,137307.0,1011424.0,195500.0,Metric Tons
Corn,2025-10-30,TAIWAN,108547.0,3722.0,251252.0,629271.0,Metric Tons
Corn,2025-10-30,TRINID,5640.0,13640.0,13640.0,0.0,Metric Tons
Corn,2025-10-30,TUNISIA,0.0,0.0,32998.0,0.0,Metric Tons
Corn,2025-10-30,U KING,788.0,22788.0,82393.0,78649.0,Metric Tons
Corn,2025-10-30,UNKNOWN,191224.0,0.0,0.0,6101707.0,Metric Tons
Corn,2025-10-30,VENEZ,60000.0,0.0,0.0,202400.0,Metric Tons
Corn,2025-10-30,VIETNAM,75676.0,67723.0,99751.0,441993.0,Metric Tons
Corn,2025-11-06,ALGERIA,0.0,0.0,166934.0,0.0,Metric Tons
Corn,2025-11-06,BANGLADH,0.0,0.0,0.0,1111.0,Metric Tons
Corn,2025-11-06,BARBADO,0.0,0.0,5215.0,2000.0,Metric Tons
Corn,2025-11-06,C RICA,5626.0,68999.0,177076.0,369703.0,Metric Tons
Corn,2025-11-06,CANADA,13654.0,12241.0,105811.0,236596.0,Metric Tons
Corn,2025-11-06,CHINA,0.0,0.0,0.0,0.0,Metric Tons
Corn,2025-11-06,COLOMB,149289.0,161788.0,1557687.0,1246200.0,Metric Tons
Corn,2025-11-06,DOM REP,0.0,0.0,4455.0,19500.0,Metric Tons
Corn,2025-11-06,EGYPT,0.0,0.0,125845.0,7206.0,Metric Tons
Corn,2025-11-06,GUATMAL,45988.0,116488.0,296593.0,347199.0,Metric Tons
Corn,2025-11-06,GUYANA,0.0,0.0,6338.0,0.0,Metric Tons
Corn,2025-11-06,HG KONG,0.0,0.0,1972.0,1383.0,Metric Tons
Corn,2025-11-06,HONDURA,421.0,0.0,218024.0,342099.0,Metric Tons
Corn,2025-11-06,INDNSIA,0.0,259.0,1797.0,0.0,Metric Tons
Corn,2025-11-06,IRELAND,0.0,0.0,170252.0,39976.0,Metric Tons
Corn,2025-11-06,ISRAEL,0.0,0.0,211014.0,0.0,Metric Tons
Corn,2025-11-06,ITALY,0.0,0.0,37626.0,20000.0,Metric Tons
Corn,2025-11-06,JAMAICA,79.0,2879.0,51590.0,48100.0,Metric Tons
Corn,2025-11-06,JAPAN,357647.0,130003.0,2118026.0,2792195.0,Metric Tons
Corn,2025-11-06,JORDAN,0.0,0.0,36.0,159.0,Metric Tons
Corn,2025-11-06,KOR REP,198778.0,214537.0,1472140.0,1419178.0,Metric Tons
Corn,2025-11-06,KUWAIT,0.0,0.0,0.0,2.0,Metric Tons
Corn,2025-11-06,LIBYA,0.0,0.0,36307.0,0.0,Metric Tons
Corn,2025-11-06,LW WW I,0.0,0.0,5194.0,1220.0,Metric Tons
Corn,2025-11-06,MALAYSA,400.0,0.0,6604.0,36364.0,Metric Tons
Corn,2025-11-06,MEXICO,120102.0,473510.0,4422686.0,9343741.0,Metric Tons
Corn,2025-11-06,MOROCCO,0.0,0.0,114562.0,36000.0,Metric Tons
Corn,2025-11-06,N ZEAL,0.0,0.0,0.0,33000.0,Metric Tons
Corn,2025-11-06,NETHLDS,22880.0,22880.0,22880.0,0.0,Metric Tons
Corn,2025-11-06,NICARAG,-1052.0,12848.0,79090.0,246342.0,Metric Tons
Corn,2025-11-06,PAKISTN,0.0,0.0,0.0,96.0,Metric Tons
Corn,2025-11-06,PANAMA,2000.0,0.0,99488.0,202701.0,Metric Tons
Corn,2025-11-06,PERU,0.0,0.0,0.0,316.0,Metric Tons
Corn,2025-11-06,PHIL,0.0,351.0,4413.0,94917.0,Metric Tons
Corn,2025-11-06,PORTUGL,0.0,0.0,258667.0,65000.0,Metric Tons
Corn,2025-11-06,S ARAB,0.0,0.0,51826.0,0.0,Metric Tons
Corn,2025-11-06,S LANKA,0.0,0.0,0.0,50.0,Metric Tons
Corn,2025-11-06,SALVADR,-16489.0,0.0,119897.0,216476.0,Metric Tons
Corn,2025-11-06,SPAIN,6799.0,74799.0,1086223.0,127500.0,Metric Tons
Corn,2025-11-06,TAIWAN,73256.0,147137.0,398389.0,555390.0,Metric Tons
Corn,2025-11-06,TRINID,0.0,0.0,13640.0,0.0,Metric Tons
Corn,2025-11-06,TUNISIA,0.0,0.0,32998.0,0.0,Metric Tons
Corn,2025-11-06,U KING,882.0,22880.0,105273.0,56651.0,Metric Tons
Corn,2025-11-06,UNKNOWN,-102757.0,0.0,0.0,5998950.0,Metric Tons
Corn,2025-11-06,VENEZ,100000.0,0.0,0.0,302400.0,Metric Tons
Corn,2025-11-06,VIETNAM,2022.0,67045.0,166796.0,376970.0,Metric Tons
Corn,2025-11-13,ALGERIA,0.0,0.0,166934.0,0.0,Metric Tons
Corn,2025-11-13,BANGLADH,61000.0,0.0,0.0,62111.0,Metric Tons
Corn,2025-11-13,BARBADO,0.0,0.0,5215.0,2000.0,Metric Tons
Corn,2025-11-13,C RICA,0.0,0.0,177076.0,369703.0,Metric Tons
Corn,2025-11-13,CANADA,24747.0,50769.0,156580.0,210574.0,Metric Tons
Corn,2025-11-13,CHINA,0.0,0.0,0.0,0.0,Metric Tons
Corn,2025-11-13,COLOMB,115892.0,212342.0,1770029.0,1149750.0,Metric Tons
Corn,2025-11-13,DOM REP,0.0,0.0,4455.0,19500.0,Metric Tons
Corn,2025-11-13,EGYPT,0.0,0.0,125845.0,7206.0,Metric Tons
Corn,2025-11-13,GUATMAL,10564.0,15905.0,312498.0,341858.0,Metric Tons
Corn,2025-11-13,GUYANA,0.0,0.0,6338.0,0.0,Metric Tons
Corn,2025-11-13,HG KONG,0.0,0.0,1972.0,1383.0,Metric Tons
Corn,2025-11-13,HONDURA,10400.0,0.0,218024.0,352499.0,Metric Tons
Corn,2025-11-13,INDNSIA,73032.0,73032.0,74829.0,0.0,Metric Tons
Corn,2025-11-13,IRELAND,-1210.0,18781.0,189033.0,19985.0,Metric Tons
Corn,2025-11-13,ISRAEL,0.0,0.0,211014.0,0.0,Metric Tons
Corn,2025-11-13,ITALY,0.0,0.0,37626.0,20000.0,Metric Tons
Corn,2025-11-13,JAMAICA,4300.0,0.0,51590.0,52400.0,Metric Tons
Corn,2025-11-13,JAPAN,314879.0,457759.0,2575785.0,2649315.0,Metric Tons
Corn,2025-11-13,JORDAN,0.0,0.0,36.0,159.0,Metric Tons
Corn,2025-11-13,KOR REP,218134.0,349794.0,1821934.0,1287518.0,Metric Tons
Corn,2025-11-13,KUWAIT,800.0,0.0,0.0,802.0,Metric Tons
Corn,2025-11-13,LIBYA,0.0,0.0,36307.0,0.0,Metric Tons
Corn,2025-11-13,LW WW I,0.0,0.0,5194.0,1220.0,Metric Tons
Corn,2025-11-13,MALAYSA,0.0,0.0,6604.0,36364.0,Metric Tons
Corn,2025-11-13,MEXICO,767111.0,824633.0,5247319.0,9286219.0,Metric Tons
Corn,2025-11-13,MOROCCO,823.0,20823.0,135385.0,16000.0,Metric Tons
Corn,2025-11-13,N ZEAL,0.0,0.0,0.0,33000.0,Metric Tons
Corn,2025-11-13,NETHLDS,0.0,0.0,22880.0,0.0,Metric Tons
Corn,2025-11-13,NICARAG,4383.0,48942.0,128032.0,201783.0,Metric Tons
Corn,2025-11-13,PAKISTN,0.0,0.0,0.0,96.0,Metric Tons
Corn,2025-11-13,PANAMA,92700.0,0.0,99488.0,295401.0,Metric Tons
Corn,2025-11-13,PERU,0.0,0.0,0.0,316.0,Metric Tons
Corn,2025-11-13,PHIL,101.0,139.0,4552.0,94879.0,Metric Tons
Corn,2025-11-13,PORTUGL,36561.0,36561.0,295228.0,65000.0,Metric Tons
Corn,2025-11-13,S ARAB,52257.0,52257.0,104083.0,0.0,Metric Tons
Corn,2025-11-13,S LANKA,0.0,0.0,0.0,50.0,Metric Tons
Corn,2025-11-13,SALVADR,-6983.0,18157.0,138054.0,191336.0,Metric Tons
Corn,2025-11-13,SPAIN,138423.0,138423.0,1224646.0,127500.0,Metric Tons
Corn,2025-11-13,TAIWAN,219721.0,70407.0,468796.0,704704.0,Metric Tons
Corn,2025-11-13,TRINID,0.0,0.0,13640.0,0.0,Metric Tons
Corn,2025-11-13,TUNISIA,0.0,0.0,32998.0,0.0,Metric Tons
Corn,2025-11-13,U KING,19079.0,13101.0,118374.0,62629.0,Metric Tons
Corn,2025-11-13,UNKNOWN,193192.0,0.0,0.0,6192142.0,Metric Tons
Corn,2025-11-13,VENEZ,30000.0,0.0,0.0,332400.0,Metric Tons
Corn,2025-11-13,VIETNAM,500.0,74971.0,241767.0,302499.0,Metric Tons
Corn,2025-11-20,ALGERIA,30000.0,0.0,166934.0,30000.0,Metric Tons
Corn,2025-11-20,BANGLADH,0.0,0.0,0.0,62111.0,Metric Tons
Corn,2025-11-20,BARBADO,112.0,2112.0,7327.0,0.0,Metric Tons
Corn,2025-11-20,C RICA,8000.0,4000.0,181076.0,373703.0,Metric Tons
Corn,2025-11-20,CANADA,16852.0,16625.0,173205.0,210801.0,Metric Tons
Corn,2025-11-20,CHINA,0.0,0.0,0.0,0.0,Metric Tons
Corn,2025-11-20,COLOMB,132515.0,133215.0,1903244.0,1149050.0,Metric Tons
Corn,2025-11-20,DOM REP,0.0,0.0,4455.0,19500.0,Metric Tons
Corn,2025-11-20,EGYPT,0.0,0.0,125845.0,7206.0,Metric Tons
Corn,2025-11-20,GUATMAL,9819.0,25694.0,338192.0,325983.0,Metric Tons
Corn,2025-11-20,GUYANA,0.0,0.0,6338.0,0.0,Metric Tons
Corn,2025-11-20,HG KONG,0.0,0.0,1972.0,1383.0,Metric Tons
Corn,2025-11-20,HONDURA,3016.0,0.0,218024.0,355515.0,Metric Tons
Corn,2025-11-20,INDNSIA,0.0,0.0,74829.0,0.0,Metric Tons
Corn,2025-11-20,IRELAND,22866.0,22866.0,211899.0,19985.0,Metric Tons
Corn,2025-11-20,ISRAEL,0.0,0.0,211014.0,0.0,Metric Tons
Corn,2025-11-20,ITALY,-20000.0,0.0,37626.0,0.0,Metric Tons
Corn,2025-11-20,JAMAICA,17647.0,27647.0,79237.0,42400.0,Metric Tons
Corn,2025-11-20,JAPAN,685989.0,346210.0,2921995.0,2989094.0,Metric Tons
Corn,2025-11-20,JORDAN,0.0,0.0,36.0,159.0,Metric Tons
Corn,2025-11-20,KOR REP,461867.0,136788.0,1958722.0,1612597.0,Metric Tons
Corn,2025-11-20,KUWAIT,0.0,0.0,0.0,802.0,Metric Tons
Corn,2025-11-20,LIBYA,0.0,0.0,36307.0,0.0,Metric Tons
Corn,2025-11-20,LW WW I,-20.0,1200.0,6394.0,0.0,Metric Tons
Corn,2025-11-20,MALAYSA,1500.0,208.0,6812.0,37656.0,Metric Tons
Corn,2025-11-20,MEXICO,271817.0,446590.0,5693909.0,9111446.0,Metric Tons
Corn,2025-11-20,MOROCCO,20000.0,0.0,135385.0,36000.0,Metric Tons
Corn,2025-11-20,N ZEAL,0.0,0.0,0.0,33000.0,Metric Tons
Corn,2025-11-20,NETHLDS,0.0,0.0,22880.0,0.0,Metric Tons
Corn,2025-11-20,NICARAG,1900.0,0.0,128032.0,203683.0,Metric Tons
Corn,2025-11-20,PAKISTN,0.0,0.0,0.0,96.0,Metric Tons
Corn,2025-11-20,PANAMA,1114.0,24614.0,124102.0,271901.0,Metric Tons
Corn,2025-11-20,PERU,0.0,0.0,0.0,316.0,Metric Tons
Corn,2025-11-20,PHIL,0.0,0.0,4552.0,94879.0,Metric Tons
Corn,2025-11-20,PORTUGL,81199.0,116199.0,411427.0,30000.0,Metric Tons
Corn,2025-11-20,S ARAB,0.0,0.0,104083.0,0.0,Metric Tons
Corn,2025-11-20,S LANKA,0.0,0.0,0.0,50.0,Metric Tons
Corn,2025-11-20,SALVADR,-14534.0,0.0,138054.0,176802.0,Metric Tons
Corn,2025-11-20,SPAIN,-968.0,59032.0,1283678.0,67500.0,Metric Tons
Corn,2025-11-20,TAIWAN,55053.0,14696.0,483492.0,745061.0,Metric Tons
Corn,2025-11-20,TRINID,0.0,0.0,13640.0,0.0,Metric Tons
Corn,2025-11-20,TUNISIA,0.0,0.0,32998.0,0.0,Metric Tons
Corn,2025-11-20,U KING,20901.0,20901.0,139275.0,62629.0,Metric Tons
Corn,2025-11-20,UNKNOWN,-33108.0,0.0,0.0,6159034.0,Metric Tons
Corn,2025-11-20,VENEZ,0.0,0.0,0.0,332400.0,Metric Tons
Corn,2025-11-20,VIETNAM,69626.0,133039.0,374806.0,239086.0,Metric Tons
Corn,2025-11-27,ALGERIA,0.0,0.0,166934.0,30000.0,Metric Tons
Corn,2025-11-27,BANGLADH,-3145.0,57855.0,57855.0,1111.0,Metric Tons
Corn,2025-11-27,BARBADO,0.0,0.0,7327.0,0.0,Metric Tons
Corn,2025-11-27,C RICA,0.0,0.0,181076.0,373703.0,Metric Tons
Corn,2025-11-27,CANADA,12731.0,11700.0,184905.0,211832.0,Metric Tons
Corn,2025-11-27,CHINA,0.0,0.0,0.0,0.0,Metric Tons
Corn,2025-11-27,COLOMB,180354.0,195704.0,2098948.0,1133700.0,Metric Tons
Corn,2025-11-27,DOM REP,0.0,0.0,4455.0,19500.0,Metric Tons
Corn,2025-11-27,EGYPT,0.0,0.0,125845.0,7206.0,Metric Tons
Corn,2025-11-27,GUATMAL,0.0,0.0,338192.0,325983.0,Metric Tons
Corn,2025-11-27,GUYANA,0.0,0.0,6338.0,0.0,Metric Tons
Corn,2025-11-27,HG KONG,0.0,0.0,1972.0,1383.0,Metric Tons
Corn,2025-11-27,HONDURA,24304.0,96019.0,314043.0,283800.0,Metric Tons
Corn,2025-11-27,INDNSIA,0.0,0.0,74829.0,0.0,Metric Tons
Corn,2025-11-27,IRELAND,19990.0,0.0,211899.0,39975.0,Metric Tons
Corn,2025-11-27,ISRAEL,0.0,0.0,211014.0,0.0,Metric Tons
Corn,2025-11-27,ITALY,0.0,0.0,37626.0,0.0,Metric Tons
Corn,2025-11-27,JAMAICA,389.0,4689.0,83926.0,38100.0,Metric Tons
Corn,2025-11-27,JAPAN,458270.0,582770.0,3504765.0,2864594.0,Metric Tons
Corn,2025-11-27,JORDAN,0.0,0.0,36.0,159.0,Metric Tons
Corn,2025-11-27,KOR REP,198000.0,0.0,1958722.0,1810597.0,Metric Tons
Corn,2025-11-27,KUWAIT,0.0,0.0,0.0,802.0,Metric Tons
Corn,2025-11-27,LIBYA,0.0,0.0,36307.0,0.0,Metric Tons
Corn,2025-11-27,LW WW I,0.0,0.0,6394.0,0.0,Metric Tons
Corn,2025-11-27,MALAYSA,3600.0,0.0,6812.0,41256.0,Metric Tons
Corn,2025-11-27,MEXICO,447423.0,505422.0,6199331.0,9053447.0,Metric Tons
Corn,2025-11-27,MOROCCO,83000.0,0.0,135385.0,119000.0,Metric Tons
Corn,2025-11-27,N ZEAL,0.0,0.0,0.0,33000.0,Metric Tons
Corn,2025-11-27,NETHLDS,0.0,0.0,22880.0,0.0,Metric Tons
Corn,2025-11-27,NICARAG,16152.0,16001.0,144033.0,203834.0,Metric Tons
Corn,2025-11-27,PAKISTN,0.0,0.0,0.0,96.0,Metric Tons
Corn,2025-11-27,PANAMA,7843.0,42843.0,166945.0,236901.0,Metric Tons
Corn,2025-11-27,PERU,0.0,0.0,0.0,316.0,Metric Tons
Corn,2025-11-27,PHIL,60000.0,815.0,5367.0,154064.0,Metric Tons
Corn,2025-11-27,PORTUGL,77.0,30077.0,441504.0,0.0,Metric Tons
Corn,2025-11-27,S ARAB,0.0,0.0,104083.0,0.0,Metric Tons
Corn,2025-11-27,S LANKA,0.0,0.0,0.0,50.0,Metric Tons
Corn,2025-11-27,SALVADR,-18524.0,37554.0,175608.0,120724.0,Metric Tons
Corn,2025-11-27,SPAIN,87332.0,87332.0,1371010.0,67500.0,Metric Tons
Corn,2025-11-27,TAIWAN,9279.0,133571.0,617063.0,620769.0,Metric Tons
Corn,2025-11-27,TRINID,0.0,0.0,13640.0,0.0,Metric Tons
Corn,2025-11-27,TUNISIA,0.0,0.0,32998.0,0.0,Metric Tons
Corn,2025-11-27,U KING,74424.0,54424.0,193699.0,82629.0,Metric Tons
Corn,2025-11-27,UNKNOWN,24936.0,0.0,0.0,6183970.0,Metric Tons
Corn,2025-11-27,VENEZ,0.0,0.0,0.0,332400.0,Metric Tons
Corn,2025-11-27,VIETNAM,105762.0,40809.0,415615.0,304039.0,Metric Tons
Corn,2025-12-04,ALGERIA,37997.0,32997.0,199931.0,35000.0,Metric Tons
Corn,2025-12-04,BANGLADH,0.0,467.0,58322.0,644.0,Metric Tons
Corn,2025-12-04,BARBADO,1485.0,1485.0,8812.0,0.0,Metric Tons
Corn,2025-12-04,C RICA,14800.0,43123.0,224199.0,345380.0,Metric Tons
Corn,2025-12-04,CANADA,7373.0,27600.0,212505.0,191605.0,Metric Tons
Corn,2025-12-04,CHINA,0.0,0.0,0.0,0.0,Metric Tons
Corn,2025-12-04,COLOMB,231545.0,87404.0,2186352.0,1277841.0,Metric Tons
Corn,2025-12-04,DOM REP,0.0,0.0,4455.0,19500.0,Metric Tons
Corn,2025-12-04,EGYPT,106000.0,0.0,125845.0,113206.0,Metric Tons
Corn,2025-12-04,GUATMAL,28180.0,67244.0,405436.0,286919.0,Metric Tons
Corn,2025-12-04,GUYANA,3527.0,3527.0,9865.0,0.0,Metric Tons
Corn,2025-12-04,HG KONG,105.0,0.0,1972.0,1488.0,Metric Tons
Corn,2025-12-04,HONDURA,11858.0,30079.0,344122.0,265579.0,Metric Tons
Corn,2025-12-04,INDNSIA,0.0,0.0,74829.0,0.0,Metric Tons
Corn,2025-12-04,IRELAND,-1070.0,18928.0,230827.0,19977.0,Metric Tons
Corn,2025-12-04,ISRAEL,0.0,0.0,211014.0,0.0,Metric Tons
Corn,2025-12-04,ITALY,0.0,0.0,37626.0,0.0,Metric Tons
Corn,2025-12-04,JAMAICA,252.0,7152.0,91078.0,31200.0,Metric Tons
Corn,2025-12-04,JAPAN,231420.0,314881.0,3819646.0,2781133.0,Metric Tons
Corn,2025-12-04,JORDAN,0.0,0.0,36.0,159.0,Metric Tons
Corn,2025-12-04,KOR REP,82580.0,212097.0,2170819.0,1681080.0,Metric Tons
Corn,2025-12-04,KUWAIT,0.0,0.0,0.0,802.0,Metric Tons
Corn,2025-12-04,LIBYA,0.0,0.0,36307.0,0.0,Metric Tons
Corn,2025-12-04,LW WW I,0.0,0.0,6394.0,0.0,Metric Tons
Corn,2025-12-04,MALAYSA,9.0,0.0,6812.0,41265.0,Metric Tons
Corn,2025-12-04,MEXICO,665271.0,544784.0,6744115.0,9173934.0,Metric Tons
Corn,2025-12-04,MOROCCO,0.0,0.0,135385.0,119000.0,Metric Tons
Corn,2025-12-04,N ZEAL,0.0,0.0,0.0,33000.0,Metric Tons
Corn,2025-12-04,NETHLDS,0.0,0.0,22880.0,0.0,Metric Tons
Corn,2025-12-04,NICARAG,44375.0,18369.0,162402.0,229840.0,Metric Tons
Corn,2025-12-04,PAKISTN,0.0,0.0,0.0,96.0,Metric Tons
Corn,2025-12-04,PANAMA,50294.0,22694.0,189639.0,264501.0,Metric Tons
Corn,2025-12-04,PERU,0.0,0.0,0.0,316.0,Metric Tons
Corn,2025-12-04,PHIL,0.0,66.0,5433.0,153998.0,Metric Tons
Corn,2025-12-04,PORTUGL,0.0,0.0,441504.0,0.0,Metric Tons
Corn,2025-12-04,S ARAB,0.0,0.0,104083.0,0.0,Metric Tons
Corn,2025-12-04,S LANKA,0.0,0.0,0.0,50.0,Metric Tons
Corn,2025-12-04,SALVADR,0.0,0.0,175608.0,120724.0,Metric Tons
Corn,2025-12-04,SPAIN,75064.0,75064.0,1446074.0,67500.0,Metric Tons
Corn,2025-12-04,SURINAM,1500.0,1500.0,1500.0,0.0,Metric Tons
Corn,2025-12-04,TAIWAN,305459.0,152171.0,769234.0,774057.0,Metric Tons
Corn,2025-12-04,TRINID,4400.0,4400.0,18040.0,0.0,Metric Tons
Corn,2025-12-04,TUNISIA,0.0,0.0,32998.0,0.0,Metric Tons
Corn,2025-12-04,U KING,19346.0,19232.0,212931.0,82743.0,Metric Tons
Corn,2025-12-04,UNKNOWN,-499985.0,0.0,0.0,5683985.0,Metric Tons
Corn,2025-12-04,VENEZ,55000.0,0.0,0.0,387400.0,Metric Tons
Corn,2025-12-04,VIETNAM,2068.0,68938.0,484553.0,237169.0,Metric Tons
Corn,2025-12-11,ALGERIA,30000.0,0.0,199931.0,65000.0,Metric Tons
Corn,2025-12-11,BANGLADH,0.0,0.0,58322.0,644.0,Metric Tons
Corn,2025-12-11,BARBADO,3000.0,0.0,8812.0,3000.0,Metric Tons
Corn,2025-12-11,C RICA,-32725.0,37075.0,261274.0,275580.0,Metric Tons
Corn,2025-12-11,CANADA,2589.0,8881.0,221386.0,185313.0,Metric Tons
Corn,2025-12-11,CHINA,0.0,0.0,0.0,0.0,Metric Tons
Corn,2025-12-11,COLOMB,148685.0,202744.0,2389096.0,1223782.0,Metric Tons
Corn,2025-12-11,DOM REP,0.0,0.0,4455.0,19500.0,Metric Tons
Corn,2025-12-11,EGYPT,0.0,0.0,125845.0,113206.0,Metric Tons
Corn,2025-12-11,GUATMAL,44840.0,34500.0,439936.0,297259.0,Metric Tons
Corn,2025-12-11,GUYANA,0.0,0.0,9865.0,0.0,Metric Tons
Corn,2025-12-11,HG KONG,0.0,0.0,1972.0,1488.0,Metric Tons
Corn,2025-12-11,HONDURA,0.0,0.0,344122.0,265579.0,Metric Tons
Corn,2025-12-11,INDNSIA,0.0,0.0,74829.0,0.0,Metric Tons
Corn,2025-12-11,IRELAND,22750.0,22750.0,253577.0,19977.0,Metric Tons
Corn,2025-12-11,ISRAEL,0.0,0.0,211014.0,0.0,Metric Tons
Corn,2025-12-11,ITALY,0.0,0.0,37626.0,0.0,Metric Tons
Corn,2025-12-11,JAMAICA,21344.0,4644.0,95722.0,47900.0,Metric Tons
Corn,2025-12-11,JAPAN,354170.0,157170.0,3976816.0,2978133.0,Metric Tons
Corn,2025-12-11,JORDAN,0.0,0.0,36.0,159.0,Metric Tons
Corn,2025-12-11,KOR REP,263473.0,67797.0,2238616.0,1876756.0,Metric Tons
Corn,2025-12-11,KUWAIT,0.0,0.0,0.0,802.0,Metric Tons
Corn,2025-12-11,LIBYA,0.0,0.0,36307.0,0.0,Metric Tons
Corn,2025-12-11,LW WW I,1400.0,0.0,6394.0,1400.0,Metric Tons
Corn,2025-12-11,MALAYSA,0.0,413.0,7225.0,40852.0,Metric Tons
Corn,2025-12-11,MEXICO,243795.0,542875.0,7286990.0,8874854.0,Metric Tons
Corn,2025-12-11,MOROCCO,20000.0,0.0,135385.0,139000.0,Metric Tons
Corn,2025-12-11,N ZEAL,0.0,0.0,0.0,33000.0,Metric Tons
Corn,2025-12-11,NETHLDS,0.0,0.0,22880.0,0.0,Metric Tons
Corn,2025-12-11,NICARAG,8000.0,0.0,162402.0,237840.0,Metric Tons
Corn,2025-12-11,PAKISTN,0.0,0.0,0.0,96.0,Metric Tons
Corn,2025-12-11,PANAMA,0.0,0.0,189639.0,264501.0,Metric Tons
Corn,2025-12-11,PERU,0.0,0.0,0.0,316.0,Metric Tons
Corn,2025-12-11,PHIL,0.0,235.0,5668.0,153763.0,Metric Tons
Corn,2025-12-11,PORTUGL,0.0,0.0,441504.0,0.0,Metric Tons
Corn,2025-12-11,S ARAB,0.0,0.0,104083.0,0.0,Metric Tons
Corn,2025-12-11,S LANKA,0.0,0.0,0.0,50.0,Metric Tons
Corn,2025-12-11,SALVADR,44000.0,0.0,175608.0,164724.0,Metric Tons
Corn,2025-12-11,SPAIN,219731.0,219731.0,1665805.0,67500.0,Metric Tons
Corn,2025-12-11,SURINAM,0.0,0.0,1500.0,0.0,Metric Tons
Corn,2025-12-11,TAIWAN,88371.0,80879.0,850113.0,781549.0,Metric Tons
Corn,2025-12-11,TRINID,0.0,0.0,18040.0,0.0,Metric Tons
Corn,2025-12-11,TUNISIA,0.0,0.0,32998.0,0.0,Metric Tons
Corn,2025-12-11,U KING,-21995.0,0.0,212931.0,60748.0,Metric Tons
Corn,2025-12-11,UNKNOWN,83282.0,0.0,0.0,5767267.0,Metric Tons
Corn,2025-12-11,VENEZ,134000.0,0.0,0.0,521400.0,Metric Tons
Corn,2025-12-11,VIETNAM,65422.0,65916.0,550469.0,236675.0,Metric Tons
Corn,2025-12-18,ALGERIA,60000.0,0.0,199931.0,125000.0,Metric Tons
Corn,2025-12-18,BANGLADH,0.0,467.0,58789.0,177.0,Metric Tons
Corn,2025-12-18,BARBADO,0.0,0.0,8812.0,3000.0,Metric Tons
Corn,2025-12-18,C RICA,72980.0,6965.0,268239.0,341595.0,Metric Tons
Corn,2025-12-18,CANADA,12031.0,2553.0,223939.0,194791.0,Metric Tons
Corn,2025-12-18,CHINA,0.0,0.0,0.0,0.0,Metric Tons
Corn,2025-12-18,COLOMB,158731.0,30012.0,2419108.0,1352501.0,Metric Tons
Corn,2025-12-18,DOM REP,28723.0,18223.0,22678.0,30000.0,Metric Tons
Corn,2025-12-18,EGYPT,53000.0,0.0,125845.0,166206.0,Metric Tons
Corn,2025-12-18,GUATMAL,31688.0,5702.0,445638.0,323245.0,Metric Tons
Corn,2025-12-18,GUYANA,0.0,0.0,9865.0,0.0,Metric Tons
Corn,2025-12-18,HG KONG,0.0,363.0,2335.0,1125.0,Metric Tons
Corn,2025-12-18,HONDURA,60899.0,35149.0,379271.0,291329.0,Metric Tons
Corn,2025-12-18,INDNSIA,0.0,0.0,74829.0,0.0,Metric Tons
Corn,2025-12-18,IRELAND,19600.0,19600.0,273177.0,19977.0,Metric Tons
Corn,2025-12-18,ISRAEL,0.0,0.0,211014.0,0.0,Metric Tons
Corn,2025-12-18,ITALY,0.0,0.0,37626.0,0.0,Metric Tons
Corn,2025-12-18,JAMAICA,9700.0,0.0,95722.0,57600.0,Metric Tons
Corn,2025-12-18,JAPAN,215809.0,318169.0,4294985.0,2875773.0,Metric Tons
Corn,2025-12-18,JORDAN,0.0,0.0,36.0,159.0,Metric Tons
Corn,2025-12-18,KOR REP,201593.0,402005.0,2640621.0,1676344.0,Metric Tons
Corn,2025-12-18,KUWAIT,0.0,0.0,0.0,802.0,Metric Tons
Corn,2025-12-18,LIBYA,0.0,0.0,36307.0,0.0,Metric Tons
Corn,2025-12-18,LW WW I,0.0,0.0,6394.0,1400.0,Metric Tons
Corn,2025-12-18,MALAYSA,0.0,156.0,7381.0,40696.0,Metric Tons
Corn,2025-12-18,MEXICO,832199.0,466860.0,7753850.0,9240193.0,Metric Tons
Corn,2025-12-18,MOROCCO,60407.0,16407.0,151792.0,183000.0,Metric Tons
Corn,2025-12-18,N ZEAL,0.0,0.0,0.0,33000.0,Metric Tons
Corn,2025-12-18,NETHLDS,0.0,0.0,22880.0,0.0,Metric Tons
Corn,2025-12-18,NICARAG,21727.0,36370.0,198772.0,223197.0,Metric Tons
Corn,2025-12-18,PAKISTN,0.0,0.0,0.0,96.0,Metric Tons
Corn,2025-12-18,PANAMA,15706.0,43906.0,233545.0,236301.0,Metric Tons
Corn,2025-12-18,PERU,0.0,0.0,0.0,316.0,Metric Tons
Corn,2025-12-18,PHIL,1000.0,2000.0,7668.0,152763.0,Metric Tons
Corn,2025-12-18,PORTUGL,17999.0,0.0,441504.0,17999.0,Metric Tons
Corn,2025-12-18,S ARAB,0.0,0.0,104083.0,0.0,Metric Tons
Corn,2025-12-18,S LANKA,-50.0,0.0,0.0,0.0,Metric Tons
Corn,2025-12-18,SALVADR,13578.0,6078.0,181686.0,172224.0,Metric Tons
Corn,2025-12-18,SPAIN,263795.0,263795.0,1929600.0,67500.0,Metric Tons
Corn,2025-12-18,SURINAM,0.0,0.0,1500.0,0.0,Metric Tons
Corn,2025-12-18,TAIWAN,7454.0,9382.0,859495.0,779621.0,Metric Tons
Corn,2025-12-18,TRINID,0.0,0.0,18040.0,0.0,Metric Tons
Corn,2025-12-18,TUNISIA,0.0,0.0,32998.0,0.0,Metric Tons
Corn,2025-12-18,U KING,0.0,19.0,212950.0,60729.0,Metric Tons
Corn,2025-12-18,UNKNOWN,-28816.0,0.0,0.0,5738451.0,Metric Tons
Corn,2025-12-18,VENEZ,0.0,0.0,0.0,521400.0,Metric Tons
Corn,2025-12-18,VIETNAM,72534.0,74476.0,624945.0,234733.0,Metric Tons
Corn,2025-12-25,ALGERIA,0.0,0.0,199931.0,125000.0,Metric Tons
Corn,2025-12-25,BANGLADH,0.0,0.0,58789.0,177.0,Metric Tons
Corn,2025-12-25,BARBADO,0.0,0.0,8812.0,3000.0,Metric Tons
Corn,2025-12-25,C RICA,0.0,0.0,268239.0,341595.0,Metric Tons
Corn,2025-12-25,CANADA,17029.0,9976.0,233915.0,201844.0,Metric Tons
Corn,2025-12-25,CHINA,0.0,0.0,0.0,0.0,Metric Tons
Corn,2025-12-25,COLOMB,59102.0,201352.0,2620460.0,1210251.0,Metric Tons
Corn,2025-12-25,DOM REP,0.0,0.0,22678.0,30000.0,Metric Tons
Corn,2025-12-25,EGYPT,0.0,0.0,125845.0,166206.0,Metric Tons
Corn,2025-12-25,GUATMAL,10000.0,0.0,445638.0,333245.0,Metric Tons
Corn,2025-12-25,GUYANA,0.0,0.0,9865.0,0.0,Metric Tons
Corn,2025-12-25,HG KONG,0.0,76.0,2411.0,1049.0,Metric Tons
Corn,2025-12-25,HONDURA,8467.0,33468.0,412739.0,266328.0,Metric Tons
Corn,2025-12-25,INDNSIA,0.0,0.0,74829.0,0.0,Metric Tons
Corn,2025-12-25,IRAQ,55000.0,0.0,0.0,55000.0,Metric Tons
Corn,2025-12-25,IRELAND,659.0,0.0,273177.0,20636.0,Metric Tons
Corn,2025-12-25,ISRAEL,0.0,0.0,211014.0,0.0,Metric Tons
Corn,2025-12-25,ITALY,0.0,0.0,37626.0,0.0,Metric Tons
Corn,2025-12-25,JAMAICA,465.0,4765.0,100487.0,53300.0,Metric Tons
Corn,2025-12-25,JAPAN,182120.0,219481.0,4514466.0,2838412.0,Metric Tons
Corn,2025-12-25,JORDAN,21.0,0.0,36.0,180.0,Metric Tons
Corn,2025-12-25,KOR REP,8867.0,144195.0,2784816.0,1541016.0,Metric Tons
Corn,2025-12-25,KUWAIT,0.0,0.0,0.0,802.0,Metric Tons
Corn,2025-12-25,LIBYA,0.0,0.0,36307.0,0.0,Metric Tons
Corn,2025-12-25,LW WW I,0.0,0.0,6394.0,1400.0,Metric Tons
Corn,2025-12-25,MALAYSA,118.0,14002.0,21383.0,26812.0,Metric Tons
Corn,2025-12-25,MEXICO,308051.0,484252.0,8238102.0,9063992.0,Metric Tons
Corn,2025-12-25,MOROCCO,0.0,0.0,151792.0,183000.0,Metric Tons
Corn,2025-12-25,N ZEAL,0.0,0.0,0.0,33000.0,Metric Tons
Corn,2025-12-25,NETHLDS,0.0,0.0,22880.0,0.0,Metric Tons
Corn,2025-12-25,NICARAG,4000.0,0.0,198772.0,227197.0,Metric Tons
Corn,2025-12-25,PAKISTN,0.0,0.0,0.0,96.0,Metric Tons
Corn,2025-12-25,PANAMA,474.0,19074.0,252619.0,217701.0,Metric Tons
Corn,2025-12-25,PERU,0.0,0.0,0.0,316.0,Metric Tons
Corn,2025-12-25,PHIL,0.0,0.0,7668.0,152763.0,Metric Tons
Corn,2025-12-25,PORTUGL,-17999.0,0.0,441504.0,0.0,Metric Tons
Corn,2025-12-25,S ARAB,0.0,0.0,104083.0,0.0,Metric Tons
Corn,2025-12-25,S LANKA,0.0,0.0,0.0,0.0,Metric Tons
Corn,2025-12-25,SALVADR,4070.0,0.0,181686.0,176294.0,Metric Tons
Corn,2025-12-25,SPAIN,142497.0,142497.0,2072097.0,67500.0,Metric Tons
Corn,2025-12-25,SURINAM,0.0,0.0,1500.0,0.0,Metric Tons
Corn,2025-12-25,TAIWAN,18032.0,30457.0,889952.0,767196.0,Metric Tons
Corn,2025-12-25,TRINID,0.0,0.0,18040.0,0.0,Metric Tons
Corn,2025-12-25,TUNISIA,0.0,0.0,32998.0,0.0,Metric Tons
Corn,2025-12-25,U KING,0.0,0.0,212950.0,60729.0,Metric Tons
Corn,2025-12-25,UNKNOWN,-87680.0,0.0,0.0,5650771.0,Metric Tons
Corn,2025-12-25,VENEZ,10000.0,0.0,0.0,531400.0,Metric Tons
Corn,2025-12-25,VIETNAM,13323.0,96211.0,721156.0,151845.0,Metric Tons
Corn,2026-01-01,ALGERIA,36605.0,69605.0,269536.0,92000.0,Metric Tons
Corn,2026-01-01,BANGLADH,0.0,0.0,58789.0,177.0,Metric Tons
Corn,2026-01-01,BARBADO,0.0,0.0,8812.0,3000.0,Metric Tons
Corn,2026-01-01,C RICA,0.0,0.0,268239.0,341595.0,Metric Tons
Corn,2026-01-01,CANADA,37380.0,2437.0,236352.0,236787.0,Metric Tons
Corn,2026-01-01,CHINA,0.0,0.0,0.0,0.0,Metric Tons
Corn,2026-01-01,COLOMB,19336.0,137927.0,2758387.0,1091660.0,Metric Tons
Corn,2026-01-01,DOM REP,70300.0,0.0,22678.0,100300.0,Metric Tons
Corn,2026-01-01,EGYPT,0.0,0.0,125845.0,166206.0,Metric Tons
Corn,2026-01-01,GUATMAL,40166.0,93630.0,539268.0,279781.0,Metric Tons
Corn,2026-01-01,GUYANA,0.0,0.0,9865.0,0.0,Metric Tons
Corn,2026-01-01,HG KONG,0.0,228.0,2639.0,821.0,Metric Tons
Corn,2026-01-01,HONDURA,-1766.0,49398.0,462137.0,215164.0,Metric Tons
Corn,2026-01-01,INDNSIA,0.0,0.0,74829.0,0.0,Metric Tons
Corn,2026-01-01,IRAQ,0.0,0.0,0.0,55000.0,Metric Tons
Corn,2026-01-01,IRELAND,0.0,0.0,273177.0,20636.0,Metric Tons
Corn,2026-01-01,ISRAEL,0.0,0.0,211014.0,0.0,Metric Tons
Corn,2026-01-01,ITALY,0.0,0.0,37626.0,0.0,Metric Tons
Corn,2026-01-01,JAMAICA,429.0,4729.0,105216.0,49000.0,Metric Tons
Corn,2026-01-01,JAPAN,108074.0,294262.0,4808728.0,2652224.0,Metric Tons
Corn,2026-01-01,JORDAN,1.0,0.0,36.0,181.0,Metric Tons
Corn,2026-01-01,KOR REP,138977.0,142691.0,2927507.0,1537302.0,Metric Tons
Corn,2026-01-01,KUWAIT,0.0,0.0,0.0,802.0,Metric Tons
Corn,2026-01-01,LIBYA,0.0,0.0,36307.0,0.0,Metric Tons
Corn,2026-01-01,LW WW I,0.0,0.0,6394.0,1400.0,Metric Tons
Corn,2026-01-01,MALAYSA,15.0,2956.0,24339.0,23871.0,Metric Tons
Corn,2026-01-01,MEXICO,96828.0,317233.0,8555335.0,8843587.0,Metric Tons
Corn,2026-01-01,MOROCCO,0.0,0.0,151792.0,183000.0,Metric Tons
Corn,2026-01-01,N ZEAL,0.0,0.0,0.0,33000.0,Metric Tons
Corn,2026-01-01,NETHLDS,0.0,0.0,22880.0,0.0,Metric Tons
Corn,2026-01-01,NICARAG,0.0,0.0,198772.0,227197.0,Metric Tons
Corn,2026-01-01,PAKISTN,0.0,0.0,0.0,96.0,Metric Tons
Corn,2026-01-01,PANAMA,-35000.0,0.0,252619.0,182701.0,Metric Tons
Corn,2026-01-01,PERU,0.0,0.0,0.0,316.0,Metric Tons
Corn,2026-01-01,PHIL,6000.0,66000.0,73668.0,92763.0,Metric Tons
Corn,2026-01-01,PORTUGL,0.0,0.0,441504.0,0.0,Metric Tons
Corn,2026-01-01,S ARAB,0.0,0.0,104083.0,0.0,Metric Tons
Corn,2026-01-01,S LANKA,0.0,0.0,0.0,0.0,Metric Tons
Corn,2026-01-01,SALVADR,-3429.0,0.0,181686.0,172865.0,Metric Tons
Corn,2026-01-01,SPAIN,19803.0,19803.0,2091900.0,67500.0,Metric Tons
Corn,2026-01-01,SURINAM,0.0,0.0,1500.0,0.0,Metric Tons
Corn,2026-01-01,TAIWAN,4145.0,87107.0,977059.0,684234.0,Metric Tons
Corn,2026-01-01,TRINID,0.0,0.0,18040.0,0.0,Metric Tons
Corn,2026-01-01,TUNISIA,0.0,0.0,32998.0,0.0,Metric Tons
Corn,2026-01-01,U KING,-762.0,41238.0,254188.0,18729.0,Metric Tons
Corn,2026-01-01,UNKNOWN,-226725.0,0.0,0.0,5424046.0,Metric Tons
Corn,2026-01-01,VENEZ,0.0,0.0,0.0,531400.0,Metric Tons
Corn,2026-01-01,VIETNAM,67221.0,67225.0,788381.0,151841.0,Metric Tons
Corn,2026-01-08,ALGERIA,96167.0,30167.0,299703.0,158000.0,Metric Tons
Corn,2026-01-08,BANGLADH,0.0,0.0,58789.0,177.0,Metric Tons
Corn,2026-01-08,BARBADO,0.0,0.0,8812.0,3000.0,Metric Tons
Corn,2026-01-08,C RICA,3108.0,33082.0,301321.0,311621.0,Metric Tons
Corn,2026-01-08,CANADA,1109.0,41359.0,277711.0,196537.0,Metric Tons
Corn,2026-01-08,CHINA,0.0,0.0,0.0,0.0,Metric Tons
Corn,2026-01-08,COLOMB,125835.0,34335.0,2792722.0,1183160.0,Metric Tons
Corn,2026-01-08,DOM REP,8000.0,0.0,22678.0,108300.0,Metric Tons
Corn,2026-01-08,EGYPT,0.0,0.0,125845.0,166206.0,Metric Tons
Corn,2026-01-08,GUATMAL,8263.0,21465.0,560733.0,266579.0,Metric Tons
Corn,2026-01-08,GUYANA,0.0,0.0,9865.0,0.0,Metric Tons
Corn,2026-01-08,HG KONG,63.0,0.0,2639.0,884.0,Metric Tons
Corn,2026-01-08,HONDURA,0.0,0.0,462137.0,215164.0,Metric Tons
Corn,2026-01-08,INDNSIA,0.0,0.0,74829.0,0.0,Metric Tons
Corn,2026-01-08,IRAQ,0.0,0.0,0.0,55000.0,Metric Tons
Corn,2026-01-08,IRELAND,29840.0,50476.0,323653.0,0.0,Metric Tons
Corn,2026-01-08,ISRAEL,0.0,0.0,211014.0,0.0,Metric Tons
Corn,2026-01-08,ITALY,0.0,0.0,37626.0,0.0,Metric Tons
Corn,2026-01-08,JAMAICA,374.0,4674.0,109890.0,44700.0,Metric Tons
Corn,2026-01-08,JAPAN,210756.0,255116.0,5063844.0,2607864.0,Metric Tons
Corn,2026-01-08,JORDAN,0.0,0.0,36.0,181.0,Metric Tons
Corn,2026-01-08,KOR REP,80682.0,131859.0,3059366.0,1486125.0,Metric Tons
Corn,2026-01-08,KUWAIT,0.0,0.0,0.0,802.0,Metric Tons
Corn,2026-01-08,LIBYA,0.0,0.0,36307.0,0.0,Metric Tons
Corn,2026-01-08,LW WW I,0.0,0.0,6394.0,1400.0,Metric Tons
Corn,2026-01-08,MALAYSA,0.0,1055.0,25394.0,22816.0,Metric Tons
Corn,2026-01-08,MEXICO,265785.0,685537.0,9240872.0,8423835.0,Metric Tons
Corn,2026-01-08,MOROCCO,35000.0,0.0,151792.0,218000.0,Metric Tons
Corn,2026-01-08,N ZEAL,0.0,0.0,0.0,33000.0,Metric Tons
Corn,2026-01-08,NETHLDS,0.0,0.0,22880.0,0.0,Metric Tons
Corn,2026-01-08,NICARAG,0.0,0.0,198772.0,227197.0,Metric Tons
Corn,2026-01-08,PAKISTN,0.0,0.0,0.0,96.0,Metric Tons
Corn,2026-01-08,PANAMA,22965.0,22965.0,275584.0,182701.0,Metric Tons
Corn,2026-01-08,PERU,0.0,0.0,0.0,316.0,Metric Tons
Corn,2026-01-08,PHIL,0.0,186.0,73854.0,92577.0,Metric Tons
Corn,2026-01-08,PORTUGL,0.0,0.0,441504.0,0.0,Metric Tons
Corn,2026-01-08,S ARAB,0.0,0.0,104083.0,0.0,Metric Tons
Corn,2026-01-08,S LANKA,0.0,0.0,0.0,0.0,Metric Tons
Corn,2026-01-08,SALVADR,0.0,0.0,181686.0,172865.0,Metric Tons
Corn,2026-01-08,SPAIN,49836.0,49836.0,2141736.0,67500.0,Metric Tons
Corn,2026-01-08,SURINAM,0.0,0.0,1500.0,0.0,Metric Tons
Corn,2026-01-08,TAIWAN,133390.0,161840.0,1138899.0,655784.0,Metric Tons
Corn,2026-01-08,TRINID,0.0,0.0,18040.0,0.0,Metric Tons
Corn,2026-01-08,TUNISIA,0.0,0.0,32998.0,0.0,Metric Tons
Corn,2026-01-08,U KING,0.0,0.0,254188.0,18729.0,Metric Tons
Corn,2026-01-08,UNKNOWN,-13858.0,0.0,0.0,5410188.0,Metric Tons
Corn,2026-01-08,VENEZ,9200.0,31600.0,31600.0,509000.0,Metric Tons
Corn,2026-01-08,VIETNAM,73025.0,0.0,788381.0,224866.0,Metric Tons
Corn,2026-01-15,ALGERIA,0.0,0.0,299703.0,158000.0,Metric Tons
Corn,2026-01-15,BANGLADH,0.0,0.0,58789.0,177.0,Metric Tons
Corn,2026-01-15,BARBADO,1650.0,1650.0,10462.0,3000.0,Metric Tons
Corn,2026-01-15,C RICA,-17019.0,0.0,301321.0,294602.0,Metric Tons
Corn,2026-01-15,CANADA,22415.0,4916.0,282627.0,214036.0,Metric Tons
Corn,2026-01-15,CHINA,0.0,0.0,0.0,0.0,Metric Tons
Corn,2026-01-15,COLOMB,178138.0,219327.0,3012049.0,1141971.0,Metric Tons
Corn,2026-01-15,DOM REP,33000.0,0.0,22678.0,141300.0,Metric Tons
Corn,2026-01-15,EGYPT,40000.0,0.0,125845.0,206206.0,Metric Tons
Corn,2026-01-15,GUATMAL,119281.0,75392.0,636125.0,310468.0,Metric Tons
Corn,2026-01-15,GUYANA,8785.0,8785.0,18650.0,0.0,Metric Tons
Corn,2026-01-15,HG KONG,0.0,153.0,2792.0,731.0,Metric Tons
Corn,2026-01-15,HONDURA,9950.0,0.0,462137.0,225114.0,Metric Tons
Corn,2026-01-15,INDNSIA,0.0,0.0,74829.0,0.0,Metric Tons
Corn,2026-01-15,IRAQ,0.0,0.0,0.0,55000.0,Metric Tons
Corn,2026-01-15,IRELAND,0.0,0.0,323653.0,0.0,Metric Tons
Corn,2026-01-15,ISRAEL,0.0,0.0,211014.0,0.0,Metric Tons
Corn,2026-01-15,ITALY,0.0,0.0,37626.0,0.0,Metric Tons
Corn,2026-01-15,JAMAICA,753.0,21753.0,131643.0,23700.0,Metric Tons
Corn,2026-01-15,JAPAN,836720.0,256231.0,5320075.0,3188353.0,Metric Tons
Corn,2026-01-15,JORDAN,0.0,0.0,36.0,181.0,Metric Tons
Corn,2026-01-15,KOR REP,751549.0,215422.0,3274788.0,2022252.0,Metric Tons
Corn,2026-01-15,KUWAIT,0.0,0.0,0.0,802.0,Metric Tons
Corn,2026-01-15,LIBYA,0.0,0.0,36307.0,0.0,Metric Tons
Corn,2026-01-15,LW WW I,0.0,0.0,6394.0,1400.0,Metric Tons
Corn,2026-01-15,MALAYSA,14940.0,2797.0,28191.0,34959.0,Metric Tons
Corn,2026-01-15,MEXICO,422644.0,403274.0,9644146.0,8443205.0,Metric Tons
Corn,2026-01-15,MOROCCO,0.0,0.0,151792.0,218000.0,Metric Tons
Corn,2026-01-15,N ZEAL,0.0,0.0,0.0,33000.0,Metric Tons
Corn,2026-01-15,NETHLDS,0.0,0.0,22880.0,0.0,Metric Tons
Corn,2026-01-15,NICARAG,0.0,0.0,198772.0,227197.0,Metric Tons
Corn,2026-01-15,PAKISTN,0.0,0.0,0.0,96.0,Metric Tons
Corn,2026-01-15,PANAMA,-72.0,28928.0,304512.0,153701.0,Metric Tons
Corn,2026-01-15,PERU,0.0,0.0,0.0,316.0,Metric Tons
Corn,2026-01-15,PHIL,1000.0,0.0,73854.0,93577.0,Metric Tons
Corn,2026-01-15,PORTUGL,0.0,0.0,441504.0,0.0,Metric Tons
Corn,2026-01-15,S ARAB,0.0,0.0,104083.0,0.0,Metric Tons
Corn,2026-01-15,S LANKA,0.0,0.0,0.0,0.0,Metric Tons
Corn,2026-01-15,SALVADR,-3989.0,21311.0,202997.0,147565.0,Metric Tons
Corn,2026-01-15,SPAIN,65000.0,0.0,2141736.0,132500.0,Metric Tons
Corn,2026-01-15,SURINAM,1800.0,1800.0,3300.0,0.0,Metric Tons
Corn,2026-01-15,TAIWAN,31925.0,79165.0,1218064.0,608544.0,Metric Tons
Corn,2026-01-15,TRINID,4840.0,4840.0,22880.0,0.0,Metric Tons
Corn,2026-01-15,TUNISIA,0.0,0.0,32998.0,0.0,Metric Tons
Corn,2026-01-15,U KING,31800.0,19800.0,273988.0,30729.0,Metric Tons
Corn,2026-01-15,UNKNOWN,1241766.0,0.0,0.0,6651954.0,Metric Tons
Corn,2026-01-15,VENEZ,12000.0,0.0,31600.0,521000.0,Metric Tons
Corn,2026-01-15,VIETNAM,201756.0,68230.0,856611.0,358392.0,Metric Tons
Corn,2026-01-22,ALGERIA,3000.0,33000.0,332703.0,128000.0,Metric Tons
Corn,2026-01-22,BANGLADH,0.0,0.0,58789.0,177.0,Metric Tons
Corn,2026-01-22,BARBADO,0.0,0.0,10462.0,3000.0,Metric Tons
Corn,2026-01-22,C RICA,0.0,0.0,301321.0,294602.0,Metric Tons
Corn,2026-01-22,CANADA,172.0,13824.0,296451.0,200384.0,Metric Tons
Corn,2026-01-22,CHINA,0.0,0.0,0.0,0.0,Metric Tons
Corn,2026-01-22,COLOMB,339483.0,207734.0,3219783.0,1273720.0,Metric Tons
Corn,2026-01-22,DOM REP,12000.0,0.0,22678.0,153300.0,Metric Tons
Corn,2026-01-22,EGYPT,0.0,32999.0,158844.0,173207.0,Metric Tons
Corn,2026-01-22,GUATMAL,26809.0,62048.0,698173.0,275229.0,Metric Tons
Corn,2026-01-22,GUYANA,0.0,0.0,18650.0,0.0,Metric Tons
Corn,2026-01-22,HG KONG,0.0,0.0,2792.0,731.0,Metric Tons
Corn,2026-01-22,HONDURA,13900.0,0.0,462137.0,239014.0,Metric Tons
Corn,2026-01-22,INDNSIA,0.0,0.0,74829.0,0.0,Metric Tons
Corn,2026-01-22,IRAQ,0.0,0.0,0.0,55000.0,Metric Tons
Corn,2026-01-22,IRELAND,0.0,0.0,323653.0,0.0,Metric Tons
Corn,2026-01-22,ISRAEL,0.0,0.0,211014.0,0.0,Metric Tons
Corn,2026-01-22,ITALY,1500.0,0.0,37626.0,1500.0,Metric Tons
Corn,2026-01-22,JAMAICA,0.0,0.0,131643.0,23700.0,Metric Tons
Corn,2026-01-22,JAPAN,365116.0,265116.0,5585191.0,3288353.0,Metric Tons
Corn,2026-01-22,JORDAN,0.0,0.0,36.0,181.0,Metric Tons
Corn,2026-01-22,KOR REP,67294.0,70187.0,3344975.0,2019359.0,Metric Tons
Corn,2026-01-22,KUWAIT,0.0,0.0,0.0,802.0,Metric Tons
Corn,2026-01-22,LIBYA,0.0,0.0,36307.0,0.0,Metric Tons
Corn,2026-01-22,LW WW I,0.0,0.0,6394.0,1400.0,Metric Tons
Corn,2026-01-22,MALAYSA,6030.0,1015.0,29206.0,39974.0,Metric Tons
Corn,2026-01-22,MEXICO,350242.0,464564.0,10108710.0,8328883.0,Metric Tons
Corn,2026-01-22,MOROCCO,4999.0,54999.0,206791.0,168000.0,Metric Tons
Corn,2026-01-22,N ZEAL,0.0,0.0,0.0,33000.0,Metric Tons
Corn,2026-01-22,NETHLDS,0.0,0.0,22880.0,0.0,Metric Tons
Corn,2026-01-22,NICARAG,2643.0,0.0,198772.0,229840.0,Metric Tons
Corn,2026-01-22,PAKISTN,0.0,0.0,0.0,96.0,Metric Tons
Corn,2026-01-22,PANAMA,31299.0,24400.0,328912.0,160600.0,Metric Tons
Corn,2026-01-22,PERU,0.0,0.0,0.0,316.0,Metric Tons
Corn,2026-01-22,PHIL,0.0,1568.0,75422.0,92009.0,Metric Tons
Corn,2026-01-22,PORTUGL,125780.0,95780.0,537284.0,30000.0,Metric Tons
Corn,2026-01-22,S ARAB,0.0,0.0,104083.0,0.0,Metric Tons
Corn,2026-01-22,S LANKA,0.0,0.0,0.0,0.0,Metric Tons
Corn,2026-01-22,SALVADR,2204.0,25950.0,228947.0,123819.0,Metric Tons
Corn,2026-01-22,SPAIN,210766.0,210766.0,2352502.0,132500.0,Metric Tons
Corn,2026-01-22,SURINAM,0.0,0.0,3300.0,0.0,Metric Tons
Corn,2026-01-22,TAIWAN,170032.0,75158.0,1293222.0,703418.0,Metric Tons
Corn,2026-01-22,TRINID,0.0,0.0,22880.0,0.0,Metric Tons
Corn,2026-01-22,TUNISIA,0.0,0.0,32998.0,0.0,Metric Tons
Corn,2026-01-22,U KING,0.0,0.0,273988.0,30729.0,Metric Tons
Corn,2026-01-22,UNKNOWN,-152545.0,0.0,0.0,6499409.0,Metric Tons
Corn,2026-01-22,VENEZ,65184.0,30184.0,61784.0,556000.0,Metric Tons
Corn,2026-01-22,VIETNAM,2500.0,1718.0,858329.0,359174.0,Metric Tons
Corn,2026-01-29,ALGERIA,0.0,0.0,332703.0,128000.0,Metric Tons
Corn,2026-01-29,BANGLADH,0.0,0.0,58789.0,177.0,Metric Tons
Corn,2026-01-29,BARBADO,0.0,0.0,10462.0,3000.0,Metric Tons
Corn,2026-01-29,C RICA,0.0,15780.0,317101.0,278822.0,Metric Tons
Corn,2026-01-29,CANADA,32885.0,8127.0,304578.0,225142.0,Metric Tons
Corn,2026-01-29,CHINA,0.0,0.0,0.0,0.0,Metric Tons
Corn,2026-01-29,COLOMB,20817.0,165485.0,3385268.0,1129052.0,Metric Tons
Corn,2026-01-29,DOM REP,17000.0,0.0,22678.0,170300.0,Metric Tons
Corn,2026-01-29,EGYPT,32999.0,0.0,158844.0,206206.0,Metric Tons
Corn,2026-01-29,GUATMAL,37042.0,46282.0,744455.0,265989.0,Metric Tons
Corn,2026-01-29,GUYANA,0.0,0.0,18650.0,0.0,Metric Tons
Corn,2026-01-29,HG KONG,276.0,0.0,2792.0,1007.0,Metric Tons
Corn,2026-01-29,HONDURA,6814.0,6814.0,468951.0,239014.0,Metric Tons
Corn,2026-01-29,INDNSIA,68000.0,0.0,74829.0,68000.0,Metric Tons
Corn,2026-01-29,IRAQ,0.0,0.0,0.0,55000.0,Metric Tons
Corn,2026-01-29,IRELAND,19999.0,0.0,323653.0,19999.0,Metric Tons
Corn,2026-01-29,ISRAEL,0.0,0.0,211014.0,0.0,Metric Tons
Corn,2026-01-29,ITALY,0.0,0.0,37626.0,1500.0,Metric Tons
Corn,2026-01-29,JAMAICA,25200.0,0.0,131643.0,48900.0,Metric Tons
Corn,2026-01-29,JAPAN,246794.0,381775.0,5966966.0,3153372.0,Metric Tons
Corn,2026-01-29,JORDAN,0.0,0.0,36.0,181.0,Metric Tons
Corn,2026-01-29,KOR REP,125808.0,72961.0,3417936.0,2072206.0,Metric Tons
Corn,2026-01-29,KUWAIT,0.0,0.0,0.0,802.0,Metric Tons
Corn,2026-01-29,LIBYA,0.0,0.0,36307.0,0.0,Metric Tons
Corn,2026-01-29,LW WW I,0.0,0.0,6394.0,1400.0,Metric Tons
Corn,2026-01-29,MALAYSA,23511.0,1994.0,31200.0,61491.0,Metric Tons
Corn,2026-01-29,MEXICO,247569.0,316991.0,10425701.0,8259461.0,Metric Tons
Corn,2026-01-29,MOROCCO,23500.0,38500.0,245291.0,153000.0,Metric Tons
Corn,2026-01-29,N ZEAL,0.0,0.0,0.0,33000.0,Metric Tons
Corn,2026-01-29,NETHLDS,0.0,0.0,22880.0,0.0,Metric Tons
Corn,2026-01-29,NICARAG,9020.0,4440.0,203212.0,234420.0,Metric Tons
Corn,2026-01-29,PAKISTN,0.0,0.0,0.0,96.0,Metric Tons
Corn,2026-01-29,PANAMA,88500.0,0.0,328912.0,249100.0,Metric Tons
Corn,2026-01-29,PERU,0.0,0.0,0.0,316.0,Metric Tons
Corn,2026-01-29,PHIL,0.0,44.0,75466.0,91965.0,Metric Tons
Corn,2026-01-29,PORTUGL,0.0,0.0,537284.0,30000.0,Metric Tons
Corn,2026-01-29,S ARAB,0.0,0.0,104083.0,0.0,Metric Tons
Corn,2026-01-29,S LANKA,0.0,0.0,0.0,0.0,Metric Tons
Corn,2026-01-29,SALVADR,32512.0,0.0,228947.0,156331.0,Metric Tons
Corn,2026-01-29,SPAIN,62895.0,60395.0,2412897.0,135000.0,Metric Tons
Corn,2026-01-29,SURINAM,0.0,0.0,3300.0,0.0,Metric Tons
Corn,2026-01-29,TAIWAN,2480.0,7381.0,1300603.0,698517.0,Metric Tons
Corn,2026-01-29,TRINID,0.0,0.0,22880.0,0.0,Metric Tons
Corn,2026-01-29,TUNISIA,0.0,0.0,32998.0,0.0,Metric Tons
Corn,2026-01-29,U KING,0.0,0.0,273988.0,30729.0,Metric Tons
Corn,2026-01-29,UNKNOWN,-22631.0,0.0,0.0,6476778.0,Metric Tons
Corn,2026-01-29,VENEZ,4250.0,19250.0,81034.0,541000.0,Metric Tons
Corn,2026-01-29,VIETNAM,-64174.0,659.0,858988.0,294341.0,Metric Tons
Corn,2026-02-05,ALGERIA,0.0,0.0,332703.0,128000.0,Metric Tons
Corn,2026-02-05,BANGLADH,0.0,0.0,58789.0,177.0,Metric Tons
Corn,2026-02-05,BARBADO,90.0,3090.0,13552.0,0.0,Metric Tons
Corn,2026-02-05,C RICA,13212.0,57534.0,374635.0,234500.0,Metric Tons
Corn,2026-02-05,CANADA,5865.0,13619.0,318197.0,217388.0,Metric Tons
Corn,2026-02-05,CHINA,0.0,0.0,0.0,0.0,Metric Tons
Corn,2026-02-05,COLOMB,274856.0,36821.0,3422089.0,1367087.0,Metric Tons
Corn,2026-02-05,DOM REP,34400.0,0.0,22678.0,204700.0,Metric Tons
Corn,2026-02-05,EGYPT,0.0,0.0,158844.0,206206.0,Metric Tons
Corn,2026-02-05,GUATMAL,19036.0,20136.0,764591.0,264889.0,Metric Tons
Corn,2026-02-05,GUYANA,0.0,0.0,18650.0,0.0,Metric Tons
Corn,2026-02-05,HG KONG,0.0,350.0,3142.0,657.0,Metric Tons
Corn,2026-02-05,HONDURA,56616.0,77954.0,546905.0,217676.0,Metric Tons
Corn,2026-02-05,INDNSIA,0.0,0.0,74829.0,68000.0,Metric Tons
Corn,2026-02-05,IRAQ,1197.0,56197.0,56197.0,0.0,Metric Tons
Corn,2026-02-05,IRELAND,0.0,0.0,323653.0,19999.0,Metric Tons
Corn,2026-02-05,ISRAEL,0.0,0.0,211014.0,0.0,Metric Tons
Corn,2026-02-05,ITALY,0.0,0.0,37626.0,1500.0,Metric Tons
Corn,2026-02-05,JAMAICA,21370.0,4670.0,136313.0,65600.0,Metric Tons
Corn,2026-02-05,JAPAN,616561.0,247561.0,6214527.0,3522372.0,Metric Tons
Corn,2026-02-05,JORDAN,0.0,0.0,36.0,181.0,Metric Tons
Corn,2026-02-05,KOR REP,336758.0,141543.0,3559479.0,2267421.0,Metric Tons
Corn,2026-02-05,KUWAIT,0.0,0.0,0.0,802.0,Metric Tons
Corn,2026-02-05,LIBYA,0.0,0.0,36307.0,0.0,Metric Tons
Corn,2026-02-05,LW WW I,-245.0,1155.0,7549.0,0.0,Metric Tons
Corn,2026-02-05,MALAYSA,19000.0,989.0,32189.0,79502.0,Metric Tons
Corn,2026-02-05,MEXICO,195617.0,476123.0,10901824.0,7978955.0,Metric Tons
Corn,2026-02-05,MOROCCO,0.0,0.0,245291.0,153000.0,Metric Tons
Corn,2026-02-05,N ZEAL,3329.0,36329.0,36329.0,0.0,Metric Tons
Corn,2026-02-05,NETHLDS,0.0,0.0,22880.0,0.0,Metric Tons
Corn,2026-02-05,NICARAG,17688.0,78936.0,282148.0,173172.0,Metric Tons
Corn,2026-02-05,PAKISTN,0.0,0.0,0.0,96.0,Metric Tons
Corn,2026-02-05,PANAMA,9073.0,9073.0,337985.0,249100.0,Metric Tons
Corn,2026-02-05,PERU,0.0,0.0,0.0,316.0,Metric Tons
Corn,2026-02-05,PHIL,0.0,0.0,75466.0,91965.0,Metric Tons
Corn,2026-02-05,PORTUGL,0.0,0.0,537284.0,30000.0,Metric Tons
Corn,2026-02-05,S ARAB,0.0,0.0,104083.0,0.0,Metric Tons
Corn,2026-02-05,S LANKA,0.0,0.0,0.0,0.0,Metric Tons
Corn,2026-02-05,SALVADR,34413.0,0.0,228947.0,190744.0,Metric Tons
Corn,2026-02-05,SPAIN,60000.0,0.0,2412897.0,195000.0,Metric Tons
Corn,2026-02-05,SURINAM,0.0,0.0,3300.0,0.0,Metric Tons
Corn,2026-02-05,TAIWAN,136407.0,111083.0,1411686.0,723841.0,Metric Tons
Corn,2026-02-05,TRINID,0.0,0.0,22880.0,0.0,Metric Tons
Corn,2026-02-05,TUNISIA,0.0,0.0,32998.0,0.0,Metric Tons
Corn,2026-02-05,U KING,24000.0,0.0,273988.0,54729.0,Metric Tons
Corn,2026-02-05,UNKNOWN,88484.0,0.0,0.0,6565262.0,Metric Tons
Corn,2026-02-05,VENEZ,90482.0,65482.0,146516.0,566000.0,Metric Tons
Corn,2026-02-05,VIETNAM,11423.0,73883.0,932871.0,231881.0,Metric Tons
Corn,2026-02-12,ALGERIA,69200.0,35200.0,367903.0,162000.0,Metric Tons
Corn,2026-02-12,BANGLADH,0.0,0.0,58789.0,177.0,Metric Tons
Corn,2026-02-12,BARBADO,5200.0,1200.0,14752.0,4000.0,Metric Tons
Corn,2026-02-12,C RICA,103895.0,0.0,374635.0,338395.0,Metric Tons
Corn,2026-02-12,CANADA,27501.0,13487.0,331684.0,231402.0,Metric Tons
Corn,2026-02-12,CHINA,0.0,0.0,0.0,0.0,Metric Tons
Corn,2026-02-12,COLOMB,118913.0,212123.0,3634212.0,1273877.0,Metric Tons
Corn,2026-02-12,DOM REP,-3710.0,33591.0,56269.0,167399.0,Metric Tons
Corn,2026-02-12,ECUADOR,4050.0,4050.0,4050.0,0.0,Metric Tons
Corn,2026-02-12,EGYPT,0.0,0.0,158844.0,206206.0,Metric Tons
Corn,2026-02-12,GUATMAL,22000.0,0.0,764591.0,286889.0,Metric Tons
Corn,2026-02-12,GUYANA,3850.0,3850.0,22500.0,0.0,Metric Tons
Corn,2026-02-12,HG KONG,216.0,216.0,3358.0,657.0,Metric Tons
Corn,2026-02-12,HONDURA,857.0,4636.0,551541.0,213897.0,Metric Tons
Corn,2026-02-12,INDNSIA,203.0,68203.0,143032.0,0.0,Metric Tons
Corn,2026-02-12,IRAQ,0.0,0.0,56197.0,0.0,Metric Tons
Corn,2026-02-12,IRELAND,36789.0,36789.0,360442.0,19999.0,Metric Tons
Corn,2026-02-12,ISRAEL,0.0,0.0,211014.0,0.0,Metric Tons
Corn,2026-02-12,ITALY,50.0,0.0,37626.0,1550.0,Metric Tons
Corn,2026-02-12,JAMAICA,0.0,0.0,136313.0,65600.0,Metric Tons
Corn,2026-02-12,JAPAN,381512.0,385712.0,6600239.0,3518172.0,Metric Tons
Corn,2026-02-12,JORDAN,0.0,0.0,36.0,181.0,Metric Tons
Corn,2026-02-12,KOR REP,76834.0,75363.0,3634842.0,2268892.0,Metric Tons
Corn,2026-02-12,KUWAIT,0.0,0.0,0.0,802.0,Metric Tons
Corn,2026-02-12,LIBYA,0.0,0.0,36307.0,0.0,Metric Tons
Corn,2026-02-12,LW WW I,1750.0,450.0,7999.0,1300.0,Metric Tons
Corn,2026-02-12,MALAYSA,0.0,1129.0,33318.0,78373.0,Metric Tons
Corn,2026-02-12,MEXICO,270079.0,507586.0,11409410.0,7741448.0,Metric Tons
Corn,2026-02-12,MOROCCO,35000.0,0.0,245291.0,188000.0,Metric Tons
Corn,2026-02-12,N ZEAL,0.0,0.0,36329.0,0.0,Metric Tons
Corn,2026-02-12,NETHLDS,22860.0,22860.0,45740.0,0.0,Metric Tons
Corn,2026-02-12,NICARAG,0.0,0.0,282148.0,173172.0,Metric Tons
Corn,2026-02-12,PAKISTN,0.0,0.0,0.0,96.0,Metric Tons
Corn,2026-02-12,PANAMA,0.0,0.0,337985.0,249100.0,Metric Tons
Corn,2026-02-12,PERU,0.0,0.0,0.0,316.0,Metric Tons
Corn,2026-02-12,PHIL,0.0,1220.0,76686.0,90745.0,Metric Tons
Corn,2026-02-12,PORTUGL,0.0,0.0,537284.0,30000.0,Metric Tons
Corn,2026-02-12,S ARAB,0.0,0.0,104083.0,0.0,Metric Tons
Corn,2026-02-12,S LANKA,0.0,0.0,0.0,0.0,Metric Tons
Corn,2026-02-12,SALVADR,27506.0,15506.0,244453.0,202744.0,Metric Tons
Corn,2026-02-12,SPAIN,30000.0,0.0,2412897.0,225000.0,Metric Tons
Corn,2026-02-12,SURINAM,1100.0,1100.0,4400.0,0.0,Metric Tons
Corn,2026-02-12,TAIWAN,127281.0,92479.0,1504165.0,758643.0,Metric Tons
Corn,2026-02-12,TRINID,4840.0,4840.0,27720.0,0.0,Metric Tons
Corn,2026-02-12,TUNISIA,0.0,0.0,32998.0,0.0,Metric Tons
Corn,2026-02-12,U KING,70670.0,70670.0,344658.0,54729.0,Metric Tons
Corn,2026-02-12,UNKNOWN,-1444.0,0.0,0.0,6563818.0,Metric Tons
Corn,2026-02-12,VENEZ,29500.0,32600.0,179116.0,562900.0,Metric Tons
Corn,2026-02-12,VIETNAM,3000.0,2000.0,934871.0,232881.0,Metric Tons
Corn,2026-02-19,ALGERIA,73429.0,105429.0,473332.0,130000.0,Metric Tons
Corn,2026-02-19,BANGLADH,0.0,0.0,58789.0,177.0,Metric Tons
Corn,2026-02-19,BARBADO,0.0,0.0,14752.0,4000.0,Metric Tons
Corn,2026-02-19,C RICA,0.0,0.0,374635.0,338395.0,Metric Tons
Corn,2026-02-19,CANADA,5950.0,3904.0,335588.0,233448.0,Metric Tons
Corn,2026-02-19,CHINA,0.0,0.0,0.0,0.0,Metric Tons
Corn,2026-02-19,COLOMB,93518.0,163958.0,3798170.0,1203437.0,Metric Tons
Corn,2026-02-19,DOM REP,100.0,0.0,56269.0,167499.0,Metric Tons
Corn,2026-02-19,ECUADOR,0.0,0.0,4050.0,0.0,Metric Tons
Corn,2026-02-19,EGYPT,55848.0,55848.0,214692.0,206206.0,Metric Tons
Corn,2026-02-19,GUATMAL,19941.0,19641.0,784232.0,287189.0,Metric Tons
Corn,2026-02-19,GUYANA,0.0,0.0,22500.0,0.0,Metric Tons
Corn,2026-02-19,HG KONG,0.0,318.0,3676.0,339.0,Metric Tons
Corn,2026-02-19,HONDURA,17648.0,31400.0,582941.0,200145.0,Metric Tons
Corn,2026-02-19,INDNSIA,0.0,0.0,143032.0,0.0,Metric Tons
Corn,2026-02-19,IRAQ,0.0,0.0,56197.0,0.0,Metric Tons
Corn,2026-02-19,IRELAND,33200.0,33200.0,393642.0,19999.0,Metric Tons
Corn,2026-02-19,ISRAEL,0.0,0.0,211014.0,0.0,Metric Tons
Corn,2026-02-19,ITALY,0.0,0.0,37626.0,1550.0,Metric Tons
Corn,2026-02-19,JAMAICA,245.0,7145.0,143458.0,58700.0,Metric Tons
Corn,2026-02-19,JAPAN,171662.0,454458.0,7054697.0,3235376.0,Metric Tons
Corn,2026-02-19,JORDAN,0.0,0.0,36.0,181.0,Metric Tons
Corn,2026-02-19,KOR REP,11265.0,404928.0,4039770.0,1875229.0,Metric Tons
Corn,2026-02-19,KUWAIT,0.0,0.0,0.0,802.0,Metric Tons
Corn,2026-02-19,LIBYA,0.0,0.0,36307.0,0.0,Metric Tons
Corn,2026-02-19,LW WW I,0.0,0.0,7999.0,1300.0,Metric Tons
Corn,2026-02-19,MALAYSA,-10.0,1516.0,34834.0,76847.0,Metric Tons
Corn,2026-02-19,MEXICO,373587.0,394827.0,11804237.0,7720208.0,Metric Tons
Corn,2026-02-19,MOROCCO,96972.0,71972.0,317263.0,213000.0,Metric Tons
Corn,2026-02-19,N ZEAL,0.0,0.0,36329.0,0.0,Metric Tons
Corn,2026-02-19,NETHLDS,0.0,0.0,45740.0,0.0,Metric Tons
Corn,2026-02-19,NICARAG,1386.0,29192.0,311340.0,145366.0,Metric Tons
Corn,2026-02-19,PAKISTN,0.0,0.0,0.0,96.0,Metric Tons
Corn,2026-02-19,PANAMA,0.0,0.0,337985.0,249100.0,Metric Tons
Corn,2026-02-19,PERU,0.0,0.0,0.0,316.0,Metric Tons
Corn,2026-02-19,PHIL,0.0,0.0,76686.0,90745.0,Metric Tons
Corn,2026-02-19,PORTUGL,0.0,0.0,537284.0,30000.0,Metric Tons
Corn,2026-02-19,S ARAB,53454.0,53454.0,157537.0,0.0,Metric Tons
Corn,2026-02-19,S LANKA,0.0,0.0,0.0,0.0,Metric Tons
Corn,2026-02-19,SALVADR,0.0,0.0,244453.0,202744.0,Metric Tons
Corn,2026-02-19,SPAIN,0.0,0.0,2412897.0,225000.0,Metric Tons
Corn,2026-02-19,SURINAM,0.0,0.0,4400.0,0.0,Metric Tons
Corn,2026-02-19,TAIWAN,69082.0,89757.0,1593922.0,737968.0,Metric Tons
Corn,2026-02-19,TRINID,0.0,0.0,27720.0,0.0,Metric Tons
Corn,2026-02-19,TUNISIA,0.0,0.0,32998.0,0.0,Metric Tons
Corn,2026-02-19,U KING,0.0,58.0,344716.0,54671.0,Metric Tons
Corn,2026-02-19,UNKNOWN,-425868.0,0.0,0.0,6137950.0,Metric Tons
Corn,2026-02-19,VENEZ,32895.0,42395.0,221511.0,553400.0,Metric Tons
Corn,2026-02-19,VIETNAM,1500.0,3983.0,938854.0,230398.0,Metric Tons
Corn,2026-02-26,ALGERIA,72942.0,104942.0,578274.0,98000.0,Metric Tons
Corn,2026-02-26,BANGLADH,0.0,0.0,58789.0,177.0,Metric Tons
Corn,2026-02-26,BARBADO,0.0,0.0,14752.0,4000.0,Metric Tons
Corn,2026-02-26,C RICA,9565.0,70836.0,445471.0,277124.0,Metric Tons
Corn,2026-02-26,CANADA,4291.0,26355.0,361943.0,211384.0,Metric Tons
Corn,2026-02-26,CHINA,0.0,0.0,0.0,0.0,Metric Tons
Corn,2026-02-26,COLOMB,225005.0,0.0,3798170.0,1428442.0,Metric Tons
Corn,2026-02-26,DOM REP,64000.0,0.0,56269.0,231499.0,Metric Tons
Corn,2026-02-26,ECUADOR,0.0,0.0,4050.0,0.0,Metric Tons
Corn,2026-02-26,EGYPT,0.0,0.0,214692.0,206206.0,Metric Tons
Corn,2026-02-26,GUATMAL,56464.0,68078.0,852310.0,275575.0,Metric Tons
Corn,2026-02-26,GUYANA,0.0,0.0,22500.0,0.0,Metric Tons
Corn,2026-02-26,HG KONG,-31.0,0.0,3676.0,308.0,Metric Tons
Corn,2026-02-26,HONDURA,15610.0,63938.0,646879.0,151817.0,Metric Tons
Corn,2026-02-26,INDNSIA,135000.0,0.0,143032.0,135000.0,Metric Tons
Corn,2026-02-26,IRAQ,0.0,0.0,56197.0,0.0,Metric Tons
Corn,2026-02-26,IRELAND,0.0,0.0,393642.0,19999.0,Metric Tons
Corn,2026-02-26,ISRAEL,0.0,0.0,211014.0,0.0,Metric Tons
Corn,2026-02-26,ITALY,0.0,481.0,38107.0,1069.0,Metric Tons
Corn,2026-02-26,JAMAICA,84.0,2884.0,146342.0,55900.0,Metric Tons
Corn,2026-02-26,JAPAN,119340.0,233476.0,7288173.0,3121240.0,Metric Tons
Corn,2026-02-26,JORDAN,0.0,0.0,36.0,181.0,Metric Tons
Corn,2026-02-26,KOR REP,530295.0,267985.0,4307755.0,2137539.0,Metric Tons
Corn,2026-02-26,KUWAIT,-799.0,3.0,3.0,0.0,Metric Tons
Corn,2026-02-26,LIBYA,0.0,0.0,36307.0,0.0,Metric Tons
Corn,2026-02-26,LW WW I,0.0,0.0,7999.0,1300.0,Metric Tons
Corn,2026-02-26,MALAYSA,0.0,2706.0,37540.0,74141.0,Metric Tons
Corn,2026-02-26,MEXICO,224740.0,559538.0,12363775.0,7385410.0,Metric Tons
Corn,2026-02-26,MOROCCO,55000.0,0.0,317263.0,268000.0,Metric Tons
Corn,2026-02-26,N ZEAL,0.0,0.0,36329.0,0.0,Metric Tons
Corn,2026-02-26,NETHLDS,0.0,0.0,45740.0,0.0,Metric Tons
Corn,2026-02-26,NICARAG,0.0,0.0,311340.0,145366.0,Metric Tons
Corn,2026-02-26,PAKISTN,0.0,0.0,0.0,96.0,Metric Tons
Corn,2026-02-26,PANAMA,0.0,0.0,337985.0,249100.0,Metric Tons
Corn,2026-02-26,PERU,0.0,0.0,0.0,316.0,Metric Tons
Corn,2026-02-26,PHIL,0.0,0.0,76686.0,90745.0,Metric Tons
Corn,2026-02-26,PORTUGL,0.0,0.0,537284.0,30000.0,Metric Tons
Corn,2026-02-26,S ARAB,74002.0,74002.0,231539.0,0.0,Metric Tons
Corn,2026-02-26,S LANKA,0.0,0.0,0.0,0.0,Metric Tons
Corn,2026-02-26,SALVADR,20642.0,0.0,244453.0,223386.0,Metric Tons
Corn,2026-02-26,SPAIN,132896.0,132896.0,2545793.0,225000.0,Metric Tons
Corn,2026-02-26,SURINAM,0.0,0.0,4400.0,0.0,Metric Tons
Corn,2026-02-26,TAIWAN,15964.0,6506.0,1600428.0,747426.0,Metric Tons
Corn,2026-02-26,TRINID,10450.0,10450.0,38170.0,0.0,Metric Tons
Corn,2026-02-26,TUNISIA,0.0,0.0,32998.0,0.0,Metric Tons
Corn,2026-02-26,U KING,6050.0,6050.0,350766.0,54671.0,Metric Tons
Corn,2026-02-26,UNKNOWN,120399.0,0.0,0.0,6258349.0,Metric Tons
Corn,2026-02-26,VENEZ,0.0,0.0,221511.0,553400.0,Metric Tons
Corn,2026-02-26,VIETNAM,130676.0,64915.0,1003769.0,296159.0,Metric Tons
Corn,2026-03-05,ALGERIA,2650.0,34650.0,612924.0,66000.0,Metric Tons
Corn,2026-03-05,BANGLADH,0.0,0.0,58789.0,177.0,Metric Tons
Corn,2026-03-05,BARBADO,0.0,0.0,14752.0,4000.0,Metric Tons
Corn,2026-03-05,C RICA,7619.0,0.0,445471.0,284743.0,Metric Tons
Corn,2026-03-05,CANADA,1247.0,11605.0,373548.0,201026.0,Metric Tons
Corn,2026-03-05,CHINA,0.0,0.0,0.0,0.0,Metric Tons
Corn,2026-03-05,COLOMB,108749.0,235579.0,4033749.0,1301612.0,Metric Tons
Corn,2026-03-05,DOM REP,-30820.0,36280.0,92549.0,164399.0,Metric Tons
Corn,2026-03-05,ECUADOR,0.0,0.0,4050.0,0.0,Metric Tons
Corn,2026-03-05,EGYPT,54100.0,54100.0,268792.0,206206.0,Metric Tons
Corn,2026-03-05,GUATMAL,21415.0,20526.0,872836.0,276464.0,Metric Tons
Corn,2026-03-05,GUYANA,0.0,0.0,22500.0,0.0,Metric Tons
Corn,2026-03-05,HG KONG,42.0,121.0,3797.0,229.0,Metric Tons
Corn,2026-03-05,HONDURA,7050.0,0.0,646879.0,158867.0,Metric Tons
Corn,2026-03-05,INDNSIA,0.0,0.0,143032.0,135000.0,Metric Tons
Corn,2026-03-05,IRAQ,0.0,0.0,56197.0,0.0,Metric Tons
Corn,2026-03-05,IRELAND,0.0,0.0,393642.0,19999.0,Metric Tons
Corn,2026-03-05,ISRAEL,0.0,0.0,211014.0,0.0,Metric Tons
Corn,2026-03-05,ITALY,0.0,0.0,38107.0,1069.0,Metric Tons
Corn,2026-03-05,JAMAICA,0.0,0.0,146342.0,55900.0,Metric Tons
Corn,2026-03-05,JAPAN,669954.0,243014.0,7531187.0,3548180.0,Metric Tons
Corn,2026-03-05,JORDAN,0.0,0.0,36.0,181.0,Metric Tons
Corn,2026-03-05,KOR REP,209127.0,136728.0,4444483.0,2209938.0,Metric Tons
Corn,2026-03-05,KUWAIT,0.0,0.0,3.0,0.0,Metric Tons
Corn,2026-03-05,LIBYA,0.0,0.0,36307.0,0.0,Metric Tons
Corn,2026-03-05,LW WW I,4226.0,4226.0,12225.0,1300.0,Metric Tons
Corn,2026-03-05,MALAYSA,0.0,4295.0,41835.0,69846.0,Metric Tons
Corn,2026-03-05,MEXICO,367586.0,477320.0,12841095.0,7275676.0,Metric Tons
Corn,2026-03-05,MOROCCO,37215.0,95215.0,412478.0,210000.0,Metric Tons
Corn,2026-03-05,N ZEAL,0.0,0.0,36329.0,0.0,Metric Tons
Corn,2026-03-05,NETHLDS,0.0,0.0,45740.0,0.0,Metric Tons
Corn,2026-03-05,NICARAG,35000.0,0.0,311340.0,180366.0,Metric Tons
Corn,2026-03-05,PAKISTN,0.0,0.0,0.0,96.0,Metric Tons
Corn,2026-03-05,PANAMA,46229.0,69929.0,407914.0,225400.0,Metric Tons
Corn,2026-03-05,PERU,0.0,0.0,0.0,316.0,Metric Tons
Corn,2026-03-05,PHIL,67580.0,127580.0,204266.0,30745.0,Metric Tons
Corn,2026-03-05,PORTUGL,0.0,0.0,537284.0,30000.0,Metric Tons
Corn,2026-03-05,S ARAB,0.0,0.0,231539.0,0.0,Metric Tons
Corn,2026-03-05,S LANKA,0.0,0.0,0.0,0.0,Metric Tons
Corn,2026-03-05,SALVADR,-1491.0,20831.0,265284.0,201064.0,Metric Tons
Corn,2026-03-05,SPAIN,0.0,0.0,2545793.0,225000.0,Metric Tons
Corn,2026-03-05,SURINAM,0.0,0.0,4400.0,0.0,Metric Tons
Corn,2026-03-05,TAIWAN,82747.0,11977.0,1612405.0,818196.0,Metric Tons
Corn,2026-03-05,TRINID,0.0,0.0,38170.0,0.0,Metric Tons
Corn,2026-03-05,TUNISIA,0.0,0.0,32998.0,0.0,Metric Tons
Corn,2026-03-05,U KING,0.0,0.0,350766.0,54671.0,Metric Tons
Corn,2026-03-05,UNKNOWN,-233731.0,0.0,0.0,6024618.0,Metric Tons
Corn,2026-03-05,VENEZ,40782.0,91382.0,312893.0,502800.0,Metric Tons
Corn,2026-03-05,VIETNAM,6000.0,9400.0,1013169.0,292759.0,Metric Tons
Corn,2026-03-12,ALGERIA,0.0,0.0,612924.0,66000.0,Metric Tons
Corn,2026-03-12,BANGLADH,-66.0,0.0,58789.0,111.0,Metric Tons
Corn,2026-03-12,BARBADO,0.0,0.0,14752.0,4000.0,Metric Tons
Corn,2026-03-12,C RICA,-33000.0,0.0,445471.0,251743.0,Metric Tons
Corn,2026-03-12,CANADA,10156.0,10063.0,383611.0,201119.0,Metric Tons
Corn,2026-03-12,CHINA,0.0,0.0,0.0,0.0,Metric Tons
Corn,2026-03-12,COLOMB,13651.0,89851.0,4123600.0,1225412.0,Metric Tons
Corn,2026-03-12,DOM REP,10000.0,0.0,92549.0,174399.0,Metric Tons
Corn,2026-03-12,ECUADOR,0.0,0.0,4050.0,0.0,Metric Tons
Corn,2026-03-12,EGYPT,-1789.0,51211.0,320003.0,153206.0,Metric Tons
Corn,2026-03-12,GUATMAL,87868.0,61827.0,934663.0,302505.0,Metric Tons
Corn,2026-03-12,GUYANA,0.0,0.0,22500.0,0.0,Metric Tons
Corn,2026-03-12,HG KONG,128.0,128.0,3925.0,229.0,Metric Tons
Corn,2026-03-12,HONDURA,47909.0,24300.0,671179.0,182476.0,Metric Tons
Corn,2026-03-12,INDNSIA,0.0,0.0,143032.0,135000.0,Metric Tons
Corn,2026-03-12,IRAQ,0.0,0.0,56197.0,0.0,Metric Tons
Corn,2026-03-12,IRELAND,29570.0,29570.0,423212.0,19999.0,Metric Tons
Corn,2026-03-12,ISRAEL,0.0,0.0,211014.0,0.0,Metric Tons
Corn,2026-03-12,ITALY,0.0,0.0,38107.0,1069.0,Metric Tons
Corn,2026-03-12,JAMAICA,6900.0,21000.0,167342.0,41800.0,Metric Tons
Corn,2026-03-12,JAPAN,194944.0,281924.0,7813111.0,3461200.0,Metric Tons
Corn,2026-03-12,JORDAN,0.0,0.0,36.0,181.0,Metric Tons
Corn,2026-03-12,KOR REP,73898.0,134918.0,4579401.0,2148918.0,Metric Tons
Corn,2026-03-12,KUWAIT,0.0,0.0,3.0,0.0,Metric Tons
Corn,2026-03-12,LIBYA,0.0,0.0,36307.0,0.0,Metric Tons
Corn,2026-03-12,LW WW I,0.0,0.0,12225.0,1300.0,Metric Tons
Corn,2026-03-12,MALAYSA,0.0,518.0,42353.0,69328.0,Metric Tons
Corn,2026-03-12,MEXICO,287155.0,524572.0,13365667.0,7038259.0,Metric Tons
Corn,2026-03-12,MOROCCO,1954.0,21954.0,434432.0,190000.0,Metric Tons
Corn,2026-03-12,N ZEAL,0.0,0.0,36329.0,0.0,Metric Tons
Corn,2026-03-12,NETHLDS,0.0,0.0,45740.0,0.0,Metric Tons
Corn,2026-03-12,NICARAG,11067.0,32499.0,343839.0,158934.0,Metric Tons
Corn,2026-03-12,PAKISTN,0.0,0.0,0.0,96.0,Metric Tons
Corn,2026-03-12,PANAMA,0.0,0.0,407914.0,225400.0,Metric Tons
Corn,2026-03-12,PERU,0.0,0.0,0.0,316.0,Metric Tons
Corn,2026-03-12,PHIL,0.0,0.0,204266.0,30745.0,Metric Tons
Corn,2026-03-12,PORTUGL,0.0,0.0,537284.0,30000.0,Metric Tons
Corn,2026-03-12,S ARAB,52256.0,52256.0,283795.0,0.0,Metric Tons
Corn,2026-03-12,S LANKA,0.0,0.0,0.0,0.0,Metric Tons
Corn,2026-03-12,SALVADR,43176.0,13527.0,278811.0,230713.0,Metric Tons
Corn,2026-03-12,SPAIN,142344.0,142344.0,2688137.0,225000.0,Metric Tons
Corn,2026-03-12,SURINAM,0.0,0.0,4400.0,0.0,Metric Tons
Corn,2026-03-12,TAIWAN,97280.0,85435.0,1697840.0,830041.0,Metric Tons
Corn,2026-03-12,TRINID,8100.0,0.0,38170.0,8100.0,Metric Tons
Corn,2026-03-12,TUNISIA,0.0,0.0,32998.0,0.0,Metric Tons
Corn,2026-03-12,U KING,0.0,0.0,350766.0,54671.0,Metric Tons
Corn,2026-03-12,UNKNOWN,5665.0,0.0,0.0,6030283.0,Metric Tons
Corn,2026-03-12,VENEZ,72650.0,170450.0,483343.0,405000.0,Metric Tons
Corn,2026-03-12,VIETNAM,10000.0,1500.0,1014669.0,301259.0,Metric Tons
Corn,2026-03-19,ALGERIA,38692.0,71692.0,684616.0,33000.0,Metric Tons
Corn,2026-03-19,BANGLADH,0.0,0.0,58789.0,111.0,Metric Tons
Corn,2026-03-19,BARBADO,0.0,0.0,14752.0,4000.0,Metric Tons
Corn,2026-03-19,C RICA,0.0,17922.0,463393.0,233821.0,Metric Tons
Corn,2026-03-19,CANADA,13387.0,7084.0,390695.0,207422.0,Metric Tons
Corn,2026-03-19,CHINA,0.0,0.0,0.0,0.0,Metric Tons
Corn,2026-03-19,COLOMB,319441.0,292946.0,4416546.0,1251907.0,Metric Tons
Corn,2026-03-19,DOM REP,97192.0,124836.0,217385.0,146755.0,Metric Tons
Corn,2026-03-19,ECUADOR,0.0,0.0,4050.0,0.0,Metric Tons
Corn,2026-03-19,EGYPT,0.0,0.0,320003.0,153206.0,Metric Tons
Corn,2026-03-19,GUATMAL,18199.0,35199.0,969862.0,285505.0,Metric Tons
Corn,2026-03-19,GUYANA,0.0,0.0,22500.0,0.0,Metric Tons
Corn,2026-03-19,HG KONG,0.0,0.0,3925.0,229.0,Metric Tons
Corn,2026-03-19,HONDURA,4000.0,0.0,671179.0,186476.0,Metric Tons
Corn,2026-03-19,INDNSIA,0.0,0.0,143032.0,135000.0,Metric Tons
Corn,2026-03-19,IRAQ,0.0,0.0,56197.0,0.0,Metric Tons
Corn,2026-03-19,IRELAND,0.0,0.0,423212.0,19999.0,Metric Tons
Corn,2026-03-19,ISRAEL,0.0,0.0,211014.0,0.0,Metric Tons
Corn,2026-03-19,ITALY,0.0,569.0,38676.0,500.0,Metric Tons
Corn,2026-03-19,JAMAICA,32200.0,0.0,167342.0,74000.0,Metric Tons
Corn,2026-03-19,JAPAN,31831.0,301831.0,8114942.0,3191200.0,Metric Tons
Corn,2026-03-19,JORDAN,0.0,0.0,36.0,181.0,Metric Tons
Corn,2026-03-19,KOR REP,2236.0,67379.0,4646780.0,2083775.0,Metric Tons
Corn,2026-03-19,KUWAIT,0.0,0.0,3.0,0.0,Metric Tons
Corn,2026-03-19,LIBYA,0.0,0.0,36307.0,0.0,Metric Tons
Corn,2026-03-19,LW WW I,0.0,0.0,12225.0,1300.0,Metric Tons
Corn,2026-03-19,MALAYSA,6000.0,3318.0,45671.0,72010.0,Metric Tons
Corn,2026-03-19,MEXICO,428612.0,397556.0,13763223.0,7069315.0,Metric Tons
Corn,2026-03-19,MOROCCO,0.0,0.0,434432.0,190000.0,Metric Tons
Corn,2026-03-19,N ZEAL,0.0,0.0,36329.0,0.0,Metric Tons
Corn,2026-03-19,NETHLDS,0.0,0.0,45740.0,0.0,Metric Tons
Corn,2026-03-19,NICARAG,12693.0,20092.0,363931.0,151535.0,Metric Tons
Corn,2026-03-19,PAKISTN,0.0,0.0,0.0,96.0,Metric Tons
Corn,2026-03-19,PANAMA,0.0,32214.0,440128.0,193186.0,Metric Tons
Corn,2026-03-19,PERU,0.0,0.0,0.0,316.0,Metric Tons
Corn,2026-03-19,PHIL,600.0,0.0,204266.0,31345.0,Metric Tons
Corn,2026-03-19,PORTUGL,0.0,0.0,537284.0,30000.0,Metric Tons
Corn,2026-03-19,S ARAB,0.0,0.0,283795.0,0.0,Metric Tons
Corn,2026-03-19,S LANKA,0.0,0.0,0.0,0.0,Metric Tons
Corn,2026-03-19,SALVADR,42095.0,35929.0,314740.0,236879.0,Metric Tons
Corn,2026-03-19,SPAIN,61144.0,131144.0,2819281.0,155000.0,Metric Tons
Corn,2026-03-19,SURINAM,0.0,0.0,4400.0,0.0,Metric Tons
Corn,2026-03-19,TAIWAN,21781.0,58592.0,1756432.0,793230.0,Metric Tons
Corn,2026-03-19,TRINID,0.0,0.0,38170.0,8100.0,Metric Tons
Corn,2026-03-19,TUNISIA,0.0,0.0,32998.0,0.0,Metric Tons
Corn,2026-03-19,U KING,0.0,0.0,350766.0,54671.0,Metric Tons
Corn,2026-03-19,UNKNOWN,15839.0,0.0,0.0,6046122.0,Metric Tons
Corn,2026-03-19,VENEZ,0.0,0.0,483343.0,405000.0,Metric Tons
Corn,2026-03-19,VIETNAM,71885.0,79943.0,1094612.0,293201.0,Metric Tons
Corn,2026-03-26,ALGERIA,1139.0,34139.0,718755.0,0.0,Metric Tons
Corn,2026-03-26,BANGLADH,0.0,0.0,58789.0,111.0,Metric Tons
Corn,2026-03-26,BARBADO,0.0,0.0,14752.0,4000.0,Metric Tons
Corn,2026-03-26,C RICA,37989.0,52607.0,516000.0,219203.0,Metric Tons
Corn,2026-03-26,CANADA,88.0,4683.0,395378.0,202827.0,Metric Tons
Corn,2026-03-26,CHINA,0.0,0.0,0.0,0.0,Metric Tons
Corn,2026-03-26,COLOMB,120780.0,230351.0,4646897.0,1142336.0,Metric Tons
Corn,2026-03-26,DOM REP,22595.0,0.0,217385.0,169350.0,Metric Tons
Corn,2026-03-26,ECUADOR,0.0,0.0,4050.0,0.0,Metric Tons
Corn,2026-03-26,EGYPT,55322.0,161322.0,481325.0,47206.0,Metric Tons
Corn,2026-03-26,GUATMAL,59877.0,71236.0,1041098.0,274146.0,Metric Tons
Corn,2026-03-26,GUYANA,0.0,0.0,22500.0,0.0,Metric Tons
Corn,2026-03-26,HG KONG,-60.0,0.0,3925.0,169.0,Metric Tons
Corn,2026-03-26,HONDURA,75432.0,44695.0,715874.0,217213.0,Metric Tons
Corn,2026-03-26,INDNSIA,0.0,0.0,143032.0,135000.0,Metric Tons
Corn,2026-03-26,IRAQ,0.0,0.0,56197.0,0.0,Metric Tons
Corn,2026-03-26,IRELAND,0.0,0.0,423212.0,19999.0,Metric Tons
Corn,2026-03-26,ISRAEL,0.0,0.0,211014.0,0.0,Metric Tons
Corn,2026-03-26,ITALY,0.0,0.0,38676.0,500.0,Metric Tons
Corn,2026-03-26,JAMAICA,300.0,7200.0,174542.0,67100.0,Metric Tons
Corn,2026-03-26,JAPAN,168814.0,362351.0,8477293.0,2997663.0,Metric Tons
Corn,2026-03-26,JORDAN,0.0,0.0,36.0,181.0,Metric Tons
Corn,2026-03-26,KOR REP,74309.0,282411.0,4929191.0,1875673.0,Metric Tons
Corn,2026-03-26,KUWAIT,0.0,0.0,3.0,0.0,Metric Tons
Corn,2026-03-26,LIBYA,0.0,0.0,36307.0,0.0,Metric Tons
Corn,2026-03-26,LW WW I,0.0,0.0,12225.0,1300.0,Metric Tons
Corn,2026-03-26,MALAYSA,879.0,7443.0,53114.0,65446.0,Metric Tons
Corn,2026-03-26,MEXICO,170713.0,448076.0,14211299.0,6791952.0,Metric Tons
Corn,2026-03-26,MOROCCO,38877.0,50877.0,485309.0,178000.0,Metric Tons
Corn,2026-03-26,N ZEAL,0.0,0.0,36329.0,0.0,Metric Tons
Corn,2026-03-26,NETHLDS,0.0,0.0,45740.0,0.0,Metric Tons
Corn,2026-03-26,NICARAG,33500.0,0.0,363931.0,185035.0,Metric Tons
Corn,2026-03-26,PAKISTN,0.0,0.0,0.0,96.0,Metric Tons
Corn,2026-03-26,PANAMA,1152.0,0.0,440128.0,194338.0,Metric Tons
Corn,2026-03-26,PERU,0.0,0.0,0.0,316.0,Metric Tons
Corn,2026-03-26,PHIL,0.0,0.0,204266.0,31345.0,Metric Tons
Corn,2026-03-26,PORTUGL,3200.0,0.0,537284.0,33200.0,Metric Tons
Corn,2026-03-26,S ARAB,0.0,0.0,283795.0,0.0,Metric Tons
Corn,2026-03-26,S LANKA,0.0,0.0,0.0,0.0,Metric Tons
Corn,2026-03-26,SALVADR,20922.0,23430.0,338170.0,234371.0,Metric Tons
Corn,2026-03-26,SPAIN,0.0,0.0,2819281.0,155000.0,Metric Tons
Corn,2026-03-26,SURINAM,0.0,0.0,4400.0,0.0,Metric Tons
Corn,2026-03-26,TAIWAN,150906.0,70038.0,1826470.0,874098.0,Metric Tons
Corn,2026-03-26,TRINID,0.0,0.0,38170.0,8100.0,Metric Tons
Corn,2026-03-26,TUNISIA,0.0,0.0,32998.0,0.0,Metric Tons
Corn,2026-03-26,U KING,0.0,0.0,350766.0,54671.0,Metric Tons
Corn,2026-03-26,UNKNOWN,28924.0,0.0,0.0,6075046.0,Metric Tons
Corn,2026-03-26,VENEZ,78766.0,138766.0,622109.0,345000.0,Metric Tons
Corn,2026-03-26,VIETNAM,5000.0,5049.0,1099661.0,293152.0,Metric Tons
Corn,2026-04-02,ALGERIA,0.0,0.0,718755.0,0.0,Metric Tons
Corn,2026-04-02,BANGLADH,0.0,0.0,58789.0,111.0,Metric Tons
Corn,2026-04-02,BARBADO,363.0,4363.0,19115.0,0.0,Metric Tons
Corn,2026-04-02,C RICA,0.0,0.0,516000.0,219203.0,Metric Tons
Corn,2026-04-02,CANADA,5274.0,13191.0,408569.0,194910.0,Metric Tons
Corn,2026-04-02,CHINA,0.0,0.0,0.0,0.0,Metric Tons
Corn,2026-04-02,COLOMB,177515.0,279099.0,4925996.0,1040752.0,Metric Tons
Corn,2026-04-02,DOM REP,53300.0,0.0,217385.0,222650.0,Metric Tons
Corn,2026-04-02,ECUADOR,0.0,0.0,4050.0,0.0,Metric Tons
Corn,2026-04-02,EGYPT,3522.0,43522.0,524847.0,7206.0,Metric Tons
Corn,2026-04-02,GUATMAL,16997.0,16997.0,1058095.0,274146.0,Metric Tons
Corn,2026-04-02,GUYANA,0.0,0.0,22500.0,0.0,Metric Tons
Corn,2026-04-02,HG KONG,0.0,169.0,4094.0,0.0,Metric Tons
Corn,2026-04-02,HONDURA,38169.0,13973.0,729847.0,241409.0,Metric Tons
Corn,2026-04-02,INDNSIA,-1.0,69999.0,213031.0,65000.0,Metric Tons
Corn,2026-04-02,IRAQ,0.0,0.0,56197.0,0.0,Metric Tons
Corn,2026-04-02,IRELAND,79957.0,79957.0,503169.0,19999.0,Metric Tons
Corn,2026-04-02,ISRAEL,0.0,0.0,211014.0,0.0,Metric Tons
Corn,2026-04-02,ITALY,0.0,0.0,38676.0,500.0,Metric Tons
Corn,2026-04-02,JAMAICA,0.0,0.0,174542.0,67100.0,Metric Tons
Corn,2026-04-02,JAPAN,632417.0,433617.0,8910910.0,3196463.0,Metric Tons
Corn,2026-04-02,JORDAN,0.0,0.0,36.0,181.0,Metric Tons
Corn,2026-04-02,KOR REP,67536.0,134395.0,5063586.0,1808814.0,Metric Tons
Corn,2026-04-02,KUWAIT,0.0,0.0,3.0,0.0,Metric Tons
Corn,2026-04-02,LIBYA,0.0,0.0,36307.0,0.0,Metric Tons
Corn,2026-04-02,LW WW I,-67.0,1233.0,13458.0,0.0,Metric Tons
Corn,2026-04-02,MALAYSA,-115.0,2104.0,55218.0,63227.0,Metric Tons
Corn,2026-04-02,MEXICO,202530.0,457483.0,14668782.0,6536999.0,Metric Tons
Corn,2026-04-02,MOROCCO,32000.0,0.0,485309.0,210000.0,Metric Tons
Corn,2026-04-02,N ZEAL,0.0,0.0,36329.0,0.0,Metric Tons
Corn,2026-04-02,NETHLDS,55000.0,0.0,45740.0,55000.0,Metric Tons
Corn,2026-04-02,NICARAG,324.0,9524.0,373455.0,175835.0,Metric Tons
Corn,2026-04-02,PAKISTN,0.0,0.0,0.0,96.0,Metric Tons
Corn,2026-04-02,PANAMA,9273.0,35372.0,475500.0,168239.0,Metric Tons
Corn,2026-04-02,PERU,0.0,0.0,0.0,316.0,Metric Tons
Corn,2026-04-02,PHIL,51000.0,0.0,204266.0,82345.0,Metric Tons
Corn,2026-04-02,PORTUGL,109682.0,77882.0,615166.0,65000.0,Metric Tons
Corn,2026-04-02,S ARAB,0.0,0.0,283795.0,0.0,Metric Tons
Corn,2026-04-02,S LANKA,0.0,0.0,0.0,0.0,Metric Tons
Corn,2026-04-02,SALVADR,30143.0,22250.0,360420.0,242264.0,Metric Tons
Corn,2026-04-02,SPAIN,65998.0,65998.0,2885279.0,155000.0,Metric Tons
Corn,2026-04-02,SURINAM,0.0,0.0,4400.0,0.0,Metric Tons
Corn,2026-04-02,TAIWAN,2844.0,6351.0,1832821.0,870591.0,Metric Tons
Corn,2026-04-02,TRINID,0.0,0.0,38170.0,8100.0,Metric Tons
Corn,2026-04-02,TUNISIA,0.0,0.0,32998.0,0.0,Metric Tons
Corn,2026-04-02,U KING,34163.0,34163.0,384929.0,54671.0,Metric Tons
Corn,2026-04-02,UNKNOWN,-322924.0,0.0,0.0,5752122.0,Metric Tons
Corn,2026-04-02,VENEZ,15449.0,22549.0,644658.0,337900.0,Metric Tons
Corn,2026-04-02,VIETNAM,1000.0,5700.0,1105361.0,288452.0,Metric Tons
Corn,2026-04-09,ALGERIA,0.0,0.0,718755.0,0.0,Metric Tons
Corn,2026-04-09,BANGLADH,0.0,0.0,58789.0,111.0,Metric Tons
Corn,2026-04-09,BARBADO,0.0,0.0,19115.0,0.0,Metric Tons
Corn,2026-04-09,C RICA,114287.0,51781.0,567781.0,281709.0,Metric Tons
Corn,2026-04-09,CANADA,12996.0,17017.0,425586.0,190889.0,Metric Tons
Corn,2026-04-09,CHINA,0.0,0.0,0.0,0.0,Metric Tons
Corn,2026-04-09,COLOMB,65426.0,181140.0,5107136.0,925038.0,Metric Tons
Corn,2026-04-09,CUBA,0.0,0.0,0.0,0.0,Metric Tons
Corn,2026-04-09,DOM REP,25035.0,49400.0,266785.0,198285.0,Metric Tons
Corn,2026-04-09,ECUADOR,0.0,0.0,4050.0,0.0,Metric Tons
Corn,2026-04-09,EGYPT,0.0,0.0,524847.0,7206.0,Metric Tons
Corn,2026-04-09,GUATMAL,21433.0,38330.0,1096425.0,257249.0,Metric Tons
Corn,2026-04-09,GUYANA,0.0,0.0,22500.0,0.0,Metric Tons
Corn,2026-04-09,HG KONG,0.0,0.0,4094.0,0.0,Metric Tons
Corn,2026-04-09,HONDURA,348.0,22725.0,752572.0,219032.0,Metric Tons
Corn,2026-04-09,INDNSIA,0.0,0.0,213031.0,65000.0,Metric Tons
Corn,2026-04-09,IRAQ,0.0,0.0,56197.0,0.0,Metric Tons
Corn,2026-04-09,IRELAND,0.0,0.0,503169.0,19999.0,Metric Tons
Corn,2026-04-09,ISRAEL,0.0,0.0,211014.0,0.0,Metric Tons
Corn,2026-04-09,ITALY,0.0,400.0,39076.0,100.0,Metric Tons
Corn,2026-04-09,JAMAICA,341.0,10041.0,184583.0,57400.0,Metric Tons
Corn,2026-04-09,JAPAN,399439.0,132939.0,9043849.0,3462963.0,Metric Tons
Corn,2026-04-09,JORDAN,0.0,0.0,36.0,181.0,Metric Tons
Corn,2026-04-09,KOR REP,333058.0,137015.0,5200601.0,2004857.0,Metric Tons
Corn,2026-04-09,KUWAIT,0.0,0.0,3.0,0.0,Metric Tons
Corn,2026-04-09,LIBYA,0.0,0.0,36307.0,0.0,Metric Tons
Corn,2026-04-09,LW WW I,0.0,0.0,13458.0,0.0,Metric Tons
Corn,2026-04-09,MALAYSA,0.0,2199.0,57417.0,61028.0,Metric Tons
Corn,2026-04-09,MEXICO,168422.0,469877.0,15138659.0,6235544.0,Metric Tons
Corn,2026-04-09,MOROCCO,0.0,0.0,485309.0,210000.0,Metric Tons
Corn,2026-04-09,N ZEAL,0.0,0.0,36329.0,0.0,Metric Tons
Corn,2026-04-09,NETHLDS,55000.0,0.0,45740.0,110000.0,Metric Tons
Corn,2026-04-09,NICARAG,13019.0,24232.0,397687.0,164622.0,Metric Tons
Corn,2026-04-09,PAKISTN,0.0,0.0,0.0,96.0,Metric Tons
Corn,2026-04-09,PANAMA,4353.0,30139.0,505639.0,142453.0,Metric Tons
Corn,2026-04-09,PERU,0.0,0.0,0.0,316.0,Metric Tons
Corn,2026-04-09,PHIL,0.0,0.0,204266.0,82345.0,Metric Tons
Corn,2026-04-09,PORTUGL,113100.0,48100.0,663266.0,130000.0,Metric Tons
Corn,2026-04-09,S ARAB,0.0,0.0,283795.0,0.0,Metric Tons
Corn,2026-04-09,S LANKA,0.0,0.0,0.0,0.0,Metric Tons
Corn,2026-04-09,SALVADR,49583.0,44917.0,405337.0,246930.0,Metric Tons
Corn,2026-04-09,SPAIN,113779.0,178779.0,3064058.0,90000.0,Metric Tons
Corn,2026-04-09,SURINAM,0.0,0.0,4400.0,0.0,Metric Tons
Corn,2026-04-09,TAIWAN,4909.0,84546.0,1917367.0,790954.0,Metric Tons
Corn,2026-04-09,TRINID,0.0,0.0,38170.0,8100.0,Metric Tons
Corn,2026-04-09,TUNISIA,0.0,0.0,32998.0,0.0,Metric Tons
Corn,2026-04-09,U KING,12000.0,0.0,384929.0,66671.0,Metric Tons
Corn,2026-04-09,UNKNOWN,-97956.0,0.0,0.0,5654166.0,Metric Tons
Corn,2026-04-09,VENEZ,-12000.0,33400.0,678058.0,292500.0,Metric Tons
Corn,2026-04-09,VIETNAM,4010.0,1673.0,1107034.0,290789.0,Metric Tons
Corn,2026-04-16,ALGERIA,0.0,0.0,718755.0,0.0,Metric Tons
Corn,2026-04-16,BANGLADH,0.0,0.0,58789.0,111.0,Metric Tons
Corn,2026-04-16,BARBADO,6700.0,1200.0,20315.0,5500.0,Metric Tons
Corn,2026-04-16,C RICA,45085.0,0.0,567781.0,326794.0,Metric Tons
Corn,2026-04-16,CANADA,5508.0,13330.0,438916.0,183067.0,Metric Tons
Corn,2026-04-16,CHINA,0.0,0.0,0.0,0.0,Metric Tons
Corn,2026-04-16,COLOMB,9098.0,77041.0,5184177.0,857095.0,Metric Tons
Corn,2026-04-16,CUBA,0.0,0.0,0.0,0.0,Metric Tons
Corn,2026-04-16,DOM REP,61922.0,34857.0,301642.0,225350.0,Metric Tons
Corn,2026-04-16,ECUADOR,0.0,0.0,4050.0,0.0,Metric Tons
Corn,2026-04-16,EGYPT,0.0,0.0,524847.0,7206.0,Metric Tons
Corn,2026-04-16,GUATMAL,14192.0,14192.0,1110617.0,257249.0,Metric Tons
Corn,2026-04-16,GUYANA,6398.0,6398.0,28898.0,0.0,Metric Tons
Corn,2026-04-16,HG KONG,0.0,0.0,4094.0,0.0,Metric Tons
Corn,2026-04-16,HONDURA,50117.0,15117.0,767689.0,254032.0,Metric Tons
Corn,2026-04-16,INDNSIA,0.0,0.0,213031.0,65000.0,Metric Tons
Corn,2026-04-16,IRAQ,0.0,0.0,56197.0,0.0,Metric Tons
Corn,2026-04-16,IRELAND,0.0,0.0,503169.0,19999.0,Metric Tons
Corn,2026-04-16,ISRAEL,0.0,0.0,211014.0,0.0,Metric Tons
Corn,2026-04-16,ITALY,0.0,100.0,39176.0,0.0,Metric Tons
Corn,2026-04-16,JAMAICA,301.0,7201.0,191784.0,50500.0,Metric Tons
Corn,2026-04-16,JAPAN,324219.0,424793.0,9468642.0,3362389.0,Metric Tons
Corn,2026-04-16,JORDAN,0.0,0.0,36.0,181.0,Metric Tons
Corn,2026-04-16,KOR REP,278216.0,342259.0,5542860.0,1940814.0,Metric Tons
Corn,2026-04-16,KUWAIT,0.0,0.0,3.0,0.0,Metric Tons
Corn,2026-04-16,LIBYA,0.0,0.0,36307.0,0.0,Metric Tons
Corn,2026-04-16,LW WW I,1300.0,0.0,13458.0,1300.0,Metric Tons
Corn,2026-04-16,MALAYSA,0.0,5820.0,63237.0,55208.0,Metric Tons
Corn,2026-04-16,MEXICO,45219.0,595474.0,15734133.0,5685289.0,Metric Tons
Corn,2026-04-16,MOROCCO,0.0,0.0,485309.0,210000.0,Metric Tons
Corn,2026-04-16,N ZEAL,0.0,0.0,36329.0,0.0,Metric Tons
Corn,2026-04-16,NETHLDS,0.0,0.0,45740.0,110000.0,Metric Tons
Corn,2026-04-16,NICARAG,44093.0,40793.0,438480.0,167922.0,Metric Tons
Corn,2026-04-16,PAKISTN,0.0,0.0,0.0,96.0,Metric Tons
Corn,2026-04-16,PANAMA,0.0,0.0,505639.0,142453.0,Metric Tons
Corn,2026-04-16,PERU,0.0,0.0,0.0,316.0,Metric Tons
Corn,2026-04-16,PHIL,7848.0,306.0,204572.0,89887.0,Metric Tons
Corn,2026-04-16,PORTUGL,0.0,0.0,663266.0,130000.0,Metric Tons
Corn,2026-04-16,S ARAB,0.0,0.0,283795.0,0.0,Metric Tons
Corn,2026-04-16,S LANKA,0.0,0.0,0.0,0.0,Metric Tons
Corn,2026-04-16,SALVADR,-932.0,35017.0,440354.0,210981.0,Metric Tons
Corn,2026-04-16,SPAIN,70632.0,70632.0,3134690.0,90000.0,Metric Tons
Corn,2026-04-16,SURINAM,800.0,800.0,5200.0,0.0,Metric Tons
Corn,2026-04-16,TAIWAN,-63491.0,86924.0,2004291.0,640539.0,Metric Tons
Corn,2026-04-16,TRINID,3100.0,3100.0,41270.0,8100.0,Metric Tons
Corn,2026-04-16,TUNISIA,0.0,0.0,32998.0,0.0,Metric Tons
Corn,2026-04-16,U KING,44999.0,53825.0,438754.0,57845.0,Metric Tons
Corn,2026-04-16,UNKNOWN,233630.0,0.0,0.0,5887796.0,Metric Tons
Corn,2026-04-16,VENEZ,56313.0,53813.0,731871.0,295000.0,Metric Tons
Corn,2026-04-16,VIETNAM,71436.0,69485.0,1176519.0,292740.0,Metric Tons
Corn,2026-04-23,ALGERIA,0.0,0.0,718755.0,0.0,Metric Tons
Corn,2026-04-23,BANGLADH,0.0,0.0,58789.0,111.0,Metric Tons
Corn,2026-04-23,BARBADO,0.0,0.0,20315.0,5500.0,Metric Tons
Corn,2026-04-23,C RICA,1806.0,79125.0,646906.0,249475.0,Metric Tons
Corn,2026-04-23,CANADA,3493.0,7528.0,446444.0,179032.0,Metric Tons
Corn,2026-04-23,CHINA,0.0,0.0,0.0,0.0,Metric Tons
Corn,2026-04-23,COLOMB,420292.0,304002.0,5488179.0,973385.0,Metric Tons
Corn,2026-04-23,CUBA,0.0,0.0,0.0,0.0,Metric Tons
Corn,2026-04-23,DOM REP,960.0,30960.0,332602.0,195350.0,Metric Tons
Corn,2026-04-23,ECUADOR,0.0,0.0,4050.0,0.0,Metric Tons
Corn,2026-04-23,EGYPT,0.0,0.0,524847.0,7206.0,Metric Tons
Corn,2026-04-23,GUATMAL,1970.0,15150.0,1125767.0,244069.0,Metric Tons
Corn,2026-04-23,GUYANA,0.0,0.0,28898.0,0.0,Metric Tons
Corn,2026-04-23,HG KONG,0.0,0.0,4094.0,0.0,Metric Tons
Corn,2026-04-23,HONDURA,32649.0,59327.0,827016.0,227354.0,Metric Tons
Corn,2026-04-23,INDNSIA,0.0,0.0,213031.0,65000.0,Metric Tons
Corn,2026-04-23,IRAQ,0.0,0.0,56197.0,0.0,Metric Tons
Corn,2026-04-23,IRELAND,0.0,0.0,503169.0,19999.0,Metric Tons
Corn,2026-04-23,ISRAEL,0.0,0.0,211014.0,0.0,Metric Tons
Corn,2026-04-23,ITALY,0.0,0.0,39176.0,0.0,Metric Tons
Corn,2026-04-23,JAMAICA,427.0,4727.0,196511.0,46200.0,Metric Tons
Corn,2026-04-23,JAPAN,89577.0,194810.0,9663452.0,3257156.0,Metric Tons
Corn,2026-04-23,JORDAN,0.0,0.0,36.0,181.0,Metric Tons
Corn,2026-04-23,KOR REP,7644.0,197756.0,5740616.0,1750702.0,Metric Tons
Corn,2026-04-23,KUWAIT,0.0,0.0,3.0,0.0,Metric Tons
Corn,2026-04-23,LIBYA,0.0,0.0,36307.0,0.0,Metric Tons
Corn,2026-04-23,LW WW I,0.0,0.0,13458.0,1300.0,Metric Tons
Corn,2026-04-23,MALAYSA,86.0,3222.0,66459.0,52072.0,Metric Tons
Corn,2026-04-23,MEXICO,261375.0,324242.0,16058375.0,5622422.0,Metric Tons
Corn,2026-04-23,MOROCCO,21782.0,29782.0,515091.0,202000.0,Metric Tons
Corn,2026-04-23,N ZEAL,0.0,0.0,36329.0,0.0,Metric Tons
Corn,2026-04-23,NETHLDS,6142.0,61142.0,106882.0,55000.0,Metric Tons
Corn,2026-04-23,NICARAG,-430.0,45007.0,483487.0,122485.0,Metric Tons
Corn,2026-04-23,PAKISTN,0.0,0.0,0.0,96.0,Metric Tons
Corn,2026-04-23,PANAMA,4950.0,32450.0,538089.0,114953.0,Metric Tons
Corn,2026-04-23,PERU,0.0,0.0,0.0,316.0,Metric Tons
Corn,2026-04-23,PHIL,12.0,0.0,204572.0,89899.0,Metric Tons
Corn,2026-04-23,PORTUGL,62559.0,32559.0,695825.0,160000.0,Metric Tons
Corn,2026-04-23,S ARAB,0.0,0.0,283795.0,0.0,Metric Tons
Corn,2026-04-23,S LANKA,0.0,0.0,0.0,0.0,Metric Tons
Corn,2026-04-23,SALVADR,7075.0,9300.0,449654.0,208756.0,Metric Tons
Corn,2026-04-23,SPAIN,106900.0,56900.0,3191590.0,140000.0,Metric Tons
Corn,2026-04-23,SURINAM,0.0,0.0,5200.0,0.0,Metric Tons
Corn,2026-04-23,TAIWAN,74881.0,13503.0,2017794.0,701917.0,Metric Tons
Corn,2026-04-23,TRINID,0.0,0.0,41270.0,8100.0,Metric Tons
Corn,2026-04-23,TUNISIA,30000.0,0.0,32998.0,30000.0,Metric Tons
Corn,2026-04-23,U KING,0.0,0.0,438754.0,57845.0,Metric Tons
Corn,2026-04-23,UNKNOWN,224399.0,0.0,0.0,6112195.0,Metric Tons
Corn,2026-04-23,VENEZ,239282.0,104282.0,836153.0,430000.0,Metric Tons
Corn,2026-04-23,VIETNAM,0.0,5523.0,1182042.0,287217.0,Metric Tons
Corn,2026-04-30,ALGERIA,0.0,0.0,718755.0,0.0,Metric Tons
Corn,2026-04-30,BANGLADH,0.0,0.0,58789.0,111.0,Metric Tons
Corn,2026-04-30,BARBADO,0.0,0.0,20315.0,5500.0,Metric Tons
Corn,2026-04-30,C RICA,0.0,0.0,646906.0,249475.0,Metric Tons
Corn,2026-04-30,CANADA,403.0,37751.0,484195.0,141684.0,Metric Tons
Corn,2026-04-30,CHINA,0.0,0.0,0.0,0.0,Metric Tons
Corn,2026-04-30,COLOMB,296214.0,310754.0,5798933.0,958845.0,Metric Tons
Corn,2026-04-30,CUBA,0.0,0.0,0.0,0.0,Metric Tons
Corn,2026-04-30,DOM REP,28751.0,45751.0,378353.0,178350.0,Metric Tons
Corn,2026-04-30,ECUADOR,0.0,0.0,4050.0,0.0,Metric Tons
Corn,2026-04-30,EGYPT,0.0,0.0,524847.0,7206.0,Metric Tons
Corn,2026-04-30,GUATMAL,14462.0,50859.0,1176626.0,207672.0,Metric Tons
Corn,2026-04-30,GUYANA,0.0,0.0,28898.0,0.0,Metric Tons
Corn,2026-04-30,HG KONG,379.0,0.0,4094.0,379.0,Metric Tons
Corn,2026-04-30,HONDURA,109252.0,0.0,827016.0,336606.0,Metric Tons
Corn,2026-04-30,INDNSIA,2410.0,67410.0,280441.0,0.0,Metric Tons
Corn,2026-04-30,IRAQ,0.0,0.0,56197.0,0.0,Metric Tons
Corn,2026-04-30,IRELAND,58457.0,42820.0,545989.0,35636.0,Metric Tons
Corn,2026-04-30,ISRAEL,0.0,0.0,211014.0,0.0,Metric Tons
Corn,2026-04-30,ITALY,0.0,0.0,39176.0,0.0,Metric Tons
Corn,2026-04-30,JAMAICA,300.0,7200.0,203711.0,39300.0,Metric Tons
Corn,2026-04-30,JAPAN,138295.0,313639.0,9977091.0,3081812.0,Metric Tons
Corn,2026-04-30,JORDAN,0.0,0.0,36.0,181.0,Metric Tons
Corn,2026-04-30,KOR REP,281866.0,205133.0,5945749.0,1827435.0,Metric Tons
Corn,2026-04-30,KUWAIT,0.0,0.0,3.0,0.0,Metric Tons
Corn,2026-04-30,LIBYA,0.0,0.0,36307.0,0.0,Metric Tons
Corn,2026-04-30,LW WW I,0.0,0.0,13458.0,1300.0,Metric Tons
Corn,2026-04-30,MALAYSA,0.0,0.0,66459.0,52072.0,Metric Tons
Corn,2026-04-30,MEXICO,255214.0,471100.0,16529475.0,5406536.0,Metric Tons
Corn,2026-04-30,MOROCCO,1676.0,21676.0,536767.0,182000.0,Metric Tons
Corn,2026-04-30,N ZEAL,0.0,0.0,36329.0,0.0,Metric Tons
Corn,2026-04-30,NETHLDS,0.0,0.0,106882.0,55000.0,Metric Tons
Corn,2026-04-30,NICARAG,9500.0,0.0,483487.0,131985.0,Metric Tons
Corn,2026-04-30,PAKISTN,0.0,0.0,0.0,96.0,Metric Tons
Corn,2026-04-30,PANAMA,1070.0,32970.0,571059.0,83053.0,Metric Tons
Corn,2026-04-30,PERU,0.0,0.0,0.0,316.0,Metric Tons
Corn,2026-04-30,PHIL,1500.0,67.0,204639.0,91332.0,Metric Tons
Corn,2026-04-30,PORTUGL,0.0,0.0,695825.0,160000.0,Metric Tons
Corn,2026-04-30,S ARAB,41986.0,41986.0,325781.0,0.0,Metric Tons
Corn,2026-04-30,S LANKA,0.0,0.0,0.0,0.0,Metric Tons
Corn,2026-04-30,SALVADR,33025.0,31344.0,480998.0,210437.0,Metric Tons
Corn,2026-04-30,SPAIN,62088.0,62088.0,3253678.0,140000.0,Metric Tons
Corn,2026-04-30,SURINAM,0.0,0.0,5200.0,0.0,Metric Tons
Corn,2026-04-30,TAIWAN,301594.0,217884.0,2235678.0,785627.0,Metric Tons
Corn,2026-04-30,TRINID,0.0,0.0,41270.0,8100.0,Metric Tons
Corn,2026-04-30,TUNISIA,0.0,0.0,32998.0,30000.0,Metric Tons
Corn,2026-04-30,U KING,12000.0,0.0,438754.0,69845.0,Metric Tons
Corn,2026-04-30,UNKNOWN,-326259.0,0.0,0.0,5785936.0,Metric Tons
Corn,2026-04-30,VENEZ,34289.0,27389.0,863542.0,436900.0,Metric Tons
Corn,2026-04-30,VIETNAM,3230.0,68730.0,1250772.0,221717.0,Metric Tons
Corn,2026-05-07,ALGERIA,0.0,0.0,718755.0,0.0,Metric Tons
Corn,2026-05-07,BANGLADH,0.0,0.0,58789.0,111.0,Metric Tons
Corn,2026-05-07,BARBADO,0.0,0.0,20315.0,5500.0,Metric Tons
Corn,2026-05-07,C RICA,11982.0,15322.0,662228.0,246135.0,Metric Tons
Corn,2026-05-07,CANADA,4489.0,6249.0,490444.0,139924.0,Metric Tons
Corn,2026-05-07,CHINA,0.0,0.0,0.0,0.0,Metric Tons
Corn,2026-05-07,COLOMB,222020.0,168070.0,5967003.0,1012795.0,Metric Tons
Corn,2026-05-07,CUBA,0.0,0.0,0.0,0.0,Metric Tons
Corn,2026-05-07,DOM REP,20000.0,34551.0,412904.0,163799.0,Metric Tons
Corn,2026-05-07,ECUADOR,0.0,0.0,4050.0,0.0,Metric Tons
Corn,2026-05-07,EGYPT,0.0,0.0,524847.0,7206.0,Metric Tons
Corn,2026-05-07,GUATMAL,15301.0,34904.0,1211530.0,188069.0,Metric Tons
Corn,2026-05-07,GUYANA,0.0,0.0,28898.0,0.0,Metric Tons
Corn,2026-05-07,HG KONG,-75.0,0.0,4094.0,304.0,Metric Tons
Corn,2026-05-07,HONDURA,-4872.0,49100.0,876116.0,282634.0,Metric Tons
Corn,2026-05-07,INDNSIA,0.0,0.0,280441.0,0.0,Metric Tons
Corn,2026-05-07,IRAQ,0.0,0.0,56197.0,0.0,Metric Tons
Corn,2026-05-07,IRELAND,76234.0,76234.0,622223.0,35636.0,Metric Tons
Corn,2026-05-07,ISRAEL,0.0,0.0,211014.0,0.0,Metric Tons
Corn,2026-05-07,ITALY,0.0,0.0,39176.0,0.0,Metric Tons
Corn,2026-05-07,JAMAICA,6388.0,21788.0,225499.0,23900.0,Metric Tons
Corn,2026-05-07,JAPAN,182845.0,125845.0,10102936.0,3138812.0,Metric Tons
Corn,2026-05-07,JORDAN,0.0,0.0,36.0,181.0,Metric Tons
Corn,2026-05-07,KOR REP,80713.0,275250.0,6220999.0,1632898.0,Metric Tons
Corn,2026-05-07,KUWAIT,0.0,0.0,3.0,0.0,Metric Tons
Corn,2026-05-07,LIBYA,0.0,0.0,36307.0,0.0,Metric Tons
Corn,2026-05-07,LW WW I,0.0,0.0,13458.0,1300.0,Metric Tons
Corn,2026-05-07,MALAYSA,74.0,872.0,67331.0,51274.0,Metric Tons
Corn,2026-05-07,MEXICO,232027.0,406864.0,16936339.0,5231699.0,Metric Tons
Corn,2026-05-07,MOROCCO,0.0,0.0,536767.0,182000.0,Metric Tons
Corn,2026-05-07,N ZEAL,0.0,0.0,36329.0,0.0,Metric Tons
Corn,2026-05-07,NETHLDS,3792.0,58792.0,165674.0,0.0,Metric Tons
Corn,2026-05-07,NICARAG,11600.0,0.0,483487.0,143585.0,Metric Tons
Corn,2026-05-07,PAKISTN,0.0,0.0,0.0,96.0,Metric Tons
Corn,2026-05-07,PANAMA,0.0,0.0,571059.0,83053.0,Metric Tons
Corn,2026-05-07,PERU,0.0,0.0,0.0,316.0,Metric Tons
Corn,2026-05-07,PHIL,0.0,1000.0,205639.0,90332.0,Metric Tons
Corn,2026-05-07,PORTUGL,21034.0,56034.0,751859.0,125000.0,Metric Tons
Corn,2026-05-07,S ARAB,73103.0,73103.0,398884.0,0.0,Metric Tons
Corn,2026-05-07,S LANKA,0.0,0.0,0.0,0.0,Metric Tons
Corn,2026-05-07,SALVADR,16863.0,45787.0,526785.0,181513.0,Metric Tons
Corn,2026-05-07,SPAIN,0.0,0.0,3253678.0,140000.0,Metric Tons
Corn,2026-05-07,SURINAM,0.0,0.0,5200.0,0.0,Metric Tons
Corn,2026-05-07,TAIWAN,78210.0,86524.0,2322202.0,777313.0,Metric Tons
Corn,2026-05-07,TRINID,0.0,0.0,41270.0,8100.0,Metric Tons
Corn,2026-05-07,TUNISIA,0.0,0.0,32998.0,30000.0,Metric Tons
Corn,2026-05-07,U KING,0.0,0.0,438754.0,69845.0,Metric Tons
Corn,2026-05-07,UNKNOWN,-470576.0,0.0,0.0,5315360.0,Metric Tons
Corn,2026-05-07,VENEZ,30749.0,50746.0,914288.0,416903.0,Metric Tons
Corn,2026-05-07,VIETNAM,67798.0,71246.0,1322018.0,218269.0,Metric Tons
Corn,2026-05-14,ALGERIA,0.0,0.0,718755.0,0.0,Metric Tons
Corn,2026-05-14,BANGLADH,0.0,0.0,58789.0,111.0,Metric Tons
Corn,2026-05-14,BARBADO,2701.0,2701.0,23016.0,5500.0,Metric Tons
Corn,2026-05-14,C RICA,0.0,0.0,662228.0,246135.0,Metric Tons
Corn,2026-05-14,CANADA,53168.0,9463.0,499907.0,183629.0,Metric Tons
Corn,2026-05-14,CHINA,0.0,0.0,0.0,0.0,Metric Tons
Corn,2026-05-14,COLOMB,157591.0,93899.0,6060902.0,1076487.0,Metric Tons
Corn,2026-05-14,CUBA,0.0,0.0,0.0,0.0,Metric Tons
Corn,2026-05-14,DOM REP,20601.0,0.0,412904.0,184400.0,Metric Tons
Corn,2026-05-14,ECUADOR,0.0,0.0,4050.0,0.0,Metric Tons
Corn,2026-05-14,EGYPT,0.0,0.0,524847.0,7206.0,Metric Tons
Corn,2026-05-14,GUATMAL,6737.0,55066.0,1266596.0,139740.0,Metric Tons
Corn,2026-05-14,GUYANA,8750.0,8750.0,37648.0,0.0,Metric Tons
Corn,2026-05-14,HG KONG,611.0,0.0,4094.0,915.0,Metric Tons
Corn,2026-05-14,HONDURA,9402.0,7902.0,884018.0,284134.0,Metric Tons
Corn,2026-05-14,INDNSIA,0.0,0.0,280441.0,0.0,Metric Tons
Corn,2026-05-14,IRAQ,0.0,0.0,56197.0,0.0,Metric Tons
Corn,2026-05-14,IRELAND,21676.0,21676.0,643899.0,35636.0,Metric Tons
Corn,2026-05-14,ISRAEL,50000.0,0.0,211014.0,50000.0,Metric Tons
Corn,2026-05-14,ITALY,0.0,0.0,39176.0,0.0,Metric Tons
Corn,2026-05-14,JAMAICA,44900.0,0.0,225499.0,68800.0,Metric Tons
Corn,2026-05-14,JAPAN,779772.0,440968.0,10543904.0,3477616.0,Metric Tons
Corn,2026-05-14,JORDAN,0.0,0.0,36.0,181.0,Metric Tons
Corn,2026-05-14,KOR REP,463788.0,67854.0,6288853.0,2028832.0,Metric Tons
Corn,2026-05-14,KUWAIT,0.0,0.0,3.0,0.0,Metric Tons
Corn,2026-05-14,LIBYA,0.0,0.0,36307.0,0.0,Metric Tons
Corn,2026-05-14,LW WW I,0.0,0.0,13458.0,1300.0,Metric Tons
Corn,2026-05-14,MALAYSA,11993.0,1085.0,68416.0,62182.0,Metric Tons
Corn,2026-05-14,MEXICO,342205.0,385316.0,17321655.0,5188588.0,Metric Tons
Corn,2026-05-14,MOROCCO,0.0,0.0,536767.0,182000.0,Metric Tons
Corn,2026-05-14,N ZEAL,0.0,0.0,36329.0,0.0,Metric Tons
Corn,2026-05-14,NETHLDS,35311.0,35311.0,200985.0,0.0,Metric Tons
Corn,2026-05-14,NICARAG,16500.0,0.0,483487.0,160085.0,Metric Tons
Corn,2026-05-14,PAKISTN,0.0,0.0,0.0,96.0,Metric Tons
Corn,2026-05-14,PANAMA,0.0,0.0,571059.0,83053.0,Metric Tons
Corn,2026-05-14,PERU,0.0,0.0,0.0,316.0,Metric Tons
Corn,2026-05-14,PHIL,52500.0,1067.0,206706.0,141765.0,Metric Tons
Corn,2026-05-14,PORTUGL,78999.0,20951.0,772810.0,183048.0,Metric Tons
Corn,2026-05-14,S ARAB,74194.0,74194.0,473078.0,0.0,Metric Tons
Corn,2026-05-14,S LANKA,0.0,0.0,0.0,0.0,Metric Tons
Corn,2026-05-14,SALVADR,10500.0,0.0,526785.0,192013.0,Metric Tons
Corn,2026-05-14,SPAIN,124004.0,54004.0,3307682.0,210000.0,Metric Tons
Corn,2026-05-14,SURINAM,1180.0,1180.0,6380.0,0.0,Metric Tons
Corn,2026-05-14,TAIWAN,76564.0,81328.0,2403530.0,772549.0,Metric Tons
Corn,2026-05-14,TRINID,4400.0,4400.0,45670.0,8100.0,Metric Tons
Corn,2026-05-14,TUNISIA,1663.0,31663.0,64661.0,0.0,Metric Tons
Corn,2026-05-14,U KING,186.0,12186.0,450940.0,57845.0,Metric Tons
Corn,2026-05-14,UNKNOWN,-356497.0,0.0,0.0,4958863.0,Metric Tons
Corn,2026-05-14,VENEZ,31917.0,30267.0,944555.0,418553.0,Metric Tons
Corn,2026-05-14,VIETNAM,0.0,4500.0,1326518.0,213769.0,Metric Tons
Corn,2026-05-21,ALGERIA,0.0,0.0,718755.0,0.0,Metric Tons
Corn,2026-05-21,BANGLADH,0.0,0.0,58789.0,111.0,Metric Tons
Corn,2026-05-21,BARBADO,0.0,0.0,23016.0,5500.0,Metric Tons
Corn,2026-05-21,C RICA,28064.0,44061.0,706289.0,230138.0,Metric Tons
Corn,2026-05-21,CANADA,-319.0,16651.0,516558.0,166659.0,Metric Tons
Corn,2026-05-21,CHINA,0.0,0.0,0.0,0.0,Metric Tons
Corn,2026-05-21,COLOMB,251518.0,221118.0,6282020.0,1106887.0,Metric Tons
Corn,2026-05-21,CUBA,0.0,0.0,0.0,0.0,Metric Tons
Corn,2026-05-21,DOM REP,2079.0,38579.0,451483.0,147900.0,Metric Tons
Corn,2026-05-21,ECUADOR,0.0,0.0,4050.0,0.0,Metric Tons
Corn,2026-05-21,EGYPT,0.0,0.0,524847.0,7206.0,Metric Tons
Corn,2026-05-21,GUATMAL,-13489.0,1511.0,1268107.0,124740.0,Metric Tons
Corn,2026-05-21,GUYANA,0.0,0.0,37648.0,0.0,Metric Tons
Corn,2026-05-21,HG KONG,0.0,0.0,4094.0,915.0,Metric Tons
Corn,2026-05-21,HONDURA,14019.0,45279.0,929297.0,252874.0,Metric Tons
Corn,2026-05-21,INDNSIA,0.0,0.0,280441.0,0.0,Metric Tons
Corn,2026-05-21,IRAQ,0.0,0.0,56197.0,0.0,Metric Tons
Corn,2026-05-21,IRELAND,21999.0,21357.0,665256.0,36278.0,Metric Tons
Corn,2026-05-21,ISRAEL,0.0,0.0,211014.0,50000.0,Metric Tons
Corn,2026-05-21,ITALY,0.0,0.0,39176.0,0.0,Metric Tons
Corn,2026-05-21,JAMAICA,131.0,5731.0,231230.0,63200.0,Metric Tons
Corn,2026-05-21,JAPAN,118331.0,214331.0,10758235.0,3381616.0,Metric Tons
Corn,2026-05-21,JORDAN,0.0,0.0,36.0,181.0,Metric Tons
Corn,2026-05-21,KOR REP,66022.0,260959.0,6549812.0,1833895.0,Metric Tons
Corn,2026-05-21,KUWAIT,0.0,0.0,3.0,0.0,Metric Tons
Corn,2026-05-21,LIBYA,0.0,0.0,36307.0,0.0,Metric Tons
Corn,2026-05-21,LW WW I,0.0,0.0,13458.0,1300.0,Metric Tons
Corn,2026-05-21,MALAYSA,0.0,0.0,68416.0,62182.0,Metric Tons
Corn,2026-05-21,MEXICO,435945.0,466047.0,17787702.0,5158486.0,Metric Tons
Corn,2026-05-21,MOROCCO,0.0,0.0,536767.0,182000.0,Metric Tons
Corn,2026-05-21,N ZEAL,0.0,0.0,36329.0,0.0,Metric Tons
Corn,2026-05-21,NETHLDS,0.0,0.0,200985.0,0.0,Metric Tons
Corn,2026-05-21,NICARAG,16147.0,13147.0,496634.0,163085.0,Metric Tons
Corn,2026-05-21,PAKISTN,0.0,0.0,0.0,96.0,Metric Tons
Corn,2026-05-21,PANAMA,1030.0,24830.0,595889.0,59253.0,Metric Tons
Corn,2026-05-21,PERU,0.0,0.0,0.0,316.0,Metric Tons
Corn,2026-05-21,PHIL,-50000.0,0.0,206706.0,91765.0,Metric Tons
Corn,2026-05-21,PORTUGL,65458.0,30458.0,803268.0,218048.0,Metric Tons
Corn,2026-05-21,S ARAB,0.0,0.0,473078.0,0.0,Metric Tons
Corn,2026-05-21,S LANKA,0.0,0.0,0.0,0.0,Metric Tons
Corn,2026-05-21,SALVADR,-7050.0,0.0,526785.0,184963.0,Metric Tons
Corn,2026-05-21,SPAIN,18500.0,48500.0,3356182.0,180000.0,Metric Tons
Corn,2026-05-21,SURINAM,0.0,0.0,6380.0,0.0,Metric Tons
Corn,2026-05-21,TAIWAN,8586.0,157516.0,2561046.0,623619.0,Metric Tons
Corn,2026-05-21,TRINID,-8100.0,0.0,45670.0,0.0,Metric Tons
Corn,2026-05-21,TUNISIA,0.0,0.0,64661.0,0.0,Metric Tons
Corn,2026-05-21,U KING,0.0,0.0,450940.0,57845.0,Metric Tons
Corn,2026-05-21,UNKNOWN,40402.0,0.0,0.0,4999265.0,Metric Tons
Corn,2026-05-21,VENEZ,0.0,0.0,944555.0,418553.0,Metric Tons
Corn,2026-05-21,VIETNAM,6000.0,3800.0,1330318.0,215969.0,Metric Tons
Corn,2026-05-28,ALGERIA,0.0,0.0,718755.0,0.0,Metric Tons
Corn,2026-05-28,BANGLADH,0.0,0.0,58789.0,111.0,Metric Tons
Corn,2026-05-28,BARBADO,2000.0,0.0,23016.0,7500.0,Metric Tons
Corn,2026-05-28,C RICA,0.0,0.0,706289.0,230138.0,Metric Tons
Corn,2026-05-28,CANADA,4418.0,15638.0,532196.0,155439.0,Metric Tons
Corn,2026-05-28,CHINA,0.0,0.0,0.0,0.0,Metric Tons
Corn,2026-05-28,COLOMB,77737.0,148237.0,6430257.0,1036387.0,Metric Tons
Corn,2026-05-28,CUBA,0.0,0.0,0.0,0.0,Metric Tons
Corn,2026-05-28,DOM REP,0.0,26932.0,478415.0,120968.0,Metric Tons
Corn,2026-05-28,ECUADOR,0.0,0.0,4050.0,0.0,Metric Tons
Corn,2026-05-28,EGYPT,0.0,0.0,524847.0,7206.0,Metric Tons
Corn,2026-05-28,GUATMAL,9013.0,35563.0,1303670.0,98190.0,Metric Tons
Corn,2026-05-28,GUYANA,0.0,0.0,37648.0,0.0,Metric Tons
Corn,2026-05-28,HG KONG,47.0,0.0,4094.0,962.0,Metric Tons
Corn,2026-05-28,HONDURA,6800.0,0.0,929297.0,259674.0,Metric Tons
Corn,2026-05-28,INDNSIA,0.0,0.0,280441.0,0.0,Metric Tons
Corn,2026-05-28,IRAQ,0.0,0.0,56197.0,0.0,Metric Tons
Corn,2026-05-28,IRELAND,0.0,0.0,665256.0,36278.0,Metric Tons
Corn,2026-05-28,ISRAEL,0.0,0.0,211014.0,50000.0,Metric Tons
Corn,2026-05-28,ITALY,0.0,0.0,39176.0,0.0,Metric Tons
Corn,2026-05-28,JAMAICA,22.0,2822.0,234052.0,60400.0,Metric Tons
Corn,2026-05-28,JAPAN,336319.0,592248.0,11350483.0,3125687.0,Metric Tons
Corn,2026-05-28,JORDAN,21.0,0.0,36.0,202.0,Metric Tons
Corn,2026-05-28,KOR REP,193940.0,132582.0,6682394.0,1895253.0,Metric Tons
Corn,2026-05-28,KUWAIT,0.0,0.0,3.0,0.0,Metric Tons
Corn,2026-05-28,LIBYA,0.0,0.0,36307.0,0.0,Metric Tons
Corn,2026-05-28,LW WW I,0.0,0.0,13458.0,1300.0,Metric Tons
Corn,2026-05-28,MALAYSA,11000.0,4019.0,72435.0,69163.0,Metric Tons
Corn,2026-05-28,MEXICO,243915.0,407984.0,18195686.0,4994417.0,Metric Tons
Corn,2026-05-28,MOROCCO,-35000.0,0.0,536767.0,147000.0,Metric Tons
Corn,2026-05-28,N ZEAL,0.0,0.0,36329.0,0.0,Metric Tons
Corn,2026-05-28,NETHLDS,0.0,0.0,200985.0,0.0,Metric Tons
Corn,2026-05-28,NICARAG,19.0,46719.0,543353.0,116385.0,Metric Tons
Corn,2026-05-28,PAKISTN,0.0,0.0,0.0,96.0,Metric Tons
Corn,2026-05-28,PANAMA,22317.0,31518.0,627407.0,50052.0,Metric Tons
Corn,2026-05-28,PERU,0.0,0.0,0.0,316.0,Metric Tons
Corn,2026-05-28,PHIL,0.0,267.0,206973.0,91498.0,Metric Tons
Corn,2026-05-28,PORTUGL,7659.0,159659.0,962927.0,66048.0,Metric Tons
Corn,2026-05-28,S ARAB,0.0,0.0,473078.0,0.0,Metric Tons
Corn,2026-05-28,S LANKA,0.0,0.0,0.0,0.0,Metric Tons
Corn,2026-05-28,SALVADR,-4990.0,6960.0,533745.0,173013.0,Metric Tons
Corn,2026-05-28,SPAIN,57824.0,57824.0,3414006.0,180000.0,Metric Tons
Corn,2026-05-28,SURINAM,0.0,0.0,6380.0,0.0,Metric Tons
Corn,2026-05-28,TAIWAN,-1106.0,12238.0,2573284.0,610275.0,Metric Tons
Corn,2026-05-28,TRINID,0.0,0.0,45670.0,0.0,Metric Tons
Corn,2026-05-28,TUNISIA,0.0,0.0,64661.0,0.0,Metric Tons
Corn,2026-05-28,U KING,-2262.0,21738.0,472678.0,33845.0,Metric Tons
Corn,2026-05-28,UNKNOWN,-68286.0,0.0,0.0,4930979.0,Metric Tons
Corn,2026-05-28,VENEZ,19925.0,19800.0,964355.0,418678.0,Metric Tons
Corn,2026-05-28,VIETNAM,2000.0,964.0,1331282.0,217005.0,Metric Tons
Corn,2026-06-04,ALGERIA,0.0,0.0,718755.0,0.0,Metric Tons
Corn,2026-06-04,BANGLADH,0.0,0.0,58789.0,111.0,Metric Tons
Corn,2026-06-04,BARBADO,-480.0,5020.0,28036.0,2000.0,Metric Tons
Corn,2026-06-04,C RICA,-31102.0,8394.0,714683.0,190642.0,Metric Tons
Corn,2026-06-04,CANADA,44965.0,19725.0,551921.0,180679.0,Metric Tons
Corn,2026-06-04,CHINA,0.0,0.0,0.0,0.0,Metric Tons
Corn,2026-06-04,COLOMB,219105.0,142525.0,6572782.0,1112967.0,Metric Tons
Corn,2026-06-04,CUBA,0.0,0.0,0.0,0.0,Metric Tons
Corn,2026-06-04,DOM REP,-468.0,6600.0,485015.0,113900.0,Metric Tons
Corn,2026-06-04,ECUADOR,0.0,0.0,4050.0,0.0,Metric Tons
Corn,2026-06-04,EGYPT,0.0,0.0,524847.0,7206.0,Metric Tons
Corn,2026-06-04,GUATMAL,432.0,22178.0,1325848.0,76444.0,Metric Tons
Corn,2026-06-04,GUYANA,0.0,0.0,37648.0,0.0,Metric Tons
Corn,2026-06-04,HG KONG,273.0,0.0,4094.0,1235.0,Metric Tons
Corn,2026-06-04,HONDURA,74404.0,35908.0,965205.0,298170.0,Metric Tons
Corn,2026-06-04,INDNSIA,0.0,0.0,280441.0,0.0,Metric Tons
Corn,2026-06-04,IRAQ,0.0,0.0,56197.0,0.0,Metric Tons
Corn,2026-06-04,IRELAND,65999.0,65999.0,731255.0,36278.0,Metric Tons
Corn,2026-06-04,ISRAEL,0.0,0.0,211014.0,50000.0,Metric Tons
Corn,2026-06-04,ITALY,0.0,0.0,39176.0,0.0,Metric Tons
Corn,2026-06-04,JAMAICA,0.0,0.0,234052.0,60400.0,Metric Tons
Corn,2026-06-04,JAPAN,373117.0,164617.0,11515100.0,3334187.0,Metric Tons
Corn,2026-06-04,JORDAN,0.0,0.0,36.0,202.0,Metric Tons
Corn,2026-06-04,KOR REP,5133.0,205242.0,6887636.0,1695144.0,Metric Tons
Corn,2026-06-04,KUWAIT,0.0,0.0,3.0,0.0,Metric Tons
Corn,2026-06-04,LIBYA,0.0,0.0,36307.0,0.0,Metric Tons
Corn,2026-06-04,LW WW I,-550.0,750.0,14208.0,0.0,Metric Tons
Corn,2026-06-04,MALAYSA,0.0,0.0,72435.0,69163.0,Metric Tons
Corn,2026-06-04,MEXICO,356154.0,565095.0,18760781.0,4785476.0,Metric Tons
Corn,2026-06-04,MOROCCO,-581.0,31419.0,568186.0,115000.0,Metric Tons
Corn,2026-06-04,N ZEAL,0.0,0.0,36329.0,0.0,Metric Tons
Corn,2026-06-04,NETHLDS,0.0,0.0,200985.0,0.0,Metric Tons
Corn,2026-06-04,NICARAG,-3807.0,6193.0,549546.0,106385.0,Metric Tons
Corn,2026-06-04,PAKISTN,0.0,0.0,0.0,96.0,Metric Tons
Corn,2026-06-04,PANAMA,25120.0,0.0,627407.0,75172.0,Metric Tons
Corn,2026-06-04,PERU,0.0,0.0,0.0,316.0,Metric Tons
Corn,2026-06-04,PHIL,5750.0,58314.0,265287.0,38934.0,Metric Tons
Corn,2026-06-04,PORTUGL,2597.0,37597.0,1000524.0,31048.0,Metric Tons
Corn,2026-06-04,S ARAB,0.0,0.0,473078.0,0.0,Metric Tons
Corn,2026-06-04,S LANKA,0.0,0.0,0.0,0.0,Metric Tons
Corn,2026-06-04,SALVADR,7606.0,18402.0,552147.0,162217.0,Metric Tons
Corn,2026-06-04,SPAIN,237222.0,247222.0,3661228.0,170000.0,Metric Tons
Corn,2026-06-04,SURINAM,0.0,0.0,6380.0,0.0,Metric Tons
Corn,2026-06-04,TAIWAN,2160.0,73291.0,2646575.0,539144.0,Metric Tons
Corn,2026-06-04,TRINID,10010.0,10010.0,55680.0,0.0,Metric Tons
Corn,2026-06-04,TUNISIA,0.0,0.0,64661.0,0.0,Metric Tons
Corn,2026-06-04,U KING,0.0,0.0,472678.0,33845.0,Metric Tons
Corn,2026-06-04,UNKNOWN,-443263.0,0.0,0.0,4487716.0,Metric Tons
Corn,2026-06-04,VENEZ,39156.0,121431.0,1085786.0,336403.0,Metric Tons
Corn,2026-06-04,VIETNAM,11422.0,70283.0,1401565.0,158144.0,Metric Tons
Corn,2026-06-11,ALGERIA,0.0,0.0,718755.0,0.0,Metric Tons
Corn,2026-06-11,BANGLADH,0.0,0.0,58789.0,111.0,Metric Tons
Corn,2026-06-11,BARBADO,0.0,0.0,28036.0,2000.0,Metric Tons
Corn,2026-06-11,C RICA,-37068.0,37999.0,752682.0,115575.0,Metric Tons
Corn,2026-06-11,CANADA,3238.0,4945.0,556866.0,178972.0,Metric Tons
Corn,2026-06-11,CHINA,0.0,0.0,0.0,0.0,Metric Tons
Corn,2026-06-11,COLOMB,169101.0,154068.0,6726850.0,1128000.0,Metric Tons
Corn,2026-06-11,CUBA,0.0,0.0,0.0,0.0,Metric Tons
Corn,2026-06-11,DOM REP,31095.0,52897.0,537912.0,92098.0,Metric Tons
Corn,2026-06-11,ECUADOR,0.0,0.0,4050.0,0.0,Metric Tons
Corn,2026-06-11,EGYPT,0.0,0.0,524847.0,7206.0,Metric Tons
Corn,2026-06-11,GUATMAL,2759.0,36362.0,1362210.0,42841.0,Metric Tons
Corn,2026-06-11,GUYANA,0.0,0.0,37648.0,0.0,Metric Tons
Corn,2026-06-11,HG KONG,0.0,335.0,4429.0,900.0,Metric Tons
Corn,2026-06-11,HONDURA,11865.0,15665.0,980870.0,294370.0,Metric Tons
Corn,2026-06-11,INDNSIA,0.0,0.0,280441.0,0.0,Metric Tons
Corn,2026-06-11,IRAQ,0.0,0.0,56197.0,0.0,Metric Tons
Corn,2026-06-11,IRELAND,0.0,0.0,731255.0,36278.0,Metric Tons
Corn,2026-06-11,ISRAEL,601.0,50601.0,261615.0,0.0,Metric Tons
Corn,2026-06-11,ITALY,0.0,0.0,39176.0,0.0,Metric Tons
Corn,2026-06-11,JAMAICA,338.0,4638.0,238690.0,56100.0,Metric Tons
Corn,2026-06-11,JAPAN,245897.0,262046.0,11777146.0,3318038.0,Metric Tons
Corn,2026-06-11,JORDAN,0.0,0.0,36.0,202.0,Metric Tons
Corn,2026-06-11,KOR REP,-62912.0,129013.0,7016649.0,1503219.0,Metric Tons
Corn,2026-06-11,KUWAIT,0.0,0.0,3.0,0.0,Metric Tons
Corn,2026-06-11,LIBYA,0.0,0.0,36307.0,0.0,Metric Tons
Corn,2026-06-11,LW WW I,0.0,0.0,14208.0,0.0,Metric Tons
Corn,2026-06-11,MALAYSA,25019.0,2080.0,74515.0,92102.0,Metric Tons
Corn,2026-06-11,MEXICO,259787.0,482861.0,19243642.0,4562402.0,Metric Tons
Corn,2026-06-11,MOROCCO,2074.0,42074.0,610260.0,75000.0,Metric Tons
Corn,2026-06-11,N ZEAL,0.0,0.0,36329.0,0.0,Metric Tons
Corn,2026-06-11,NETHLDS,61200.0,61200.0,262185.0,0.0,Metric Tons
Corn,2026-06-11,NICARAG,818.0,35118.0,584664.0,72085.0,Metric Tons
Corn,2026-06-11,PAKISTN,0.0,0.0,0.0,96.0,Metric Tons
Corn,2026-06-11,PANAMA,-2412.0,23308.0,650715.0,49452.0,Metric Tons
Corn,2026-06-11,PERU,0.0,0.0,0.0,316.0,Metric Tons
Corn,2026-06-11,PHIL,0.0,0.0,265287.0,38934.0,Metric Tons
Corn,2026-06-11,PORTUGL,56500.0,0.0,1000524.0,87548.0,Metric Tons
Corn,2026-06-11,S ARAB,0.0,0.0,473078.0,0.0,Metric Tons
Corn,2026-06-11,S LANKA,0.0,0.0,0.0,0.0,Metric Tons
Corn,2026-06-11,SALVADR,0.0,0.0,552147.0,162217.0,Metric Tons
Corn,2026-06-11,SPAIN,262929.0,117929.0,3779157.0,315000.0,Metric Tons
Corn,2026-06-11,SURINAM,0.0,0.0,6380.0,0.0,Metric Tons
Corn,2026-06-11,TAIWAN,71962.0,145349.0,2791924.0,465757.0,Metric Tons
Corn,2026-06-11,TRINID,0.0,0.0,55680.0,0.0,Metric Tons
Corn,2026-06-11,TUNISIA,0.0,0.0,64661.0,0.0,Metric Tons
Corn,2026-06-11,U KING,29500.0,29500.0,502178.0,33845.0,Metric Tons
Corn,2026-06-11,UNKNOWN,-100732.0,0.0,0.0,4386984.0,Metric Tons
Corn,2026-06-11,VENEZ,54744.0,62747.0,1148533.0,328400.0,Metric Tons
Corn,2026-06-11,VIETNAM,70754.0,64818.0,1466383.0,164080.0,Metric Tons
Corn,2026-06-18,ALGERIA,0.0,0.0,718755.0,0.0,Metric Tons
Corn,2026-06-18,BANGLADH,0.0,0.0,58789.0,111.0,Metric Tons
Corn,2026-06-18,BARBADO,0.0,0.0,28036.0,2000.0,Metric Tons
Corn,2026-06-18,C RICA,0.0,0.0,752682.0,115575.0,Metric Tons
Corn,2026-06-18,CANADA,7524.0,27094.0,583960.0,159402.0,Metric Tons
Corn,2026-06-18,CHINA,0.0,0.0,0.0,0.0,Metric Tons
Corn,2026-06-18,COLOMB,98393.0,128313.0,6855163.0,1098080.0,Metric Tons
Corn,2026-06-18,CUBA,0.0,0.0,0.0,0.0,Metric Tons
Corn,2026-06-18,DOM REP,13546.0,13546.0,551458.0,92098.0,Metric Tons
Corn,2026-06-18,ECUADOR,0.0,0.0,4050.0,0.0,Metric Tons
Corn,2026-06-18,EGYPT,0.0,0.0,524847.0,7206.0,Metric Tons
Corn,2026-06-18,GUATMAL,1143.0,0.0,1362210.0,43984.0,Metric Tons
Corn,2026-06-18,GUYANA,0.0,0.0,37648.0,0.0,Metric Tons
Corn,2026-06-18,HG KONG,290.0,0.0,4429.0,1190.0,Metric Tons
Corn,2026-06-18,HONDURA,17209.0,17091.0,997961.0,294488.0,Metric Tons
Corn,2026-06-18,INDNSIA,0.0,0.0,280441.0,0.0,Metric Tons
Corn,2026-06-18,IRAQ,0.0,0.0,56197.0,0.0,Metric Tons
Corn,2026-06-18,IRELAND,23802.0,23802.0,755057.0,36278.0,Metric Tons
Corn,2026-06-18,ISRAEL,0.0,0.0,261615.0,0.0,Metric Tons
Corn,2026-06-18,ITALY,0.0,0.0,39176.0,0.0,Metric Tons
Corn,2026-06-18,JAMAICA,0.0,0.0,238690.0,56100.0,Metric Tons
Corn,2026-06-18,JAPAN,161728.0,323211.0,12100357.0,3156555.0,Metric Tons
Corn,2026-06-18,JORDAN,0.0,0.0,36.0,202.0,Metric Tons
Corn,2026-06-18,KOR REP,28737.0,289021.0,7305670.0,1242935.0,Metric Tons
Corn,2026-06-18,KUWAIT,0.0,0.0,3.0,0.0,Metric Tons
Corn,2026-06-18,LIBYA,0.0,0.0,36307.0,0.0,Metric Tons
Corn,2026-06-18,LW WW I,4245.0,4245.0,18453.0,0.0,Metric Tons
Corn,2026-06-18,MALAYSA,0.0,0.0,74515.0,92102.0,Metric Tons
Corn,2026-06-18,MEXICO,307345.0,452073.0,19695715.0,4417674.0,Metric Tons
Corn,2026-06-18,MOROCCO,0.0,0.0,610260.0,75000.0,Metric Tons
Corn,2026-06-18,N ZEAL,0.0,0.0,36329.0,0.0,Metric Tons
Corn,2026-06-18,NETHLDS,0.0,0.0,262185.0,0.0,Metric Tons
Corn,2026-06-18,NICARAG,4699.0,0.0,584664.0,76784.0,Metric Tons
Corn,2026-06-18,PAKISTN,0.0,0.0,0.0,96.0,Metric Tons
Corn,2026-06-18,PANAMA,26200.0,0.0,650715.0,75652.0,Metric Tons
Corn,2026-06-18,PERU,0.0,0.0,0.0,316.0,Metric Tons
Corn,2026-06-18,PHIL,0.0,22.0,265309.0,38912.0,Metric Tons
Corn,2026-06-18,PORTUGL,0.0,0.0,1000524.0,87548.0,Metric Tons
Corn,2026-06-18,S ARAB,0.0,0.0,473078.0,0.0,Metric Tons
Corn,2026-06-18,S LANKA,0.0,0.0,0.0,0.0,Metric Tons
Corn,2026-06-18,SALVADR,23395.0,58985.0,611132.0,126627.0,Metric Tons
Corn,2026-06-18,SPAIN,52264.0,52264.0,3831421.0,315000.0,Metric Tons
Corn,2026-06-18,SURINAM,0.0,0.0,6380.0,0.0,Metric Tons
Corn,2026-06-18,TAIWAN,3876.0,77192.0,2869116.0,392441.0,Metric Tons
Corn,2026-06-18,TRINID,0.0,0.0,55680.0,0.0,Metric Tons
Corn,2026-06-18,TUNISIA,0.0,0.0,64661.0,0.0,Metric Tons
Corn,2026-06-18,U KING,0.0,0.0,502178.0,33845.0,Metric Tons
Corn,2026-06-18,UNKNOWN,-34430.0,0.0,0.0,4352554.0,Metric Tons
Corn,2026-06-18,VENEZ,1131.0,31131.0,1179664.0,298400.0,Metric Tons
Corn,2026-06-18,VIETNAM,2000.0,2131.0,1468514.0,163949.0,Metric Tons
Corn,2026-06-25,ALGERIA,0.0,0.0,718755.0,0.0,Metric Tons
Corn,2026-06-25,BANGLADH,0.0,0.0,58789.0,111.0,Metric Tons
Corn,2026-06-25,BARBADO,189.0,2189.0,30225.0,0.0,Metric Tons
Corn,2026-06-25,C RICA,0.0,0.0,752682.0,115575.0,Metric Tons
Corn,2026-06-25,CANADA,646.0,17692.0,601652.0,142356.0,Metric Tons
Corn,2026-06-25,CHINA,0.0,0.0,0.0,0.0,Metric Tons
Corn,2026-06-25,COLOMB,201121.0,109421.0,6964584.0,1189780.0,Metric Tons
Corn,2026-06-25,CUBA,10000.0,0.0,0.0,10000.0,Metric Tons
Corn,2026-06-25,DOM REP,4888.0,53288.0,604746.0,43698.0,Metric Tons
Corn,2026-06-25,ECUADOR,0.0,0.0,4050.0,0.0,Metric Tons
Corn,2026-06-25,EGYPT,0.0,0.0,524847.0,7206.0,Metric Tons
Corn,2026-06-25,GUATMAL,65917.0,65917.0,1428127.0,43984.0,Metric Tons
Corn,2026-06-25,GUYANA,0.0,0.0,37648.0,0.0,Metric Tons
Corn,2026-06-25,HG KONG,0.0,0.0,4429.0,1190.0,Metric Tons
Corn,2026-06-25,HONDURA,4488.0,31021.0,1028982.0,267955.0,Metric Tons
Corn,2026-06-25,INDNSIA,0.0,0.0,280441.0,0.0,Metric Tons
Corn,2026-06-25,IRAQ,0.0,0.0,56197.0,0.0,Metric Tons
Corn,2026-06-25,IRELAND,0.0,0.0,755057.0,36278.0,Metric Tons
Corn,2026-06-25,ISRAEL,0.0,0.0,261615.0,0.0,Metric Tons
Corn,2026-06-25,ITALY,0.0,0.0,39176.0,0.0,Metric Tons
Corn,2026-06-25,JAMAICA,7342.0,14242.0,252932.0,49200.0,Metric Tons
Corn,2026-06-25,JAPAN,144287.0,358959.0,12459316.0,2941883.0,Metric Tons
Corn,2026-06-25,JORDAN,0.0,0.0,36.0,202.0,Metric Tons
Corn,2026-06-25,KOR REP,4698.0,140904.0,7446574.0,1106729.0,Metric Tons
Corn,2026-06-25,KUWAIT,0.0,0.0,3.0,0.0,Metric Tons
Corn,2026-06-25,LIBYA,0.0,0.0,36307.0,0.0,Metric Tons
Corn,2026-06-25,LW WW I,0.0,0.0,18453.0,0.0,Metric Tons
Corn,2026-06-25,MALAYSA,3823.0,0.0,74515.0,95925.0,Metric Tons
Corn,2026-06-25,MEXICO,260953.0,353077.0,20048792.0,4325550.0,Metric Tons
Corn,2026-06-25,MOROCCO,-3023.0,71977.0,682237.0,0.0,Metric Tons
Corn,2026-06-25,N ZEAL,0.0,0.0,36329.0,0.0,Metric Tons
Corn,2026-06-25,NETHLDS,34595.0,34595.0,296780.0,0.0,Metric Tons
Corn,2026-06-25,NICARAG,2000.0,0.0,584664.0,78784.0,Metric Tons
Corn,2026-06-25,PAKISTN,0.0,0.0,0.0,96.0,Metric Tons
Corn,2026-06-25,PANAMA,0.0,0.0,650715.0,75652.0,Metric Tons
Corn,2026-06-25,PERU,0.0,0.0,0.0,316.0,Metric Tons
Corn,2026-06-25,PHIL,66000.0,66000.0,331309.0,38912.0,Metric Tons
Corn,2026-06-25,PORTUGL,169189.0,105689.0,1106213.0,151048.0,Metric Tons
Corn,2026-06-25,S ARAB,0.0,0.0,473078.0,0.0,Metric Tons
Corn,2026-06-25,S LANKA,0.0,0.0,0.0,0.0,Metric Tons
Corn,2026-06-25,SALVADR,-20113.0,0.0,611132.0,106514.0,Metric Tons
Corn,2026-06-25,SPAIN,155020.0,60020.0,3891441.0,410000.0,Metric Tons
Corn,2026-06-25,SURINAM,0.0,0.0,6380.0,0.0,Metric Tons
Corn,2026-06-25,TAIWAN,79569.0,144197.0,3013313.0,327813.0,Metric Tons
Corn,2026-06-25,TRINID,4400.0,4400.0,60080.0,0.0,Metric Tons
Corn,2026-06-25,TUNISIA,0.0,0.0,64661.0,0.0,Metric Tons
Corn,2026-06-25,U KING,61599.0,61599.0,563777.0,33845.0,Metric Tons
Corn,2026-06-25,UNKNOWN,-631013.0,0.0,0.0,3721541.0,Metric Tons
Corn,2026-06-25,VENEZ,35300.0,53300.0,1232964.0,280400.0,Metric Tons
Corn,2026-06-25,VIETNAM,70195.0,67995.0,1536509.0,166149.0,Metric Tons
Corn,2026-07-02,ALGERIA,0.0,0.0,718755.0,0.0,Metric Tons
Corn,2026-07-02,BANGLADH,0.0,0.0,58789.0,111.0,Metric Tons
Corn,2026-07-02,BARBADO,0.0,0.0,30225.0,0.0,Metric Tons
Corn,2026-07-02,C RICA,4229.0,31155.0,783837.0,88649.0,Metric Tons
Corn,2026-07-02,CANADA,4585.0,31958.0,633610.0,114983.0,Metric Tons
Corn,2026-07-02,CHINA,0.0,0.0,0.0,0.0,Metric Tons
Corn,2026-07-02,COLOMB,149811.0,342211.0,7306795.0,997380.0,Metric Tons
Corn,2026-07-02,CUBA,0.0,0.0,0.0,10000.0,Metric Tons
Corn,2026-07-02,DOM REP,-202.0,17996.0,622742.0,25500.0,Metric Tons
Corn,2026-07-02,ECUADOR,0.0,0.0,4050.0,0.0,Metric Tons
Corn,2026-07-02,EGYPT,0.0,0.0,524847.0,7206.0,Metric Tons
Corn,2026-07-02,GUATMAL,13962.0,23248.0,1451375.0,34698.0,Metric Tons
Corn,2026-07-02,GUYANA,0.0,0.0,37648.0,0.0,Metric Tons
Corn,2026-07-02,HG KONG,0.0,0.0,4429.0,1190.0,Metric Tons
Corn,2026-07-02,HONDURA,-374.0,24378.0,1053360.0,243203.0,Metric Tons
Corn,2026-07-02,INDNSIA,0.0,0.0,280441.0,0.0,Metric Tons
Corn,2026-07-02,IRAQ,0.0,0.0,56197.0,0.0,Metric Tons
Corn,2026-07-02,IRELAND,21466.0,21466.0,776523.0,36278.0,Metric Tons
Corn,2026-07-02,ISRAEL,0.0,0.0,261615.0,0.0,Metric Tons
Corn,2026-07-02,ITALY,0.0,0.0,39176.0,0.0,Metric Tons
Corn,2026-07-02,JAMAICA,1852.0,25852.0,278784.0,25200.0,Metric Tons
Corn,2026-07-02,JAPAN,162868.0,312041.0,12771357.0,2792710.0,Metric Tons
Corn,2026-07-02,JORDAN,0.0,0.0,36.0,202.0,Metric Tons
Corn,2026-07-02,KOR REP,67495.0,67495.0,7514069.0,1106729.0,Metric Tons
Corn,2026-07-02,KUWAIT,0.0,0.0,3.0,0.0,Metric Tons
Corn,2026-07-02,LIBYA,0.0,0.0,36307.0,0.0,Metric Tons
Corn,2026-07-02,LW WW I,0.0,0.0,18453.0,0.0,Metric Tons
Corn,2026-07-02,MALAYSA,0.0,0.0,74515.0,95925.0,Metric Tons
Corn,2026-07-02,MEXICO,168864.0,569800.0,20618592.0,3924614.0,Metric Tons
Corn,2026-07-02,MOROCCO,0.0,0.0,682237.0,0.0,Metric Tons
Corn,2026-07-02,N ZEAL,0.0,0.0,36329.0,0.0,Metric Tons
Corn,2026-07-02,NETHLDS,0.0,0.0,296780.0,0.0,Metric Tons
Corn,2026-07-02,NICARAG,700.0,0.0,584664.0,79484.0,Metric Tons
Corn,2026-07-02,PAKISTN,0.0,0.0,0.0,96.0,Metric Tons
Corn,2026-07-02,PANAMA,32000.0,32000.0,682715.0,75652.0,Metric Tons
Corn,2026-07-02,PERU,0.0,0.0,0.0,316.0,Metric Tons
Corn,2026-07-02,PHIL,0.0,512.0,331821.0,38400.0,Metric Tons
Corn,2026-07-02,PORTUGL,36136.0,66136.0,1172349.0,121048.0,Metric Tons
Corn,2026-07-02,S ARAB,0.0,0.0,473078.0,0.0,Metric Tons
Corn,2026-07-02,S LANKA,0.0,0.0,0.0,0.0,Metric Tons
Corn,2026-07-02,SALVADR,13803.0,0.0,611132.0,120317.0,Metric Tons
Corn,2026-07-02,SPAIN,6359.0,35359.0,3926800.0,381000.0,Metric Tons
Corn,2026-07-02,SURINAM,0.0,0.0,6380.0,0.0,Metric Tons
Corn,2026-07-02,TAIWAN,4305.0,77519.0,3090832.0,254599.0,Metric Tons
Corn,2026-07-02,TRINID,0.0,0.0,60080.0,0.0,Metric Tons
Corn,2026-07-02,TUNISIA,0.0,0.0,64661.0,0.0,Metric Tons
Corn,2026-07-02,U KING,0.0,0.0,563777.0,33845.0,Metric Tons
Corn,2026-07-02,UNKNOWN,-194500.0,0.0,0.0,3527041.0,Metric Tons
Corn,2026-07-02,VENEZ,4000.0,88600.0,1321564.0,195800.0,Metric Tons
Corn,2026-07-02,VIETNAM,68451.0,71977.0,1608486.0,162623.0,Metric Tons
Corn,2026-07-09,ALGERIA,0.0,0.0,718755.0,0.0,Metric Tons
Corn,2026-07-09,BANGLADH,0.0,0.0,58789.0,111.0,Metric Tons
Corn,2026-07-09,BARBADO,5500.0,0.0,30225.0,5500.0,Metric Tons
Corn,2026-07-09,C RICA,14746.0,5761.0,789598.0,97634.0,Metric Tons
Corn,2026-07-09,CANADA,-4678.0,13925.0,647535.0,96380.0,Metric Tons
Corn,2026-07-09,CHINA,0.0,0.0,0.0,0.0,Metric Tons
Corn,2026-07-09,COLOMB,135230.0,103730.0,7410525.0,1028880.0,Metric Tons
Corn,2026-07-09,CUBA,0.0,0.0,0.0,10000.0,Metric Tons
Corn,2026-07-09,DOM REP,1646.0,22646.0,645388.0,4500.0,Metric Tons
Corn,2026-07-09,ECUADOR,0.0,0.0,4050.0,0.0,Metric Tons
Corn,2026-07-09,EGYPT,0.0,0.0,524847.0,7206.0,Metric Tons
Corn,2026-07-09,GUATMAL,0.0,0.0,1451375.0,34698.0,Metric Tons
Corn,2026-07-09,GUYANA,0.0,0.0,37648.0,0.0,Metric Tons
Corn,2026-07-09,HG KONG,0.0,105.0,4534.0,1085.0,Metric Tons
Corn,2026-07-09,HONDURA,7858.0,54654.0,1108014.0,196407.0,Metric Tons
Corn,2026-07-09,INDNSIA,0.0,0.0,280441.0,0.0,Metric Tons
Corn,2026-07-09,IRAQ,0.0,0.0,56197.0,0.0,Metric Tons
Corn,2026-07-09,IRELAND,0.0,0.0,776523.0,36278.0,Metric Tons
Corn,2026-07-09,ISRAEL,0.0,0.0,261615.0,0.0,Metric Tons
Corn,2026-07-09,ITALY,0.0,0.0,39176.0,0.0,Metric Tons
Corn,2026-07-09,JAMAICA,417.0,4717.0,283501.0,20900.0,Metric Tons
Corn,2026-07-09,JAPAN,137075.0,300614.0,13071971.0,2629171.0,Metric Tons
Corn,2026-07-09,JORDAN,0.0,0.0,36.0,202.0,Metric Tons
Corn,2026-07-09,KOR REP,94154.0,162366.0,7676435.0,1038517.0,Metric Tons
Corn,2026-07-09,KUWAIT,0.0,0.0,3.0,0.0,Metric Tons
Corn,2026-07-09,LIBYA,0.0,0.0,36307.0,0.0,Metric Tons
Corn,2026-07-09,LW WW I,1369.0,0.0,18453.0,1369.0,Metric Tons
Corn,2026-07-09,MALAYSA,-2000.0,0.0,74515.0,93925.0,Metric Tons
Corn,2026-07-09,MEXICO,63158.0,519134.0,21137726.0,3468638.0,Metric Tons
Corn,2026-07-09,MOROCCO,0.0,0.0,682237.0,0.0,Metric Tons
Corn,2026-07-09,N ZEAL,0.0,0.0,36329.0,0.0,Metric Tons
Corn,2026-07-09,NETHLDS,58961.0,58961.0,355741.0,0.0,Metric Tons
Corn,2026-07-09,NICARAG,0.0,0.0,584664.0,79484.0,Metric Tons
Corn,2026-07-09,PAKISTN,0.0,0.0,0.0,96.0,Metric Tons
Corn,2026-07-09,PANAMA,13340.0,13340.0,696055.0,75652.0,Metric Tons
Corn,2026-07-09,PERU,0.0,0.0,0.0,316.0,Metric Tons
Corn,2026-07-09,PHIL,0.0,0.0,331821.0,38400.0,Metric Tons
Corn,2026-07-09,PORTUGL,31500.0,31500.0,1203849.0,121048.0,Metric Tons
Corn,2026-07-09,S ARAB,50865.0,50865.0,523943.0,0.0,Metric Tons
Corn,2026-07-09,S LANKA,0.0,0.0,0.0,0.0,Metric Tons
Corn,2026-07-09,SALVADR,-6000.0,0.0,611132.0,114317.0,Metric Tons
Corn,2026-07-09,SPAIN,7000.0,0.0,3926800.0,388000.0,Metric Tons
Corn,2026-07-09,SURINAM,0.0,0.0,6380.0,0.0,Metric Tons
Corn,2026-07-09,TAIWAN,0.0,8715.0,3099547.0,245884.0,Metric Tons
Corn,2026-07-09,TRINID,0.0,0.0,60080.0,0.0,Metric Tons
Corn,2026-07-09,TUNISIA,0.0,0.0,64661.0,0.0,Metric Tons
Corn,2026-07-09,U KING,0.0,0.0,563777.0,33845.0,Metric Tons
Corn,2026-07-09,UNKNOWN,-452511.0,0.0,0.0,3074530.0,Metric Tons
Corn,2026-07-09,VENEZ,85700.0,31700.0,1353264.0,249800.0,Metric Tons
Corn,2026-07-09,VIETNAM,71632.0,205532.0,1814018.0,28723.0,Metric Tons
Corn,2026-07-16,ALGERIA,0.0,0.0,718755.0,0.0,Metric Tons
Corn,2026-07-16,BANGLADH,0.0,0.0,58789.0,111.0,Metric Tons
Corn,2026-07-16,BARBADO,0.0,0.0,30225.0,5500.0,Metric Tons
Corn,2026-07-16,C RICA,0.0,0.0,789598.0,97634.0,Metric Tons
Corn,2026-07-16,CANADA,12524.0,15287.0,662822.0,93617.0,Metric Tons
Corn,2026-07-16,CHINA,0.0,0.0,0.0,0.0,Metric Tons
Corn,2026-07-16,COLOMB,42904.0,41404.0,7451929.0,1030380.0,Metric Tons
Corn,2026-07-16,CUBA,0.0,0.0,0.0,10000.0,Metric Tons
Corn,2026-07-16,DOM REP,0.0,0.0,645388.0,4500.0,Metric Tons
Corn,2026-07-16,ECUADOR,0.0,0.0,4050.0,0.0,Metric Tons
Corn,2026-07-16,EGYPT,0.0,0.0,524847.0,7206.0,Metric Tons
Corn,2026-07-16,GUATMAL,7974.0,7974.0,1459349.0,34698.0,Metric Tons
Corn,2026-07-16,GUYANA,0.0,0.0,37648.0,0.0,Metric Tons
Corn,2026-07-16,HG KONG,0.0,0.0,4534.0,1085.0,Metric Tons
Corn,2026-07-16,HONDURA,12755.0,59586.0,1167600.0,149576.0,Metric Tons
Corn,2026-07-16,INDNSIA,0.0,0.0,280441.0,0.0,Metric Tons
Corn,2026-07-16,IRAQ,0.0,0.0,56197.0,0.0,Metric Tons
Corn,2026-07-16,IRELAND,-619.0,34381.0,810904.0,1278.0,Metric Tons
Corn,2026-07-16,ISRAEL,0.0,0.0,261615.0,0.0,Metric Tons
Corn,2026-07-16,ITALY,0.0,0.0,39176.0,0.0,Metric Tons
Corn,2026-07-16,JAMAICA,-100.0,6800.0,290301.0,14000.0,Metric Tons
Corn,2026-07-16,JAPAN,85726.0,452759.0,13524730.0,2262138.0,Metric Tons
Corn,2026-07-16,JORDAN,21.0,0.0,36.0,223.0,Metric Tons
Corn,2026-07-16,KOR REP,9303.0,209516.0,7885951.0,838304.0,Metric Tons
Corn,2026-07-16,KUWAIT,0.0,0.0,3.0,0.0,Metric Tons
Corn,2026-07-16,LIBYA,0.0,0.0,36307.0,0.0,Metric Tons
Corn,2026-07-16,LW WW I,0.0,0.0,18453.0,1369.0,Metric Tons
Corn,2026-07-16,MALAYSA,33.0,0.0,74515.0,93958.0,Metric Tons
Corn,2026-07-16,MEXICO,203292.0,549622.0,21687348.0,3122308.0,Metric Tons
Corn,2026-07-16,MOROCCO,0.0,0.0,682237.0,0.0,Metric Tons
Corn,2026-07-16,N ZEAL,0.0,0.0,36329.0,0.0,Metric Tons
Corn,2026-07-16,NETHLDS,0.0,0.0,355741.0,0.0,Metric Tons
Corn,2026-07-16,NICARAG,9645.0,18245.0,602909.0,70884.0,Metric Tons
Corn,2026-07-16,PAKISTN,0.0,0.0,0.0,96.0,Metric Tons
Corn,2026-07-16,PANAMA,-2343.0,24957.0,721012.0,48352.0,Metric Tons
Corn,2026-07-16,PERU,0.0,0.0,0.0,316.0,Metric Tons
Corn,2026-07-16,PHIL,0.0,267.0,332088.0,38133.0,Metric Tons
Corn,2026-07-16,PORTUGL,0.0,0.0,1203849.0,121048.0,Metric Tons
Corn,2026-07-16,S ARAB,0.0,0.0,523943.0,0.0,Metric Tons
Corn,2026-07-16,S LANKA,0.0,0.0,0.0,0.0,Metric Tons
Corn,2026-07-16,SALVADR,-864.0,24266.0,635398.0,89187.0,Metric Tons
Corn,2026-07-16,SPAIN,63337.0,127837.0,4054637.0,323500.0,Metric Tons
Corn,2026-07-16,SURINAM,0.0,0.0,6380.0,0.0,Metric Tons
Corn,2026-07-16,TAIWAN,152038.0,73748.0,3173295.0,324174.0,Metric Tons
Corn,2026-07-16,THAILND,68000.0,0.0,0.0,68000.0,Metric Tons
Corn,2026-07-16,TRINID,0.0,0.0,60080.0,0.0,Metric Tons
Corn,2026-07-16,TUNISIA,0.0,0.0,64661.0,0.0,Metric Tons
Corn,2026-07-16,U KING,100.0,12100.0,575877.0,21845.0,Metric Tons
Corn,2026-07-16,UNKNOWN,-401260.0,0.0,0.0,2673270.0,Metric Tons
Corn,2026-07-16,VENEZ,70268.0,122768.0,1476032.0,197300.0,Metric Tons
Corn,2026-07-16,VIETNAM,-55.0,4839.0,1818857.0,23829.0,Metric Tons
Corn,2026-07-23,ALGERIA,0.0,0.0,718755.0,0.0,Metric Tons
Corn,2026-07-23,BANGLADH,0.0,0.0,58789.0,111.0,Metric Tons
Corn,2026-07-23,BARBADO,0.0,0.0,30225.0,5500.0,Metric Tons
Corn,2026-07-23,C RICA,2867.0,24584.0,814182.0,75917.0,Metric Tons
Corn,2026-07-23,CANADA,-6812.0,4323.0,667145.0,82482.0,Metric Tons
Corn,2026-07-23,CHINA,0.0,0.0,0.0,0.0,Metric Tons
Corn,2026-07-23,COLOMB,173934.0,291114.0,7743043.0,913200.0,Metric Tons
Corn,2026-07-23,CUBA,8440.0,18440.0,18440.0,0.0,Metric Tons
Corn,2026-07-23,DOM REP,2227.0,6727.0,652115.0,0.0,Metric Tons
Corn,2026-07-23,ECUADOR,0.0,0.0,4050.0,0.0,Metric Tons
Corn,2026-07-23,EGYPT,0.0,0.0,524847.0,7206.0,Metric Tons
Corn,2026-07-23,GUATMAL,0.0,0.0,1459349.0,34698.0,Metric Tons
Corn,2026-07-23,GUYANA,0.0,0.0,37648.0,0.0,Metric Tons
Corn,2026-07-23,HG KONG,0.0,0.0,4534.0,1085.0,Metric Tons
Corn,2026-07-23,HONDURA,2075.0,0.0,1167600.0,151651.0,Metric Tons
Corn,2026-07-23,INDNSIA,67114.0,0.0,280441.0,67114.0,Metric Tons
Corn,2026-07-23,IRAQ,0.0,0.0,56197.0,0.0,Metric Tons
Corn,2026-07-23,IRELAND,-1278.0,0.0,810904.0,0.0,Metric Tons
Corn,2026-07-23,ISRAEL,0.0,0.0,261615.0,0.0,Metric Tons
Corn,2026-07-23,ITALY,31451.0,31451.0,70627.0,0.0,Metric Tons
Corn,2026-07-23,JAMAICA,0.0,0.0,290301.0,14000.0,Metric Tons
Corn,2026-07-23,JAPAN,-3036.0,263607.0,13788337.0,1995495.0,Metric Tons
Corn,2026-07-23,JORDAN,0.0,0.0,36.0,223.0,Metric Tons
Corn,2026-07-23,KOR REP,117273.0,132290.0,8018241.0,823287.0,Metric Tons
Corn,2026-07-23,KUWAIT,0.0,0.0,3.0,0.0,Metric Tons
Corn,2026-07-23,LIBYA,0.0,0.0,36307.0,0.0,Metric Tons
Corn,2026-07-23,LW WW I,40.0,440.0,18893.0,969.0,Metric Tons
Corn,2026-07-23,MALAYSA,-58.0,10405.0,84920.0,83495.0,Metric Tons
Corn,2026-07-23,MEXICO,129828.0,404378.0,22091726.0,2847758.0,Metric Tons
Corn,2026-07-23,MOROCCO,196.0,0.0,682237.0,196.0,Metric Tons
Corn,2026-07-23,N ZEAL,0.0,0.0,36329.0,0.0,Metric Tons
Corn,2026-07-23,NETHLDS,0.0,0.0,355741.0,0.0,Metric Tons
Corn,2026-07-23,NICARAG,0.0,89.0,602998.0,70795.0,Metric Tons
Corn,2026-07-23,PAKISTN,0.0,0.0,0.0,96.0,Metric Tons
Corn,2026-07-23,PANAMA,0.0,0.0,721012.0,48352.0,Metric Tons
Corn,2026-07-23,PERU,0.0,0.0,0.0,316.0,Metric Tons
Corn,2026-07-23,PHIL,66659.0,58061.0,390149.0,46731.0,Metric Tons
Corn,2026-07-23,PORTUGL,6952.0,0.0,1203849.0,128000.0,Metric Tons
Corn,2026-07-23,S ARAB,0.0,0.0,523943.0,0.0,Metric Tons
Corn,2026-07-23,S LANKA,0.0,0.0,0.0,0.0,Metric Tons
Corn,2026-07-23,SALVADR,0.0,0.0,635398.0,89187.0,Metric Tons
Corn,2026-07-23,SPAIN,84224.0,84224.0,4138861.0,323500.0,Metric Tons
Corn,2026-07-23,SURINAM,0.0,0.0,6380.0,0.0,Metric Tons
Corn,2026-07-23,TAIWAN,17551.0,150397.0,3323692.0,191328.0,Metric Tons
Corn,2026-07-23,THAILND,0.0,0.0,0.0,68000.0,Metric Tons
Corn,2026-07-23,TRINID,5500.0,5500.0,65580.0,0.0,Metric Tons
Corn,2026-07-23,TUNISIA,0.0,0.0,64661.0,0.0,Metric Tons
Corn,2026-07-23,U KING,-1174.0,79.0,575956.0,20592.0,Metric Tons
Corn,2026-07-23,UNKNOWN,-349912.0,0.0,0.0,2323358.0,Metric Tons
Corn,2026-07-23,VENEZ,1355.0,40855.0,1516887.0,157800.0,Metric Tons
Corn,2026-07-23,VIETNAM,7500.0,1532.0,1820389.0,29797.0,Metric Tons
Corn,2026-07-30,ALGERIA,0.0,0.0,718755.0,0.0,Metric Tons
Corn,2026-07-30,BANGLADH,0.0,0.0,58789.0,111.0,Metric Tons
Corn,2026-07-30,BARBADO,18.0,5518.0,35743.0,0.0,Metric Tons
Corn,2026-07-30,C RICA,14924.0,53121.0,867303.0,37720.0,Metric Tons
Corn,2026-07-30,CANADA,11410.0,21702.0,688847.0,72190.0,Metric Tons
Corn,2026-07-30,CHINA,0.0,0.0,0.0,0.0,Metric Tons
Corn,2026-07-30,COLOMB,84335.0,305700.0,8048743.0,691835.0,Metric Tons
Corn,2026-07-30,CUBA,0.0,0.0,18440.0,0.0,Metric Tons
Corn,2026-07-30,DOM REP,0.0,0.0,652115.0,0.0,Metric Tons
Corn,2026-07-30,ECUADOR,0.0,0.0,4050.0,0.0,Metric Tons
Corn,2026-07-30,EGYPT,0.0,0.0,524847.0,7206.0,Metric Tons
Corn,2026-07-30,GUATMAL,34713.0,34713.0,1494062.0,34698.0,Metric Tons
Corn,2026-07-30,GUYANA,0.0,0.0,37648.0,0.0,Metric Tons
Corn,2026-07-30,HG KONG,0.0,0.0,4534.0,1085.0,Metric Tons
Corn,2026-07-30,HONDURA,500.0,0.0,1167600.0,152151.0,Metric Tons
Corn,2026-07-30,INDNSIA,0.0,0.0,280441.0,67114.0,Metric Tons
Corn,2026-07-30,IRAQ,0.0,0.0,56197.0,0.0,Metric Tons
Corn,2026-07-30,IRELAND,0.0,0.0,810904.0,0.0,Metric Tons
Corn,2026-07-30,ISRAEL,0.0,0.0,261615.0,0.0,Metric Tons
Corn,2026-07-30,ITALY,0.0,0.0,70627.0,0.0,Metric Tons
Corn,2026-07-30,JAMAICA,86.0,2886.0,293187.0,11200.0,Metric Tons
Corn,2026-07-30,JAPAN,-4453.0,196635.0,13984972.0,1794407.0,Metric Tons
Corn,2026-07-30,JORDAN,0.0,0.0,36.0,223.0,Metric Tons
Corn,2026-07-30,KOR REP,86053.0,347311.0,8365552.0,562029.0,Metric Tons
Corn,2026-07-30,KUWAIT,0.0,0.0,3.0,0.0,Metric Tons
Corn,2026-07-30,LIBYA,0.0,0.0,36307.0,0.0,Metric Tons
Corn,2026-07-30,LW WW I,-194.0,775.0,19668.0,0.0,Metric Tons
Corn,2026-07-30,MALAYSA,0.0,3487.0,88407.0,80008.0,Metric Tons
Corn,2026-07-30,MEXICO,79899.0,535652.0,22627378.0,2392005.0,Metric Tons
Corn,2026-07-30,MOROCCO,0.0,0.0,682237.0,196.0,Metric Tons
Corn,2026-07-30,N ZEAL,0.0,0.0,36329.0,0.0,Metric Tons
Corn,2026-07-30,NETHLDS,0.0,0.0,355741.0,0.0,Metric Tons
Corn,2026-07-30,NICARAG,15833.0,52333.0,655331.0,34295.0,Metric Tons
Corn,2026-07-30,PAKISTN,0.0,0.0,0.0,96.0,Metric Tons
Corn,2026-07-30,PANAMA,36213.0,36213.0,757225.0,48352.0,Metric Tons
Corn,2026-07-30,PERU,0.0,0.0,0.0,316.0,Metric Tons
Corn,2026-07-30,PHIL,49.0,732.0,390881.0,46048.0,Metric Tons
Corn,2026-07-30,PORTUGL,-55000.0,0.0,1203849.0,73000.0,Metric Tons
Corn,2026-07-30,S ARAB,0.0,0.0,523943.0,0.0,Metric Tons
Corn,2026-07-30,S LANKA,0.0,0.0,0.0,0.0,Metric Tons
Corn,2026-07-30,SALVADR,-9800.0,0.0,635398.0,79387.0,Metric Tons
Corn,2026-07-30,SPAIN,57520.0,167520.0,4306381.0,213500.0,Metric Tons
Corn,2026-07-30,SURINAM,0.0,0.0,6380.0,0.0,Metric Tons
Corn,2026-07-30,TAIWAN,14399.0,84337.0,3408029.0,121390.0,Metric Tons
Corn,2026-07-30,THAILND,0.0,0.0,0.0,68000.0,Metric Tons
Corn,2026-07-30,TRINID,0.0,0.0,65580.0,0.0,Metric Tons
Corn,2026-07-30,TUNISIA,0.0,0.0,64661.0,0.0,Metric Tons
Corn,2026-07-30,U KING,471.0,20471.0,596427.0,592.0,Metric Tons
Corn,2026-07-30,UNKNOWN,-256436.0,0.0,0.0,2066922.0,Metric Tons
Corn,2026-07-30,VENEZ,4200.0,52200.0,1569087.0,109800.0,Metric Tons
Corn,2026-07-30,VIETNAM,2000.0,4200.0,1824589.0,27597.0,Metric Tons
Cotton,2025-08-07,BANGLADH,40180.0,9006.0,9006.0,182509.0,Running Bales
Cotton,2025-08-07,BELGIUM,0.0,0.0,0.0,264.0,Running Bales
Cotton,2025-08-07,C RICA,0.0,1052.0,1052.0,29321.0,Running Bales
Cotton,2025-08-07,CHINA,0.0,0.0,0.0,6919.0,Running Bales
Cotton,2025-08-07,COLOMB,0.0,440.0,440.0,897.0,Running Bales
Cotton,2025-08-07,DJIBOUTI,0.0,0.0,0.0,1144.0,Running Bales
Cotton,2025-08-07,ECUADOR,2468.0,709.0,709.0,7335.0,Running Bales
Cotton,2025-08-07,EGYPT,0.0,870.0,870.0,9678.0,Running Bales
Cotton,2025-08-07,GUATMAL,0.0,984.0,984.0,155402.0,Running Bales
Cotton,2025-08-07,HONDURA,0.0,7624.0,7624.0,232879.0,Running Bales
Cotton,2025-08-07,INDIA,9227.0,8236.0,8236.0,37200.0,Running Bales
Cotton,2025-08-07,INDNSIA,4400.0,2198.0,2198.0,172593.0,Running Bales
Cotton,2025-08-07,ITALY,0.0,720.0,720.0,3472.0,Running Bales
Cotton,2025-08-07,JAPAN,3871.0,1602.0,1602.0,39845.0,Running Bales
Cotton,2025-08-07,KOR REP,916.0,4640.0,4640.0,46228.0,Running Bales
Cotton,2025-08-07,MALAYSA,0.0,860.0,860.0,131731.0,Running Bales
Cotton,2025-08-07,MEXICO,14137.0,9348.0,9348.0,392083.0,Running Bales
Cotton,2025-08-07,NICARAG,8818.0,1143.0,1143.0,50469.0,Running Bales
Cotton,2025-08-07,PAKISTN,15649.0,26208.0,26208.0,388077.0,Running Bales
Cotton,2025-08-07,PERU,538.0,6794.0,6794.0,41530.0,Running Bales
Cotton,2025-08-07,SALVADR,0.0,2009.0,2009.0,183255.0,Running Bales
Cotton,2025-08-07,TAIWAN,2134.0,0.0,0.0,5998.0,Running Bales
Cotton,2025-08-07,THAILND,-272.0,3762.0,3762.0,61256.0,Running Bales
Cotton,2025-08-07,TURKEY,20745.0,19329.0,19329.0,248444.0,Running Bales
Cotton,2025-08-07,VENEZ,0.0,259.0,259.0,1770.0,Running Bales
Cotton,2025-08-07,VIETNAM,119171.0,34800.0,34800.0,554507.0,Running Bales
Cotton,2025-08-14,BANGLADH,21328.0,18503.0,27509.0,185334.0,Running Bales
Cotton,2025-08-14,BELGIUM,0.0,264.0,264.0,0.0,Running Bales
Cotton,2025-08-14,C RICA,-17.0,2711.0,3763.0,26593.0,Running Bales
Cotton,2025-08-14,CHINA,914.0,0.0,0.0,7833.0,Running Bales
Cotton,2025-08-14,COLOMB,0.0,880.0,1320.0,17.0,Running Bales
Cotton,2025-08-14,DJIBOUTI,0.0,0.0,0.0,1144.0,Running Bales
Cotton,2025-08-14,ECUADOR,0.0,352.0,1061.0,6983.0,Running Bales
Cotton,2025-08-14,EGYPT,0.0,0.0,870.0,9678.0,Running Bales
Cotton,2025-08-14,GUATMAL,0.0,5078.0,6062.0,150324.0,Running Bales
Cotton,2025-08-14,HONDURA,0.0,9494.0,17118.0,223385.0,Running Bales
Cotton,2025-08-14,INDIA,7292.0,3725.0,11961.0,40767.0,Running Bales
Cotton,2025-08-14,INDNSIA,6275.0,3515.0,5713.0,175353.0,Running Bales
Cotton,2025-08-14,ITALY,0.0,0.0,720.0,3472.0,Running Bales
Cotton,2025-08-14,JAPAN,87.0,973.0,2575.0,38959.0,Running Bales
Cotton,2025-08-14,KOR REP,-352.0,3142.0,7782.0,42734.0,Running Bales
Cotton,2025-08-14,MALAYSA,-264.0,2288.0,3148.0,129179.0,Running Bales
Cotton,2025-08-14,MEXICO,1162.0,9634.0,18982.0,383611.0,Running Bales
Cotton,2025-08-14,NICARAG,0.0,2583.0,3726.0,47886.0,Running Bales
Cotton,2025-08-14,PAKISTN,28149.0,12158.0,38366.0,404068.0,Running Bales
Cotton,2025-08-14,PERU,8423.0,1960.0,8754.0,47993.0,Running Bales
Cotton,2025-08-14,SALVADR,0.0,2647.0,4656.0,180608.0,Running Bales
Cotton,2025-08-14,TAIWAN,2677.0,0.0,0.0,8675.0,Running Bales
Cotton,2025-08-14,THAILND,6484.0,6597.0,10359.0,61143.0,Running Bales
Cotton,2025-08-14,TURKEY,-12589.0,5664.0,24993.0,230191.0,Running Bales
Cotton,2025-08-14,VENEZ,0.0,0.0,259.0,1770.0,Running Bales
Cotton,2025-08-14,VIETNAM,35804.0,31124.0,65924.0,559187.0,Running Bales
Cotton,2025-08-21,BANGLADH,37798.0,11494.0,39003.0,211638.0,Running Bales
Cotton,2025-08-21,BELGIUM,0.0,0.0,264.0,0.0,Running Bales
Cotton,2025-08-21,C RICA,-36.0,2519.0,6282.0,24038.0,Running Bales
Cotton,2025-08-21,CHINA,4401.0,0.0,0.0,12234.0,Running Bales
Cotton,2025-08-21,COLOMB,-17.0,0.0,1320.0,0.0,Running Bales
Cotton,2025-08-21,DJIBOUTI,0.0,0.0,0.0,1144.0,Running Bales
Cotton,2025-08-21,ECUADOR,1061.0,0.0,1061.0,8044.0,Running Bales
Cotton,2025-08-21,EGYPT,0.0,0.0,870.0,9678.0,Running Bales
Cotton,2025-08-21,GUATMAL,0.0,3550.0,9612.0,146774.0,Running Bales
Cotton,2025-08-21,HONDURA,-20.0,2633.0,19751.0,220732.0,Running Bales
Cotton,2025-08-21,INDIA,4696.0,10947.0,22908.0,34516.0,Running Bales
Cotton,2025-08-21,INDNSIA,2237.0,3840.0,9553.0,173750.0,Running Bales
Cotton,2025-08-21,ITALY,0.0,0.0,720.0,3472.0,Running Bales
Cotton,2025-08-21,JAPAN,96.0,1215.0,3790.0,37840.0,Running Bales
Cotton,2025-08-21,KOR REP,0.0,3553.0,11335.0,39181.0,Running Bales
Cotton,2025-08-21,MALAYSA,-34.0,1920.0,5068.0,127225.0,Running Bales
Cotton,2025-08-21,MEXICO,7500.0,7558.0,26540.0,383553.0,Running Bales
Cotton,2025-08-21,NICARAG,7304.0,440.0,4166.0,54750.0,Running Bales
Cotton,2025-08-21,PAKISTN,13325.0,2906.0,41272.0,414487.0,Running Bales
Cotton,2025-08-21,PERU,-1675.0,1957.0,10711.0,44361.0,Running Bales
Cotton,2025-08-21,SALVADR,-73.0,3166.0,7822.0,177369.0,Running Bales
Cotton,2025-08-21,TAIWAN,0.0,1528.0,1528.0,7147.0,Running Bales
Cotton,2025-08-21,THAILND,7202.0,5886.0,16245.0,62459.0,Running Bales
Cotton,2025-08-21,TURKEY,7188.0,6505.0,31498.0,230874.0,Running Bales
Cotton,2025-08-21,VENEZ,-6.0,0.0,259.0,1764.0,Running Bales
Cotton,2025-08-21,VIETNAM,88386.0,41039.0,106963.0,606534.0,Running Bales
Cotton,2025-08-28,BANGLADH,31904.0,5668.0,44671.0,237874.0,Running Bales
Cotton,2025-08-28,BELGIUM,0.0,0.0,264.0,0.0,Running Bales
Cotton,2025-08-28,C RICA,0.0,0.0,6282.0,24038.0,Running Bales
Cotton,2025-08-28,CHINA,35200.0,0.0,0.0,47434.0,Running Bales
Cotton,2025-08-28,COLOMB,0.0,0.0,1320.0,0.0,Running Bales
Cotton,2025-08-28,DJIBOUTI,0.0,0.0,0.0,1144.0,Running Bales
Cotton,2025-08-28,ECUADOR,176.0,444.0,1505.0,7776.0,Running Bales
Cotton,2025-08-28,EGYPT,0.0,0.0,870.0,9678.0,Running Bales
Cotton,2025-08-28,GUATMAL,968.0,1498.0,11110.0,146244.0,Running Bales
Cotton,2025-08-28,HONDURA,0.0,6555.0,26306.0,214177.0,Running Bales
Cotton,2025-08-28,INDIA,53825.0,6314.0,29222.0,82027.0,Running Bales
Cotton,2025-08-28,INDNSIA,1677.0,176.0,9729.0,175251.0,Running Bales
Cotton,2025-08-28,ITALY,0.0,0.0,720.0,3472.0,Running Bales
Cotton,2025-08-28,JAPAN,527.0,350.0,4140.0,38017.0,Running Bales
Cotton,2025-08-28,KOR REP,264.0,0.0,11335.0,39445.0,Running Bales
Cotton,2025-08-28,MALAYSA,0.0,3496.0,8564.0,123729.0,Running Bales
Cotton,2025-08-28,MEXICO,6928.0,10984.0,37524.0,379497.0,Running Bales
Cotton,2025-08-28,NICARAG,-4270.0,704.0,4870.0,49776.0,Running Bales
Cotton,2025-08-28,PAKISTN,1294.0,17509.0,58781.0,398272.0,Running Bales
Cotton,2025-08-28,PERU,2032.0,3775.0,14486.0,42618.0,Running Bales
Cotton,2025-08-28,SALVADR,528.0,2283.0,10105.0,175614.0,Running Bales
Cotton,2025-08-28,TAIWAN,0.0,3148.0,4676.0,3999.0,Running Bales
Cotton,2025-08-28,THAILND,3301.0,2720.0,18965.0,63040.0,Running Bales
Cotton,2025-08-28,TURKEY,923.0,6230.0,37728.0,225567.0,Running Bales
Cotton,2025-08-28,VENEZ,0.0,0.0,259.0,1764.0,Running Bales
Cotton,2025-08-28,VIETNAM,109694.0,82797.0,189760.0,633431.0,Running Bales
Cotton,2025-09-04,BANGLADH,2203.0,8908.0,53579.0,231169.0,Running Bales
Cotton,2025-09-04,BELGIUM,0.0,0.0,264.0,0.0,Running Bales
Cotton,2025-09-04,C RICA,0.0,360.0,6642.0,23678.0,Running Bales
Cotton,2025-09-04,CHINA,17618.0,0.0,0.0,65052.0,Running Bales
Cotton,2025-09-04,COLOMB,0.0,0.0,1320.0,0.0,Running Bales
Cotton,2025-09-04,DJIBOUTI,0.0,0.0,0.0,1144.0,Running Bales
Cotton,2025-09-04,ECUADOR,0.0,198.0,1703.0,7578.0,Running Bales
Cotton,2025-09-04,EGYPT,0.0,0.0,870.0,9678.0,Running Bales
Cotton,2025-09-04,GUATMAL,3819.0,4600.0,15710.0,145463.0,Running Bales
Cotton,2025-09-04,HONDURA,0.0,6774.0,33080.0,207403.0,Running Bales
Cotton,2025-09-04,INDIA,13810.0,11704.0,40926.0,84133.0,Running Bales
Cotton,2025-09-04,INDNSIA,1405.0,1757.0,11486.0,174899.0,Running Bales
Cotton,2025-09-04,ITALY,87.0,0.0,720.0,3559.0,Running Bales
Cotton,2025-09-04,JAPAN,2024.0,805.0,4945.0,39236.0,Running Bales
Cotton,2025-09-04,KOR REP,2986.0,4362.0,15697.0,38069.0,Running Bales
Cotton,2025-09-04,MALAYSA,80.0,3517.0,12081.0,120292.0,Running Bales
Cotton,2025-09-04,MEXICO,1214.0,9074.0,46598.0,371637.0,Running Bales
Cotton,2025-09-04,NICARAG,-7.0,1995.0,6865.0,47774.0,Running Bales
Cotton,2025-09-04,PAKISTN,12671.0,19585.0,78366.0,391358.0,Running Bales
Cotton,2025-09-04,PERU,1850.0,90.0,14576.0,44378.0,Running Bales
Cotton,2025-09-04,SALVADR,0.0,3429.0,13534.0,172185.0,Running Bales
Cotton,2025-09-04,TAIWAN,112.0,1510.0,6186.0,2601.0,Running Bales
Cotton,2025-09-04,THAILND,-190.0,520.0,19485.0,62330.0,Running Bales
Cotton,2025-09-04,TURKEY,8425.0,7562.0,45290.0,226430.0,Running Bales
Cotton,2025-09-04,VENEZ,0.0,0.0,259.0,1764.0,Running Bales
Cotton,2025-09-04,VIETNAM,61491.0,43456.0,233216.0,651466.0,Running Bales
Cotton,2025-09-11,BANGLADH,2732.0,1921.0,55500.0,231980.0,Running Bales
Cotton,2025-09-11,BELGIUM,0.0,0.0,264.0,0.0,Running Bales
Cotton,2025-09-11,C RICA,0.0,801.0,7443.0,22877.0,Running Bales
Cotton,2025-09-11,CHINA,4409.0,0.0,0.0,69461.0,Running Bales
Cotton,2025-09-11,COLOMB,0.0,0.0,1320.0,0.0,Running Bales
Cotton,2025-09-11,DJIBOUTI,22.0,1166.0,1166.0,0.0,Running Bales
Cotton,2025-09-11,ECUADOR,0.0,2277.0,3980.0,5301.0,Running Bales
Cotton,2025-09-11,EGYPT,0.0,2198.0,3068.0,7480.0,Running Bales
Cotton,2025-09-11,GUATMAL,88.0,2981.0,18691.0,142570.0,Running Bales
Cotton,2025-09-11,HONDURA,2552.0,4047.0,37127.0,205908.0,Running Bales
Cotton,2025-09-11,INDIA,41820.0,5462.0,46388.0,120491.0,Running Bales
Cotton,2025-09-11,INDNSIA,3693.0,4867.0,16353.0,173725.0,Running Bales
Cotton,2025-09-11,ITALY,0.0,0.0,720.0,3559.0,Running Bales
Cotton,2025-09-11,JAPAN,1229.0,1065.0,6010.0,39400.0,Running Bales
Cotton,2025-09-11,KOR REP,1070.0,348.0,16045.0,38791.0,Running Bales
Cotton,2025-09-11,MALAYSA,22007.0,1399.0,13480.0,140900.0,Running Bales
Cotton,2025-09-11,MEXICO,948.0,10419.0,57017.0,362166.0,Running Bales
Cotton,2025-09-11,NICARAG,0.0,945.0,7810.0,46829.0,Running Bales
Cotton,2025-09-11,PAKISTN,6382.0,4959.0,83325.0,392781.0,Running Bales
Cotton,2025-09-11,PERU,2214.0,2775.0,17351.0,43817.0,Running Bales
Cotton,2025-09-11,SALVADR,0.0,2021.0,15555.0,170164.0,Running Bales
Cotton,2025-09-11,TAIWAN,0.0,90.0,6276.0,2511.0,Running Bales
Cotton,2025-09-11,THAILND,2639.0,1756.0,21241.0,63213.0,Running Bales
Cotton,2025-09-11,TURKEY,17333.0,13941.0,59231.0,229822.0,Running Bales
Cotton,2025-09-11,VENEZ,0.0,0.0,259.0,1764.0,Running Bales
Cotton,2025-09-11,VIETNAM,76970.0,55055.0,288271.0,673381.0,Running Bales
Cotton,2025-09-18,BANGLADH,15427.0,20638.0,76138.0,226769.0,Running Bales
Cotton,2025-09-18,BELGIUM,0.0,0.0,264.0,0.0,Running Bales
Cotton,2025-09-18,C RICA,-13.0,1924.0,9367.0,20940.0,Running Bales
Cotton,2025-09-18,CHINA,78.0,7085.0,7085.0,62454.0,Running Bales
Cotton,2025-09-18,COLOMB,0.0,0.0,1320.0,0.0,Running Bales
Cotton,2025-09-18,DJIBOUTI,0.0,0.0,1166.0,0.0,Running Bales
Cotton,2025-09-18,ECUADOR,0.0,0.0,3980.0,5301.0,Running Bales
Cotton,2025-09-18,EGYPT,0.0,0.0,3068.0,7480.0,Running Bales
Cotton,2025-09-18,GUATMAL,0.0,523.0,19214.0,142047.0,Running Bales
Cotton,2025-09-18,HONDURA,0.0,4135.0,41262.0,201773.0,Running Bales
Cotton,2025-09-18,INDIA,27266.0,21004.0,67392.0,126753.0,Running Bales
Cotton,2025-09-18,INDNSIA,2640.0,4127.0,20480.0,172238.0,Running Bales
Cotton,2025-09-18,ITALY,4400.0,0.0,720.0,7959.0,Running Bales
Cotton,2025-09-18,JAPAN,1230.0,792.0,6802.0,39838.0,Running Bales
Cotton,2025-09-18,KOR REP,0.0,2409.0,18454.0,36382.0,Running Bales
Cotton,2025-09-18,MALAYSA,0.0,0.0,13480.0,140900.0,Running Bales
Cotton,2025-09-18,MEXICO,264.0,8542.0,65559.0,353888.0,Running Bales
Cotton,2025-09-18,NICARAG,0.0,264.0,8074.0,46565.0,Running Bales
Cotton,2025-09-18,PAKISTN,-3655.0,8343.0,91668.0,380783.0,Running Bales
Cotton,2025-09-18,PERU,-87.0,0.0,17351.0,43730.0,Running Bales
Cotton,2025-09-18,SALVADR,-4.0,4218.0,19773.0,165942.0,Running Bales
Cotton,2025-09-18,TAIWAN,2333.0,713.0,6989.0,4131.0,Running Bales
Cotton,2025-09-18,THAILND,428.0,2283.0,23524.0,61358.0,Running Bales
Cotton,2025-09-18,TURKEY,22314.0,8506.0,67737.0,243630.0,Running Bales
Cotton,2025-09-18,VENEZ,0.0,0.0,259.0,1764.0,Running Bales
Cotton,2025-09-18,VIETNAM,13473.0,41717.0,329988.0,645137.0,Running Bales
Cotton,2025-09-25,BANGLADH,-106.0,12742.0,88880.0,213921.0,Running Bales
Cotton,2025-09-25,BELGIUM,0.0,0.0,264.0,0.0,Running Bales
Cotton,2025-09-25,C RICA,-22.0,4114.0,13481.0,16804.0,Running Bales
Cotton,2025-09-25,CHINA,7194.0,3112.0,10197.0,66536.0,Running Bales
Cotton,2025-09-25,COLOMB,0.0,0.0,1320.0,0.0,Running Bales
Cotton,2025-09-25,DJIBOUTI,0.0,0.0,1166.0,0.0,Running Bales
Cotton,2025-09-25,ECUADOR,352.0,180.0,4160.0,5473.0,Running Bales
Cotton,2025-09-25,EGYPT,0.0,0.0,3068.0,7480.0,Running Bales
Cotton,2025-09-25,GUATMAL,264.0,4283.0,23497.0,138028.0,Running Bales
Cotton,2025-09-25,HONDURA,-4.0,2796.0,44058.0,198973.0,Running Bales
Cotton,2025-09-25,INDIA,23013.0,13474.0,80866.0,136292.0,Running Bales
Cotton,2025-09-25,INDNSIA,3571.0,1696.0,22176.0,174113.0,Running Bales
Cotton,2025-09-25,ITALY,0.0,87.0,807.0,7872.0,Running Bales
Cotton,2025-09-25,JAPAN,1510.0,2119.0,8921.0,39229.0,Running Bales
Cotton,2025-09-25,KOR REP,4232.0,43.0,18497.0,40571.0,Running Bales
Cotton,2025-09-25,MALAYSA,1314.0,440.0,13920.0,141774.0,Running Bales
Cotton,2025-09-25,MEXICO,176.0,14274.0,79833.0,339790.0,Running Bales
Cotton,2025-09-25,NICARAG,0.0,2334.0,10408.0,44231.0,Running Bales
Cotton,2025-09-25,PAKISTN,2057.0,7961.0,99629.0,374879.0,Running Bales
Cotton,2025-09-25,PERU,2230.0,1501.0,18852.0,44459.0,Running Bales
Cotton,2025-09-25,SALVADR,-48.0,2902.0,22675.0,162992.0,Running Bales
Cotton,2025-09-25,TAIWAN,1408.0,977.0,7966.0,4562.0,Running Bales
Cotton,2025-09-25,THAILND,-94.0,1408.0,24932.0,59856.0,Running Bales
Cotton,2025-09-25,TURKEY,28569.0,10144.0,77881.0,262055.0,Running Bales
Cotton,2025-09-25,VENEZ,0.0,0.0,259.0,1764.0,Running Bales
Cotton,2025-09-25,VIETNAM,79798.0,31008.0,360996.0,693927.0,Running Bales
Cotton,2025-10-02,BANGLADH,1376.0,10193.0,99073.0,205104.0,Running Bales
Cotton,2025-10-02,BELGIUM,0.0,0.0,264.0,0.0,Running Bales
Cotton,2025-10-02,C RICA,-3.0,2197.0,15678.0,14604.0,Running Bales
Cotton,2025-10-02,CHINA,26471.0,4508.0,14705.0,88499.0,Running Bales
Cotton,2025-10-02,COLOMB,0.0,0.0,1320.0,0.0,Running Bales
Cotton,2025-10-02,DJIBOUTI,0.0,0.0,1166.0,0.0,Running Bales
Cotton,2025-10-02,ECUADOR,0.0,264.0,4424.0,5209.0,Running Bales
Cotton,2025-10-02,EGYPT,441.0,0.0,3068.0,7921.0,Running Bales
Cotton,2025-10-02,GUATMAL,0.0,264.0,23761.0,137764.0,Running Bales
Cotton,2025-10-02,HONDURA,0.0,3960.0,48018.0,195013.0,Running Bales
Cotton,2025-10-02,INDIA,12954.0,33101.0,113967.0,116145.0,Running Bales
Cotton,2025-10-02,INDNSIA,2472.0,975.0,23151.0,175610.0,Running Bales
Cotton,2025-10-02,ITALY,0.0,0.0,807.0,7872.0,Running Bales
Cotton,2025-10-02,JAPAN,646.0,1848.0,10769.0,38027.0,Running Bales
Cotton,2025-10-02,KOR REP,1764.0,4765.0,23262.0,37570.0,Running Bales
Cotton,2025-10-02,MALAYSA,0.0,1740.0,15660.0,140034.0,Running Bales
Cotton,2025-10-02,MEXICO,1815.0,13291.0,93124.0,328314.0,Running Bales
Cotton,2025-10-02,NICARAG,0.0,2956.0,13364.0,41275.0,Running Bales
Cotton,2025-10-02,PAKISTN,28018.0,24633.0,124262.0,378264.0,Running Bales
Cotton,2025-10-02,PERU,4758.0,1053.0,19905.0,48164.0,Running Bales
Cotton,2025-10-02,PORTUGL,1760.0,0.0,0.0,1760.0,Running Bales
Cotton,2025-10-02,SALVADR,0.0,1768.0,24443.0,161224.0,Running Bales
Cotton,2025-10-02,TAIWAN,1881.0,821.0,8787.0,5622.0,Running Bales
Cotton,2025-10-02,THAILND,-532.0,2926.0,27858.0,56398.0,Running Bales
Cotton,2025-10-02,TURKEY,10815.0,2030.0,79911.0,270840.0,Running Bales
Cotton,2025-10-02,VENEZ,0.0,0.0,259.0,1764.0,Running Bales
Cotton,2025-10-02,VIETNAM,104349.0,44434.0,405430.0,753842.0,Running Bales
Cotton,2025-10-09,BANGLADH,50.0,11810.0,110883.0,193344.0,Running Bales
Cotton,2025-10-09,BELGIUM,0.0,0.0,264.0,0.0,Running Bales
Cotton,2025-10-09,C RICA,-5.0,3339.0,19017.0,11260.0,Running Bales
Cotton,2025-10-09,CHINA,16695.0,4045.0,18750.0,101149.0,Running Bales
Cotton,2025-10-09,COLOMB,0.0,0.0,1320.0,0.0,Running Bales
Cotton,2025-10-09,DJIBOUTI,0.0,0.0,1166.0,0.0,Running Bales
Cotton,2025-10-09,ECUADOR,0.0,626.0,5050.0,4583.0,Running Bales
Cotton,2025-10-09,EGYPT,0.0,0.0,3068.0,7921.0,Running Bales
Cotton,2025-10-09,GUATMAL,11856.0,2631.0,26392.0,146989.0,Running Bales
Cotton,2025-10-09,HONDURA,3608.0,1056.0,49074.0,197565.0,Running Bales
Cotton,2025-10-09,INDIA,11913.0,29556.0,143523.0,98502.0,Running Bales
Cotton,2025-10-09,INDNSIA,1438.0,2240.0,25391.0,174808.0,Running Bales
Cotton,2025-10-09,ITALY,0.0,0.0,807.0,7872.0,Running Bales
Cotton,2025-10-09,JAPAN,1583.0,2994.0,13763.0,36616.0,Running Bales
Cotton,2025-10-09,KOR REP,0.0,886.0,24148.0,36684.0,Running Bales
Cotton,2025-10-09,MALAYSA,0.0,1848.0,17508.0,138186.0,Running Bales
Cotton,2025-10-09,MEXICO,7226.0,9842.0,102966.0,325698.0,Running Bales
Cotton,2025-10-09,NICARAG,0.0,2698.0,16062.0,38577.0,Running Bales
Cotton,2025-10-09,PAKISTN,16395.0,17677.0,141939.0,376982.0,Running Bales
Cotton,2025-10-09,PERU,681.0,5076.0,24981.0,43769.0,Running Bales
Cotton,2025-10-09,PORTUGL,0.0,0.0,0.0,1760.0,Running Bales
Cotton,2025-10-09,SALVADR,-2.0,1678.0,26121.0,159544.0,Running Bales
Cotton,2025-10-09,TAIWAN,0.0,1523.0,10310.0,4099.0,Running Bales
Cotton,2025-10-09,THAILND,2810.0,2229.0,30087.0,56979.0,Running Bales
Cotton,2025-10-09,TURKEY,1852.0,4482.0,84393.0,268210.0,Running Bales
Cotton,2025-10-09,VENEZ,0.0,0.0,259.0,1764.0,Running Bales
Cotton,2025-10-09,VIETNAM,81536.0,33014.0,438444.0,802364.0,Running Bales
Cotton,2025-10-16,BANGLADH,871.0,7558.0,118441.0,186657.0,Running Bales
Cotton,2025-10-16,BELGIUM,0.0,0.0,264.0,0.0,Running Bales
Cotton,2025-10-16,C RICA,12.0,2490.0,21507.0,8782.0,Running Bales
Cotton,2025-10-16,CHINA,12832.0,2837.0,21587.0,111144.0,Running Bales
Cotton,2025-10-16,COLOMB,0.0,0.0,1320.0,0.0,Running Bales
Cotton,2025-10-16,DJIBOUTI,0.0,0.0,1166.0,0.0,Running Bales
Cotton,2025-10-16,ECUADOR,969.0,676.0,5726.0,4876.0,Running Bales
Cotton,2025-10-16,EGYPT,0.0,0.0,3068.0,7921.0,Running Bales
Cotton,2025-10-16,GUATMAL,1855.0,9767.0,36159.0,139077.0,Running Bales
Cotton,2025-10-16,HONDURA,792.0,13073.0,62147.0,185284.0,Running Bales
Cotton,2025-10-16,INDIA,5283.0,8876.0,152399.0,94909.0,Running Bales
Cotton,2025-10-16,INDNSIA,3624.0,1317.0,26708.0,177115.0,Running Bales
Cotton,2025-10-16,ITALY,0.0,0.0,807.0,7872.0,Running Bales
Cotton,2025-10-16,JAPAN,4032.0,1758.0,15521.0,38890.0,Running Bales
Cotton,2025-10-16,KOR REP,0.0,1144.0,25292.0,35540.0,Running Bales
Cotton,2025-10-16,MALAYSA,-49.0,2530.0,20038.0,135607.0,Running Bales
Cotton,2025-10-16,MEXICO,41091.0,23359.0,126325.0,343430.0,Running Bales
Cotton,2025-10-16,NICARAG,71.0,4953.0,21015.0,33695.0,Running Bales
Cotton,2025-10-16,PAKISTN,20579.0,13775.0,155714.0,383786.0,Running Bales
Cotton,2025-10-16,PERU,674.0,2388.0,27369.0,42055.0,Running Bales
Cotton,2025-10-16,PORTUGL,0.0,0.0,0.0,1760.0,Running Bales
Cotton,2025-10-16,SALVADR,182.0,4133.0,30254.0,155593.0,Running Bales
Cotton,2025-10-16,TAIWAN,617.0,1079.0,11389.0,3637.0,Running Bales
Cotton,2025-10-16,THAILND,1137.0,525.0,30612.0,57591.0,Running Bales
Cotton,2025-10-16,TURKEY,33081.0,16097.0,100490.0,285194.0,Running Bales
Cotton,2025-10-16,VENEZ,4410.0,0.0,259.0,6174.0,Running Bales
Cotton,2025-10-16,VIETNAM,43615.0,41296.0,479740.0,804683.0,Running Bales
Cotton,2025-10-23,BANGLADH,-71.0,12924.0,131365.0,173662.0,Running Bales
Cotton,2025-10-23,BELGIUM,0.0,0.0,264.0,0.0,Running Bales
Cotton,2025-10-23,C RICA,0.0,264.0,21771.0,8518.0,Running Bales
Cotton,2025-10-23,CHINA,13273.0,11299.0,32886.0,113118.0,Running Bales
Cotton,2025-10-23,COLOMB,0.0,0.0,1320.0,0.0,Running Bales
Cotton,2025-10-23,DJIBOUTI,0.0,0.0,1166.0,0.0,Running Bales
Cotton,2025-10-23,ECUADOR,0.0,352.0,6078.0,4524.0,Running Bales
Cotton,2025-10-23,EGYPT,0.0,0.0,3068.0,7921.0,Running Bales
Cotton,2025-10-23,GUATMAL,1088.0,2724.0,38883.0,137441.0,Running Bales
Cotton,2025-10-23,HONDURA,-11.0,1667.0,63814.0,183606.0,Running Bales
Cotton,2025-10-23,INDIA,16835.0,53123.0,205522.0,58621.0,Running Bales
Cotton,2025-10-23,INDNSIA,528.0,1763.0,28471.0,175880.0,Running Bales
Cotton,2025-10-23,ITALY,262.0,0.0,807.0,8134.0,Running Bales
Cotton,2025-10-23,JAPAN,2212.0,879.0,16400.0,40223.0,Running Bales
Cotton,2025-10-23,KOR REP,11704.0,0.0,25292.0,47244.0,Running Bales
Cotton,2025-10-23,MALAYSA,5951.0,3167.0,23205.0,138391.0,Running Bales
Cotton,2025-10-23,MEXICO,364.0,14957.0,141282.0,328837.0,Running Bales
Cotton,2025-10-23,NICARAG,13227.0,1482.0,22497.0,45440.0,Running Bales
Cotton,2025-10-23,PAKISTN,4370.0,16015.0,171729.0,372141.0,Running Bales
Cotton,2025-10-23,PERU,8278.0,1779.0,29148.0,48554.0,Running Bales
Cotton,2025-10-23,PORTUGL,0.0,0.0,0.0,1760.0,Running Bales
Cotton,2025-10-23,SALVADR,0.0,1755.0,32009.0,153838.0,Running Bales
Cotton,2025-10-23,TAIWAN,4020.0,1872.0,13261.0,5785.0,Running Bales
Cotton,2025-10-23,THAILND,176.0,1582.0,32194.0,56185.0,Running Bales
Cotton,2025-10-23,TURKEY,14960.0,14734.0,115224.0,285420.0,Running Bales
Cotton,2025-10-23,UNKNOWN,4400.0,0.0,0.0,4400.0,Running Bales
Cotton,2025-10-23,VENEZ,0.0,439.0,698.0,5735.0,Running Bales
Cotton,2025-10-23,VIETNAM,31194.0,32011.0,511751.0,803866.0,Running Bales
Cotton,2025-10-30,BANGLADH,8473.0,5137.0,136502.0,176998.0,Running Bales
Cotton,2025-10-30,BELGIUM,0.0,0.0,264.0,0.0,Running Bales
Cotton,2025-10-30,C RICA,-7.0,260.0,22031.0,8251.0,Running Bales
Cotton,2025-10-30,CHINA,6.0,4655.0,37541.0,108469.0,Running Bales
Cotton,2025-10-30,COLOMB,0.0,0.0,1320.0,0.0,Running Bales
Cotton,2025-10-30,DJIBOUTI,0.0,0.0,1166.0,0.0,Running Bales
Cotton,2025-10-30,ECUADOR,4159.0,178.0,6256.0,8505.0,Running Bales
Cotton,2025-10-30,EGYPT,440.0,0.0,3068.0,8361.0,Running Bales
Cotton,2025-10-30,GUATMAL,4576.0,1405.0,40288.0,140612.0,Running Bales
Cotton,2025-10-30,HONDURA,0.0,4215.0,68029.0,179391.0,Running Bales
Cotton,2025-10-30,INDIA,6987.0,33926.0,239448.0,31682.0,Running Bales
Cotton,2025-10-30,INDNSIA,1571.0,1760.0,30231.0,175691.0,Running Bales
Cotton,2025-10-30,ITALY,88.0,0.0,807.0,8222.0,Running Bales
Cotton,2025-10-30,JAPAN,709.0,2641.0,19041.0,38291.0,Running Bales
Cotton,2025-10-30,KOR REP,2629.0,4027.0,29319.0,45846.0,Running Bales
Cotton,2025-10-30,MALAYSA,-8.0,2720.0,25925.0,135663.0,Running Bales
Cotton,2025-10-30,MEXICO,16036.0,8735.0,150017.0,336138.0,Running Bales
Cotton,2025-10-30,NICARAG,164.0,1396.0,23893.0,44208.0,Running Bales
Cotton,2025-10-30,PAKISTN,6579.0,13547.0,185276.0,365173.0,Running Bales
Cotton,2025-10-30,PERU,1770.0,6047.0,35195.0,44277.0,Running Bales
Cotton,2025-10-30,PORTUGL,4312.0,0.0,0.0,6072.0,Running Bales
Cotton,2025-10-30,SALVADR,-2.0,700.0,32709.0,153136.0,Running Bales
Cotton,2025-10-30,TAIWAN,0.0,1232.0,14493.0,4553.0,Running Bales
Cotton,2025-10-30,THAILND,0.0,1314.0,33508.0,54871.0,Running Bales
Cotton,2025-10-30,TURKEY,10187.0,11115.0,126339.0,284492.0,Running Bales
Cotton,2025-10-30,UNKNOWN,-4400.0,0.0,0.0,0.0,Running Bales
Cotton,2025-10-30,VENEZ,0.0,1310.0,2008.0,4425.0,Running Bales
Cotton,2025-10-30,VIETNAM,17261.0,40261.0,552012.0,780866.0,Running Bales
Cotton,2025-11-06,BANGLADH,10189.0,11888.0,148390.0,175299.0,Running Bales
Cotton,2025-11-06,BELGIUM,0.0,0.0,264.0,0.0,Running Bales
Cotton,2025-11-06,C RICA,4.0,1676.0,23707.0,6579.0,Running Bales
Cotton,2025-11-06,CHINA,-1909.0,6885.0,44426.0,99675.0,Running Bales
Cotton,2025-11-06,COLOMB,0.0,0.0,1320.0,0.0,Running Bales
Cotton,2025-11-06,DJIBOUTI,0.0,0.0,1166.0,0.0,Running Bales
Cotton,2025-11-06,ECUADOR,178.0,1240.0,7496.0,7443.0,Running Bales
Cotton,2025-11-06,EGYPT,0.0,441.0,3509.0,7920.0,Running Bales
Cotton,2025-11-06,GUATMAL,0.0,3665.0,43953.0,136947.0,Running Bales
Cotton,2025-11-06,HONDURA,0.0,4442.0,72471.0,174949.0,Running Bales
Cotton,2025-11-06,INDIA,157.0,22467.0,261915.0,9372.0,Running Bales
Cotton,2025-11-06,INDNSIA,6156.0,1055.0,31286.0,180792.0,Running Bales
Cotton,2025-11-06,ITALY,534.0,264.0,1071.0,8492.0,Running Bales
Cotton,2025-11-06,JAPAN,81.0,1841.0,20882.0,36531.0,Running Bales
Cotton,2025-11-06,KOR REP,14172.0,4965.0,34284.0,55053.0,Running Bales
Cotton,2025-11-06,MALAYSA,0.0,1144.0,27069.0,134519.0,Running Bales
Cotton,2025-11-06,MEXICO,52375.0,11767.0,161784.0,376746.0,Running Bales
Cotton,2025-11-06,NICARAG,-4409.0,534.0,24427.0,39265.0,Running Bales
Cotton,2025-11-06,PAKISTN,8760.0,6220.0,191496.0,367713.0,Running Bales
Cotton,2025-11-06,PERU,3150.0,2274.0,37469.0,45153.0,Running Bales
Cotton,2025-11-06,PORTUGL,0.0,0.0,0.0,6072.0,Running Bales
Cotton,2025-11-06,SALVADR,0.0,5769.0,38478.0,147367.0,Running Bales
Cotton,2025-11-06,TAIWAN,0.0,0.0,14493.0,4553.0,Running Bales
Cotton,2025-11-06,THAILND,1404.0,1484.0,34992.0,54791.0,Running Bales
Cotton,2025-11-06,TURKEY,14026.0,3097.0,129436.0,295421.0,Running Bales
Cotton,2025-11-06,UNKNOWN,0.0,0.0,0.0,0.0,Running Bales
Cotton,2025-11-06,VENEZ,-15.0,0.0,2008.0,4410.0,Running Bales
Cotton,2025-11-06,VIETNAM,187293.0,42780.0,594792.0,925379.0,Running Bales
Cotton,2025-11-13,BANGLADH,15040.0,6597.0,154987.0,183742.0,Running Bales
Cotton,2025-11-13,BELGIUM,0.0,0.0,264.0,0.0,Running Bales
Cotton,2025-11-13,C RICA,-3.0,1977.0,25684.0,4599.0,Running Bales
Cotton,2025-11-13,CHINA,5739.0,10898.0,55324.0,94516.0,Running Bales
Cotton,2025-11-13,COLOMB,3263.0,0.0,1320.0,3263.0,Running Bales
Cotton,2025-11-13,DJIBOUTI,0.0,0.0,1166.0,0.0,Running Bales
Cotton,2025-11-13,ECUADOR,0.0,780.0,8276.0,6663.0,Running Bales
Cotton,2025-11-13,EGYPT,0.0,0.0,3509.0,7920.0,Running Bales
Cotton,2025-11-13,GUATMAL,881.0,4098.0,48051.0,133730.0,Running Bales
Cotton,2025-11-13,HONDURA,0.0,7597.0,80068.0,167352.0,Running Bales
Cotton,2025-11-13,INDIA,-1.0,3763.0,265678.0,5608.0,Running Bales
Cotton,2025-11-13,INDNSIA,3989.0,967.0,32253.0,183814.0,Running Bales
Cotton,2025-11-13,ITALY,0.0,270.0,1341.0,8222.0,Running Bales
Cotton,2025-11-13,JAPAN,3697.0,1143.0,22025.0,39085.0,Running Bales
Cotton,2025-11-13,KOR REP,-2200.0,1588.0,35872.0,51265.0,Running Bales
Cotton,2025-11-13,MALAYSA,10115.0,0.0,27069.0,144634.0,Running Bales
Cotton,2025-11-13,MEXICO,2464.0,16281.0,178065.0,362929.0,Running Bales
Cotton,2025-11-13,NICARAG,0.0,0.0,24427.0,39265.0,Running Bales
Cotton,2025-11-13,PAKISTN,14272.0,4746.0,196242.0,377239.0,Running Bales
Cotton,2025-11-13,PERU,8419.0,713.0,38182.0,52859.0,Running Bales
Cotton,2025-11-13,PORTUGL,0.0,0.0,0.0,6072.0,Running Bales
Cotton,2025-11-13,SALVADR,-5.0,5143.0,43621.0,142219.0,Running Bales
Cotton,2025-11-13,TAIWAN,445.0,0.0,14493.0,4998.0,Running Bales
Cotton,2025-11-13,THAILND,-3783.0,768.0,35760.0,50240.0,Running Bales
Cotton,2025-11-13,TURKEY,59821.0,12102.0,141538.0,343140.0,Running Bales
Cotton,2025-11-13,UNKNOWN,0.0,0.0,0.0,0.0,Running Bales
Cotton,2025-11-13,VENEZ,0.0,0.0,2008.0,4410.0,Running Bales
Cotton,2025-11-13,VIETNAM,65495.0,33788.0,628580.0,957086.0,Running Bales
Cotton,2025-11-20,BANGLADH,4275.0,7270.0,162257.0,180747.0,Running Bales
Cotton,2025-11-20,BELGIUM,0.0,0.0,264.0,0.0,Running Bales
Cotton,2025-11-20,C RICA,0.0,89.0,25773.0,4510.0,Running Bales
Cotton,2025-11-20,CHINA,8837.0,8425.0,63749.0,94928.0,Running Bales
Cotton,2025-11-20,COLOMB,0.0,0.0,1320.0,3263.0,Running Bales
Cotton,2025-11-20,DJIBOUTI,0.0,0.0,1166.0,0.0,Running Bales
Cotton,2025-11-20,ECUADOR,538.0,0.0,8276.0,7201.0,Running Bales
Cotton,2025-11-20,EGYPT,0.0,0.0,3509.0,7920.0,Running Bales
Cotton,2025-11-20,GUATMAL,0.0,1838.0,49889.0,131892.0,Running Bales
Cotton,2025-11-20,HONDURA,11352.0,2628.0,82696.0,176076.0,Running Bales
Cotton,2025-11-20,INDIA,5215.0,9046.0,274724.0,1777.0,Running Bales
Cotton,2025-11-20,INDNSIA,9156.0,2779.0,35032.0,190191.0,Running Bales
Cotton,2025-11-20,ITALY,0.0,0.0,1341.0,8222.0,Running Bales
Cotton,2025-11-20,JAPAN,354.0,1593.0,23618.0,37846.0,Running Bales
Cotton,2025-11-20,KOR REP,0.0,1144.0,37016.0,50121.0,Running Bales
Cotton,2025-11-20,MALAYSA,0.0,2640.0,29709.0,141994.0,Running Bales
Cotton,2025-11-20,MEXICO,-5414.0,8998.0,187063.0,348517.0,Running Bales
Cotton,2025-11-20,NICARAG,0.0,0.0,24427.0,39265.0,Running Bales
Cotton,2025-11-20,PAKISTN,24772.0,16331.0,212573.0,385680.0,Running Bales
Cotton,2025-11-20,PERU,4973.0,4458.0,42640.0,53374.0,Running Bales
Cotton,2025-11-20,PORTUGL,0.0,0.0,0.0,6072.0,Running Bales
Cotton,2025-11-20,SALVADR,0.0,2108.0,45729.0,140111.0,Running Bales
Cotton,2025-11-20,TAIWAN,1057.0,354.0,14847.0,5701.0,Running Bales
Cotton,2025-11-20,THAILND,1748.0,1396.0,37156.0,50592.0,Running Bales
Cotton,2025-11-20,TURKEY,34883.0,4830.0,146368.0,373193.0,Running Bales
Cotton,2025-11-20,UNKNOWN,0.0,0.0,0.0,0.0,Running Bales
Cotton,2025-11-20,VENEZ,0.0,0.0,2008.0,4410.0,Running Bales
Cotton,2025-11-20,VIETNAM,46650.0,44898.0,673478.0,958838.0,Running Bales
Cotton,2025-11-27,BANGLADH,8973.0,4409.0,166666.0,185311.0,Running Bales
Cotton,2025-11-27,BELGIUM,0.0,0.0,264.0,0.0,Running Bales
Cotton,2025-11-27,C RICA,0.0,0.0,25773.0,4510.0,Running Bales
Cotton,2025-11-27,CHINA,0.0,11374.0,75123.0,83554.0,Running Bales
Cotton,2025-11-27,COLOMB,0.0,0.0,1320.0,3263.0,Running Bales
Cotton,2025-11-27,DJIBOUTI,0.0,0.0,1166.0,0.0,Running Bales
Cotton,2025-11-27,ECUADOR,352.0,176.0,8452.0,7377.0,Running Bales
Cotton,2025-11-27,EGYPT,0.0,0.0,3509.0,7920.0,Running Bales
Cotton,2025-11-27,GERMANY,1764.0,0.0,0.0,1764.0,Running Bales
Cotton,2025-11-27,GUATMAL,5192.0,2116.0,52005.0,134968.0,Running Bales
Cotton,2025-11-27,HONDURA,-42.0,3687.0,86383.0,172347.0,Running Bales
Cotton,2025-11-27,INDIA,7434.0,8104.0,282828.0,1107.0,Running Bales
Cotton,2025-11-27,INDNSIA,1322.0,2032.0,37064.0,189481.0,Running Bales
Cotton,2025-11-27,ITALY,0.0,0.0,1341.0,8222.0,Running Bales
Cotton,2025-11-27,JAPAN,-89.0,1239.0,24857.0,36518.0,Running Bales
Cotton,2025-11-27,KOR REP,0.0,0.0,37016.0,50121.0,Running Bales
Cotton,2025-11-27,MALAYSA,1331.0,1331.0,31040.0,141994.0,Running Bales
Cotton,2025-11-27,MEXICO,0.0,9226.0,196289.0,339291.0,Running Bales
Cotton,2025-11-27,NICARAG,0.0,0.0,24427.0,39265.0,Running Bales
Cotton,2025-11-27,PAKISTN,14448.0,9077.0,221650.0,391051.0,Running Bales
Cotton,2025-11-27,PERU,1350.0,3330.0,45970.0,51394.0,Running Bales
Cotton,2025-11-27,PORTUGL,0.0,0.0,0.0,6072.0,Running Bales
Cotton,2025-11-27,SALVADR,-5.0,1922.0,47651.0,138184.0,Running Bales
Cotton,2025-11-27,TAIWAN,0.0,630.0,15477.0,5071.0,Running Bales
Cotton,2025-11-27,THAILND,720.0,1674.0,38830.0,49638.0,Running Bales
Cotton,2025-11-27,TURKEY,13964.0,11226.0,157594.0,375931.0,Running Bales
Cotton,2025-11-27,UNKNOWN,0.0,0.0,0.0,0.0,Running Bales
Cotton,2025-11-27,VENEZ,0.0,0.0,2008.0,4410.0,Running Bales
Cotton,2025-11-27,VIETNAM,79172.0,50541.0,724019.0,987469.0,Running Bales
Cotton,2025-12-04,BANGLADH,4378.0,8268.0,174934.0,181421.0,Running Bales
Cotton,2025-12-04,BELGIUM,0.0,0.0,264.0,0.0,Running Bales
Cotton,2025-12-04,C RICA,-8.0,0.0,25773.0,4502.0,Running Bales
Cotton,2025-12-04,CHINA,15514.0,6926.0,82049.0,92142.0,Running Bales
Cotton,2025-12-04,COLOMB,0.0,0.0,1320.0,3263.0,Running Bales
Cotton,2025-12-04,DJIBOUTI,0.0,0.0,1166.0,0.0,Running Bales
Cotton,2025-12-04,ECUADOR,-46.0,0.0,8452.0,7331.0,Running Bales
Cotton,2025-12-04,EGYPT,0.0,0.0,3509.0,7920.0,Running Bales
Cotton,2025-12-04,GERMANY,255.0,0.0,0.0,2019.0,Running Bales
Cotton,2025-12-04,GUATMAL,-6.0,1062.0,53067.0,133900.0,Running Bales
Cotton,2025-12-04,HONDURA,9944.0,2024.0,88407.0,180267.0,Running Bales
Cotton,2025-12-04,INDIA,7548.0,3122.0,285950.0,5533.0,Running Bales
Cotton,2025-12-04,INDNSIA,4588.0,5281.0,42345.0,188788.0,Running Bales
Cotton,2025-12-04,ITALY,0.0,0.0,1341.0,8222.0,Running Bales
Cotton,2025-12-04,JAPAN,86.0,2927.0,27784.0,33677.0,Running Bales
Cotton,2025-12-04,KOR REP,11549.0,0.0,37016.0,61670.0,Running Bales
Cotton,2025-12-04,MALAYSA,0.0,0.0,31040.0,141994.0,Running Bales
Cotton,2025-12-04,MEXICO,-81.0,6756.0,203045.0,332454.0,Running Bales
Cotton,2025-12-04,NICARAG,0.0,0.0,24427.0,39265.0,Running Bales
Cotton,2025-12-04,PAKISTN,14094.0,9506.0,231156.0,395639.0,Running Bales
Cotton,2025-12-04,PERU,3377.0,2032.0,48002.0,52739.0,Running Bales
Cotton,2025-12-04,PORTUGL,0.0,0.0,0.0,6072.0,Running Bales
Cotton,2025-12-04,SALVADR,0.0,792.0,48443.0,137392.0,Running Bales
Cotton,2025-12-04,TAIWAN,0.0,0.0,15477.0,5071.0,Running Bales
Cotton,2025-12-04,THAILND,166.0,1050.0,39880.0,48754.0,Running Bales
Cotton,2025-12-04,TURKEY,11042.0,4872.0,162466.0,382101.0,Running Bales
Cotton,2025-12-04,UNKNOWN,0.0,0.0,0.0,0.0,Running Bales
Cotton,2025-12-04,VENEZ,0.0,0.0,2008.0,4410.0,Running Bales
Cotton,2025-12-04,VIETNAM,70866.0,46959.0,770978.0,1011376.0,Running Bales
Cotton,2025-12-11,BANGLADH,9367.0,6262.0,181196.0,184526.0,Running Bales
Cotton,2025-12-11,BELGIUM,0.0,0.0,264.0,0.0,Running Bales
Cotton,2025-12-11,C RICA,0.0,0.0,25773.0,4502.0,Running Bales
Cotton,2025-12-11,CHINA,88919.0,10700.0,92749.0,170361.0,Running Bales
Cotton,2025-12-11,COLOMB,0.0,0.0,1320.0,3263.0,Running Bales
Cotton,2025-12-11,DJIBOUTI,0.0,0.0,1166.0,0.0,Running Bales
Cotton,2025-12-11,ECUADOR,0.0,180.0,8632.0,7151.0,Running Bales
Cotton,2025-12-11,EGYPT,0.0,0.0,3509.0,7920.0,Running Bales
Cotton,2025-12-11,GERMANY,0.0,0.0,0.0,2019.0,Running Bales
Cotton,2025-12-11,GUATMAL,1593.0,4671.0,57738.0,130822.0,Running Bales
Cotton,2025-12-11,HONDURA,0.0,2894.0,91301.0,177373.0,Running Bales
Cotton,2025-12-11,INDIA,2311.0,7191.0,293141.0,653.0,Running Bales
Cotton,2025-12-11,INDNSIA,15254.0,8623.0,50968.0,195419.0,Running Bales
Cotton,2025-12-11,ITALY,0.0,0.0,1341.0,8222.0,Running Bales
Cotton,2025-12-11,JAPAN,447.0,792.0,28576.0,33332.0,Running Bales
Cotton,2025-12-11,KOR REP,0.0,0.0,37016.0,61670.0,Running Bales
Cotton,2025-12-11,MALAYSA,21816.0,5016.0,36056.0,158794.0,Running Bales
Cotton,2025-12-11,MEXICO,-291.0,11686.0,214731.0,320477.0,Running Bales
Cotton,2025-12-11,NICARAG,0.0,0.0,24427.0,39265.0,Running Bales
Cotton,2025-12-11,PAKISTN,16987.0,10975.0,242131.0,401651.0,Running Bales
Cotton,2025-12-11,PERU,1703.0,2379.0,50381.0,52063.0,Running Bales
Cotton,2025-12-11,PORTUGL,0.0,0.0,0.0,6072.0,Running Bales
Cotton,2025-12-11,SALVADR,2100.0,2621.0,51064.0,136871.0,Running Bales
Cotton,2025-12-11,TAIWAN,2287.0,0.0,15477.0,7358.0,Running Bales
Cotton,2025-12-11,THAILND,4035.0,4710.0,44590.0,48079.0,Running Bales
Cotton,2025-12-11,TURKEY,12819.0,4031.0,166497.0,390889.0,Running Bales
Cotton,2025-12-11,UNKNOWN,0.0,0.0,0.0,0.0,Running Bales
Cotton,2025-12-11,VENEZ,0.0,0.0,2008.0,4410.0,Running Bales
Cotton,2025-12-11,VIETNAM,125342.0,51640.0,822618.0,1085078.0,Running Bales
Cotton,2025-12-18,BANGLADH,13137.0,13189.0,194385.0,184474.0,Running Bales
Cotton,2025-12-18,BELGIUM,0.0,0.0,264.0,0.0,Running Bales
Cotton,2025-12-18,C RICA,0.0,0.0,25773.0,4502.0,Running Bales
Cotton,2025-12-18,CHINA,8008.0,3223.0,95972.0,175146.0,Running Bales
Cotton,2025-12-18,COLOMB,0.0,0.0,1320.0,3263.0,Running Bales
Cotton,2025-12-18,DJIBOUTI,0.0,0.0,1166.0,0.0,Running Bales
Cotton,2025-12-18,ECUADOR,4400.0,2522.0,11154.0,9029.0,Running Bales
Cotton,2025-12-18,EGYPT,0.0,0.0,3509.0,7920.0,Running Bales
Cotton,2025-12-18,GERMANY,0.0,0.0,0.0,2019.0,Running Bales
Cotton,2025-12-18,GUATMAL,1551.0,8591.0,66329.0,123782.0,Running Bales
Cotton,2025-12-18,HONDURA,-79.0,2896.0,94197.0,174398.0,Running Bales
Cotton,2025-12-18,INDIA,11258.0,4437.0,297578.0,7474.0,Running Bales
Cotton,2025-12-18,INDNSIA,8909.0,11279.0,62247.0,193049.0,Running Bales
Cotton,2025-12-18,ITALY,0.0,0.0,1341.0,8222.0,Running Bales
Cotton,2025-12-18,JAPAN,442.0,708.0,29284.0,33066.0,Running Bales
Cotton,2025-12-18,KOR REP,0.0,2035.0,39051.0,59635.0,Running Bales
Cotton,2025-12-18,MALAYSA,264.0,6684.0,42740.0,152374.0,Running Bales
Cotton,2025-12-18,MEXICO,1845.0,10829.0,225560.0,311493.0,Running Bales
Cotton,2025-12-18,NICARAG,0.0,437.0,24864.0,38828.0,Running Bales
Cotton,2025-12-18,PAKISTN,29514.0,15741.0,257872.0,415424.0,Running Bales
Cotton,2025-12-18,PERU,562.0,4640.0,55021.0,47985.0,Running Bales
Cotton,2025-12-18,PORTUGL,0.0,880.0,880.0,5192.0,Running Bales
Cotton,2025-12-18,SALVADR,1056.0,1682.0,52746.0,136245.0,Running Bales
Cotton,2025-12-18,TAIWAN,2572.0,1871.0,17348.0,8059.0,Running Bales
Cotton,2025-12-18,THAILND,1682.0,440.0,45030.0,49321.0,Running Bales
Cotton,2025-12-18,TURKEY,7886.0,14458.0,180955.0,384317.0,Running Bales
Cotton,2025-12-18,UNKNOWN,0.0,0.0,0.0,0.0,Running Bales
Cotton,2025-12-18,VENEZ,0.0,0.0,2008.0,4410.0,Running Bales
Cotton,2025-12-18,VIETNAM,89673.0,40373.0,862991.0,1134378.0,Running Bales
Cotton,2025-12-25,BANGLADH,3038.0,4841.0,199226.0,182671.0,Running Bales
Cotton,2025-12-25,BELGIUM,0.0,0.0,264.0,0.0,Running Bales
Cotton,2025-12-25,C RICA,9812.0,0.0,25773.0,14314.0,Running Bales
Cotton,2025-12-25,CHINA,10429.0,6964.0,102936.0,178611.0,Running Bales
Cotton,2025-12-25,COLOMB,0.0,526.0,1846.0,2737.0,Running Bales
Cotton,2025-12-25,DJIBOUTI,0.0,0.0,1166.0,0.0,Running Bales
Cotton,2025-12-25,ECUADOR,0.0,623.0,11777.0,8406.0,Running Bales
Cotton,2025-12-25,EGYPT,0.0,2171.0,5680.0,5749.0,Running Bales
Cotton,2025-12-25,GERMANY,0.0,0.0,0.0,2019.0,Running Bales
Cotton,2025-12-25,GUATMAL,23.0,1957.0,68286.0,121848.0,Running Bales
Cotton,2025-12-25,HONDURA,0.0,696.0,94893.0,173702.0,Running Bales
Cotton,2025-12-25,INDIA,0.0,527.0,298105.0,6947.0,Running Bales
Cotton,2025-12-25,INDNSIA,9074.0,10471.0,72718.0,191652.0,Running Bales
Cotton,2025-12-25,ITALY,12.0,892.0,2233.0,7342.0,Running Bales
Cotton,2025-12-25,JAPAN,1940.0,1865.0,31149.0,33141.0,Running Bales
Cotton,2025-12-25,KOR REP,-968.0,0.0,39051.0,58667.0,Running Bales
Cotton,2025-12-25,MALAYSA,2200.0,7744.0,50484.0,146830.0,Running Bales
Cotton,2025-12-25,MEXICO,-2989.0,4572.0,230132.0,303932.0,Running Bales
Cotton,2025-12-25,NICARAG,0.0,620.0,25484.0,38208.0,Running Bales
Cotton,2025-12-25,PAKISTN,14734.0,11526.0,269398.0,418632.0,Running Bales
Cotton,2025-12-25,PERU,3114.0,4611.0,59632.0,46488.0,Running Bales
Cotton,2025-12-25,PORTUGL,0.0,0.0,880.0,5192.0,Running Bales
Cotton,2025-12-25,SALVADR,0.0,2806.0,55552.0,133439.0,Running Bales
Cotton,2025-12-25,TAIWAN,1058.0,2138.0,19486.0,6979.0,Running Bales
Cotton,2025-12-25,THAILND,0.0,616.0,45646.0,48705.0,Running Bales
Cotton,2025-12-25,TURKEY,10293.0,17158.0,198113.0,377452.0,Running Bales
Cotton,2025-12-25,UNKNOWN,0.0,0.0,0.0,0.0,Running Bales
Cotton,2025-12-25,VENEZ,0.0,1335.0,3343.0,3075.0,Running Bales
Cotton,2025-12-25,VIETNAM,72226.0,56064.0,919055.0,1150540.0,Running Bales
Cotton,2026-01-01,BANGLADH,139.0,5488.0,204714.0,177322.0,Running Bales
Cotton,2026-01-01,BELGIUM,0.0,0.0,264.0,0.0,Running Bales
Cotton,2026-01-01,C RICA,0.0,264.0,26037.0,14050.0,Running Bales
Cotton,2026-01-01,CHINA,12449.0,19666.0,122602.0,171394.0,Running Bales
Cotton,2026-01-01,COLOMB,0.0,0.0,1846.0,2737.0,Running Bales
Cotton,2026-01-01,DJIBOUTI,0.0,0.0,1166.0,0.0,Running Bales
Cotton,2026-01-01,ECUADOR,6.0,1021.0,12798.0,7391.0,Running Bales
Cotton,2026-01-01,EGYPT,-47.0,88.0,5768.0,5614.0,Running Bales
Cotton,2026-01-01,GERMANY,0.0,0.0,0.0,2019.0,Running Bales
Cotton,2026-01-01,GUATMAL,178.0,1406.0,69692.0,120620.0,Running Bales
Cotton,2026-01-01,HONDURA,-37.0,4830.0,99723.0,168835.0,Running Bales
Cotton,2026-01-01,INDIA,2022.0,0.0,298105.0,8969.0,Running Bales
Cotton,2026-01-01,INDNSIA,2011.0,12406.0,85124.0,181257.0,Running Bales
Cotton,2026-01-01,ITALY,0.0,788.0,3021.0,6554.0,Running Bales
Cotton,2026-01-01,JAPAN,552.0,1495.0,32644.0,32198.0,Running Bales
Cotton,2026-01-01,KOR REP,-169.0,1760.0,40811.0,56738.0,Running Bales
Cotton,2026-01-01,MALAYSA,0.0,7657.0,58141.0,139173.0,Running Bales
Cotton,2026-01-01,MEXICO,12976.0,716.0,230848.0,316192.0,Running Bales
Cotton,2026-01-01,NICARAG,0.0,0.0,25484.0,38208.0,Running Bales
Cotton,2026-01-01,PAKISTN,14447.0,28839.0,298237.0,404240.0,Running Bales
Cotton,2026-01-01,PERU,616.0,1339.0,60971.0,45765.0,Running Bales
Cotton,2026-01-01,PORTUGL,0.0,792.0,1672.0,4400.0,Running Bales
Cotton,2026-01-01,SALVADR,0.0,1754.0,57306.0,131685.0,Running Bales
Cotton,2026-01-01,TAIWAN,1061.0,440.0,19926.0,7600.0,Running Bales
Cotton,2026-01-01,THAILND,436.0,1146.0,46792.0,47995.0,Running Bales
Cotton,2026-01-01,TURKEY,12671.0,14388.0,212501.0,375735.0,Running Bales
Cotton,2026-01-01,UNKNOWN,0.0,0.0,0.0,0.0,Running Bales
Cotton,2026-01-01,VENEZ,0.0,0.0,3343.0,3075.0,Running Bales
Cotton,2026-01-01,VIETNAM,38720.0,47753.0,966808.0,1141507.0,Running Bales
Cotton,2026-01-08,BANGLADH,14521.0,5338.0,210052.0,186505.0,Running Bales
Cotton,2026-01-08,BELGIUM,0.0,0.0,264.0,0.0,Running Bales
Cotton,2026-01-08,C RICA,14287.0,0.0,26037.0,28337.0,Running Bales
Cotton,2026-01-08,CHINA,57241.0,18159.0,140761.0,210476.0,Running Bales
Cotton,2026-01-08,COLOMB,0.0,530.0,2376.0,2207.0,Running Bales
Cotton,2026-01-08,DJIBOUTI,0.0,0.0,1166.0,0.0,Running Bales
Cotton,2026-01-08,ECUADOR,176.0,264.0,13062.0,7303.0,Running Bales
Cotton,2026-01-08,EGYPT,0.0,1490.0,7258.0,4124.0,Running Bales
Cotton,2026-01-08,GERMANY,0.0,0.0,0.0,2019.0,Running Bales
Cotton,2026-01-08,GUATMAL,0.0,2289.0,71981.0,118331.0,Running Bales
Cotton,2026-01-08,HONDURA,3960.0,4418.0,104141.0,168377.0,Running Bales
Cotton,2026-01-08,INDIA,10285.0,0.0,298105.0,19254.0,Running Bales
Cotton,2026-01-08,INDNSIA,25157.0,10195.0,95319.0,196219.0,Running Bales
Cotton,2026-01-08,ITALY,0.0,0.0,3021.0,6554.0,Running Bales
Cotton,2026-01-08,JAPAN,-88.0,878.0,33522.0,31232.0,Running Bales
Cotton,2026-01-08,KOR REP,3784.0,792.0,41603.0,59730.0,Running Bales
Cotton,2026-01-08,MALAYSA,0.0,880.0,59021.0,138293.0,Running Bales
Cotton,2026-01-08,MEXICO,0.0,4234.0,235082.0,311958.0,Running Bales
Cotton,2026-01-08,NICARAG,0.0,0.0,25484.0,38208.0,Running Bales
Cotton,2026-01-08,PAKISTN,48048.0,24910.0,323147.0,427378.0,Running Bales
Cotton,2026-01-08,PERU,4763.0,4869.0,65840.0,45659.0,Running Bales
Cotton,2026-01-08,PORTUGL,1320.0,0.0,1672.0,5720.0,Running Bales
Cotton,2026-01-08,SALVADR,4389.0,4848.0,62154.0,131226.0,Running Bales
Cotton,2026-01-08,TAIWAN,2024.0,622.0,20548.0,9002.0,Running Bales
Cotton,2026-01-08,THAILND,8890.0,789.0,47581.0,56096.0,Running Bales
Cotton,2026-01-08,TURKEY,13565.0,13498.0,225999.0,375802.0,Running Bales
Cotton,2026-01-08,UNKNOWN,0.0,0.0,0.0,0.0,Running Bales
Cotton,2026-01-08,VENEZ,0.0,886.0,4229.0,2189.0,Running Bales
Cotton,2026-01-08,VIETNAM,127402.0,56215.0,1023023.0,1212694.0,Running Bales
Cotton,2026-01-15,BANGLADH,38573.0,14053.0,224105.0,211025.0,Running Bales
Cotton,2026-01-15,BELGIUM,0.0,0.0,264.0,0.0,Running Bales
Cotton,2026-01-15,C RICA,0.0,0.0,26037.0,28337.0,Running Bales
Cotton,2026-01-15,CHINA,12137.0,4336.0,145097.0,218277.0,Running Bales
Cotton,2026-01-15,COLOMB,0.0,0.0,2376.0,2207.0,Running Bales
Cotton,2026-01-15,DJIBOUTI,0.0,0.0,1166.0,0.0,Running Bales
Cotton,2026-01-15,ECUADOR,0.0,0.0,13062.0,7303.0,Running Bales
Cotton,2026-01-15,EGYPT,0.0,0.0,7258.0,4124.0,Running Bales
Cotton,2026-01-15,GERMANY,0.0,0.0,0.0,2019.0,Running Bales
Cotton,2026-01-15,GUATMAL,1131.0,0.0,71981.0,119462.0,Running Bales
Cotton,2026-01-15,HONDURA,-4752.0,2107.0,106248.0,161518.0,Running Bales
Cotton,2026-01-15,INDIA,26141.0,0.0,298105.0,45395.0,Running Bales
Cotton,2026-01-15,INDNSIA,6247.0,16640.0,111959.0,185826.0,Running Bales
Cotton,2026-01-15,ITALY,440.0,0.0,3021.0,6994.0,Running Bales
Cotton,2026-01-15,JAPAN,440.0,1145.0,34667.0,30527.0,Running Bales
Cotton,2026-01-15,KOR REP,3520.0,4222.0,45825.0,59028.0,Running Bales
Cotton,2026-01-15,MALAYSA,26488.0,5632.0,64653.0,159149.0,Running Bales
Cotton,2026-01-15,MEXICO,4400.0,9991.0,245073.0,306367.0,Running Bales
Cotton,2026-01-15,NICARAG,3351.0,0.0,25484.0,41559.0,Running Bales
Cotton,2026-01-15,PAKISTN,31796.0,45927.0,369074.0,413247.0,Running Bales
Cotton,2026-01-15,PERU,-9.0,697.0,66537.0,44953.0,Running Bales
Cotton,2026-01-15,PORTUGL,0.0,0.0,1672.0,5720.0,Running Bales
Cotton,2026-01-15,SALVADR,32.0,1410.0,63564.0,129848.0,Running Bales
Cotton,2026-01-15,TAIWAN,3530.0,1846.0,22394.0,10686.0,Running Bales
Cotton,2026-01-15,THAILND,5658.0,4138.0,51719.0,57616.0,Running Bales
Cotton,2026-01-15,TURKEY,18578.0,13348.0,239347.0,381032.0,Running Bales
Cotton,2026-01-15,UNKNOWN,14080.0,0.0,0.0,14080.0,Running Bales
Cotton,2026-01-15,VENEZ,0.0,0.0,4229.0,2189.0,Running Bales
Cotton,2026-01-15,VIETNAM,220676.0,62284.0,1085307.0,1371086.0,Running Bales
Cotton,2026-01-22,BANGLADH,630.0,11404.0,235509.0,200251.0,Running Bales
Cotton,2026-01-22,BELGIUM,0.0,0.0,264.0,0.0,Running Bales
Cotton,2026-01-22,C RICA,-2.0,878.0,26915.0,27457.0,Running Bales
Cotton,2026-01-22,CHINA,38774.0,3633.0,148730.0,253418.0,Running Bales
Cotton,2026-01-22,COLOMB,88.0,0.0,2376.0,2295.0,Running Bales
Cotton,2026-01-22,DJIBOUTI,1350.0,0.0,1166.0,1350.0,Running Bales
Cotton,2026-01-22,ECUADOR,440.0,352.0,13414.0,7391.0,Running Bales
Cotton,2026-01-22,EGYPT,0.0,968.0,8226.0,3156.0,Running Bales
Cotton,2026-01-22,GERMANY,0.0,798.0,798.0,1221.0,Running Bales
Cotton,2026-01-22,GUATMAL,18386.0,8330.0,80311.0,129518.0,Running Bales
Cotton,2026-01-22,HONDURA,-5037.0,4663.0,110911.0,151818.0,Running Bales
Cotton,2026-01-22,INDIA,3153.0,711.0,298816.0,47837.0,Running Bales
Cotton,2026-01-22,INDNSIA,7460.0,12703.0,124662.0,180583.0,Running Bales
Cotton,2026-01-22,ITALY,0.0,880.0,3901.0,6114.0,Running Bales
Cotton,2026-01-22,JAPAN,1315.0,3069.0,37736.0,28773.0,Running Bales
Cotton,2026-01-22,KOR REP,-793.0,1115.0,46940.0,57120.0,Running Bales
Cotton,2026-01-22,MALAYSA,0.0,8181.0,72834.0,150968.0,Running Bales
Cotton,2026-01-22,MEXICO,88.0,13698.0,258771.0,292757.0,Running Bales
Cotton,2026-01-22,NICARAG,2205.0,2258.0,27742.0,41506.0,Running Bales
Cotton,2026-01-22,PAKISTN,52044.0,18332.0,387406.0,446959.0,Running Bales
Cotton,2026-01-22,PERU,7483.0,1609.0,68146.0,50827.0,Running Bales
Cotton,2026-01-22,PORTUGL,528.0,1320.0,2992.0,4928.0,Running Bales
Cotton,2026-01-22,SALVADR,4752.0,5892.0,69456.0,128708.0,Running Bales
Cotton,2026-01-22,SWITZLD,616.0,616.0,616.0,0.0,Running Bales
Cotton,2026-01-22,TAIWAN,1329.0,1148.0,23542.0,10867.0,Running Bales
Cotton,2026-01-22,THAILND,2623.0,2459.0,54178.0,57780.0,Running Bales
Cotton,2026-01-22,TURKEY,9158.0,37579.0,276926.0,352611.0,Running Bales
Cotton,2026-01-22,UNKNOWN,11440.0,0.0,0.0,25520.0,Running Bales
Cotton,2026-01-22,VENEZ,0.0,0.0,4229.0,2189.0,Running Bales
Cotton,2026-01-22,VIETNAM,45636.0,114440.0,1199747.0,1302282.0,Running Bales
Cotton,2026-01-29,BANGLADH,31772.0,19519.0,255028.0,212504.0,Running Bales
Cotton,2026-01-29,BELGIUM,0.0,0.0,264.0,0.0,Running Bales
Cotton,2026-01-29,C RICA,0.0,0.0,26915.0,27457.0,Running Bales
Cotton,2026-01-29,CHINA,36627.0,15955.0,164685.0,274090.0,Running Bales
Cotton,2026-01-29,COLOMB,0.0,0.0,2376.0,2295.0,Running Bales
Cotton,2026-01-29,DJIBOUTI,0.0,0.0,1166.0,1350.0,Running Bales
Cotton,2026-01-29,ECUADOR,0.0,533.0,13947.0,6858.0,Running Bales
Cotton,2026-01-29,EGYPT,0.0,0.0,8226.0,3156.0,Running Bales
Cotton,2026-01-29,GERMANY,0.0,0.0,798.0,1221.0,Running Bales
Cotton,2026-01-29,GUATMAL,2843.0,5023.0,85334.0,127338.0,Running Bales
Cotton,2026-01-29,HONDURA,2200.0,5288.0,116199.0,148730.0,Running Bales
Cotton,2026-01-29,INDIA,14445.0,0.0,298816.0,62282.0,Running Bales
Cotton,2026-01-29,INDNSIA,10947.0,8096.0,132758.0,183434.0,Running Bales
Cotton,2026-01-29,ITALY,0.0,704.0,4605.0,5410.0,Running Bales
Cotton,2026-01-29,JAPAN,2026.0,798.0,38534.0,30001.0,Running Bales
Cotton,2026-01-29,KOR REP,-1144.0,4827.0,51767.0,51149.0,Running Bales
Cotton,2026-01-29,MALAYSA,0.0,5983.0,78817.0,144985.0,Running Bales
Cotton,2026-01-29,MEXICO,4488.0,14841.0,273612.0,282404.0,Running Bales
Cotton,2026-01-29,NICARAG,6438.0,3101.0,30843.0,44843.0,Running Bales
Cotton,2026-01-29,PAKISTN,48095.0,29147.0,416553.0,465907.0,Running Bales
Cotton,2026-01-29,PERU,888.0,10503.0,78649.0,41212.0,Running Bales
Cotton,2026-01-29,PORTUGL,0.0,0.0,2992.0,4928.0,Running Bales
Cotton,2026-01-29,SALVADR,0.0,3694.0,73150.0,125014.0,Running Bales
Cotton,2026-01-29,SWITZLD,0.0,0.0,616.0,0.0,Running Bales
Cotton,2026-01-29,TAIWAN,1170.0,1686.0,25228.0,10351.0,Running Bales
Cotton,2026-01-29,THAILND,2123.0,3691.0,57869.0,56212.0,Running Bales
Cotton,2026-01-29,TURKEY,32792.0,17609.0,294535.0,367794.0,Running Bales
Cotton,2026-01-29,UNKNOWN,0.0,0.0,0.0,25520.0,Running Bales
Cotton,2026-01-29,VENEZ,176.0,0.0,4229.0,2365.0,Running Bales
Cotton,2026-01-29,VIETNAM,53950.0,84315.0,1284062.0,1271917.0,Running Bales
Cotton,2026-02-05,BANGLADH,20649.0,20702.0,275730.0,212451.0,Running Bales
Cotton,2026-02-05,BELGIUM,0.0,0.0,264.0,0.0,Running Bales
Cotton,2026-02-05,C RICA,-1.0,2037.0,28952.0,25419.0,Running Bales
Cotton,2026-02-05,CHINA,-53147.0,6956.0,171641.0,213987.0,Running Bales
Cotton,2026-02-05,COLOMB,0.0,1243.0,3619.0,1052.0,Running Bales
Cotton,2026-02-05,DJIBOUTI,0.0,0.0,1166.0,1350.0,Running Bales
Cotton,2026-02-05,ECUADOR,7408.0,0.0,13947.0,14266.0,Running Bales
Cotton,2026-02-05,EGYPT,0.0,1575.0,9801.0,1581.0,Running Bales
Cotton,2026-02-05,GERMANY,0.0,539.0,1337.0,682.0,Running Bales
Cotton,2026-02-05,GUATMAL,504.0,6774.0,92108.0,121068.0,Running Bales
Cotton,2026-02-05,HONDURA,10628.0,4157.0,120356.0,155201.0,Running Bales
Cotton,2026-02-05,INDIA,3337.0,1156.0,299972.0,64463.0,Running Bales
Cotton,2026-02-05,INDNSIA,15167.0,3808.0,136566.0,194793.0,Running Bales
Cotton,2026-02-05,ITALY,806.0,0.0,4605.0,6216.0,Running Bales
Cotton,2026-02-05,JAPAN,2654.0,1143.0,39677.0,31512.0,Running Bales
Cotton,2026-02-05,KOR REP,5407.0,230.0,51997.0,56326.0,Running Bales
Cotton,2026-02-05,MALAYSA,27079.0,5016.0,83833.0,167048.0,Running Bales
Cotton,2026-02-05,MEXICO,13163.0,2847.0,276459.0,292720.0,Running Bales
Cotton,2026-02-05,NICARAG,0.0,0.0,30843.0,44843.0,Running Bales
Cotton,2026-02-05,PAKISTN,27582.0,32865.0,449418.0,460624.0,Running Bales
Cotton,2026-02-05,PERU,6067.0,4201.0,82850.0,43078.0,Running Bales
Cotton,2026-02-05,PORTUGL,0.0,0.0,2992.0,4928.0,Running Bales
Cotton,2026-02-05,SALVADR,511.0,2751.0,75901.0,122774.0,Running Bales
Cotton,2026-02-05,SWITZLD,0.0,0.0,616.0,0.0,Running Bales
Cotton,2026-02-05,TAIWAN,778.0,447.0,25675.0,10682.0,Running Bales
Cotton,2026-02-05,THAILND,1198.0,1668.0,59537.0,55742.0,Running Bales
Cotton,2026-02-05,TURKEY,45794.0,18820.0,313355.0,394768.0,Running Bales
Cotton,2026-02-05,UNKNOWN,0.0,0.0,0.0,25520.0,Running Bales
Cotton,2026-02-05,VENEZ,0.0,0.0,4229.0,2365.0,Running Bales
Cotton,2026-02-05,VIETNAM,95447.0,69662.0,1353724.0,1297702.0,Running Bales
Cotton,2026-02-12,BANGLADH,126373.0,10715.0,286445.0,328109.0,Running Bales
Cotton,2026-02-12,BELGIUM,0.0,0.0,264.0,0.0,Running Bales
Cotton,2026-02-12,C RICA,0.0,0.0,28952.0,25419.0,Running Bales
Cotton,2026-02-12,CHINA,17740.0,4419.0,176060.0,227308.0,Running Bales
Cotton,2026-02-12,COLOMB,0.0,0.0,3619.0,1052.0,Running Bales
Cotton,2026-02-12,DJIBOUTI,0.0,0.0,1166.0,1350.0,Running Bales
Cotton,2026-02-12,ECUADOR,704.0,1132.0,15079.0,13838.0,Running Bales
Cotton,2026-02-12,EGYPT,1936.0,88.0,9889.0,3429.0,Running Bales
Cotton,2026-02-12,GERMANY,13.0,440.0,1777.0,255.0,Running Bales
Cotton,2026-02-12,GUATMAL,12069.0,6169.0,98277.0,126968.0,Running Bales
Cotton,2026-02-12,HONDURA,0.0,5658.0,126014.0,149543.0,Running Bales
Cotton,2026-02-12,INDIA,45300.0,175.0,300147.0,109588.0,Running Bales
Cotton,2026-02-12,INDNSIA,16330.0,3037.0,139603.0,208086.0,Running Bales
Cotton,2026-02-12,ITALY,0.0,450.0,5055.0,5766.0,Running Bales
Cotton,2026-02-12,JAPAN,715.0,614.0,40291.0,31613.0,Running Bales
Cotton,2026-02-12,KOR REP,2633.0,176.0,52173.0,58783.0,Running Bales
Cotton,2026-02-12,MALAYSA,970.0,11516.0,95349.0,156502.0,Running Bales
Cotton,2026-02-12,MEXICO,8011.0,10991.0,287450.0,289740.0,Running Bales
Cotton,2026-02-12,NICARAG,12144.0,2232.0,33075.0,54755.0,Running Bales
Cotton,2026-02-12,PAKISTN,49987.0,19975.0,469393.0,490636.0,Running Bales
Cotton,2026-02-12,PERU,357.0,3549.0,86399.0,39886.0,Running Bales
Cotton,2026-02-12,PORTUGL,0.0,0.0,2992.0,4928.0,Running Bales
Cotton,2026-02-12,SALVADR,-6.0,1050.0,76951.0,121718.0,Running Bales
Cotton,2026-02-12,SWITZLD,0.0,0.0,616.0,0.0,Running Bales
Cotton,2026-02-12,TAIWAN,2136.0,1676.0,27351.0,11142.0,Running Bales
Cotton,2026-02-12,THAILND,1824.0,352.0,59889.0,57214.0,Running Bales
Cotton,2026-02-12,TURKEY,27053.0,36744.0,350099.0,385077.0,Running Bales
Cotton,2026-02-12,UNKNOWN,-4944.0,0.0,0.0,20576.0,Running Bales
Cotton,2026-02-12,VENEZ,88.0,0.0,4229.0,2453.0,Running Bales
Cotton,2026-02-12,VIETNAM,144820.0,51457.0,1405181.0,1391065.0,Running Bales
Cotton,2026-02-19,BANGLADH,70693.0,16421.0,302866.0,382381.0,Running Bales
Cotton,2026-02-19,BELGIUM,0.0,0.0,264.0,0.0,Running Bales
Cotton,2026-02-19,C RICA,0.0,360.0,29312.0,25059.0,Running Bales
Cotton,2026-02-19,CHINA,1738.0,7044.0,183104.0,222002.0,Running Bales
Cotton,2026-02-19,COLOMB,0.0,988.0,4607.0,64.0,Running Bales
Cotton,2026-02-19,DJIBOUTI,0.0,0.0,1166.0,1350.0,Running Bales
Cotton,2026-02-19,ECUADOR,0.0,262.0,15341.0,13576.0,Running Bales
Cotton,2026-02-19,EGYPT,0.0,0.0,9889.0,3429.0,Running Bales
Cotton,2026-02-19,GERMANY,0.0,0.0,1777.0,255.0,Running Bales
Cotton,2026-02-19,GUATMAL,1269.0,3185.0,101462.0,125052.0,Running Bales
Cotton,2026-02-19,HONDURA,5192.0,8817.0,134831.0,145918.0,Running Bales
Cotton,2026-02-19,INDIA,59675.0,0.0,300147.0,169263.0,Running Bales
Cotton,2026-02-19,INDNSIA,9338.0,14641.0,154244.0,202783.0,Running Bales
Cotton,2026-02-19,ITALY,0.0,0.0,5055.0,5766.0,Running Bales
Cotton,2026-02-19,JAPAN,1320.0,260.0,40551.0,32673.0,Running Bales
Cotton,2026-02-19,KOR REP,0.0,1848.0,54021.0,56935.0,Running Bales
Cotton,2026-02-19,MALAYSA,0.0,5189.0,100538.0,151313.0,Running Bales
Cotton,2026-02-19,MEXICO,88.0,9404.0,296854.0,280424.0,Running Bales
Cotton,2026-02-19,NICARAG,0.0,1654.0,34729.0,53101.0,Running Bales
Cotton,2026-02-19,PAKISTN,57382.0,21316.0,490709.0,526702.0,Running Bales
Cotton,2026-02-19,PERU,0.0,1960.0,88359.0,37926.0,Running Bales
Cotton,2026-02-19,PORTUGL,0.0,0.0,2992.0,4928.0,Running Bales
Cotton,2026-02-19,SALVADR,0.0,4767.0,81718.0,116951.0,Running Bales
Cotton,2026-02-19,SWITZLD,0.0,0.0,616.0,0.0,Running Bales
Cotton,2026-02-19,TAIWAN,889.0,962.0,28313.0,11069.0,Running Bales
Cotton,2026-02-19,THAILND,5754.0,1847.0,61736.0,61121.0,Running Bales
Cotton,2026-02-19,TURKEY,31312.0,17284.0,367383.0,399105.0,Running Bales
Cotton,2026-02-19,UNKNOWN,0.0,0.0,0.0,20576.0,Running Bales
Cotton,2026-02-19,VENEZ,0.0,629.0,4858.0,1824.0,Running Bales
Cotton,2026-02-19,VIETNAM,8579.0,74167.0,1479348.0,1325477.0,Running Bales
Cotton,2026-02-26,BANGLADH,7287.0,18883.0,321749.0,370785.0,Running Bales
Cotton,2026-02-26,BELGIUM,0.0,0.0,264.0,0.0,Running Bales
Cotton,2026-02-26,C RICA,0.0,2030.0,31342.0,23029.0,Running Bales
Cotton,2026-02-26,CHINA,7953.0,30295.0,213399.0,199660.0,Running Bales
Cotton,2026-02-26,COLOMB,0.0,0.0,4607.0,64.0,Running Bales
Cotton,2026-02-26,DJIBOUTI,0.0,0.0,1166.0,1350.0,Running Bales
Cotton,2026-02-26,ECUADOR,529.0,0.0,15341.0,14105.0,Running Bales
Cotton,2026-02-26,EGYPT,0.0,0.0,9889.0,3429.0,Running Bales
Cotton,2026-02-26,GERMANY,0.0,0.0,1777.0,255.0,Running Bales
Cotton,2026-02-26,GUATMAL,3364.0,4841.0,106303.0,123575.0,Running Bales
Cotton,2026-02-26,HONDURA,0.0,5285.0,140116.0,140633.0,Running Bales
Cotton,2026-02-26,INDIA,13909.0,2210.0,302357.0,180962.0,Running Bales
Cotton,2026-02-26,INDNSIA,12364.0,20252.0,174496.0,194895.0,Running Bales
Cotton,2026-02-26,ITALY,0.0,0.0,5055.0,5766.0,Running Bales
Cotton,2026-02-26,JAPAN,266.0,797.0,41348.0,32142.0,Running Bales
Cotton,2026-02-26,KOR REP,-1936.0,0.0,54021.0,54999.0,Running Bales
Cotton,2026-02-26,MALAYSA,4475.0,10116.0,110654.0,145672.0,Running Bales
Cotton,2026-02-26,MEXICO,14384.0,9393.0,306247.0,285415.0,Running Bales
Cotton,2026-02-26,NICARAG,0.0,3196.0,37925.0,49905.0,Running Bales
Cotton,2026-02-26,PAKISTN,27885.0,39763.0,530472.0,514824.0,Running Bales
Cotton,2026-02-26,PERU,0.0,3055.0,91414.0,34871.0,Running Bales
Cotton,2026-02-26,PORTUGL,0.0,880.0,3872.0,4048.0,Running Bales
Cotton,2026-02-26,SALVADR,0.0,176.0,81894.0,116775.0,Running Bales
Cotton,2026-02-26,SWITZLD,440.0,0.0,616.0,440.0,Running Bales
Cotton,2026-02-26,TAIWAN,2732.0,801.0,29114.0,13000.0,Running Bales
Cotton,2026-02-26,THAILND,4400.0,4051.0,65787.0,61470.0,Running Bales
Cotton,2026-02-26,TURKEY,8595.0,31522.0,398905.0,376178.0,Running Bales
Cotton,2026-02-26,UNKNOWN,-7040.0,0.0,0.0,13536.0,Running Bales
Cotton,2026-02-26,VENEZ,0.0,0.0,4858.0,1824.0,Running Bales
Cotton,2026-02-26,VIETNAM,50755.0,94609.0,1573957.0,1281623.0,Running Bales
Cotton,2026-03-05,BANGLADH,28247.0,17044.0,338793.0,381988.0,Running Bales
Cotton,2026-03-05,BELGIUM,0.0,0.0,264.0,0.0,Running Bales
Cotton,2026-03-05,C RICA,0.0,269.0,31611.0,22760.0,Running Bales
Cotton,2026-03-05,CHINA,13942.0,15096.0,228495.0,198506.0,Running Bales
Cotton,2026-03-05,COLOMB,0.0,0.0,4607.0,64.0,Running Bales
Cotton,2026-03-05,DJIBOUTI,0.0,1350.0,2516.0,0.0,Running Bales
Cotton,2026-03-05,ECUADOR,0.0,2833.0,18174.0,11272.0,Running Bales
Cotton,2026-03-05,EGYPT,-1936.0,0.0,9889.0,1493.0,Running Bales
Cotton,2026-03-05,GERMANY,0.0,0.0,1777.0,255.0,Running Bales
Cotton,2026-03-05,GUATMAL,102.0,3268.0,109571.0,120409.0,Running Bales
Cotton,2026-03-05,HG KONG,8766.0,0.0,0.0,8766.0,Running Bales
Cotton,2026-03-05,HONDURA,174.0,6114.0,146230.0,134693.0,Running Bales
Cotton,2026-03-05,INDIA,17104.0,4233.0,306590.0,193833.0,Running Bales
Cotton,2026-03-05,INDNSIA,14579.0,20207.0,194703.0,189267.0,Running Bales
Cotton,2026-03-05,ITALY,0.0,0.0,5055.0,5766.0,Running Bales
Cotton,2026-03-05,JAPAN,269.0,884.0,42232.0,31527.0,Running Bales
Cotton,2026-03-05,KOR REP,258.0,3868.0,57889.0,51389.0,Running Bales
Cotton,2026-03-05,MALAYSA,7832.0,8363.0,119017.0,145141.0,Running Bales
Cotton,2026-03-05,MEXICO,1144.0,29761.0,336008.0,256798.0,Running Bales
Cotton,2026-03-05,NICARAG,-174.0,7834.0,45759.0,41897.0,Running Bales
Cotton,2026-03-05,PAKISTN,22243.0,47044.0,577516.0,490023.0,Running Bales
Cotton,2026-03-05,PERU,2116.0,2333.0,93747.0,34654.0,Running Bales
Cotton,2026-03-05,PORTUGL,0.0,880.0,4752.0,3168.0,Running Bales
Cotton,2026-03-05,SALVADR,0.0,6945.0,88839.0,109830.0,Running Bales
Cotton,2026-03-05,SWITZLD,0.0,0.0,616.0,440.0,Running Bales
Cotton,2026-03-05,TAIWAN,1326.0,3207.0,32321.0,11119.0,Running Bales
Cotton,2026-03-05,THAILND,7037.0,4615.0,70402.0,63892.0,Running Bales
Cotton,2026-03-05,TURKEY,13673.0,35471.0,434376.0,354380.0,Running Bales
Cotton,2026-03-05,UNKNOWN,0.0,0.0,0.0,13536.0,Running Bales
Cotton,2026-03-05,VENEZ,176.0,0.0,4858.0,2000.0,Running Bales
Cotton,2026-03-05,VIETNAM,116299.0,148512.0,1722469.0,1249410.0,Running Bales
Cotton,2026-03-12,BANGLADH,2309.0,11837.0,350630.0,372460.0,Running Bales
Cotton,2026-03-12,BELGIUM,0.0,0.0,264.0,0.0,Running Bales
Cotton,2026-03-12,C RICA,11457.0,360.0,31971.0,33857.0,Running Bales
Cotton,2026-03-12,CHINA,9970.0,18514.0,247009.0,189962.0,Running Bales
Cotton,2026-03-12,COLOMB,25.0,89.0,4696.0,0.0,Running Bales
Cotton,2026-03-12,DJIBOUTI,0.0,0.0,2516.0,0.0,Running Bales
Cotton,2026-03-12,ECUADOR,9318.0,0.0,18174.0,20590.0,Running Bales
Cotton,2026-03-12,EGYPT,5280.0,1317.0,11206.0,5456.0,Running Bales
Cotton,2026-03-12,GERMANY,0.0,0.0,1777.0,255.0,Running Bales
Cotton,2026-03-12,GUATMAL,17.0,5401.0,114972.0,115025.0,Running Bales
Cotton,2026-03-12,HG KONG,0.0,0.0,0.0,8766.0,Running Bales
Cotton,2026-03-12,HONDURA,9231.0,12138.0,158368.0,131786.0,Running Bales
Cotton,2026-03-12,INDIA,12673.0,3088.0,309678.0,203418.0,Running Bales
Cotton,2026-03-12,INDNSIA,11112.0,15777.0,210480.0,184602.0,Running Bales
Cotton,2026-03-12,ITALY,10.0,1602.0,6657.0,4174.0,Running Bales
Cotton,2026-03-12,JAPAN,0.0,3536.0,45768.0,27991.0,Running Bales
Cotton,2026-03-12,KOR REP,-6160.0,2728.0,60617.0,42501.0,Running Bales
Cotton,2026-03-12,MALAYSA,9488.0,11783.0,130800.0,142846.0,Running Bales
Cotton,2026-03-12,MEXICO,0.0,17655.0,353663.0,239143.0,Running Bales
Cotton,2026-03-12,NICARAG,-519.0,4394.0,50153.0,36984.0,Running Bales
Cotton,2026-03-12,PAKISTN,-1458.0,36447.0,613963.0,452118.0,Running Bales
Cotton,2026-03-12,PERU,2655.0,1522.0,95269.0,35787.0,Running Bales
Cotton,2026-03-12,PORTUGL,1764.0,0.0,4752.0,4932.0,Running Bales
Cotton,2026-03-12,SALVADR,10032.0,3586.0,92425.0,116276.0,Running Bales
Cotton,2026-03-12,SWITZLD,0.0,0.0,616.0,440.0,Running Bales
Cotton,2026-03-12,TAIWAN,2227.0,1221.0,33542.0,12125.0,Running Bales
Cotton,2026-03-12,THAILND,3736.0,4087.0,74489.0,63541.0,Running Bales
Cotton,2026-03-12,TURKEY,27842.0,23181.0,457557.0,359041.0,Running Bales
Cotton,2026-03-12,UNKNOWN,0.0,0.0,0.0,13536.0,Running Bales
Cotton,2026-03-12,VENEZ,0.0,0.0,4858.0,2000.0,Running Bales
Cotton,2026-03-12,VIETNAM,75682.0,93663.0,1816132.0,1231429.0,Running Bales
Cotton,2026-03-19,BANGLADH,10776.0,40285.0,390915.0,342951.0,Running Bales
Cotton,2026-03-19,BELGIUM,0.0,0.0,264.0,0.0,Running Bales
Cotton,2026-03-19,C RICA,0.0,2204.0,34175.0,31653.0,Running Bales
Cotton,2026-03-19,CHINA,11247.0,15641.0,262650.0,185568.0,Running Bales
Cotton,2026-03-19,COLOMB,0.0,0.0,4696.0,0.0,Running Bales
Cotton,2026-03-19,DJIBOUTI,0.0,0.0,2516.0,0.0,Running Bales
Cotton,2026-03-19,ECUADOR,-9.0,4427.0,22601.0,16154.0,Running Bales
Cotton,2026-03-19,EGYPT,0.0,0.0,11206.0,5456.0,Running Bales
Cotton,2026-03-19,GERMANY,0.0,0.0,1777.0,255.0,Running Bales
Cotton,2026-03-19,GUATMAL,3422.0,6330.0,121302.0,112117.0,Running Bales
Cotton,2026-03-19,HG KONG,0.0,0.0,0.0,8766.0,Running Bales
Cotton,2026-03-19,HONDURA,-133.0,527.0,158895.0,131126.0,Running Bales
Cotton,2026-03-19,INDIA,10763.0,27371.0,337049.0,186810.0,Running Bales
Cotton,2026-03-19,INDNSIA,12393.0,17217.0,227697.0,179778.0,Running Bales
Cotton,2026-03-19,ITALY,90.0,618.0,7275.0,3646.0,Running Bales
Cotton,2026-03-19,JAPAN,441.0,2017.0,47785.0,26415.0,Running Bales
Cotton,2026-03-19,KOR REP,5704.0,0.0,60617.0,48205.0,Running Bales
Cotton,2026-03-19,MALAYSA,808.0,5911.0,136711.0,137743.0,Running Bales
Cotton,2026-03-19,MEXICO,42.0,10440.0,364103.0,228745.0,Running Bales
Cotton,2026-03-19,NICARAG,127.0,1379.0,51532.0,35732.0,Running Bales
Cotton,2026-03-19,PAKISTN,24014.0,60462.0,674425.0,415670.0,Running Bales
Cotton,2026-03-19,PERU,2214.0,2681.0,97950.0,35320.0,Running Bales
Cotton,2026-03-19,PORTUGL,0.0,0.0,4752.0,4932.0,Running Bales
Cotton,2026-03-19,SALVADR,-2599.0,3257.0,95682.0,110420.0,Running Bales
Cotton,2026-03-19,SWITZLD,3723.0,0.0,616.0,4163.0,Running Bales
Cotton,2026-03-19,TAIWAN,0.0,2154.0,35696.0,9971.0,Running Bales
Cotton,2026-03-19,THAILND,10552.0,6943.0,81432.0,67150.0,Running Bales
Cotton,2026-03-19,TURKEY,17449.0,26626.0,484183.0,349864.0,Running Bales
Cotton,2026-03-19,UNKNOWN,0.0,0.0,0.0,13536.0,Running Bales
Cotton,2026-03-19,VENEZ,0.0,0.0,4858.0,2000.0,Running Bales
Cotton,2026-03-19,VIETNAM,91420.0,164062.0,1980194.0,1158787.0,Running Bales
Cotton,2026-03-26,BANGLADH,9217.0,36055.0,426970.0,316113.0,Running Bales
Cotton,2026-03-26,BELGIUM,0.0,0.0,264.0,0.0,Running Bales
Cotton,2026-03-26,C RICA,0.0,1946.0,36121.0,29707.0,Running Bales
Cotton,2026-03-26,CHINA,54994.0,27534.0,290184.0,213028.0,Running Bales
Cotton,2026-03-26,COLOMB,0.0,0.0,4696.0,0.0,Running Bales
Cotton,2026-03-26,DJIBOUTI,0.0,0.0,2516.0,0.0,Running Bales
Cotton,2026-03-26,ECUADOR,2.0,868.0,23469.0,15288.0,Running Bales
Cotton,2026-03-26,EGYPT,0.0,0.0,11206.0,5456.0,Running Bales
Cotton,2026-03-26,GERMANY,0.0,0.0,1777.0,255.0,Running Bales
Cotton,2026-03-26,GUATMAL,3387.0,8965.0,130267.0,106539.0,Running Bales
Cotton,2026-03-26,HG KONG,0.0,0.0,0.0,8766.0,Running Bales
Cotton,2026-03-26,HONDURA,-318.0,6779.0,165674.0,124029.0,Running Bales
Cotton,2026-03-26,INDIA,7759.0,28608.0,365657.0,165961.0,Running Bales
Cotton,2026-03-26,INDNSIA,-1497.0,18690.0,246387.0,159591.0,Running Bales
Cotton,2026-03-26,ITALY,0.0,264.0,7539.0,3382.0,Running Bales
Cotton,2026-03-26,JAPAN,5113.0,2295.0,50080.0,29233.0,Running Bales
Cotton,2026-03-26,KOR REP,264.0,3424.0,64041.0,45045.0,Running Bales
Cotton,2026-03-26,MALAYSA,0.0,15302.0,152013.0,122441.0,Running Bales
Cotton,2026-03-26,MEXICO,4072.0,11666.0,375769.0,221151.0,Running Bales
Cotton,2026-03-26,NICARAG,335.0,4669.0,56201.0,31398.0,Running Bales
Cotton,2026-03-26,PAKISTN,45584.0,38552.0,712977.0,422702.0,Running Bales
Cotton,2026-03-26,PERU,5601.0,7006.0,104956.0,33915.0,Running Bales
Cotton,2026-03-26,PORTUGL,0.0,0.0,4752.0,4932.0,Running Bales
Cotton,2026-03-26,S LANKA,440.0,0.0,0.0,440.0,Running Bales
Cotton,2026-03-26,SALVADR,1126.0,1668.0,97350.0,109878.0,Running Bales
Cotton,2026-03-26,SWITZLD,0.0,0.0,616.0,4163.0,Running Bales
Cotton,2026-03-26,TAIWAN,720.0,532.0,36228.0,10159.0,Running Bales
Cotton,2026-03-26,THAILND,4776.0,5373.0,86805.0,66553.0,Running Bales
Cotton,2026-03-26,TURKEY,59431.0,31965.0,516148.0,377330.0,Running Bales
Cotton,2026-03-26,UNKNOWN,0.0,0.0,0.0,13536.0,Running Bales
Cotton,2026-03-26,VENEZ,0.0,444.0,5302.0,1556.0,Running Bales
Cotton,2026-03-26,VIETNAM,170469.0,104058.0,2084252.0,1225198.0,Running Bales
Cotton,2026-04-02,BANGLADH,18652.0,32110.0,459080.0,302655.0,Running Bales
Cotton,2026-04-02,BELGIUM,0.0,0.0,264.0,0.0,Running Bales
Cotton,2026-04-02,C RICA,4404.0,538.0,36659.0,33573.0,Running Bales
Cotton,2026-04-02,CHINA,8928.0,39036.0,329220.0,182920.0,Running Bales
Cotton,2026-04-02,COLOMB,0.0,0.0,4696.0,0.0,Running Bales
Cotton,2026-04-02,DJIBOUTI,0.0,0.0,2516.0,0.0,Running Bales
Cotton,2026-04-02,ECUADOR,7.0,268.0,23737.0,15027.0,Running Bales
Cotton,2026-04-02,EGYPT,0.0,0.0,11206.0,5456.0,Running Bales
Cotton,2026-04-02,GERMANY,0.0,0.0,1777.0,255.0,Running Bales
Cotton,2026-04-02,GUATMAL,-3.0,2730.0,132997.0,103806.0,Running Bales
Cotton,2026-04-02,HG KONG,0.0,0.0,0.0,8766.0,Running Bales
Cotton,2026-04-02,HONDURA,1307.0,2725.0,168399.0,122611.0,Running Bales
Cotton,2026-04-02,INDIA,24181.0,37105.0,402762.0,153037.0,Running Bales
Cotton,2026-04-02,INDNSIA,17220.0,15598.0,261985.0,161213.0,Running Bales
Cotton,2026-04-02,ITALY,1080.0,704.0,8243.0,3758.0,Running Bales
Cotton,2026-04-02,JAPAN,4775.0,352.0,50432.0,33656.0,Running Bales
Cotton,2026-04-02,KOR REP,1640.0,0.0,64041.0,46685.0,Running Bales
Cotton,2026-04-02,MALAYSA,89.0,7212.0,159225.0,115318.0,Running Bales
Cotton,2026-04-02,MEXICO,1232.0,12908.0,388677.0,209475.0,Running Bales
Cotton,2026-04-02,NICARAG,-1318.0,176.0,56377.0,29904.0,Running Bales
Cotton,2026-04-02,PAKISTN,36037.0,32941.0,745918.0,425798.0,Running Bales
Cotton,2026-04-02,PERU,349.0,3487.0,108443.0,30777.0,Running Bales
Cotton,2026-04-02,PORTUGL,0.0,0.0,4752.0,4932.0,Running Bales
Cotton,2026-04-02,S LANKA,-353.0,0.0,0.0,87.0,Running Bales
Cotton,2026-04-02,SALVADR,0.0,885.0,98235.0,108993.0,Running Bales
Cotton,2026-04-02,SWITZLD,-3723.0,0.0,616.0,440.0,Running Bales
Cotton,2026-04-02,TAIWAN,0.0,0.0,36228.0,10159.0,Running Bales
Cotton,2026-04-02,THAILND,4710.0,3259.0,90064.0,68004.0,Running Bales
Cotton,2026-04-02,TURKEY,67829.0,24520.0,540668.0,420639.0,Running Bales
Cotton,2026-04-02,UNKNOWN,0.0,0.0,0.0,13536.0,Running Bales
Cotton,2026-04-02,VENEZ,30.0,0.0,5302.0,1586.0,Running Bales
Cotton,2026-04-02,VIETNAM,132507.0,126190.0,2210442.0,1231515.0,Running Bales
Cotton,2026-04-09,BANGLADH,14787.0,25043.0,484123.0,292399.0,Running Bales
Cotton,2026-04-09,BELGIUM,0.0,0.0,264.0,0.0,Running Bales
Cotton,2026-04-09,C RICA,-2.0,4030.0,40689.0,29541.0,Running Bales
Cotton,2026-04-09,CHINA,1841.0,17260.0,346480.0,167501.0,Running Bales
Cotton,2026-04-09,COLOMB,0.0,0.0,4696.0,0.0,Running Bales
Cotton,2026-04-09,DJIBOUTI,0.0,0.0,2516.0,0.0,Running Bales
Cotton,2026-04-09,ECUADOR,705.0,2448.0,26185.0,13284.0,Running Bales
Cotton,2026-04-09,EGYPT,0.0,0.0,11206.0,5456.0,Running Bales
Cotton,2026-04-09,GERMANY,0.0,0.0,1777.0,255.0,Running Bales
Cotton,2026-04-09,GUATMAL,0.0,6506.0,139503.0,97300.0,Running Bales
Cotton,2026-04-09,HG KONG,0.0,0.0,0.0,8766.0,Running Bales
Cotton,2026-04-09,HONDURA,-260.0,5627.0,174026.0,116724.0,Running Bales
Cotton,2026-04-09,INDIA,9665.0,13904.0,416666.0,148798.0,Running Bales
Cotton,2026-04-09,INDNSIA,2466.0,17434.0,279419.0,146245.0,Running Bales
Cotton,2026-04-09,ITALY,0.0,528.0,8771.0,3230.0,Running Bales
Cotton,2026-04-09,JAPAN,352.0,1406.0,51838.0,32602.0,Running Bales
Cotton,2026-04-09,KOR REP,0.0,616.0,64657.0,46069.0,Running Bales
Cotton,2026-04-09,MALAYSA,0.0,8529.0,167754.0,106789.0,Running Bales
Cotton,2026-04-09,MEXICO,0.0,10582.0,399259.0,198893.0,Running Bales
Cotton,2026-04-09,NICARAG,278.0,3541.0,59918.0,26641.0,Running Bales
Cotton,2026-04-09,PAKISTN,32887.0,35897.0,781815.0,422788.0,Running Bales
Cotton,2026-04-09,PERU,786.0,176.0,108619.0,31387.0,Running Bales
Cotton,2026-04-09,PORTUGL,0.0,0.0,4752.0,4932.0,Running Bales
Cotton,2026-04-09,S LANKA,0.0,0.0,0.0,87.0,Running Bales
Cotton,2026-04-09,SALVADR,0.0,1855.0,100090.0,107138.0,Running Bales
Cotton,2026-04-09,SWITZLD,0.0,0.0,616.0,440.0,Running Bales
Cotton,2026-04-09,TAIWAN,0.0,3241.0,39469.0,6918.0,Running Bales
Cotton,2026-04-09,THAILND,0.0,4119.0,94183.0,63885.0,Running Bales
Cotton,2026-04-09,TURKEY,48995.0,31921.0,572589.0,437713.0,Running Bales
Cotton,2026-04-09,UNKNOWN,-13536.0,0.0,0.0,0.0,Running Bales
Cotton,2026-04-09,VENEZ,-1.0,0.0,5302.0,1585.0,Running Bales
Cotton,2026-04-09,VIETNAM,62138.0,110366.0,2320808.0,1183287.0,Running Bales
Cotton,2026-04-16,BANGLADH,2302.0,22047.0,506170.0,272654.0,Running Bales
Cotton,2026-04-16,BELGIUM,0.0,0.0,264.0,0.0,Running Bales
Cotton,2026-04-16,C RICA,0.0,3196.0,43885.0,26345.0,Running Bales
Cotton,2026-04-16,CHINA,-8742.0,14375.0,360855.0,144384.0,Running Bales
Cotton,2026-04-16,COLOMB,0.0,0.0,4696.0,0.0,Running Bales
Cotton,2026-04-16,DJIBOUTI,0.0,0.0,2516.0,0.0,Running Bales
Cotton,2026-04-16,ECUADOR,0.0,796.0,26981.0,12488.0,Running Bales
Cotton,2026-04-16,EGYPT,0.0,0.0,11206.0,5456.0,Running Bales
Cotton,2026-04-16,GERMANY,0.0,0.0,1777.0,255.0,Running Bales
Cotton,2026-04-16,GUATMAL,-1.0,7720.0,147223.0,89579.0,Running Bales
Cotton,2026-04-16,HG KONG,0.0,0.0,0.0,8766.0,Running Bales
Cotton,2026-04-16,HONDURA,0.0,4048.0,178074.0,112676.0,Running Bales
Cotton,2026-04-16,INDIA,10890.0,25071.0,441737.0,134617.0,Running Bales
Cotton,2026-04-16,INDNSIA,5992.0,21317.0,300736.0,130920.0,Running Bales
Cotton,2026-04-16,ITALY,0.0,0.0,8771.0,3230.0,Running Bales
Cotton,2026-04-16,JAPAN,616.0,2640.0,54478.0,30578.0,Running Bales
Cotton,2026-04-16,KOR REP,170.0,5371.0,70028.0,40868.0,Running Bales
Cotton,2026-04-16,MALAYSA,7055.0,7207.0,174961.0,106637.0,Running Bales
Cotton,2026-04-16,MEXICO,0.0,13621.0,412880.0,185272.0,Running Bales
Cotton,2026-04-16,NICARAG,0.0,3061.0,62979.0,23580.0,Running Bales
Cotton,2026-04-16,PAKISTN,15917.0,46561.0,828376.0,392144.0,Running Bales
Cotton,2026-04-16,PERU,-5.0,982.0,109601.0,30400.0,Running Bales
Cotton,2026-04-16,PORTUGL,0.0,0.0,4752.0,4932.0,Running Bales
Cotton,2026-04-16,S LANKA,0.0,87.0,87.0,0.0,Running Bales
Cotton,2026-04-16,SALVADR,0.0,1586.0,101676.0,105552.0,Running Bales
Cotton,2026-04-16,SWITZLD,0.0,0.0,616.0,440.0,Running Bales
Cotton,2026-04-16,TAIWAN,182.0,2145.0,41614.0,4955.0,Running Bales
Cotton,2026-04-16,THAILND,1114.0,4453.0,98636.0,60546.0,Running Bales
Cotton,2026-04-16,TURKEY,22398.0,20879.0,593468.0,439232.0,Running Bales
Cotton,2026-04-16,UNKNOWN,0.0,0.0,0.0,0.0,Running Bales
Cotton,2026-04-16,VENEZ,0.0,178.0,5480.0,1407.0,Running Bales
Cotton,2026-04-16,VIETNAM,62059.0,89038.0,2409846.0,1156308.0,Running Bales
Cotton,2026-04-23,BANGLADH,20915.0,26102.0,532272.0,267467.0,Running Bales
Cotton,2026-04-23,BELGIUM,0.0,0.0,264.0,0.0,Running Bales
Cotton,2026-04-23,C RICA,6.0,4209.0,48094.0,22142.0,Running Bales
Cotton,2026-04-23,CHINA,-4278.0,17929.0,378784.0,122177.0,Running Bales
Cotton,2026-04-23,COLOMB,0.0,0.0,4696.0,0.0,Running Bales
Cotton,2026-04-23,DJIBOUTI,0.0,0.0,2516.0,0.0,Running Bales
Cotton,2026-04-23,ECUADOR,-616.0,0.0,26981.0,11872.0,Running Bales
Cotton,2026-04-23,EGYPT,0.0,0.0,11206.0,5456.0,Running Bales
Cotton,2026-04-23,GERMANY,0.0,0.0,1777.0,255.0,Running Bales
Cotton,2026-04-23,GUATMAL,-32.0,11653.0,158876.0,77894.0,Running Bales
Cotton,2026-04-23,HG KONG,0.0,0.0,0.0,8766.0,Running Bales
Cotton,2026-04-23,HONDURA,29656.0,3705.0,181779.0,138627.0,Running Bales
Cotton,2026-04-23,INDIA,9782.0,34528.0,476265.0,109871.0,Running Bales
Cotton,2026-04-23,INDNSIA,4509.0,11629.0,312365.0,123800.0,Running Bales
Cotton,2026-04-23,ITALY,180.0,0.0,8771.0,3410.0,Running Bales
Cotton,2026-04-23,JAPAN,-968.0,1666.0,56144.0,27944.0,Running Bales
Cotton,2026-04-23,KOR REP,5280.0,0.0,70028.0,46148.0,Running Bales
Cotton,2026-04-23,MALAYSA,1298.0,3535.0,178496.0,104400.0,Running Bales
Cotton,2026-04-23,MEXICO,0.0,14649.0,427529.0,170623.0,Running Bales
Cotton,2026-04-23,NICARAG,0.0,962.0,63941.0,22618.0,Running Bales
Cotton,2026-04-23,PAKISTN,33306.0,38477.0,866853.0,386973.0,Running Bales
Cotton,2026-04-23,PERU,1236.0,6367.0,115968.0,25269.0,Running Bales
Cotton,2026-04-23,PORTUGL,3080.0,1936.0,6688.0,6076.0,Running Bales
Cotton,2026-04-23,S LANKA,0.0,0.0,87.0,0.0,Running Bales
Cotton,2026-04-23,SALVADR,1.0,6369.0,108045.0,99184.0,Running Bales
Cotton,2026-04-23,SWITZLD,-440.0,0.0,616.0,0.0,Running Bales
Cotton,2026-04-23,TAIWAN,15.0,623.0,42237.0,4347.0,Running Bales
Cotton,2026-04-23,THAILND,1172.0,8013.0,106649.0,53705.0,Running Bales
Cotton,2026-04-23,TURKEY,3204.0,37302.0,630770.0,405134.0,Running Bales
Cotton,2026-04-23,UNKNOWN,0.0,0.0,0.0,0.0,Running Bales
Cotton,2026-04-23,VENEZ,0.0,0.0,5480.0,1407.0,Running Bales
Cotton,2026-04-23,VIETNAM,55573.0,154954.0,2564800.0,1056927.0,Running Bales
Cotton,2026-04-30,BANGLADH,9114.0,29635.0,561907.0,246946.0,Running Bales
Cotton,2026-04-30,BELGIUM,0.0,0.0,264.0,0.0,Running Bales
Cotton,2026-04-30,C RICA,0.0,875.0,48969.0,21267.0,Running Bales
Cotton,2026-04-30,CHINA,4399.0,20358.0,399142.0,106218.0,Running Bales
Cotton,2026-04-30,COLOMB,0.0,0.0,4696.0,0.0,Running Bales
Cotton,2026-04-30,DJIBOUTI,0.0,0.0,2516.0,0.0,Running Bales
Cotton,2026-04-30,ECUADOR,0.0,351.0,27332.0,11521.0,Running Bales
Cotton,2026-04-30,EGYPT,-4.0,0.0,11206.0,5452.0,Running Bales
Cotton,2026-04-30,GERMANY,0.0,0.0,1777.0,255.0,Running Bales
Cotton,2026-04-30,GUATMAL,1168.0,8464.0,167340.0,70598.0,Running Bales
Cotton,2026-04-30,HG KONG,0.0,0.0,0.0,8766.0,Running Bales
Cotton,2026-04-30,HONDURA,-1.0,5441.0,187220.0,133185.0,Running Bales
Cotton,2026-04-30,INDIA,27162.0,14988.0,491253.0,122045.0,Running Bales
Cotton,2026-04-30,INDNSIA,14437.0,15945.0,328310.0,122292.0,Running Bales
Cotton,2026-04-30,ITALY,350.0,900.0,9671.0,2860.0,Running Bales
Cotton,2026-04-30,JAPAN,2294.0,1147.0,57291.0,29091.0,Running Bales
Cotton,2026-04-30,KOR REP,-1936.0,880.0,70908.0,43332.0,Running Bales
Cotton,2026-04-30,MALAYSA,69.0,14824.0,193320.0,89645.0,Running Bales
Cotton,2026-04-30,MEXICO,435.0,7636.0,435165.0,163422.0,Running Bales
Cotton,2026-04-30,NICARAG,-39.0,1132.0,65073.0,21447.0,Running Bales
Cotton,2026-04-30,PAKISTN,38791.0,29066.0,895919.0,396698.0,Running Bales
Cotton,2026-04-30,PERU,7.0,1135.0,117103.0,24141.0,Running Bales
Cotton,2026-04-30,PORTUGL,0.0,0.0,6688.0,6076.0,Running Bales
Cotton,2026-04-30,S LANKA,0.0,0.0,87.0,0.0,Running Bales
Cotton,2026-04-30,SALVADR,0.0,3547.0,111592.0,95637.0,Running Bales
Cotton,2026-04-30,SWITZLD,0.0,0.0,616.0,0.0,Running Bales
Cotton,2026-04-30,TAIWAN,23.0,2431.0,44668.0,1939.0,Running Bales
Cotton,2026-04-30,THAILND,874.0,6080.0,112729.0,48499.0,Running Bales
Cotton,2026-04-30,TURKEY,7381.0,27729.0,658499.0,384786.0,Running Bales
Cotton,2026-04-30,UNKNOWN,0.0,0.0,0.0,0.0,Running Bales
Cotton,2026-04-30,VENEZ,0.0,0.0,5480.0,1407.0,Running Bales
Cotton,2026-04-30,VIETNAM,18825.0,134967.0,2699767.0,940785.0,Running Bales
Cotton,2026-05-07,BANGLADH,1122.0,27141.0,589048.0,220927.0,Running Bales
Cotton,2026-05-07,BELGIUM,0.0,0.0,264.0,0.0,Running Bales
Cotton,2026-05-07,C RICA,0.0,1434.0,50403.0,19833.0,Running Bales
Cotton,2026-05-07,CHINA,1.0,26456.0,425598.0,79763.0,Running Bales
Cotton,2026-05-07,COLOMB,0.0,0.0,4696.0,0.0,Running Bales
Cotton,2026-05-07,DJIBOUTI,0.0,0.0,2516.0,0.0,Running Bales
Cotton,2026-05-07,ECUADOR,0.0,2756.0,30088.0,8765.0,Running Bales
Cotton,2026-05-07,EGYPT,0.0,1916.0,13122.0,3536.0,Running Bales
Cotton,2026-05-07,GERMANY,0.0,170.0,1947.0,85.0,Running Bales
Cotton,2026-05-07,GUATMAL,350.0,2035.0,169375.0,68913.0,Running Bales
Cotton,2026-05-07,HG KONG,0.0,0.0,0.0,8766.0,Running Bales
Cotton,2026-05-07,HONDURA,0.0,6265.0,193485.0,126920.0,Running Bales
Cotton,2026-05-07,INDIA,2183.0,19327.0,510580.0,104901.0,Running Bales
Cotton,2026-05-07,INDNSIA,4140.0,14450.0,342760.0,111982.0,Running Bales
Cotton,2026-05-07,ITALY,0.0,1324.0,10995.0,1536.0,Running Bales
Cotton,2026-05-07,JAPAN,-1861.0,269.0,57560.0,26961.0,Running Bales
Cotton,2026-05-07,KOR REP,0.0,1605.0,72513.0,41727.0,Running Bales
Cotton,2026-05-07,MALAYSA,0.0,12018.0,205338.0,77627.0,Running Bales
Cotton,2026-05-07,MEXICO,1135.0,6358.0,441523.0,158199.0,Running Bales
Cotton,2026-05-07,NICARAG,0.0,1731.0,66804.0,19716.0,Running Bales
Cotton,2026-05-07,PAKISTN,2662.0,22635.0,918554.0,376725.0,Running Bales
Cotton,2026-05-07,PERU,0.0,7926.0,125029.0,16215.0,Running Bales
Cotton,2026-05-07,PORTUGL,0.0,1755.0,8443.0,4321.0,Running Bales
Cotton,2026-05-07,S LANKA,0.0,0.0,87.0,0.0,Running Bales
Cotton,2026-05-07,SALVADR,-45.0,5379.0,116971.0,90213.0,Running Bales
Cotton,2026-05-07,SWITZLD,0.0,0.0,616.0,0.0,Running Bales
Cotton,2026-05-07,TAIWAN,1148.0,536.0,45204.0,2551.0,Running Bales
Cotton,2026-05-07,THAILND,2286.0,5167.0,117896.0,45618.0,Running Bales
Cotton,2026-05-07,TURKEY,2734.0,37554.0,696053.0,349966.0,Running Bales
Cotton,2026-05-07,UNKNOWN,0.0,0.0,0.0,0.0,Running Bales
Cotton,2026-05-07,VENEZ,0.0,0.0,5480.0,1407.0,Running Bales
Cotton,2026-05-07,VIETNAM,31844.0,84086.0,2783853.0,888543.0,Running Bales
Cotton,2026-05-14,BAHRAIN,1638.0,0.0,0.0,1638.0,Running Bales
Cotton,2026-05-14,BANGLADH,1113.0,21191.0,610239.0,200849.0,Running Bales
Cotton,2026-05-14,BELGIUM,0.0,0.0,264.0,0.0,Running Bales
Cotton,2026-05-14,C RICA,0.0,4459.0,54862.0,15374.0,Running Bales
Cotton,2026-05-14,CHINA,3378.0,20288.0,445886.0,62853.0,Running Bales
Cotton,2026-05-14,COLOMB,0.0,0.0,4696.0,0.0,Running Bales
Cotton,2026-05-14,DJIBOUTI,0.0,0.0,2516.0,0.0,Running Bales
Cotton,2026-05-14,ECUADOR,616.0,2413.0,32501.0,6968.0,Running Bales
Cotton,2026-05-14,EGYPT,1318.0,1830.0,14952.0,3024.0,Running Bales
Cotton,2026-05-14,GERMANY,0.0,0.0,1947.0,85.0,Running Bales
Cotton,2026-05-14,GUATMAL,958.0,5415.0,174790.0,64456.0,Running Bales
Cotton,2026-05-14,HG KONG,0.0,0.0,0.0,8766.0,Running Bales
Cotton,2026-05-14,HONDURA,7.0,6784.0,200269.0,120143.0,Running Bales
Cotton,2026-05-14,INDIA,2038.0,11126.0,521706.0,95813.0,Running Bales
Cotton,2026-05-14,INDNSIA,2525.0,4329.0,347089.0,110178.0,Running Bales
Cotton,2026-05-14,ITALY,0.0,0.0,10995.0,1536.0,Running Bales
Cotton,2026-05-14,JAPAN,429.0,1402.0,58962.0,25988.0,Running Bales
Cotton,2026-05-14,KOR REP,-941.0,880.0,73393.0,39906.0,Running Bales
Cotton,2026-05-14,MALAYSA,5291.0,9955.0,215293.0,72963.0,Running Bales
Cotton,2026-05-14,MEXICO,1720.0,22138.0,463661.0,137781.0,Running Bales
Cotton,2026-05-14,NICARAG,0.0,875.0,67679.0,18841.0,Running Bales
Cotton,2026-05-14,PAKISTN,65284.0,25973.0,944527.0,416036.0,Running Bales
Cotton,2026-05-14,PERU,-1058.0,2412.0,127441.0,12745.0,Running Bales
Cotton,2026-05-14,PORTUGL,0.0,0.0,8443.0,4321.0,Running Bales
Cotton,2026-05-14,S LANKA,0.0,0.0,87.0,0.0,Running Bales
Cotton,2026-05-14,SALVADR,0.0,1940.0,118911.0,88273.0,Running Bales
Cotton,2026-05-14,SWITZLD,0.0,0.0,616.0,0.0,Running Bales
Cotton,2026-05-14,TAIWAN,180.0,180.0,45384.0,2551.0,Running Bales
Cotton,2026-05-14,THAILND,1057.0,5842.0,123738.0,40833.0,Running Bales
Cotton,2026-05-14,TURKEY,20050.0,28668.0,724721.0,341348.0,Running Bales
Cotton,2026-05-14,UNKNOWN,0.0,0.0,0.0,0.0,Running Bales
Cotton,2026-05-14,VENEZ,88.0,442.0,5922.0,1053.0,Running Bales
Cotton,2026-05-14,VIETNAM,26101.0,110809.0,2894662.0,803835.0,Running Bales
Cotton,2026-05-21,BAHRAIN,0.0,0.0,0.0,1638.0,Running Bales
Cotton,2026-05-21,BANGLADH,4020.0,12572.0,622811.0,192297.0,Running Bales
Cotton,2026-05-21,BELGIUM,0.0,0.0,264.0,0.0,Running Bales
Cotton,2026-05-21,C RICA,-4.0,2643.0,57505.0,12727.0,Running Bales
Cotton,2026-05-21,CHINA,24899.0,17905.0,463791.0,69847.0,Running Bales
Cotton,2026-05-21,COLOMB,0.0,0.0,4696.0,0.0,Running Bales
Cotton,2026-05-21,DJIBOUTI,0.0,0.0,2516.0,0.0,Running Bales
Cotton,2026-05-21,ECUADOR,793.0,523.0,33024.0,7238.0,Running Bales
Cotton,2026-05-21,EGYPT,0.0,1706.0,16658.0,1318.0,Running Bales
Cotton,2026-05-21,GERMANY,0.0,0.0,1947.0,85.0,Running Bales
Cotton,2026-05-21,GUATMAL,118.0,8314.0,183104.0,56260.0,Running Bales
Cotton,2026-05-21,HG KONG,0.0,0.0,0.0,8766.0,Running Bales
Cotton,2026-05-21,HONDURA,424.0,7755.0,208024.0,112812.0,Running Bales
Cotton,2026-05-21,INDIA,9001.0,5956.0,527662.0,98858.0,Running Bales
Cotton,2026-05-21,INDNSIA,1782.0,15756.0,362845.0,96204.0,Running Bales
Cotton,2026-05-21,ITALY,880.0,0.0,10995.0,2416.0,Running Bales
Cotton,2026-05-21,JAPAN,356.0,916.0,59878.0,25428.0,Running Bales
Cotton,2026-05-21,KOR REP,-882.0,1848.0,75241.0,37176.0,Running Bales
Cotton,2026-05-21,MALAYSA,-29.0,9777.0,225070.0,63157.0,Running Bales
Cotton,2026-05-21,MEXICO,60.0,6801.0,470462.0,131040.0,Running Bales
Cotton,2026-05-21,NICARAG,-430.0,3200.0,70879.0,15211.0,Running Bales
Cotton,2026-05-21,PAKISTN,41336.0,70905.0,1015432.0,386467.0,Running Bales
Cotton,2026-05-21,PERU,2024.0,2860.0,130301.0,11909.0,Running Bales
Cotton,2026-05-21,PORTUGL,0.0,0.0,8443.0,4321.0,Running Bales
Cotton,2026-05-21,S LANKA,0.0,0.0,87.0,0.0,Running Bales
Cotton,2026-05-21,SALVADR,-9.0,3797.0,122708.0,84467.0,Running Bales
Cotton,2026-05-21,SWITZLD,0.0,0.0,616.0,0.0,Running Bales
Cotton,2026-05-21,TAIWAN,2248.0,786.0,46170.0,4013.0,Running Bales
Cotton,2026-05-21,THAILND,916.0,5582.0,129320.0,36167.0,Running Bales
Cotton,2026-05-21,TURKEY,17344.0,36465.0,761186.0,322227.0,Running Bales
Cotton,2026-05-21,UNKNOWN,0.0,0.0,0.0,0.0,Running Bales
Cotton,2026-05-21,VENEZ,0.0,0.0,5922.0,1053.0,Running Bales
Cotton,2026-05-21,VIETNAM,48775.0,101639.0,2996301.0,750971.0,Running Bales
Cotton,2026-05-28,BAHRAIN,0.0,0.0,0.0,1638.0,Running Bales
Cotton,2026-05-28,BANGLADH,8246.0,22198.0,645009.0,178345.0,Running Bales
Cotton,2026-05-28,BELGIUM,0.0,0.0,264.0,0.0,Running Bales
Cotton,2026-05-28,C RICA,0.0,705.0,58210.0,12022.0,Running Bales
Cotton,2026-05-28,CHINA,11029.0,26227.0,490018.0,54649.0,Running Bales
Cotton,2026-05-28,COLOMB,0.0,0.0,4696.0,0.0,Running Bales
Cotton,2026-05-28,DJIBOUTI,0.0,0.0,2516.0,0.0,Running Bales
Cotton,2026-05-28,ECUADOR,0.0,268.0,33292.0,6970.0,Running Bales
Cotton,2026-05-28,EGYPT,0.0,0.0,16658.0,1318.0,Running Bales
Cotton,2026-05-28,GERMANY,0.0,0.0,1947.0,85.0,Running Bales
Cotton,2026-05-28,GUATMAL,85.0,1064.0,184168.0,55281.0,Running Bales
Cotton,2026-05-28,HG KONG,0.0,0.0,0.0,8766.0,Running Bales
Cotton,2026-05-28,HONDURA,0.0,5902.0,213926.0,106910.0,Running Bales
Cotton,2026-05-28,INDIA,7936.0,9831.0,537493.0,96963.0,Running Bales
Cotton,2026-05-28,INDNSIA,5586.0,7354.0,370199.0,94436.0,Running Bales
Cotton,2026-05-28,ITALY,0.0,1270.0,12265.0,1146.0,Running Bales
Cotton,2026-05-28,JAPAN,620.0,1672.0,61550.0,24376.0,Running Bales
Cotton,2026-05-28,KOR REP,-86.0,1759.0,77000.0,35331.0,Running Bales
Cotton,2026-05-28,MALAYSA,2996.0,4218.0,229288.0,61935.0,Running Bales
Cotton,2026-05-28,MEXICO,1392.0,6717.0,477179.0,125715.0,Running Bales
Cotton,2026-05-28,NICARAG,0.0,522.0,71401.0,14689.0,Running Bales
Cotton,2026-05-28,PAKISTN,16505.0,41726.0,1057158.0,361246.0,Running Bales
Cotton,2026-05-28,PERU,-6.0,1752.0,132053.0,10151.0,Running Bales
Cotton,2026-05-28,PORTUGL,0.0,616.0,9059.0,3705.0,Running Bales
Cotton,2026-05-28,S LANKA,0.0,0.0,87.0,0.0,Running Bales
Cotton,2026-05-28,SALVADR,0.0,2128.0,124836.0,82339.0,Running Bales
Cotton,2026-05-28,SWITZLD,0.0,0.0,616.0,0.0,Running Bales
Cotton,2026-05-28,TAIWAN,920.0,0.0,46170.0,4933.0,Running Bales
Cotton,2026-05-28,THAILND,5806.0,5617.0,134937.0,36356.0,Running Bales
Cotton,2026-05-28,TURKEY,14166.0,48173.0,809359.0,288220.0,Running Bales
Cotton,2026-05-28,UNKNOWN,0.0,0.0,0.0,0.0,Running Bales
Cotton,2026-05-28,VENEZ,176.0,0.0,5922.0,1229.0,Running Bales
Cotton,2026-05-28,VIETNAM,109897.0,79080.0,3075381.0,781788.0,Running Bales
Cotton,2026-06-04,BAHRAIN,-1638.0,0.0,0.0,0.0,Running Bales
Cotton,2026-06-04,BANGLADH,7950.0,22313.0,667322.0,163982.0,Running Bales
Cotton,2026-06-04,BELGIUM,0.0,0.0,264.0,0.0,Running Bales
Cotton,2026-06-04,C RICA,0.0,0.0,58210.0,12022.0,Running Bales
Cotton,2026-06-04,CHINA,-5494.0,6601.0,496619.0,42554.0,Running Bales
Cotton,2026-06-04,COLOMB,0.0,0.0,4696.0,0.0,Running Bales
Cotton,2026-06-04,DJIBOUTI,0.0,0.0,2516.0,0.0,Running Bales
Cotton,2026-06-04,ECUADOR,1057.0,0.0,33292.0,8027.0,Running Bales
Cotton,2026-06-04,EGYPT,0.0,0.0,16658.0,1318.0,Running Bales
Cotton,2026-06-04,GERMANY,0.0,85.0,2032.0,0.0,Running Bales
Cotton,2026-06-04,GUATMAL,12.0,4228.0,188396.0,51065.0,Running Bales
Cotton,2026-06-04,HG KONG,0.0,0.0,0.0,8766.0,Running Bales
Cotton,2026-06-04,HONDURA,33.0,3975.0,217901.0,102968.0,Running Bales
Cotton,2026-06-04,INDIA,35280.0,35829.0,573322.0,96414.0,Running Bales
Cotton,2026-06-04,INDNSIA,13515.0,11075.0,381274.0,96876.0,Running Bales
Cotton,2026-06-04,ITALY,0.0,0.0,12265.0,1146.0,Running Bales
Cotton,2026-06-04,JAPAN,-170.0,793.0,62343.0,23413.0,Running Bales
Cotton,2026-06-04,KOR REP,-290.0,2745.0,79745.0,32296.0,Running Bales
Cotton,2026-06-04,MALAYSA,7133.0,12192.0,241480.0,56876.0,Running Bales
Cotton,2026-06-04,MEXICO,1408.0,23129.0,500308.0,103994.0,Running Bales
Cotton,2026-06-04,NICARAG,0.0,956.0,72357.0,13733.0,Running Bales
Cotton,2026-06-04,PAKISTN,57337.0,49385.0,1106543.0,369198.0,Running Bales
Cotton,2026-06-04,PERU,-15.0,1238.0,133291.0,8898.0,Running Bales
Cotton,2026-06-04,PORTUGL,0.0,0.0,9059.0,3705.0,Running Bales
Cotton,2026-06-04,S LANKA,0.0,0.0,87.0,0.0,Running Bales
Cotton,2026-06-04,SALVADR,-4.0,2102.0,126938.0,80233.0,Running Bales
Cotton,2026-06-04,SWITZLD,0.0,0.0,616.0,0.0,Running Bales
Cotton,2026-06-04,TAIWAN,0.0,0.0,46170.0,4933.0,Running Bales
Cotton,2026-06-04,THAILND,775.0,176.0,135113.0,36955.0,Running Bales
Cotton,2026-06-04,TURKEY,2417.0,13709.0,823068.0,276928.0,Running Bales
Cotton,2026-06-04,UNKNOWN,4400.0,0.0,0.0,4400.0,Running Bales
Cotton,2026-06-04,VENEZ,0.0,356.0,6278.0,873.0,Running Bales
Cotton,2026-06-04,VIETNAM,83326.0,109227.0,3184608.0,755887.0,Running Bales
Cotton,2026-06-11,BAHRAIN,0.0,0.0,0.0,0.0,Running Bales
Cotton,2026-06-11,BANGLADH,5851.0,24483.0,691805.0,145350.0,Running Bales
Cotton,2026-06-11,BELGIUM,0.0,0.0,264.0,0.0,Running Bales
Cotton,2026-06-11,C RICA,-13.0,1859.0,60069.0,10150.0,Running Bales
Cotton,2026-06-11,CHINA,11426.0,19832.0,516451.0,34148.0,Running Bales
Cotton,2026-06-11,COLOMB,0.0,0.0,4696.0,0.0,Running Bales
Cotton,2026-06-11,DJIBOUTI,0.0,0.0,2516.0,0.0,Running Bales
Cotton,2026-06-11,ECUADOR,1827.0,4483.0,37775.0,5371.0,Running Bales
Cotton,2026-06-11,EGYPT,0.0,0.0,16658.0,1318.0,Running Bales
Cotton,2026-06-11,GERMANY,0.0,0.0,2032.0,0.0,Running Bales
Cotton,2026-06-11,GUATMAL,263.0,5321.0,193717.0,46007.0,Running Bales
Cotton,2026-06-11,HG KONG,0.0,0.0,0.0,8766.0,Running Bales
Cotton,2026-06-11,HONDURA,-2013.0,2893.0,220794.0,98062.0,Running Bales
Cotton,2026-06-11,INDIA,39576.0,14178.0,587500.0,121812.0,Running Bales
Cotton,2026-06-11,INDNSIA,3452.0,13807.0,395081.0,86521.0,Running Bales
Cotton,2026-06-11,ITALY,0.0,0.0,12265.0,1146.0,Running Bales
Cotton,2026-06-11,JAPAN,-1043.0,1229.0,63572.0,21141.0,Running Bales
Cotton,2026-06-11,KOR REP,-1420.0,0.0,79745.0,30876.0,Running Bales
Cotton,2026-06-11,MALAYSA,1231.0,5614.0,247094.0,52493.0,Running Bales
Cotton,2026-06-11,MEXICO,5102.0,13140.0,513448.0,95956.0,Running Bales
Cotton,2026-06-11,NICARAG,2083.0,3016.0,75373.0,12800.0,Running Bales
Cotton,2026-06-11,PAKISTN,76635.0,33080.0,1139623.0,412753.0,Running Bales
Cotton,2026-06-11,PERU,964.0,626.0,133917.0,9236.0,Running Bales
Cotton,2026-06-11,PORTUGL,0.0,0.0,9059.0,3705.0,Running Bales
Cotton,2026-06-11,S LANKA,0.0,0.0,87.0,0.0,Running Bales
Cotton,2026-06-11,SALVADR,141.0,4030.0,130968.0,76344.0,Running Bales
Cotton,2026-06-11,SWITZLD,0.0,0.0,616.0,0.0,Running Bales
Cotton,2026-06-11,TAIWAN,7417.0,0.0,46170.0,12350.0,Running Bales
Cotton,2026-06-11,THAILND,3736.0,8958.0,144071.0,31733.0,Running Bales
Cotton,2026-06-11,TURKEY,919.0,27996.0,851064.0,249851.0,Running Bales
Cotton,2026-06-11,UNKNOWN,0.0,0.0,0.0,4400.0,Running Bales
Cotton,2026-06-11,VENEZ,7.0,89.0,6367.0,791.0,Running Bales
Cotton,2026-06-11,VIETNAM,20957.0,66330.0,3250938.0,710514.0,Running Bales
Cotton,2026-06-18,BAHRAIN,0.0,0.0,0.0,0.0,Running Bales
Cotton,2026-06-18,BANGLADH,14233.0,25920.0,717725.0,133663.0,Running Bales
Cotton,2026-06-18,BELGIUM,0.0,0.0,264.0,0.0,Running Bales
Cotton,2026-06-18,C RICA,0.0,2535.0,62604.0,7615.0,Running Bales
Cotton,2026-06-18,CHINA,7562.0,12248.0,528699.0,29462.0,Running Bales
Cotton,2026-06-18,COLOMB,0.0,0.0,4696.0,0.0,Running Bales
Cotton,2026-06-18,DJIBOUTI,0.0,0.0,2516.0,0.0,Running Bales
Cotton,2026-06-18,ECUADOR,7.0,0.0,37775.0,5378.0,Running Bales
Cotton,2026-06-18,EGYPT,0.0,0.0,16658.0,1318.0,Running Bales
Cotton,2026-06-18,GERMANY,0.0,0.0,2032.0,0.0,Running Bales
Cotton,2026-06-18,GUATMAL,1014.0,9268.0,202985.0,37753.0,Running Bales
Cotton,2026-06-18,HG KONG,0.0,0.0,0.0,8766.0,Running Bales
Cotton,2026-06-18,HONDURA,245.0,10989.0,231783.0,87318.0,Running Bales
Cotton,2026-06-18,INDIA,14317.0,15837.0,603337.0,120292.0,Running Bales
Cotton,2026-06-18,INDNSIA,766.0,6867.0,401948.0,80420.0,Running Bales
Cotton,2026-06-18,ITALY,360.0,266.0,12531.0,1240.0,Running Bales
Cotton,2026-06-18,JAPAN,1403.0,3348.0,66920.0,19196.0,Running Bales
Cotton,2026-06-18,KOR REP,4481.0,2288.0,82033.0,33069.0,Running Bales
Cotton,2026-06-18,MALAYSA,0.0,11594.0,258688.0,40899.0,Running Bales
Cotton,2026-06-18,MEXICO,2028.0,11704.0,525152.0,86280.0,Running Bales
Cotton,2026-06-18,NICARAG,-381.0,3963.0,79336.0,8456.0,Running Bales
Cotton,2026-06-18,PAKISTN,2423.0,48603.0,1188226.0,366573.0,Running Bales
Cotton,2026-06-18,PERU,-30.0,179.0,134096.0,9027.0,Running Bales
Cotton,2026-06-18,PORTUGL,0.0,0.0,9059.0,3705.0,Running Bales
Cotton,2026-06-18,S LANKA,0.0,0.0,87.0,0.0,Running Bales
Cotton,2026-06-18,SALVADR,0.0,2637.0,133605.0,73707.0,Running Bales
Cotton,2026-06-18,SWITZLD,0.0,0.0,616.0,0.0,Running Bales
Cotton,2026-06-18,TAIWAN,1753.0,0.0,46170.0,14103.0,Running Bales
Cotton,2026-06-18,THAILND,3522.0,5208.0,149279.0,30047.0,Running Bales
Cotton,2026-06-18,TURKEY,3239.0,23641.0,874705.0,229449.0,Running Bales
Cotton,2026-06-18,UNKNOWN,-4400.0,0.0,0.0,0.0,Running Bales
Cotton,2026-06-18,VENEZ,2.0,267.0,6634.0,526.0,Running Bales
Cotton,2026-06-18,VIETNAM,31320.0,102793.0,3353731.0,639041.0,Running Bales
Cotton,2026-06-25,BAHRAIN,170.0,0.0,0.0,170.0,Running Bales
Cotton,2026-06-25,BANGLADH,391.0,13961.0,731686.0,120093.0,Running Bales
Cotton,2026-06-25,BELGIUM,0.0,0.0,264.0,0.0,Running Bales
Cotton,2026-06-25,C RICA,-9.0,0.0,62604.0,7606.0,Running Bales
Cotton,2026-06-25,CHINA,5518.0,5487.0,534186.0,29493.0,Running Bales
Cotton,2026-06-25,COLOMB,0.0,0.0,4696.0,0.0,Running Bales
Cotton,2026-06-25,DJIBOUTI,0.0,0.0,2516.0,0.0,Running Bales
Cotton,2026-06-25,ECUADOR,-3.0,356.0,38131.0,5019.0,Running Bales
Cotton,2026-06-25,EGYPT,0.0,0.0,16658.0,1318.0,Running Bales
Cotton,2026-06-25,GERMANY,0.0,0.0,2032.0,0.0,Running Bales
Cotton,2026-06-25,GUATMAL,-21.0,4500.0,207485.0,33232.0,Running Bales
Cotton,2026-06-25,HG KONG,0.0,0.0,0.0,8766.0,Running Bales
Cotton,2026-06-25,HONDURA,1022.0,7198.0,238981.0,81142.0,Running Bales
Cotton,2026-06-25,INDIA,7417.0,5786.0,609123.0,121923.0,Running Bales
Cotton,2026-06-25,INDNSIA,-1177.0,10682.0,412630.0,68561.0,Running Bales
Cotton,2026-06-25,ITALY,450.0,637.0,13168.0,1053.0,Running Bales
Cotton,2026-06-25,JAPAN,249.0,2117.0,69037.0,17328.0,Running Bales
Cotton,2026-06-25,KOR REP,-1202.0,0.0,82033.0,31867.0,Running Bales
Cotton,2026-06-25,MALAYSA,-40.0,6892.0,265580.0,33967.0,Running Bales
Cotton,2026-06-25,MEXICO,2567.0,12002.0,537154.0,76845.0,Running Bales
Cotton,2026-06-25,NICARAG,-1068.0,263.0,79599.0,7125.0,Running Bales
Cotton,2026-06-25,PAKISTN,5938.0,31567.0,1219793.0,340944.0,Running Bales
Cotton,2026-06-25,PERU,-6.0,787.0,134883.0,8234.0,Running Bales
Cotton,2026-06-25,PORTUGL,0.0,0.0,9059.0,3705.0,Running Bales
Cotton,2026-06-25,S LANKA,0.0,0.0,87.0,0.0,Running Bales
Cotton,2026-06-25,SALVADR,-8.0,4675.0,138280.0,69024.0,Running Bales
Cotton,2026-06-25,SWITZLD,1760.0,0.0,616.0,1760.0,Running Bales
Cotton,2026-06-25,TAIWAN,714.0,615.0,46785.0,14202.0,Running Bales
Cotton,2026-06-25,THAILND,679.0,3967.0,153246.0,26759.0,Running Bales
Cotton,2026-06-25,TURKEY,2441.0,49814.0,924519.0,182076.0,Running Bales
Cotton,2026-06-25,UNKNOWN,0.0,0.0,0.0,0.0,Running Bales
Cotton,2026-06-25,VENEZ,0.0,178.0,6812.0,348.0,Running Bales
Cotton,2026-06-25,VIETNAM,23219.0,57269.0,3411000.0,604991.0,Running Bales
Cotton,2026-07-02,BAHRAIN,0.0,0.0,0.0,170.0,Running Bales
Cotton,2026-07-02,BANGLADH,3990.0,21160.0,752846.0,102923.0,Running Bales
Cotton,2026-07-02,BELGIUM,0.0,0.0,264.0,0.0,Running Bales
Cotton,2026-07-02,C RICA,-106.0,0.0,62604.0,7500.0,Running Bales
Cotton,2026-07-02,CHINA,3294.0,1645.0,535831.0,31142.0,Running Bales
Cotton,2026-07-02,COLOMB,0.0,0.0,4696.0,0.0,Running Bales
Cotton,2026-07-02,DJIBOUTI,0.0,0.0,2516.0,0.0,Running Bales
Cotton,2026-07-02,ECUADOR,432.0,176.0,38307.0,5275.0,Running Bales
Cotton,2026-07-02,EGYPT,0.0,88.0,16746.0,1230.0,Running Bales
Cotton,2026-07-02,GERMANY,0.0,0.0,2032.0,0.0,Running Bales
Cotton,2026-07-02,GUATMAL,491.0,1580.0,209065.0,32143.0,Running Bales
Cotton,2026-07-02,HG KONG,-1118.0,0.0,0.0,7648.0,Running Bales
Cotton,2026-07-02,HONDURA,518.0,4570.0,243551.0,77090.0,Running Bales
Cotton,2026-07-02,INDIA,23411.0,7166.0,616289.0,138168.0,Running Bales
Cotton,2026-07-02,INDNSIA,2113.0,5934.0,418564.0,64740.0,Running Bales
Cotton,2026-07-02,ITALY,0.0,0.0,13168.0,1053.0,Running Bales
Cotton,2026-07-02,JAPAN,707.0,1587.0,70624.0,16448.0,Running Bales
Cotton,2026-07-02,KOR REP,-806.0,0.0,82033.0,31061.0,Running Bales
Cotton,2026-07-02,MALAYSA,-60.0,4477.0,270057.0,29430.0,Running Bales
Cotton,2026-07-02,MEXICO,10369.0,18384.0,555538.0,68830.0,Running Bales
Cotton,2026-07-02,NICARAG,-149.0,694.0,80293.0,6282.0,Running Bales
Cotton,2026-07-02,PAKISTN,-3338.0,42758.0,1262551.0,294848.0,Running Bales
Cotton,2026-07-02,PERU,2.0,2242.0,137125.0,5994.0,Running Bales
Cotton,2026-07-02,PORTUGL,-9.0,616.0,9675.0,3080.0,Running Bales
Cotton,2026-07-02,S LANKA,0.0,0.0,87.0,0.0,Running Bales
Cotton,2026-07-02,SALVADR,0.0,2919.0,141199.0,66105.0,Running Bales
Cotton,2026-07-02,SWITZLD,-1760.0,0.0,616.0,0.0,Running Bales
Cotton,2026-07-02,TAIWAN,1064.0,3306.0,50091.0,11960.0,Running Bales
Cotton,2026-07-02,THAILND,878.0,1408.0,154654.0,26229.0,Running Bales
Cotton,2026-07-02,TURKEY,3030.0,23901.0,948420.0,161205.0,Running Bales
Cotton,2026-07-02,UNKNOWN,0.0,0.0,0.0,0.0,Running Bales
Cotton,2026-07-02,VENEZ,1.0,0.0,6812.0,349.0,Running Bales
Cotton,2026-07-02,VIETNAM,23468.0,85445.0,3496445.0,543014.0,Running Bales
Cotton,2026-07-09,BAHRAIN,-170.0,0.0,0.0,0.0,Running Bales
Cotton,2026-07-09,BANGLADH,10648.0,9391.0,762237.0,104180.0,Running Bales
Cotton,2026-07-09,BELGIUM,0.0,0.0,264.0,0.0,Running Bales
Cotton,2026-07-09,C RICA,0.0,0.0,62604.0,7500.0,Running Bales
Cotton,2026-07-09,CHINA,-32.0,3348.0,539179.0,27762.0,Running Bales
Cotton,2026-07-09,COLOMB,0.0,0.0,4696.0,0.0,Running Bales
Cotton,2026-07-09,DJIBOUTI,0.0,0.0,2516.0,0.0,Running Bales
Cotton,2026-07-09,ECUADOR,0.0,356.0,38663.0,4919.0,Running Bales
Cotton,2026-07-09,EGYPT,0.0,614.0,17360.0,616.0,Running Bales
Cotton,2026-07-09,GERMANY,0.0,0.0,2032.0,0.0,Running Bales
Cotton,2026-07-09,GUATMAL,965.0,4490.0,213555.0,28618.0,Running Bales
Cotton,2026-07-09,HG KONG,0.0,0.0,0.0,7648.0,Running Bales
Cotton,2026-07-09,HONDURA,352.0,6062.0,249613.0,71380.0,Running Bales
Cotton,2026-07-09,INDIA,0.0,17040.0,633329.0,121128.0,Running Bales
Cotton,2026-07-09,INDNSIA,937.0,6816.0,425380.0,58861.0,Running Bales
Cotton,2026-07-09,ITALY,0.0,0.0,13168.0,1053.0,Running Bales
Cotton,2026-07-09,JAPAN,-1234.0,2378.0,73002.0,12836.0,Running Bales
Cotton,2026-07-09,KOR REP,-2.0,0.0,82033.0,31059.0,Running Bales
Cotton,2026-07-09,MALAYSA,0.0,4137.0,274194.0,25293.0,Running Bales
Cotton,2026-07-09,MEXICO,0.0,13963.0,569501.0,54867.0,Running Bales
Cotton,2026-07-09,NICARAG,1210.0,3130.0,83423.0,4362.0,Running Bales
Cotton,2026-07-09,PAKISTN,5264.0,21496.0,1284047.0,278616.0,Running Bales
Cotton,2026-07-09,PERU,4800.0,1601.0,138726.0,9193.0,Running Bales
Cotton,2026-07-09,PORTUGL,0.0,0.0,9675.0,3080.0,Running Bales
Cotton,2026-07-09,S LANKA,0.0,0.0,87.0,0.0,Running Bales
Cotton,2026-07-09,SALVADR,0.0,2569.0,143768.0,63536.0,Running Bales
Cotton,2026-07-09,SWITZLD,0.0,0.0,616.0,0.0,Running Bales
Cotton,2026-07-09,TAIWAN,945.0,0.0,50091.0,12905.0,Running Bales
Cotton,2026-07-09,THAILND,2704.0,4357.0,159011.0,24576.0,Running Bales
Cotton,2026-07-09,TURKEY,-52.0,36094.0,984514.0,125059.0,Running Bales
Cotton,2026-07-09,UNKNOWN,0.0,0.0,0.0,0.0,Running Bales
Cotton,2026-07-09,VENEZ,2205.0,0.0,6812.0,2554.0,Running Bales
Cotton,2026-07-09,VIETNAM,5820.0,77051.0,3573496.0,471783.0,Running Bales
Cotton,2026-07-16,BAHRAIN,170.0,0.0,0.0,170.0,Running Bales
Cotton,2026-07-16,BANGLADH,4421.0,16448.0,778685.0,92153.0,Running Bales
Cotton,2026-07-16,BELGIUM,0.0,0.0,264.0,0.0,Running Bales
Cotton,2026-07-16,C RICA,128.0,3577.0,66181.0,4051.0,Running Bales
Cotton,2026-07-16,CHINA,15475.0,2108.0,541287.0,41129.0,Running Bales
Cotton,2026-07-16,COLOMB,0.0,0.0,4696.0,0.0,Running Bales
Cotton,2026-07-16,DJIBOUTI,0.0,0.0,2516.0,0.0,Running Bales
Cotton,2026-07-16,ECUADOR,5.0,525.0,39188.0,4399.0,Running Bales
Cotton,2026-07-16,EGYPT,0.0,0.0,17360.0,616.0,Running Bales
Cotton,2026-07-16,GERMANY,0.0,0.0,2032.0,0.0,Running Bales
Cotton,2026-07-16,GUATMAL,98.0,5426.0,218981.0,23290.0,Running Bales
Cotton,2026-07-16,HG KONG,-962.0,0.0,0.0,6686.0,Running Bales
Cotton,2026-07-16,HONDURA,2904.0,5807.0,255420.0,68477.0,Running Bales
Cotton,2026-07-16,INDIA,7057.0,20415.0,653744.0,107770.0,Running Bales
Cotton,2026-07-16,INDNSIA,3065.0,9402.0,434782.0,52524.0,Running Bales
Cotton,2026-07-16,ITALY,24.0,267.0,13435.0,810.0,Running Bales
Cotton,2026-07-16,JAPAN,1948.0,2991.0,75993.0,11793.0,Running Bales
Cotton,2026-07-16,KOR REP,-1625.0,1852.0,83885.0,27582.0,Running Bales
Cotton,2026-07-16,MALAYSA,1500.0,5542.0,279736.0,21251.0,Running Bales
Cotton,2026-07-16,MEXICO,3727.0,13527.0,583028.0,45067.0,Running Bales
Cotton,2026-07-16,NICARAG,1909.0,4171.0,87594.0,2100.0,Running Bales
Cotton,2026-07-16,PAKISTN,-734.0,42682.0,1326729.0,235200.0,Running Bales
Cotton,2026-07-16,PERU,0.0,440.0,139166.0,8753.0,Running Bales
Cotton,2026-07-16,PORTUGL,0.0,0.0,9675.0,3080.0,Running Bales
Cotton,2026-07-16,S LANKA,0.0,0.0,87.0,0.0,Running Bales
Cotton,2026-07-16,SALVADR,0.0,3618.0,147386.0,59918.0,Running Bales
Cotton,2026-07-16,SWITZLD,0.0,0.0,616.0,0.0,Running Bales
Cotton,2026-07-16,TAIWAN,-5.0,2717.0,52808.0,10183.0,Running Bales
Cotton,2026-07-16,THAILND,1.0,6761.0,165772.0,17816.0,Running Bales
Cotton,2026-07-16,TURKEY,-69.0,31762.0,1016276.0,93228.0,Running Bales
Cotton,2026-07-16,UNKNOWN,0.0,0.0,0.0,0.0,Running Bales
Cotton,2026-07-16,VENEZ,0.0,0.0,6812.0,2554.0,Running Bales
Cotton,2026-07-16,VIETNAM,12250.0,96275.0,3669771.0,387758.0,Running Bales
Cotton,2026-07-23,BAHRAIN,-170.0,0.0,0.0,0.0,Running Bales
Cotton,2026-07-23,BANGLADH,-108.0,10810.0,789495.0,81235.0,Running Bales
Cotton,2026-07-23,BELGIUM,0.0,0.0,264.0,0.0,Running Bales
Cotton,2026-07-23,C RICA,10.0,2552.0,68733.0,1509.0,Running Bales
Cotton,2026-07-23,CHINA,3177.0,8873.0,550160.0,35433.0,Running Bales
Cotton,2026-07-23,COLOMB,0.0,0.0,4696.0,0.0,Running Bales
Cotton,2026-07-23,DJIBOUTI,0.0,0.0,2516.0,0.0,Running Bales
Cotton,2026-07-23,ECUADOR,0.0,978.0,40166.0,3421.0,Running Bales
Cotton,2026-07-23,EGYPT,0.0,0.0,17360.0,616.0,Running Bales
Cotton,2026-07-23,GERMANY,0.0,0.0,2032.0,0.0,Running Bales
Cotton,2026-07-23,GUATMAL,162.0,1857.0,220838.0,21595.0,Running Bales
Cotton,2026-07-23,HG KONG,0.0,0.0,0.0,6686.0,Running Bales
Cotton,2026-07-23,HONDURA,-1587.0,3345.0,258765.0,63545.0,Running Bales
Cotton,2026-07-23,INDIA,3364.0,11295.0,665039.0,99839.0,Running Bales
Cotton,2026-07-23,INDNSIA,1348.0,18045.0,452827.0,35827.0,Running Bales
Cotton,2026-07-23,ITALY,0.0,0.0,13435.0,810.0,Running Bales
Cotton,2026-07-23,JAPAN,-1403.0,972.0,76965.0,9418.0,Running Bales
Cotton,2026-07-23,KOR REP,0.0,0.0,83885.0,27582.0,Running Bales
Cotton,2026-07-23,MALAYSA,-13.0,7564.0,287300.0,13674.0,Running Bales
Cotton,2026-07-23,MEXICO,2482.0,12413.0,595441.0,35136.0,Running Bales
Cotton,2026-07-23,NICARAG,1480.0,1480.0,89074.0,2100.0,Running Bales
Cotton,2026-07-23,PAKISTN,5343.0,49398.0,1376127.0,191145.0,Running Bales
Cotton,2026-07-23,PERU,0.0,3091.0,142257.0,5662.0,Running Bales
Cotton,2026-07-23,PORTUGL,0.0,0.0,9675.0,3080.0,Running Bales
Cotton,2026-07-23,S LANKA,0.0,0.0,87.0,0.0,Running Bales
Cotton,2026-07-23,SALVADR,164.0,1840.0,149226.0,58242.0,Running Bales
Cotton,2026-07-23,SWITZLD,0.0,0.0,616.0,0.0,Running Bales
Cotton,2026-07-23,TAIWAN,0.0,1707.0,54515.0,8476.0,Running Bales
Cotton,2026-07-23,THAILND,1312.0,4915.0,170687.0,14213.0,Running Bales
Cotton,2026-07-23,TURKEY,-40.0,12668.0,1028944.0,80520.0,Running Bales
Cotton,2026-07-23,UNKNOWN,0.0,0.0,0.0,0.0,Running Bales
Cotton,2026-07-23,VENEZ,8.0,1408.0,8220.0,1154.0,Running Bales
Cotton,2026-07-23,VIETNAM,14190.0,78584.0,3748355.0,323364.0,Running Bales
Cotton,2026-07-30,BAHRAIN,0.0,0.0,0.0,0.0,Running Bales
Cotton,2026-07-30,BANGLADH,1.0,12652.0,802147.0,68584.0,Running Bales
Cotton,2026-07-30,BELGIUM,0.0,0.0,264.0,0.0,Running Bales
Cotton,2026-07-30,C RICA,0.0,0.0,68733.0,1509.0,Running Bales
Cotton,2026-07-30,CHINA,4136.0,7248.0,557408.0,32321.0,Running Bales
Cotton,2026-07-30,COLOMB,0.0,0.0,4696.0,0.0,Running Bales
Cotton,2026-07-30,DJIBOUTI,0.0,0.0,2516.0,0.0,Running Bales
Cotton,2026-07-30,ECUADOR,0.0,1143.0,41309.0,2278.0,Running Bales
Cotton,2026-07-30,EGYPT,0.0,528.0,17888.0,88.0,Running Bales
Cotton,2026-07-30,GERMANY,0.0,0.0,2032.0,0.0,Running Bales
Cotton,2026-07-30,GUATMAL,-528.0,1234.0,222072.0,19833.0,Running Bales
Cotton,2026-07-30,HG KONG,-2376.0,0.0,0.0,4310.0,Running Bales
Cotton,2026-07-30,HONDURA,0.0,4663.0,263428.0,58882.0,Running Bales
Cotton,2026-07-30,INDIA,-9349.0,18007.0,683046.0,72483.0,Running Bales
Cotton,2026-07-30,INDNSIA,-4243.0,11362.0,464189.0,20222.0,Running Bales
Cotton,2026-07-30,ITALY,0.0,0.0,13435.0,810.0,Running Bales
Cotton,2026-07-30,JAPAN,-2989.0,1319.0,78284.0,5110.0,Running Bales
Cotton,2026-07-30,KOR REP,-4931.0,0.0,83885.0,22651.0,Running Bales
Cotton,2026-07-30,MALAYSA,0.0,616.0,287916.0,13058.0,Running Bales
Cotton,2026-07-30,MEXICO,147.0,9777.0,605218.0,25506.0,Running Bales
Cotton,2026-07-30,NICARAG,864.0,1292.0,90366.0,1672.0,Running Bales
Cotton,2026-07-30,PAKISTN,2178.0,35491.0,1411618.0,157832.0,Running Bales
Cotton,2026-07-30,PERU,-1.0,1055.0,143312.0,4606.0,Running Bales
Cotton,2026-07-30,PORTUGL,0.0,616.0,10291.0,2464.0,Running Bales
Cotton,2026-07-30,S LANKA,0.0,0.0,87.0,0.0,Running Bales
Cotton,2026-07-30,SALVADR,0.0,4522.0,153748.0,53720.0,Running Bales
Cotton,2026-07-30,SWITZLD,0.0,0.0,616.0,0.0,Running Bales
Cotton,2026-07-30,TAIWAN,0.0,88.0,54603.0,8388.0,Running Bales
Cotton,2026-07-30,THAILND,-1676.0,2868.0,173555.0,9669.0,Running Bales
Cotton,2026-07-30,TURKEY,-33107.0,19472.0,1048416.0,27941.0,Running Bales
Cotton,2026-07-30,UNKNOWN,0.0,0.0,0.0,0.0,Running Bales
Cotton,2026-07-30,VENEZ,0.0,0.0,8220.0,1154.0,Running Bales
Cotton,2026-07-30,VIETNAM,-3981.0,88877.0,3837232.0,230506.0,Running Bales
Soybean Meal,2025-10-02,BELGIUM,9310.0,0.0,0.0,9310.0,Metric Tons
Soybean Meal,2025-10-02,BURMA,2000.0,0.0,0.0,5120.0,Metric Tons
Soybean Meal,2025-10-02,C RICA,13319.0,0.0,0.0,59153.0,Metric Tons
Soybean Meal,2025-10-02,CANADA,105126.0,4677.0,4677.0,427417.0,Metric Tons
Soybean Meal,2025-10-02,COLOMB,4500.0,2114.0,2114.0,389831.0,Metric Tons
Soybean Meal,2025-10-02,DOM REP,50325.0,0.0,0.0,163780.0,Metric Tons
Soybean Meal,2025-10-02,ECUADOR,0.0,0.0,0.0,0.0,Metric Tons
Soybean Meal,2025-10-02,EGYPT,1506.0,0.0,0.0,1506.0,Metric Tons
Soybean Meal,2025-10-02,GUATMAL,0.0,0.0,0.0,170050.0,Metric Tons
Soybean Meal,2025-10-02,HG KONG,958.0,0.0,0.0,958.0,Metric Tons
Soybean Meal,2025-10-02,HONDURA,3279.0,0.0,0.0,112619.0,Metric Tons
Soybean Meal,2025-10-02,INDNSIA,20776.0,0.0,0.0,44676.0,Metric Tons
Soybean Meal,2025-10-02,JAMAICA,12000.0,0.0,0.0,20000.0,Metric Tons
Soybean Meal,2025-10-02,JAPAN,75735.0,330.0,330.0,95443.0,Metric Tons
Soybean Meal,2025-10-02,JORDAN,130.0,0.0,0.0,130.0,Metric Tons
Soybean Meal,2025-10-02,KOR REP,650.0,0.0,0.0,1150.0,Metric Tons
Soybean Meal,2025-10-02,KUWAIT,2492.0,0.0,0.0,2492.0,Metric Tons
Soybean Meal,2025-10-02,LEBANON,104.0,0.0,0.0,104.0,Metric Tons
Soybean Meal,2025-10-02,LW WW I,0.0,0.0,0.0,600.0,Metric Tons
Soybean Meal,2025-10-02,MALAYSA,7109.0,159.0,159.0,9293.0,Metric Tons
Soybean Meal,2025-10-02,MEXICO,185948.0,59670.0,59670.0,705341.0,Metric Tons
Soybean Meal,2025-10-02,MOROCCO,60680.0,19680.0,19680.0,60000.0,Metric Tons
Soybean Meal,2025-10-02,NEPAL,5250.0,0.0,0.0,5250.0,Metric Tons
Soybean Meal,2025-10-02,NETHLDS,1280.0,0.0,0.0,1280.0,Metric Tons
Soybean Meal,2025-10-02,NICARAG,3000.0,0.0,0.0,39048.0,Metric Tons
Soybean Meal,2025-10-02,OMAN,1384.0,0.0,0.0,1384.0,Metric Tons
Soybean Meal,2025-10-02,PANAMA,7900.0,0.0,0.0,50100.0,Metric Tons
Soybean Meal,2025-10-02,PERU,0.0,0.0,0.0,0.0,Metric Tons
Soybean Meal,2025-10-02,PHIL,122059.0,500.0,500.0,667259.0,Metric Tons
Soybean Meal,2025-10-02,QATAR,562.0,0.0,0.0,562.0,Metric Tons
Soybean Meal,2025-10-02,S LANKA,48575.0,0.0,0.0,95466.0,Metric Tons
Soybean Meal,2025-10-02,SALVADR,8463.0,0.0,0.0,72684.0,Metric Tons
Soybean Meal,2025-10-02,TAIWAN,368.0,0.0,0.0,4368.0,Metric Tons
Soybean Meal,2025-10-02,THAILND,1250.0,745.0,745.0,1005.0,Metric Tons
Soybean Meal,2025-10-02,TRINID,0.0,0.0,0.0,6180.0,Metric Tons
Soybean Meal,2025-10-02,UNKNOWN,20740.0,0.0,0.0,1215373.0,Metric Tons
Soybean Meal,2025-10-02,VENEZ,55700.0,11000.0,11000.0,135700.0,Metric Tons
Soybean Meal,2025-10-02,VIETNAM,31930.0,0.0,0.0,119589.0,Metric Tons
Soybean Meal,2025-10-09,BELGIUM,0.0,0.0,0.0,9310.0,Metric Tons
Soybean Meal,2025-10-09,BURMA,0.0,0.0,0.0,5120.0,Metric Tons
Soybean Meal,2025-10-09,C RICA,0.0,0.0,0.0,59153.0,Metric Tons
Soybean Meal,2025-10-09,CANADA,78216.0,12911.0,17588.0,492722.0,Metric Tons
Soybean Meal,2025-10-09,COLOMB,18242.0,21442.0,23556.0,386631.0,Metric Tons
Soybean Meal,2025-10-09,DOM REP,0.0,27580.0,27580.0,136200.0,Metric Tons
Soybean Meal,2025-10-09,ECUADOR,24000.0,0.0,0.0,24000.0,Metric Tons
Soybean Meal,2025-10-09,EGYPT,0.0,0.0,0.0,1506.0,Metric Tons
Soybean Meal,2025-10-09,GUATMAL,0.0,0.0,0.0,170050.0,Metric Tons
Soybean Meal,2025-10-09,HG KONG,-477.0,0.0,0.0,481.0,Metric Tons
Soybean Meal,2025-10-09,HONDURA,1271.0,0.0,0.0,113890.0,Metric Tons
Soybean Meal,2025-10-09,INDNSIA,9873.0,96.0,96.0,54453.0,Metric Tons
Soybean Meal,2025-10-09,JAMAICA,0.0,0.0,0.0,20000.0,Metric Tons
Soybean Meal,2025-10-09,JAPAN,8856.0,66566.0,66896.0,37733.0,Metric Tons
Soybean Meal,2025-10-09,JORDAN,0.0,0.0,0.0,130.0,Metric Tons
Soybean Meal,2025-10-09,KOR REP,0.0,0.0,0.0,1150.0,Metric Tons
Soybean Meal,2025-10-09,KUWAIT,0.0,0.0,0.0,2492.0,Metric Tons
Soybean Meal,2025-10-09,LEBANON,0.0,0.0,0.0,104.0,Metric Tons
Soybean Meal,2025-10-09,LW WW I,0.0,0.0,0.0,600.0,Metric Tons
Soybean Meal,2025-10-09,MALAYSA,7496.0,496.0,655.0,16293.0,Metric Tons
Soybean Meal,2025-10-09,MEXICO,98426.0,19481.0,79151.0,784286.0,Metric Tons
Soybean Meal,2025-10-09,MOROCCO,0.0,0.0,19680.0,60000.0,Metric Tons
Soybean Meal,2025-10-09,NEPAL,509.0,1246.0,1246.0,4513.0,Metric Tons
Soybean Meal,2025-10-09,NETHLDS,0.0,440.0,440.0,840.0,Metric Tons
Soybean Meal,2025-10-09,NICARAG,0.0,0.0,0.0,39048.0,Metric Tons
Soybean Meal,2025-10-09,OMAN,0.0,0.0,0.0,1384.0,Metric Tons
Soybean Meal,2025-10-09,OPAC IS,84.0,84.0,84.0,0.0,Metric Tons
Soybean Meal,2025-10-09,PANAMA,1000.0,0.0,0.0,51100.0,Metric Tons
Soybean Meal,2025-10-09,PERU,0.0,0.0,0.0,0.0,Metric Tons
Soybean Meal,2025-10-09,PHIL,94707.0,50638.0,51138.0,711328.0,Metric Tons
Soybean Meal,2025-10-09,QATAR,0.0,0.0,0.0,562.0,Metric Tons
Soybean Meal,2025-10-09,S LANKA,10953.0,2284.0,2284.0,104135.0,Metric Tons
Soybean Meal,2025-10-09,SALVADR,0.0,0.0,0.0,72684.0,Metric Tons
Soybean Meal,2025-10-09,TAIWAN,0.0,33.0,33.0,4335.0,Metric Tons
Soybean Meal,2025-10-09,THAILND,1750.0,745.0,1490.0,2010.0,Metric Tons
Soybean Meal,2025-10-09,TRINID,0.0,0.0,0.0,6180.0,Metric Tons
Soybean Meal,2025-10-09,UNKNOWN,3500.0,0.0,0.0,1218873.0,Metric Tons
Soybean Meal,2025-10-09,VENEZ,0.0,0.0,11000.0,135700.0,Metric Tons
Soybean Meal,2025-10-09,VIETNAM,0.0,132.0,132.0,119457.0,Metric Tons
Soybean Meal,2025-10-16,BELGIUM,0.0,0.0,0.0,9310.0,Metric Tons
Soybean Meal,2025-10-16,BURMA,0.0,0.0,0.0,5120.0,Metric Tons
Soybean Meal,2025-10-16,C RICA,1456.0,1456.0,1456.0,59153.0,Metric Tons
Soybean Meal,2025-10-16,CANADA,14396.0,88292.0,105880.0,418826.0,Metric Tons
Soybean Meal,2025-10-16,COLOMB,113497.0,64387.0,87943.0,435741.0,Metric Tons
Soybean Meal,2025-10-16,DOM REP,25245.0,18670.0,46250.0,142775.0,Metric Tons
Soybean Meal,2025-10-16,ECUADOR,48139.0,48139.0,48139.0,24000.0,Metric Tons
Soybean Meal,2025-10-16,EGYPT,0.0,0.0,0.0,1506.0,Metric Tons
Soybean Meal,2025-10-16,GUATMAL,20322.0,20322.0,20322.0,170050.0,Metric Tons
Soybean Meal,2025-10-16,HG KONG,0.0,248.0,248.0,233.0,Metric Tons
Soybean Meal,2025-10-16,HONDURA,6532.0,0.0,0.0,120422.0,Metric Tons
Soybean Meal,2025-10-16,INDNSIA,5033.0,2300.0,2396.0,57186.0,Metric Tons
Soybean Meal,2025-10-16,ISRAEL,12243.0,12243.0,12243.0,0.0,Metric Tons
Soybean Meal,2025-10-16,JAMAICA,0.0,0.0,0.0,20000.0,Metric Tons
Soybean Meal,2025-10-16,JAPAN,100565.0,6793.0,73689.0,131505.0,Metric Tons
Soybean Meal,2025-10-16,JORDAN,0.0,0.0,0.0,130.0,Metric Tons
Soybean Meal,2025-10-16,KOR REP,500.0,0.0,0.0,1650.0,Metric Tons
Soybean Meal,2025-10-16,KUWAIT,0.0,0.0,0.0,2492.0,Metric Tons
Soybean Meal,2025-10-16,LEBANON,0.0,0.0,0.0,104.0,Metric Tons
Soybean Meal,2025-10-16,LW WW I,0.0,0.0,0.0,600.0,Metric Tons
Soybean Meal,2025-10-16,MALAYSA,-25.0,707.0,1362.0,15561.0,Metric Tons
Soybean Meal,2025-10-16,MEXICO,80522.0,41670.0,120821.0,823138.0,Metric Tons
Soybean Meal,2025-10-16,MOROCCO,0.0,0.0,19680.0,60000.0,Metric Tons
Soybean Meal,2025-10-16,NEPAL,0.0,495.0,1741.0,4018.0,Metric Tons
Soybean Meal,2025-10-16,NETHLDS,0.0,0.0,440.0,840.0,Metric Tons
Soybean Meal,2025-10-16,NICARAG,1750.0,0.0,0.0,40798.0,Metric Tons
Soybean Meal,2025-10-16,OMAN,0.0,0.0,0.0,1384.0,Metric Tons
Soybean Meal,2025-10-16,OPAC IS,0.0,0.0,84.0,0.0,Metric Tons
Soybean Meal,2025-10-16,PANAMA,0.0,0.0,0.0,51100.0,Metric Tons
Soybean Meal,2025-10-16,PERU,0.0,0.0,0.0,0.0,Metric Tons
Soybean Meal,2025-10-16,PHIL,101243.0,52379.0,103517.0,760192.0,Metric Tons
Soybean Meal,2025-10-16,QATAR,0.0,0.0,0.0,562.0,Metric Tons
Soybean Meal,2025-10-16,S LANKA,10458.0,2738.0,5022.0,111855.0,Metric Tons
Soybean Meal,2025-10-16,SALVADR,5000.0,0.0,0.0,77684.0,Metric Tons
Soybean Meal,2025-10-16,TAIWAN,0.0,0.0,33.0,4335.0,Metric Tons
Soybean Meal,2025-10-16,THAILND,0.0,0.0,1490.0,2010.0,Metric Tons
Soybean Meal,2025-10-16,TRINID,198.0,2178.0,2178.0,4200.0,Metric Tons
Soybean Meal,2025-10-16,U KING,5524.0,5524.0,5524.0,0.0,Metric Tons
Soybean Meal,2025-10-16,UNKNOWN,-115000.0,0.0,0.0,1103873.0,Metric Tons
Soybean Meal,2025-10-16,VENEZ,9000.0,0.0,11000.0,144700.0,Metric Tons
Soybean Meal,2025-10-16,VIETNAM,96521.0,11843.0,11975.0,204135.0,Metric Tons
Soybean Meal,2025-10-23,BELGIUM,0.0,0.0,0.0,9310.0,Metric Tons
Soybean Meal,2025-10-23,BURMA,0.0,0.0,0.0,5120.0,Metric Tons
Soybean Meal,2025-10-23,C RICA,52563.0,13451.0,14907.0,98265.0,Metric Tons
Soybean Meal,2025-10-23,CANADA,13016.0,13974.0,119854.0,417868.0,Metric Tons
Soybean Meal,2025-10-23,COLOMB,114530.0,41325.0,129268.0,508946.0,Metric Tons
Soybean Meal,2025-10-23,DOM REP,9000.0,0.0,46250.0,151775.0,Metric Tons
Soybean Meal,2025-10-23,ECUADOR,0.0,0.0,48139.0,24000.0,Metric Tons
Soybean Meal,2025-10-23,EGYPT,0.0,0.0,0.0,1506.0,Metric Tons
Soybean Meal,2025-10-23,GUATMAL,0.0,0.0,20322.0,170050.0,Metric Tons
Soybean Meal,2025-10-23,HG KONG,0.0,25.0,273.0,208.0,Metric Tons
Soybean Meal,2025-10-23,HONDURA,127019.0,38060.0,38060.0,209381.0,Metric Tons
Soybean Meal,2025-10-23,INDNSIA,-3.0,1291.0,3687.0,55892.0,Metric Tons
Soybean Meal,2025-10-23,ISRAEL,0.0,0.0,12243.0,0.0,Metric Tons
Soybean Meal,2025-10-23,JAMAICA,8000.0,0.0,0.0,28000.0,Metric Tons
Soybean Meal,2025-10-23,JAPAN,9997.0,10619.0,84308.0,130883.0,Metric Tons
Soybean Meal,2025-10-23,JORDAN,0.0,0.0,0.0,130.0,Metric Tons
Soybean Meal,2025-10-23,KOR REP,1500.0,18.0,18.0,3132.0,Metric Tons
Soybean Meal,2025-10-23,KUWAIT,0.0,0.0,0.0,2492.0,Metric Tons
Soybean Meal,2025-10-23,LEBANON,0.0,0.0,0.0,104.0,Metric Tons
Soybean Meal,2025-10-23,LW WW I,0.0,0.0,0.0,600.0,Metric Tons
Soybean Meal,2025-10-23,MALAYSA,0.0,0.0,1362.0,15561.0,Metric Tons
Soybean Meal,2025-10-23,MEXICO,166459.0,15575.0,136396.0,974022.0,Metric Tons
Soybean Meal,2025-10-23,MOROCCO,24923.0,24923.0,44603.0,60000.0,Metric Tons
Soybean Meal,2025-10-23,N ZEAL,34000.0,34000.0,34000.0,0.0,Metric Tons
Soybean Meal,2025-10-23,NEPAL,0.0,1480.0,3221.0,2538.0,Metric Tons
Soybean Meal,2025-10-23,NETHLDS,0.0,160.0,600.0,680.0,Metric Tons
Soybean Meal,2025-10-23,NICARAG,38148.0,0.0,0.0,78946.0,Metric Tons
Soybean Meal,2025-10-23,OMAN,0.0,0.0,0.0,1384.0,Metric Tons
Soybean Meal,2025-10-23,OPAC IS,21.0,21.0,105.0,0.0,Metric Tons
Soybean Meal,2025-10-23,PANAMA,12261.0,2016.0,2016.0,61345.0,Metric Tons
Soybean Meal,2025-10-23,PERU,0.0,0.0,0.0,0.0,Metric Tons
Soybean Meal,2025-10-23,PHIL,52351.0,106044.0,209561.0,706499.0,Metric Tons
Soybean Meal,2025-10-23,QATAR,0.0,0.0,0.0,562.0,Metric Tons
Soybean Meal,2025-10-23,S LANKA,7364.0,5019.0,10041.0,114200.0,Metric Tons
Soybean Meal,2025-10-23,SALVADR,702.0,6175.0,6175.0,72211.0,Metric Tons
Soybean Meal,2025-10-23,TAIWAN,0.0,16.0,49.0,4319.0,Metric Tons
Soybean Meal,2025-10-23,THAILND,0.0,0.0,1490.0,2010.0,Metric Tons
Soybean Meal,2025-10-23,TRINID,0.0,0.0,2178.0,4200.0,Metric Tons
Soybean Meal,2025-10-23,U KING,0.0,0.0,5524.0,0.0,Metric Tons
Soybean Meal,2025-10-23,UNKNOWN,-32000.0,0.0,0.0,1071873.0,Metric Tons
Soybean Meal,2025-10-23,VENEZ,0.0,0.0,11000.0,144700.0,Metric Tons
Soybean Meal,2025-10-23,VIETNAM,170.0,5504.0,17479.0,198801.0,Metric Tons
Soybean Meal,2025-10-30,BARBADO,770.0,770.0,770.0,0.0,Metric Tons
Soybean Meal,2025-10-30,BELGIUM,110.0,0.0,0.0,9420.0,Metric Tons
Soybean Meal,2025-10-30,BOLIVIA,14621.0,0.0,0.0,14621.0,Metric Tons
Soybean Meal,2025-10-30,BURMA,0.0,629.0,629.0,4491.0,Metric Tons
Soybean Meal,2025-10-30,C RICA,-39112.0,0.0,14907.0,59153.0,Metric Tons
Soybean Meal,2025-10-30,CANADA,-4753.0,13620.0,133474.0,399495.0,Metric Tons
Soybean Meal,2025-10-30,COLOMB,-80711.0,43102.0,172370.0,385133.0,Metric Tons
Soybean Meal,2025-10-30,DOM REP,17992.0,57162.0,103412.0,112605.0,Metric Tons
Soybean Meal,2025-10-30,ECUADOR,0.0,0.0,48139.0,24000.0,Metric Tons
Soybean Meal,2025-10-30,EGYPT,0.0,0.0,0.0,1506.0,Metric Tons
Soybean Meal,2025-10-30,GUATMAL,-6000.0,0.0,20322.0,164050.0,Metric Tons
Soybean Meal,2025-10-30,GUYANA,1750.0,1750.0,1750.0,0.0,Metric Tons
Soybean Meal,2025-10-30,HG KONG,0.0,0.0,273.0,208.0,Metric Tons
Soybean Meal,2025-10-30,HONDURA,-108521.0,0.0,38060.0,100860.0,Metric Tons
Soybean Meal,2025-10-30,INDNSIA,4500.0,2245.0,5932.0,58147.0,Metric Tons
Soybean Meal,2025-10-30,ISRAEL,0.0,0.0,12243.0,0.0,Metric Tons
Soybean Meal,2025-10-30,JAMAICA,-8000.0,0.0,0.0,20000.0,Metric Tons
Soybean Meal,2025-10-30,JAPAN,12382.0,353.0,84661.0,142912.0,Metric Tons
Soybean Meal,2025-10-30,JORDAN,0.0,0.0,0.0,130.0,Metric Tons
Soybean Meal,2025-10-30,KOR REP,250.0,40.0,58.0,3342.0,Metric Tons
Soybean Meal,2025-10-30,KUWAIT,0.0,0.0,0.0,2492.0,Metric Tons
Soybean Meal,2025-10-30,LEBANON,0.0,0.0,0.0,104.0,Metric Tons
Soybean Meal,2025-10-30,LW WW I,0.0,0.0,0.0,600.0,Metric Tons
Soybean Meal,2025-10-30,MALAYSA,0.0,0.0,1362.0,15561.0,Metric Tons
Soybean Meal,2025-10-30,MEXICO,82180.0,53708.0,190104.0,1002494.0,Metric Tons
Soybean Meal,2025-10-30,MOROCCO,5000.0,0.0,44603.0,65000.0,Metric Tons
Soybean Meal,2025-10-30,N ZEAL,0.0,0.0,34000.0,0.0,Metric Tons
Soybean Meal,2025-10-30,NEPAL,-38.0,0.0,3221.0,2500.0,Metric Tons
Soybean Meal,2025-10-30,NETHLDS,0.0,0.0,600.0,680.0,Metric Tons
Soybean Meal,2025-10-30,NICARAG,-37798.0,0.0,0.0,41148.0,Metric Tons
Soybean Meal,2025-10-30,OMAN,0.0,0.0,0.0,1384.0,Metric Tons
Soybean Meal,2025-10-30,OPAC IS,0.0,0.0,105.0,0.0,Metric Tons
Soybean Meal,2025-10-30,PANAMA,9033.0,19177.0,21193.0,51201.0,Metric Tons
Soybean Meal,2025-10-30,PERU,0.0,0.0,0.0,0.0,Metric Tons
Soybean Meal,2025-10-30,PHIL,239467.0,4909.0,214470.0,941057.0,Metric Tons
Soybean Meal,2025-10-30,QATAR,0.0,0.0,0.0,562.0,Metric Tons
Soybean Meal,2025-10-30,S LANKA,19911.0,13793.0,23834.0,120318.0,Metric Tons
Soybean Meal,2025-10-30,SALVADR,546.0,0.0,6175.0,72757.0,Metric Tons
Soybean Meal,2025-10-30,TAIWAN,0.0,0.0,49.0,4319.0,Metric Tons
Soybean Meal,2025-10-30,THAILND,0.0,0.0,1490.0,2010.0,Metric Tons
Soybean Meal,2025-10-30,TRINID,2620.0,6820.0,8998.0,0.0,Metric Tons
Soybean Meal,2025-10-30,U KING,18097.0,18097.0,23621.0,0.0,Metric Tons
Soybean Meal,2025-10-30,UNKNOWN,47050.0,0.0,0.0,1118923.0,Metric Tons
Soybean Meal,2025-10-30,VENEZ,28300.0,0.0,11000.0,173000.0,Metric Tons
Soybean Meal,2025-10-30,VIETNAM,184.0,2499.0,19978.0,196486.0,Metric Tons
Soybean Meal,2025-11-06,BARBADO,0.0,0.0,770.0,0.0,Metric Tons
Soybean Meal,2025-11-06,BELGIUM,-2056.0,0.0,0.0,7364.0,Metric Tons
Soybean Meal,2025-11-06,BOLIVIA,0.0,0.0,0.0,14621.0,Metric Tons
Soybean Meal,2025-11-06,BURMA,0.0,0.0,629.0,4491.0,Metric Tons
Soybean Meal,2025-11-06,C RICA,-62.0,5944.0,20851.0,53147.0,Metric Tons
Soybean Meal,2025-11-06,CANADA,10962.0,9067.0,142541.0,401390.0,Metric Tons
Soybean Meal,2025-11-06,COLOMB,69458.0,34550.0,206920.0,420041.0,Metric Tons
Soybean Meal,2025-11-06,DOM REP,0.0,0.0,103412.0,112605.0,Metric Tons
Soybean Meal,2025-11-06,ECUADOR,0.0,0.0,48139.0,24000.0,Metric Tons
Soybean Meal,2025-11-06,EGYPT,0.0,0.0,0.0,1506.0,Metric Tons
Soybean Meal,2025-11-06,GUATMAL,-818.0,31882.0,52204.0,131350.0,Metric Tons
Soybean Meal,2025-11-06,GUYANA,0.0,0.0,1750.0,0.0,Metric Tons
Soybean Meal,2025-11-06,HG KONG,0.0,0.0,273.0,208.0,Metric Tons
Soybean Meal,2025-11-06,HONDURA,0.0,0.0,38060.0,100860.0,Metric Tons
Soybean Meal,2025-11-06,INDNSIA,-84.0,1739.0,7671.0,56324.0,Metric Tons
Soybean Meal,2025-11-06,ISRAEL,0.0,0.0,12243.0,0.0,Metric Tons
Soybean Meal,2025-11-06,JAMAICA,-63.0,3937.0,3937.0,16000.0,Metric Tons
Soybean Meal,2025-11-06,JAPAN,1511.0,542.0,85203.0,143881.0,Metric Tons
Soybean Meal,2025-11-06,JORDAN,0.0,0.0,0.0,130.0,Metric Tons
Soybean Meal,2025-11-06,KOR REP,22.0,240.0,298.0,3124.0,Metric Tons
Soybean Meal,2025-11-06,KUWAIT,0.0,0.0,0.0,2492.0,Metric Tons
Soybean Meal,2025-11-06,LEBANON,0.0,0.0,0.0,104.0,Metric Tons
Soybean Meal,2025-11-06,LW WW I,0.0,0.0,0.0,600.0,Metric Tons
Soybean Meal,2025-11-06,MALAYSA,-65.0,0.0,1362.0,15496.0,Metric Tons
Soybean Meal,2025-11-06,MEXICO,35753.0,35467.0,225571.0,1002780.0,Metric Tons
Soybean Meal,2025-11-06,MOROCCO,0.0,0.0,44603.0,65000.0,Metric Tons
Soybean Meal,2025-11-06,N ZEAL,5598.0,5598.0,39598.0,0.0,Metric Tons
Soybean Meal,2025-11-06,NEPAL,0.0,0.0,3221.0,2500.0,Metric Tons
Soybean Meal,2025-11-06,NETHLDS,0.0,0.0,600.0,680.0,Metric Tons
Soybean Meal,2025-11-06,NICARAG,-340.0,3060.0,3060.0,37748.0,Metric Tons
Soybean Meal,2025-11-06,OMAN,0.0,0.0,0.0,1384.0,Metric Tons
Soybean Meal,2025-11-06,OPAC IS,0.0,0.0,105.0,0.0,Metric Tons
Soybean Meal,2025-11-06,PANAMA,1000.0,0.0,21193.0,52201.0,Metric Tons
Soybean Meal,2025-11-06,PERU,0.0,0.0,0.0,0.0,Metric Tons
Soybean Meal,2025-11-06,PHIL,7151.0,54557.0,269027.0,893651.0,Metric Tons
Soybean Meal,2025-11-06,QATAR,0.0,0.0,0.0,562.0,Metric Tons
Soybean Meal,2025-11-06,S LANKA,1578.0,5533.0,29367.0,116363.0,Metric Tons
Soybean Meal,2025-11-06,SALVADR,0.0,0.0,6175.0,72757.0,Metric Tons
Soybean Meal,2025-11-06,TAIWAN,0.0,0.0,49.0,4319.0,Metric Tons
Soybean Meal,2025-11-06,THAILND,0.0,0.0,1490.0,2010.0,Metric Tons
Soybean Meal,2025-11-06,TRINID,0.0,0.0,8998.0,0.0,Metric Tons
Soybean Meal,2025-11-06,U KING,0.0,0.0,23621.0,0.0,Metric Tons
Soybean Meal,2025-11-06,UNKNOWN,-28000.0,0.0,0.0,1090923.0,Metric Tons
Soybean Meal,2025-11-06,VENEZ,-8203.0,19797.0,30797.0,145000.0,Metric Tons
Soybean Meal,2025-11-06,VIETNAM,141.0,4245.0,24223.0,192382.0,Metric Tons
Soybean Meal,2025-11-13,BANGLADH,47000.0,0.0,0.0,47000.0,Metric Tons
Soybean Meal,2025-11-13,BARBADO,0.0,0.0,770.0,0.0,Metric Tons
Soybean Meal,2025-11-13,BELGIUM,-998.0,0.0,0.0,6366.0,Metric Tons
Soybean Meal,2025-11-13,BOLIVIA,0.0,0.0,0.0,14621.0,Metric Tons
Soybean Meal,2025-11-13,BURMA,2700.0,0.0,629.0,7191.0,Metric Tons
Soybean Meal,2025-11-13,C RICA,0.0,0.0,20851.0,53147.0,Metric Tons
Soybean Meal,2025-11-13,CANADA,8263.0,10878.0,153419.0,398775.0,Metric Tons
Soybean Meal,2025-11-13,COLOMB,29803.0,18150.0,225070.0,431694.0,Metric Tons
Soybean Meal,2025-11-13,DOM REP,7000.0,0.0,103412.0,119605.0,Metric Tons
Soybean Meal,2025-11-13,ECUADOR,49500.0,49500.0,97639.0,24000.0,Metric Tons
Soybean Meal,2025-11-13,EGYPT,0.0,0.0,0.0,1506.0,Metric Tons
Soybean Meal,2025-11-13,GUATMAL,10077.0,11897.0,64101.0,129530.0,Metric Tons
Soybean Meal,2025-11-13,GUYANA,0.0,0.0,1750.0,0.0,Metric Tons
Soybean Meal,2025-11-13,HG KONG,0.0,0.0,273.0,208.0,Metric Tons
Soybean Meal,2025-11-13,HONDURA,8753.0,0.0,38060.0,109613.0,Metric Tons
Soybean Meal,2025-11-13,INDNSIA,430.0,2955.0,10626.0,53799.0,Metric Tons
Soybean Meal,2025-11-13,ISRAEL,0.0,0.0,12243.0,0.0,Metric Tons
Soybean Meal,2025-11-13,JAMAICA,0.0,0.0,3937.0,16000.0,Metric Tons
Soybean Meal,2025-11-13,JAPAN,-352.0,449.0,85652.0,143080.0,Metric Tons
Soybean Meal,2025-11-13,JORDAN,0.0,0.0,0.0,130.0,Metric Tons
Soybean Meal,2025-11-13,KOR REP,500.0,0.0,298.0,3624.0,Metric Tons
Soybean Meal,2025-11-13,KUWAIT,2000.0,0.0,0.0,4492.0,Metric Tons
Soybean Meal,2025-11-13,LEBANON,0.0,0.0,0.0,104.0,Metric Tons
Soybean Meal,2025-11-13,LW WW I,0.0,0.0,0.0,600.0,Metric Tons
Soybean Meal,2025-11-13,MALAYSA,0.0,0.0,1362.0,15496.0,Metric Tons
Soybean Meal,2025-11-13,MEXICO,123370.0,60488.0,286059.0,1065662.0,Metric Tons
Soybean Meal,2025-11-13,MOROCCO,19988.0,10988.0,55591.0,74000.0,Metric Tons
Soybean Meal,2025-11-13,N ZEAL,0.0,0.0,39598.0,0.0,Metric Tons
Soybean Meal,2025-11-13,NEPAL,19.0,519.0,3740.0,2000.0,Metric Tons
Soybean Meal,2025-11-13,NETHLDS,0.0,280.0,880.0,400.0,Metric Tons
Soybean Meal,2025-11-13,NICARAG,-914.0,10246.0,13306.0,26588.0,Metric Tons
Soybean Meal,2025-11-13,OMAN,0.0,0.0,0.0,1384.0,Metric Tons
Soybean Meal,2025-11-13,OPAC IS,126.0,126.0,231.0,0.0,Metric Tons
Soybean Meal,2025-11-13,PANAMA,36500.0,0.0,21193.0,88701.0,Metric Tons
Soybean Meal,2025-11-13,PERU,0.0,0.0,0.0,0.0,Metric Tons
Soybean Meal,2025-11-13,PHIL,3849.0,143649.0,412676.0,753851.0,Metric Tons
Soybean Meal,2025-11-13,QATAR,0.0,0.0,0.0,562.0,Metric Tons
Soybean Meal,2025-11-13,S LANKA,1545.0,9135.0,38502.0,108773.0,Metric Tons
Soybean Meal,2025-11-13,SALVADR,1395.0,6345.0,12520.0,67807.0,Metric Tons
Soybean Meal,2025-11-13,TAIWAN,374.0,2751.0,2800.0,1942.0,Metric Tons
Soybean Meal,2025-11-13,THAILND,0.0,0.0,1490.0,2010.0,Metric Tons
Soybean Meal,2025-11-13,TRINID,0.0,0.0,8998.0,0.0,Metric Tons
Soybean Meal,2025-11-13,U KING,18813.0,18813.0,42434.0,0.0,Metric Tons
Soybean Meal,2025-11-13,UNKNOWN,-46200.0,0.0,0.0,1044723.0,Metric Tons
Soybean Meal,2025-11-13,VENEZ,30000.0,0.0,30797.0,175000.0,Metric Tons
Soybean Meal,2025-11-13,VIETNAM,4320.0,58672.0,82895.0,138030.0,Metric Tons
Soybean Meal,2025-11-20,BANGLADH,4700.0,51700.0,51700.0,0.0,Metric Tons
Soybean Meal,2025-11-20,BARBADO,0.0,0.0,770.0,0.0,Metric Tons
Soybean Meal,2025-11-20,BELGIUM,0.0,0.0,0.0,6366.0,Metric Tons
Soybean Meal,2025-11-20,BOLIVIA,0.0,0.0,0.0,14621.0,Metric Tons
Soybean Meal,2025-11-20,BURMA,2399.0,696.0,1325.0,8894.0,Metric Tons
Soybean Meal,2025-11-20,C RICA,8222.0,3622.0,24473.0,57747.0,Metric Tons
Soybean Meal,2025-11-20,CANADA,9836.0,11739.0,165158.0,396872.0,Metric Tons
Soybean Meal,2025-11-20,COLOMB,42071.0,34691.0,259761.0,439074.0,Metric Tons
Soybean Meal,2025-11-20,DOM REP,18300.0,0.0,103412.0,137905.0,Metric Tons
Soybean Meal,2025-11-20,ECUADOR,0.0,0.0,97639.0,24000.0,Metric Tons
Soybean Meal,2025-11-20,EGYPT,0.0,0.0,0.0,1506.0,Metric Tons
Soybean Meal,2025-11-20,GUATMAL,4033.0,13702.0,77803.0,119861.0,Metric Tons
Soybean Meal,2025-11-20,GUYANA,0.0,0.0,1750.0,0.0,Metric Tons
Soybean Meal,2025-11-20,HG KONG,0.0,0.0,273.0,208.0,Metric Tons
Soybean Meal,2025-11-20,HONDURA,-752.0,27765.0,65825.0,81096.0,Metric Tons
Soybean Meal,2025-11-20,INDNSIA,4008.0,1213.0,11839.0,56594.0,Metric Tons
Soybean Meal,2025-11-20,ISRAEL,0.0,0.0,12243.0,0.0,Metric Tons
Soybean Meal,2025-11-20,JAMAICA,10198.0,10198.0,14135.0,16000.0,Metric Tons
Soybean Meal,2025-11-20,JAPAN,1017.0,589.0,86241.0,143508.0,Metric Tons
Soybean Meal,2025-11-20,JORDAN,0.0,0.0,0.0,130.0,Metric Tons
Soybean Meal,2025-11-20,KOR REP,0.0,218.0,516.0,3406.0,Metric Tons
Soybean Meal,2025-11-20,KUWAIT,0.0,0.0,0.0,4492.0,Metric Tons
Soybean Meal,2025-11-20,LEBANON,0.0,0.0,0.0,104.0,Metric Tons
Soybean Meal,2025-11-20,LW WW I,50.0,650.0,650.0,0.0,Metric Tons
Soybean Meal,2025-11-20,MALAYSA,0.0,0.0,1362.0,15496.0,Metric Tons
Soybean Meal,2025-11-20,MEXICO,11426.0,50945.0,337004.0,1026143.0,Metric Tons
Soybean Meal,2025-11-20,MOROCCO,701.0,19701.0,75292.0,55000.0,Metric Tons
Soybean Meal,2025-11-20,N ZEAL,0.0,0.0,39598.0,0.0,Metric Tons
Soybean Meal,2025-11-20,NEPAL,0.0,259.0,3999.0,1741.0,Metric Tons
Soybean Meal,2025-11-20,NETHLDS,0.0,220.0,1100.0,180.0,Metric Tons
Soybean Meal,2025-11-20,NICARAG,1600.0,0.0,13306.0,28188.0,Metric Tons
Soybean Meal,2025-11-20,OMAN,0.0,0.0,0.0,1384.0,Metric Tons
Soybean Meal,2025-11-20,OPAC IS,126.0,126.0,357.0,0.0,Metric Tons
Soybean Meal,2025-11-20,PANAMA,766.0,9666.0,30859.0,79801.0,Metric Tons
Soybean Meal,2025-11-20,PERU,0.0,0.0,0.0,0.0,Metric Tons
Soybean Meal,2025-11-20,PHIL,3938.0,67614.0,480290.0,690175.0,Metric Tons
Soybean Meal,2025-11-20,QATAR,0.0,0.0,0.0,562.0,Metric Tons
Soybean Meal,2025-11-20,S LANKA,3530.0,10211.0,48713.0,102092.0,Metric Tons
Soybean Meal,2025-11-20,SALVADR,-5727.0,0.0,12520.0,62080.0,Metric Tons
Soybean Meal,2025-11-20,TAIWAN,0.0,50.0,2850.0,1892.0,Metric Tons
Soybean Meal,2025-11-20,THAILND,0.0,0.0,1490.0,2010.0,Metric Tons
Soybean Meal,2025-11-20,TRINID,0.0,0.0,8998.0,0.0,Metric Tons
Soybean Meal,2025-11-20,U KING,18492.0,18492.0,60926.0,0.0,Metric Tons
Soybean Meal,2025-11-20,UNKNOWN,-3000.0,0.0,0.0,1041723.0,Metric Tons
Soybean Meal,2025-11-20,VENEZ,0.0,0.0,30797.0,175000.0,Metric Tons
Soybean Meal,2025-11-20,VIETNAM,15017.0,2645.0,85540.0,150402.0,Metric Tons
Soybean Meal,2025-11-27,BANGLADH,0.0,0.0,51700.0,0.0,Metric Tons
Soybean Meal,2025-11-27,BARBADO,0.0,0.0,770.0,0.0,Metric Tons
Soybean Meal,2025-11-27,BELGIUM,2722.0,0.0,0.0,9088.0,Metric Tons
Soybean Meal,2025-11-27,BOLIVIA,0.0,0.0,0.0,14621.0,Metric Tons
Soybean Meal,2025-11-27,BURMA,471.0,0.0,1325.0,9365.0,Metric Tons
Soybean Meal,2025-11-27,C RICA,2000.0,0.0,24473.0,59747.0,Metric Tons
Soybean Meal,2025-11-27,CANADA,8623.0,8281.0,173439.0,397214.0,Metric Tons
Soybean Meal,2025-11-27,COLOMB,86943.0,65843.0,325604.0,460174.0,Metric Tons
Soybean Meal,2025-11-27,DOM REP,3000.0,33000.0,136412.0,107905.0,Metric Tons
Soybean Meal,2025-11-27,ECUADOR,0.0,0.0,97639.0,24000.0,Metric Tons
Soybean Meal,2025-11-27,EGYPT,0.0,0.0,0.0,1506.0,Metric Tons
Soybean Meal,2025-11-27,GUATMAL,-6000.0,0.0,77803.0,113861.0,Metric Tons
Soybean Meal,2025-11-27,GUYANA,0.0,0.0,1750.0,0.0,Metric Tons
Soybean Meal,2025-11-27,HG KONG,0.0,0.0,273.0,208.0,Metric Tons
Soybean Meal,2025-11-27,HONDURA,7641.0,5041.0,70866.0,83696.0,Metric Tons
Soybean Meal,2025-11-27,INDNSIA,69.0,3369.0,15208.0,53294.0,Metric Tons
Soybean Meal,2025-11-27,ISRAEL,0.0,0.0,12243.0,0.0,Metric Tons
Soybean Meal,2025-11-27,JAMAICA,198.0,2198.0,16333.0,14000.0,Metric Tons
Soybean Meal,2025-11-27,JAPAN,506.0,262.0,86503.0,143752.0,Metric Tons
Soybean Meal,2025-11-27,JORDAN,0.0,0.0,0.0,130.0,Metric Tons
Soybean Meal,2025-11-27,KOR REP,1250.0,290.0,806.0,4366.0,Metric Tons
Soybean Meal,2025-11-27,KUWAIT,0.0,0.0,0.0,4492.0,Metric Tons
Soybean Meal,2025-11-27,LEBANON,0.0,0.0,0.0,104.0,Metric Tons
Soybean Meal,2025-11-27,LW WW I,0.0,0.0,650.0,0.0,Metric Tons
Soybean Meal,2025-11-27,MALAYSA,0.0,0.0,1362.0,15496.0,Metric Tons
Soybean Meal,2025-11-27,MEXICO,28877.0,104831.0,441835.0,950189.0,Metric Tons
Soybean Meal,2025-11-27,MOROCCO,0.0,0.0,75292.0,55000.0,Metric Tons
Soybean Meal,2025-11-27,N ZEAL,0.0,0.0,39598.0,0.0,Metric Tons
Soybean Meal,2025-11-27,NEPAL,17.0,258.0,4257.0,1500.0,Metric Tons
Soybean Meal,2025-11-27,NETHLDS,5040.0,180.0,1280.0,5040.0,Metric Tons
Soybean Meal,2025-11-27,NICARAG,6924.0,4424.0,17730.0,30688.0,Metric Tons
Soybean Meal,2025-11-27,OMAN,0.0,0.0,0.0,1384.0,Metric Tons
Soybean Meal,2025-11-27,OPAC IS,0.0,0.0,357.0,0.0,Metric Tons
Soybean Meal,2025-11-27,PANAMA,3780.0,4950.0,35809.0,78631.0,Metric Tons
Soybean Meal,2025-11-27,PERU,0.0,0.0,0.0,0.0,Metric Tons
Soybean Meal,2025-11-27,PHIL,141775.0,52499.0,532789.0,779451.0,Metric Tons
Soybean Meal,2025-11-27,QATAR,0.0,0.0,0.0,562.0,Metric Tons
Soybean Meal,2025-11-27,S LANKA,8285.0,9890.0,58603.0,100487.0,Metric Tons
Soybean Meal,2025-11-27,SALVADR,-1505.0,24547.0,37067.0,36028.0,Metric Tons
Soybean Meal,2025-11-27,TAIWAN,0.0,0.0,2850.0,1892.0,Metric Tons
Soybean Meal,2025-11-27,THAILND,0.0,0.0,1490.0,2010.0,Metric Tons
Soybean Meal,2025-11-27,TRINID,0.0,0.0,8998.0,0.0,Metric Tons
Soybean Meal,2025-11-27,U KING,0.0,0.0,60926.0,0.0,Metric Tons
Soybean Meal,2025-11-27,UNKNOWN,114500.0,0.0,0.0,1156223.0,Metric Tons
Soybean Meal,2025-11-27,VENEZ,15720.0,15720.0,46517.0,175000.0,Metric Tons
Soybean Meal,2025-11-27,VIETNAM,5210.0,31854.0,117394.0,123758.0,Metric Tons
Soybean Meal,2025-12-04,BANGLADH,0.0,0.0,51700.0,0.0,Metric Tons
Soybean Meal,2025-12-04,BARBADO,630.0,630.0,1400.0,0.0,Metric Tons
Soybean Meal,2025-12-04,BELGIUM,-1447.0,0.0,0.0,7641.0,Metric Tons
Soybean Meal,2025-12-04,BOLIVIA,0.0,0.0,0.0,14621.0,Metric Tons
Soybean Meal,2025-12-04,BURMA,615.0,128.0,1453.0,9852.0,Metric Tons
Soybean Meal,2025-12-04,C RICA,3519.0,13631.0,38104.0,49635.0,Metric Tons
Soybean Meal,2025-12-04,CANADA,6989.0,8958.0,182397.0,395245.0,Metric Tons
Soybean Meal,2025-12-04,COLOMB,67948.0,49062.0,374666.0,479060.0,Metric Tons
Soybean Meal,2025-12-04,DOM REP,0.0,0.0,136412.0,107905.0,Metric Tons
Soybean Meal,2025-12-04,ECUADOR,0.0,0.0,97639.0,24000.0,Metric Tons
Soybean Meal,2025-12-04,EGYPT,0.0,0.0,0.0,1506.0,Metric Tons
Soybean Meal,2025-12-04,GUATMAL,7074.0,7074.0,84877.0,113861.0,Metric Tons
Soybean Meal,2025-12-04,GUYANA,2001.0,2001.0,3751.0,0.0,Metric Tons
Soybean Meal,2025-12-04,HG KONG,0.0,0.0,273.0,208.0,Metric Tons
Soybean Meal,2025-12-04,HONDURA,3900.0,0.0,70866.0,87596.0,Metric Tons
Soybean Meal,2025-12-04,INDNSIA,-238.0,4138.0,19346.0,48918.0,Metric Tons
Soybean Meal,2025-12-04,ISRAEL,0.0,0.0,12243.0,0.0,Metric Tons
Soybean Meal,2025-12-04,JAMAICA,2000.0,0.0,16333.0,16000.0,Metric Tons
Soybean Meal,2025-12-04,JAPAN,-673.0,732.0,87235.0,142347.0,Metric Tons
Soybean Meal,2025-12-04,JORDAN,0.0,0.0,0.0,130.0,Metric Tons
Soybean Meal,2025-12-04,KOR REP,-26.0,90.0,896.0,4250.0,Metric Tons
Soybean Meal,2025-12-04,KUWAIT,0.0,0.0,0.0,4492.0,Metric Tons
Soybean Meal,2025-12-04,LEBANON,0.0,0.0,0.0,104.0,Metric Tons
Soybean Meal,2025-12-04,LW WW I,650.0,0.0,650.0,650.0,Metric Tons
Soybean Meal,2025-12-04,MALAYSA,0.0,0.0,1362.0,15496.0,Metric Tons
Soybean Meal,2025-12-04,MEXICO,10442.0,71690.0,513525.0,888941.0,Metric Tons
Soybean Meal,2025-12-04,MOROCCO,20000.0,0.0,75292.0,75000.0,Metric Tons
Soybean Meal,2025-12-04,N ZEAL,0.0,0.0,39598.0,0.0,Metric Tons
Soybean Meal,2025-12-04,NEPAL,1000.0,0.0,4257.0,2500.0,Metric Tons
Soybean Meal,2025-12-04,NETHLDS,0.0,0.0,1280.0,5040.0,Metric Tons
Soybean Meal,2025-12-04,NICARAG,13465.0,18362.0,36092.0,25791.0,Metric Tons
Soybean Meal,2025-12-04,OMAN,0.0,0.0,0.0,1384.0,Metric Tons
Soybean Meal,2025-12-04,OPAC IS,0.0,0.0,357.0,0.0,Metric Tons
Soybean Meal,2025-12-04,PANAMA,19435.0,9135.0,44944.0,88931.0,Metric Tons
Soybean Meal,2025-12-04,PERU,0.0,0.0,0.0,0.0,Metric Tons
Soybean Meal,2025-12-04,PHIL,5809.0,48134.0,580923.0,737126.0,Metric Tons
Soybean Meal,2025-12-04,QATAR,0.0,0.0,0.0,562.0,Metric Tons
Soybean Meal,2025-12-04,S LANKA,6840.0,8510.0,67113.0,98817.0,Metric Tons
Soybean Meal,2025-12-04,SALVADR,0.0,0.0,37067.0,36028.0,Metric Tons
Soybean Meal,2025-12-04,SURINAM,962.0,962.0,962.0,0.0,Metric Tons
Soybean Meal,2025-12-04,TAIWAN,0.0,877.0,3727.0,1015.0,Metric Tons
Soybean Meal,2025-12-04,THAILND,0.0,0.0,1490.0,2010.0,Metric Tons
Soybean Meal,2025-12-04,TRINID,1923.0,1923.0,10921.0,0.0,Metric Tons
Soybean Meal,2025-12-04,U KING,0.0,0.0,60926.0,0.0,Metric Tons
Soybean Meal,2025-12-04,UNKNOWN,27484.0,0.0,0.0,1183707.0,Metric Tons
Soybean Meal,2025-12-04,VENEZ,29000.0,0.0,46517.0,204000.0,Metric Tons
Soybean Meal,2025-12-04,VIETNAM,46185.0,47384.0,164778.0,122559.0,Metric Tons
Soybean Meal,2025-12-11,BANGLADH,0.0,0.0,51700.0,0.0,Metric Tons
Soybean Meal,2025-12-11,BARBADO,0.0,0.0,1400.0,0.0,Metric Tons
Soybean Meal,2025-12-11,BELGIUM,-850.0,0.0,0.0,6791.0,Metric Tons
Soybean Meal,2025-12-11,BOLIVIA,0.0,0.0,0.0,14621.0,Metric Tons
Soybean Meal,2025-12-11,BURMA,2200.0,0.0,1453.0,12052.0,Metric Tons
Soybean Meal,2025-12-11,C RICA,0.0,0.0,38104.0,49635.0,Metric Tons
Soybean Meal,2025-12-11,CANADA,2035.0,16307.0,198704.0,380973.0,Metric Tons
Soybean Meal,2025-12-11,COLOMB,24082.0,24082.0,398748.0,479060.0,Metric Tons
Soybean Meal,2025-12-11,DOM REP,475.0,28625.0,165037.0,79755.0,Metric Tons
Soybean Meal,2025-12-11,ECUADOR,17000.0,0.0,97639.0,41000.0,Metric Tons
Soybean Meal,2025-12-11,EGYPT,0.0,0.0,0.0,1506.0,Metric Tons
Soybean Meal,2025-12-11,GUATMAL,12000.0,0.0,84877.0,125861.0,Metric Tons
Soybean Meal,2025-12-11,GUYANA,0.0,0.0,3751.0,0.0,Metric Tons
Soybean Meal,2025-12-11,HG KONG,0.0,0.0,273.0,208.0,Metric Tons
Soybean Meal,2025-12-11,HONDURA,0.0,0.0,70866.0,87596.0,Metric Tons
Soybean Meal,2025-12-11,INDNSIA,9315.0,3262.0,22608.0,54971.0,Metric Tons
Soybean Meal,2025-12-11,ISRAEL,0.0,0.0,12243.0,0.0,Metric Tons
Soybean Meal,2025-12-11,JAMAICA,9199.0,2199.0,18532.0,23000.0,Metric Tons
Soybean Meal,2025-12-11,JAPAN,4752.0,5336.0,92571.0,141763.0,Metric Tons
Soybean Meal,2025-12-11,JORDAN,0.0,0.0,0.0,130.0,Metric Tons
Soybean Meal,2025-12-11,KOR REP,0.0,0.0,896.0,4250.0,Metric Tons
Soybean Meal,2025-12-11,KUWAIT,0.0,0.0,0.0,4492.0,Metric Tons
Soybean Meal,2025-12-11,LEBANON,0.0,0.0,0.0,104.0,Metric Tons
Soybean Meal,2025-12-11,LW WW I,0.0,0.0,650.0,650.0,Metric Tons
Soybean Meal,2025-12-11,MALAYSA,0.0,0.0,1362.0,15496.0,Metric Tons
Soybean Meal,2025-12-11,MEXICO,155893.0,62483.0,576008.0,982351.0,Metric Tons
Soybean Meal,2025-12-11,MOROCCO,20000.0,0.0,75292.0,95000.0,Metric Tons
Soybean Meal,2025-12-11,N ZEAL,0.0,0.0,39598.0,0.0,Metric Tons
Soybean Meal,2025-12-11,NEPAL,20.0,989.0,5246.0,1531.0,Metric Tons
Soybean Meal,2025-12-11,NETHLDS,50552.0,20552.0,21832.0,35040.0,Metric Tons
Soybean Meal,2025-12-11,NICARAG,1950.0,0.0,36092.0,27741.0,Metric Tons
Soybean Meal,2025-12-11,OMAN,0.0,0.0,0.0,1384.0,Metric Tons
Soybean Meal,2025-12-11,OPAC IS,0.0,0.0,357.0,0.0,Metric Tons
Soybean Meal,2025-12-11,PANAMA,0.0,0.0,44944.0,88931.0,Metric Tons
Soybean Meal,2025-12-11,PERU,0.0,0.0,0.0,0.0,Metric Tons
Soybean Meal,2025-12-11,PHIL,147248.0,48902.0,629825.0,835472.0,Metric Tons
Soybean Meal,2025-12-11,POLAND,120000.0,0.0,0.0,120000.0,Metric Tons
Soybean Meal,2025-12-11,QATAR,0.0,0.0,0.0,562.0,Metric Tons
Soybean Meal,2025-12-11,S LANKA,6626.0,9064.0,76177.0,96379.0,Metric Tons
Soybean Meal,2025-12-11,SALVADR,14792.0,0.0,37067.0,50820.0,Metric Tons
Soybean Meal,2025-12-11,SPAIN,55000.0,55000.0,55000.0,0.0,Metric Tons
Soybean Meal,2025-12-11,SURINAM,0.0,0.0,962.0,0.0,Metric Tons
Soybean Meal,2025-12-11,TAIWAN,0.0,417.0,4144.0,598.0,Metric Tons
Soybean Meal,2025-12-11,THAILND,0.0,0.0,1490.0,2010.0,Metric Tons
Soybean Meal,2025-12-11,TRINID,0.0,0.0,10921.0,0.0,Metric Tons
Soybean Meal,2025-12-11,U KING,0.0,0.0,60926.0,0.0,Metric Tons
Soybean Meal,2025-12-11,UNKNOWN,-69000.0,0.0,0.0,1114707.0,Metric Tons
Soybean Meal,2025-12-11,VENEZ,2298.0,25298.0,71815.0,181000.0,Metric Tons
Soybean Meal,2025-12-11,VIETNAM,30866.0,33423.0,198201.0,120002.0,Metric Tons
Soybean Meal,2025-12-18,BANGLADH,0.0,0.0,51700.0,0.0,Metric Tons
Soybean Meal,2025-12-18,BARBADO,0.0,0.0,1400.0,0.0,Metric Tons
Soybean Meal,2025-12-18,BELGIUM,821.0,0.0,0.0,7612.0,Metric Tons
Soybean Meal,2025-12-18,BOLIVIA,0.0,0.0,0.0,14621.0,Metric Tons
Soybean Meal,2025-12-18,BURMA,-1520.0,493.0,1946.0,10039.0,Metric Tons
Soybean Meal,2025-12-18,C RICA,15620.0,2150.0,40254.0,63105.0,Metric Tons
Soybean Meal,2025-12-18,CANADA,51762.0,50272.0,248976.0,382463.0,Metric Tons
Soybean Meal,2025-12-18,COLOMB,12441.0,0.0,398748.0,491501.0,Metric Tons
Soybean Meal,2025-12-18,DOM REP,-448.0,8552.0,173589.0,70755.0,Metric Tons
Soybean Meal,2025-12-18,ECUADOR,31055.0,31055.0,128694.0,41000.0,Metric Tons
Soybean Meal,2025-12-18,EGYPT,-1506.0,0.0,0.0,0.0,Metric Tons
Soybean Meal,2025-12-18,GUATMAL,9443.0,34242.0,119119.0,101062.0,Metric Tons
Soybean Meal,2025-12-18,GUYANA,0.0,0.0,3751.0,0.0,Metric Tons
Soybean Meal,2025-12-18,HG KONG,718.0,0.0,273.0,926.0,Metric Tons
Soybean Meal,2025-12-18,HONDURA,20713.0,6763.0,77629.0,101546.0,Metric Tons
Soybean Meal,2025-12-18,INDNSIA,3536.0,1124.0,23732.0,57383.0,Metric Tons
Soybean Meal,2025-12-18,ISRAEL,0.0,0.0,12243.0,0.0,Metric Tons
Soybean Meal,2025-12-18,JAMAICA,4000.0,0.0,18532.0,27000.0,Metric Tons
Soybean Meal,2025-12-18,JAPAN,14717.0,2675.0,95246.0,153805.0,Metric Tons
Soybean Meal,2025-12-18,JORDAN,-130.0,0.0,0.0,0.0,Metric Tons
Soybean Meal,2025-12-18,KOR REP,1000.0,746.0,1642.0,4504.0,Metric Tons
Soybean Meal,2025-12-18,KUWAIT,-2492.0,0.0,0.0,2000.0,Metric Tons
Soybean Meal,2025-12-18,LEBANON,-104.0,0.0,0.0,0.0,Metric Tons
Soybean Meal,2025-12-18,LW WW I,0.0,0.0,650.0,650.0,Metric Tons
Soybean Meal,2025-12-18,MALAYSA,0.0,0.0,1362.0,15496.0,Metric Tons
Soybean Meal,2025-12-18,MEXICO,8114.0,47160.0,623168.0,943305.0,Metric Tons
Soybean Meal,2025-12-18,MOROCCO,10801.0,3801.0,79093.0,102000.0,Metric Tons
Soybean Meal,2025-12-18,N ZEAL,0.0,0.0,39598.0,0.0,Metric Tons
Soybean Meal,2025-12-18,NEPAL,0.0,0.0,5246.0,1531.0,Metric Tons
Soybean Meal,2025-12-18,NETHLDS,0.0,0.0,21832.0,35040.0,Metric Tons
Soybean Meal,2025-12-18,NICARAG,4972.0,8520.0,44612.0,24193.0,Metric Tons
Soybean Meal,2025-12-18,OMAN,-1384.0,0.0,0.0,0.0,Metric Tons
Soybean Meal,2025-12-18,OPAC IS,0.0,0.0,357.0,0.0,Metric Tons
Soybean Meal,2025-12-18,PANAMA,830.0,9130.0,54074.0,80631.0,Metric Tons
Soybean Meal,2025-12-18,PERU,0.0,0.0,0.0,0.0,Metric Tons
Soybean Meal,2025-12-18,PHIL,143778.0,146086.0,775911.0,833164.0,Metric Tons
Soybean Meal,2025-12-18,POLAND,60000.0,0.0,0.0,180000.0,Metric Tons
Soybean Meal,2025-12-18,QATAR,-562.0,0.0,0.0,0.0,Metric Tons
Soybean Meal,2025-12-18,S ARAB,26250.0,26250.0,26250.0,0.0,Metric Tons
Soybean Meal,2025-12-18,S LANKA,7392.0,7779.0,83956.0,95992.0,Metric Tons
Soybean Meal,2025-12-18,SALVADR,4890.0,4709.0,41776.0,51001.0,Metric Tons
Soybean Meal,2025-12-18,SPAIN,0.0,0.0,55000.0,0.0,Metric Tons
Soybean Meal,2025-12-18,SURINAM,0.0,0.0,962.0,0.0,Metric Tons
Soybean Meal,2025-12-18,TAIWAN,0.0,83.0,4227.0,515.0,Metric Tons
Soybean Meal,2025-12-18,THAILND,0.0,0.0,1490.0,2010.0,Metric Tons
Soybean Meal,2025-12-18,TRINID,0.0,0.0,10921.0,0.0,Metric Tons
Soybean Meal,2025-12-18,U KING,0.0,0.0,60926.0,0.0,Metric Tons
Soybean Meal,2025-12-18,UNKNOWN,-128368.0,0.0,0.0,986339.0,Metric Tons
Soybean Meal,2025-12-18,VENEZ,0.0,0.0,71815.0,181000.0,Metric Tons
Soybean Meal,2025-12-18,VIETNAM,2792.0,3023.0,201224.0,119771.0,Metric Tons
Soybean Meal,2025-12-25,BANGLADH,0.0,0.0,51700.0,0.0,Metric Tons
Soybean Meal,2025-12-25,BARBADO,0.0,0.0,1400.0,0.0,Metric Tons
Soybean Meal,2025-12-25,BELGIUM,-537.0,0.0,0.0,7075.0,Metric Tons
Soybean Meal,2025-12-25,BOLIVIA,-14621.0,0.0,0.0,0.0,Metric Tons
Soybean Meal,2025-12-25,BURMA,500.0,723.0,2669.0,9816.0,Metric Tons
Soybean Meal,2025-12-25,C RICA,0.0,0.0,40254.0,63105.0,Metric Tons
Soybean Meal,2025-12-25,CANADA,2584.0,11257.0,260233.0,373790.0,Metric Tons
Soybean Meal,2025-12-25,COLOMB,70032.0,95532.0,494280.0,466001.0,Metric Tons
Soybean Meal,2025-12-25,DOM REP,0.0,0.0,173589.0,70755.0,Metric Tons
Soybean Meal,2025-12-25,ECUADOR,16603.0,16603.0,145297.0,41000.0,Metric Tons
Soybean Meal,2025-12-25,EGYPT,0.0,0.0,0.0,0.0,Metric Tons
Soybean Meal,2025-12-25,GUATMAL,0.0,0.0,119119.0,101062.0,Metric Tons
Soybean Meal,2025-12-25,GUYANA,0.0,0.0,3751.0,0.0,Metric Tons
Soybean Meal,2025-12-25,HG KONG,0.0,62.0,335.0,864.0,Metric Tons
Soybean Meal,2025-12-25,HONDURA,0.0,0.0,77629.0,101546.0,Metric Tons
Soybean Meal,2025-12-25,INDNSIA,14080.0,16342.0,40074.0,55121.0,Metric Tons
Soybean Meal,2025-12-25,ISRAEL,0.0,0.0,12243.0,0.0,Metric Tons
Soybean Meal,2025-12-25,JAMAICA,199.0,2199.0,20731.0,25000.0,Metric Tons
Soybean Meal,2025-12-25,JAPAN,29951.0,494.0,95740.0,183262.0,Metric Tons
Soybean Meal,2025-12-25,JORDAN,0.0,0.0,0.0,0.0,Metric Tons
Soybean Meal,2025-12-25,KOR REP,1000.0,0.0,1642.0,5504.0,Metric Tons
Soybean Meal,2025-12-25,KUWAIT,0.0,0.0,0.0,2000.0,Metric Tons
Soybean Meal,2025-12-25,LEBANON,0.0,0.0,0.0,0.0,Metric Tons
Soybean Meal,2025-12-25,LW WW I,0.0,0.0,650.0,650.0,Metric Tons
Soybean Meal,2025-12-25,MALAYSA,0.0,11462.0,12824.0,4034.0,Metric Tons
Soybean Meal,2025-12-25,MEXICO,-11680.0,12665.0,635833.0,918960.0,Metric Tons
Soybean Meal,2025-12-25,MOROCCO,0.0,0.0,79093.0,102000.0,Metric Tons
Soybean Meal,2025-12-25,N ZEAL,0.0,0.0,39598.0,0.0,Metric Tons
Soybean Meal,2025-12-25,NEPAL,-31.0,0.0,5246.0,1500.0,Metric Tons
Soybean Meal,2025-12-25,NETHLDS,0.0,0.0,21832.0,35040.0,Metric Tons
Soybean Meal,2025-12-25,NICARAG,0.0,0.0,44612.0,24193.0,Metric Tons
Soybean Meal,2025-12-25,OMAN,0.0,0.0,0.0,0.0,Metric Tons
Soybean Meal,2025-12-25,OPAC IS,21.0,21.0,378.0,0.0,Metric Tons
Soybean Meal,2025-12-25,PANAMA,445.0,9345.0,63419.0,71731.0,Metric Tons
Soybean Meal,2025-12-25,PERU,0.0,0.0,0.0,0.0,Metric Tons
Soybean Meal,2025-12-25,PHIL,64.0,1470.0,777381.0,831758.0,Metric Tons
Soybean Meal,2025-12-25,POLAND,0.0,0.0,0.0,180000.0,Metric Tons
Soybean Meal,2025-12-25,QATAR,0.0,0.0,0.0,0.0,Metric Tons
Soybean Meal,2025-12-25,S ARAB,0.0,0.0,26250.0,0.0,Metric Tons
Soybean Meal,2025-12-25,S LANKA,1827.0,10969.0,94925.0,86850.0,Metric Tons
Soybean Meal,2025-12-25,SALVADR,18637.0,0.0,41776.0,69638.0,Metric Tons
Soybean Meal,2025-12-25,SPAIN,0.0,0.0,55000.0,0.0,Metric Tons
Soybean Meal,2025-12-25,SURINAM,0.0,0.0,962.0,0.0,Metric Tons
Soybean Meal,2025-12-25,TAIWAN,-62.0,66.0,4293.0,387.0,Metric Tons
Soybean Meal,2025-12-25,THAILND,-506.0,1004.0,2494.0,500.0,Metric Tons
Soybean Meal,2025-12-25,TRINID,0.0,0.0,10921.0,0.0,Metric Tons
Soybean Meal,2025-12-25,U KING,11510.0,11510.0,72436.0,0.0,Metric Tons
Soybean Meal,2025-12-25,UNKNOWN,-26132.0,0.0,0.0,960207.0,Metric Tons
Soybean Meal,2025-12-25,VENEZ,-7197.0,56803.0,128618.0,117000.0,Metric Tons
Soybean Meal,2025-12-25,VIETNAM,3955.0,2272.0,203496.0,121454.0,Metric Tons
Soybean Meal,2026-01-01,BANGLADH,0.0,0.0,51700.0,0.0,Metric Tons
Soybean Meal,2026-01-01,BARBADO,0.0,0.0,1400.0,0.0,Metric Tons
Soybean Meal,2026-01-01,BELGIUM,0.0,0.0,0.0,7075.0,Metric Tons
Soybean Meal,2026-01-01,BOLIVIA,0.0,0.0,0.0,0.0,Metric Tons
Soybean Meal,2026-01-01,BURMA,5.0,1294.0,3963.0,8527.0,Metric Tons
Soybean Meal,2026-01-01,C RICA,0.0,0.0,40254.0,63105.0,Metric Tons
Soybean Meal,2026-01-01,CANADA,339.0,9326.0,269559.0,364803.0,Metric Tons
Soybean Meal,2026-01-01,COLOMB,-6355.0,52413.0,546693.0,407233.0,Metric Tons
Soybean Meal,2026-01-01,DOM REP,44900.0,26954.0,200543.0,88701.0,Metric Tons
Soybean Meal,2026-01-01,ECUADOR,0.0,0.0,145297.0,41000.0,Metric Tons
Soybean Meal,2026-01-01,EGYPT,0.0,0.0,0.0,0.0,Metric Tons
Soybean Meal,2026-01-01,GUATMAL,838.0,8223.0,127342.0,93677.0,Metric Tons
Soybean Meal,2026-01-01,GUYANA,0.0,0.0,3751.0,0.0,Metric Tons
Soybean Meal,2026-01-01,HG KONG,0.0,310.0,645.0,554.0,Metric Tons
Soybean Meal,2026-01-01,HONDURA,13458.0,33401.0,111030.0,81603.0,Metric Tons
Soybean Meal,2026-01-01,INDNSIA,-1.0,653.0,40727.0,54467.0,Metric Tons
Soybean Meal,2026-01-01,ISRAEL,0.0,0.0,12243.0,0.0,Metric Tons
Soybean Meal,2026-01-01,JAMAICA,200.0,2200.0,22931.0,23000.0,Metric Tons
Soybean Meal,2026-01-01,JAPAN,-978.0,44422.0,140162.0,137862.0,Metric Tons
Soybean Meal,2026-01-01,JORDAN,0.0,0.0,0.0,0.0,Metric Tons
Soybean Meal,2026-01-01,KOR REP,-17.0,737.0,2379.0,4750.0,Metric Tons
Soybean Meal,2026-01-01,KUWAIT,0.0,0.0,0.0,2000.0,Metric Tons
Soybean Meal,2026-01-01,LEBANON,0.0,0.0,0.0,0.0,Metric Tons
Soybean Meal,2026-01-01,LW WW I,0.0,0.0,650.0,650.0,Metric Tons
Soybean Meal,2026-01-01,MALAYSA,0.0,34.0,12858.0,4000.0,Metric Tons
Soybean Meal,2026-01-01,MEXICO,57371.0,73013.0,708846.0,903318.0,Metric Tons
Soybean Meal,2026-01-01,MOROCCO,0.0,0.0,79093.0,102000.0,Metric Tons
Soybean Meal,2026-01-01,N ZEAL,0.0,0.0,39598.0,0.0,Metric Tons
Soybean Meal,2026-01-01,NEPAL,1200.0,0.0,5246.0,2700.0,Metric Tons
Soybean Meal,2026-01-01,NETHLDS,0.0,0.0,21832.0,35040.0,Metric Tons
Soybean Meal,2026-01-01,NICARAG,8430.0,0.0,44612.0,32623.0,Metric Tons
Soybean Meal,2026-01-01,OMAN,0.0,0.0,0.0,0.0,Metric Tons
Soybean Meal,2026-01-01,OPAC IS,63.0,63.0,441.0,0.0,Metric Tons
Soybean Meal,2026-01-01,PANAMA,0.0,0.0,63419.0,71731.0,Metric Tons
Soybean Meal,2026-01-01,PERU,0.0,0.0,0.0,0.0,Metric Tons
Soybean Meal,2026-01-01,PHIL,9995.0,153347.0,930728.0,688406.0,Metric Tons
Soybean Meal,2026-01-01,POLAND,0.0,0.0,0.0,180000.0,Metric Tons
Soybean Meal,2026-01-01,QATAR,0.0,0.0,0.0,0.0,Metric Tons
Soybean Meal,2026-01-01,S ARAB,0.0,0.0,26250.0,0.0,Metric Tons
Soybean Meal,2026-01-01,S LANKA,3856.0,4843.0,99768.0,85863.0,Metric Tons
Soybean Meal,2026-01-01,SALVADR,-637.0,0.0,41776.0,69001.0,Metric Tons
Soybean Meal,2026-01-01,SPAIN,0.0,0.0,55000.0,0.0,Metric Tons
Soybean Meal,2026-01-01,SURINAM,0.0,0.0,962.0,0.0,Metric Tons
Soybean Meal,2026-01-01,TAIWAN,0.0,0.0,4293.0,387.0,Metric Tons
Soybean Meal,2026-01-01,THAILND,0.0,0.0,2494.0,500.0,Metric Tons
Soybean Meal,2026-01-01,TRINID,0.0,0.0,10921.0,0.0,Metric Tons
Soybean Meal,2026-01-01,U KING,9267.0,9267.0,81703.0,0.0,Metric Tons
Soybean Meal,2026-01-01,UNKNOWN,-9000.0,0.0,0.0,951207.0,Metric Tons
Soybean Meal,2026-01-01,VENEZ,25267.0,25267.0,153885.0,117000.0,Metric Tons
Soybean Meal,2026-01-01,VIETNAM,-58.0,55499.0,258995.0,65897.0,Metric Tons
Soybean Meal,2026-01-08,BANGLADH,0.0,0.0,51700.0,0.0,Metric Tons
Soybean Meal,2026-01-08,BARBADO,0.0,0.0,1400.0,0.0,Metric Tons
Soybean Meal,2026-01-08,BELGIUM,-24.0,0.0,0.0,7051.0,Metric Tons
Soybean Meal,2026-01-08,BOLIVIA,0.0,0.0,0.0,0.0,Metric Tons
Soybean Meal,2026-01-08,BURMA,955.0,681.0,4644.0,8801.0,Metric Tons
Soybean Meal,2026-01-08,C RICA,455.0,0.0,40254.0,63560.0,Metric Tons
Soybean Meal,2026-01-08,CANADA,42763.0,51584.0,321143.0,355982.0,Metric Tons
Soybean Meal,2026-01-08,COLOMB,27505.0,54474.0,601167.0,380264.0,Metric Tons
Soybean Meal,2026-01-08,DOM REP,28400.0,0.0,200543.0,117101.0,Metric Tons
Soybean Meal,2026-01-08,ECUADOR,49498.0,49498.0,194795.0,41000.0,Metric Tons
Soybean Meal,2026-01-08,EGYPT,0.0,0.0,0.0,0.0,Metric Tons
Soybean Meal,2026-01-08,GUATMAL,844.0,7285.0,134627.0,87236.0,Metric Tons
Soybean Meal,2026-01-08,GUYANA,0.0,0.0,3751.0,0.0,Metric Tons
Soybean Meal,2026-01-08,HG KONG,57.0,0.0,645.0,611.0,Metric Tons
Soybean Meal,2026-01-08,HONDURA,10307.0,0.0,111030.0,91910.0,Metric Tons
Soybean Meal,2026-01-08,INDNSIA,-47.0,793.0,41520.0,53627.0,Metric Tons
Soybean Meal,2026-01-08,ISRAEL,0.0,0.0,12243.0,0.0,Metric Tons
Soybean Meal,2026-01-08,JAMAICA,199.0,2199.0,25130.0,21000.0,Metric Tons
Soybean Meal,2026-01-08,JAPAN,-10180.0,3946.0,144108.0,123736.0,Metric Tons
Soybean Meal,2026-01-08,JORDAN,0.0,0.0,0.0,0.0,Metric Tons
Soybean Meal,2026-01-08,KOR REP,500.0,0.0,2379.0,5250.0,Metric Tons
Soybean Meal,2026-01-08,KUWAIT,0.0,0.0,0.0,2000.0,Metric Tons
Soybean Meal,2026-01-08,LEBANON,0.0,0.0,0.0,0.0,Metric Tons
Soybean Meal,2026-01-08,LW WW I,0.0,0.0,650.0,650.0,Metric Tons
Soybean Meal,2026-01-08,MALAYSA,1000.0,0.0,12858.0,5000.0,Metric Tons
Soybean Meal,2026-01-08,MEXICO,46825.0,55938.0,764784.0,894205.0,Metric Tons
Soybean Meal,2026-01-08,MOROCCO,35000.0,0.0,79093.0,137000.0,Metric Tons
Soybean Meal,2026-01-08,N ZEAL,0.0,0.0,39598.0,0.0,Metric Tons
Soybean Meal,2026-01-08,NEPAL,4769.0,519.0,5765.0,6950.0,Metric Tons
Soybean Meal,2026-01-08,NETHLDS,0.0,0.0,21832.0,35040.0,Metric Tons
Soybean Meal,2026-01-08,NICARAG,-455.0,0.0,44612.0,32168.0,Metric Tons
Soybean Meal,2026-01-08,OMAN,0.0,0.0,0.0,0.0,Metric Tons
Soybean Meal,2026-01-08,OPAC IS,0.0,0.0,441.0,0.0,Metric Tons
Soybean Meal,2026-01-08,PANAMA,0.0,0.0,63419.0,71731.0,Metric Tons
Soybean Meal,2026-01-08,PERU,0.0,0.0,0.0,0.0,Metric Tons
Soybean Meal,2026-01-08,PHIL,105070.0,5025.0,935753.0,788451.0,Metric Tons
Soybean Meal,2026-01-08,POLAND,0.0,0.0,0.0,180000.0,Metric Tons
Soybean Meal,2026-01-08,QATAR,0.0,0.0,0.0,0.0,Metric Tons
Soybean Meal,2026-01-08,S ARAB,0.0,0.0,26250.0,0.0,Metric Tons
Soybean Meal,2026-01-08,S LANKA,8538.0,11281.0,111049.0,83120.0,Metric Tons
Soybean Meal,2026-01-08,SALVADR,0.0,0.0,41776.0,69001.0,Metric Tons
Soybean Meal,2026-01-08,SPAIN,0.0,0.0,55000.0,0.0,Metric Tons
Soybean Meal,2026-01-08,SURINAM,0.0,0.0,962.0,0.0,Metric Tons
Soybean Meal,2026-01-08,TAIWAN,0.0,51.0,4344.0,336.0,Metric Tons
Soybean Meal,2026-01-08,THAILND,0.0,0.0,2494.0,500.0,Metric Tons
Soybean Meal,2026-01-08,TRINID,0.0,0.0,10921.0,0.0,Metric Tons
Soybean Meal,2026-01-08,U KING,0.0,0.0,81703.0,0.0,Metric Tons
Soybean Meal,2026-01-08,UNKNOWN,-73000.0,0.0,0.0,878207.0,Metric Tons
Soybean Meal,2026-01-08,VENEZ,6967.0,6967.0,160852.0,117000.0,Metric Tons
Soybean Meal,2026-01-08,VIETNAM,54633.0,54921.0,313916.0,65609.0,Metric Tons
Soybean Meal,2026-01-15,BANGLADH,0.0,0.0,51700.0,0.0,Metric Tons
Soybean Meal,2026-01-15,BARBADO,700.0,700.0,2100.0,0.0,Metric Tons
Soybean Meal,2026-01-15,BELGIUM,0.0,0.0,0.0,7051.0,Metric Tons
Soybean Meal,2026-01-15,BOLIVIA,0.0,0.0,0.0,0.0,Metric Tons
Soybean Meal,2026-01-15,BURMA,400.0,1591.0,6235.0,7610.0,Metric Tons
Soybean Meal,2026-01-15,C RICA,-6722.0,0.0,40254.0,56838.0,Metric Tons
Soybean Meal,2026-01-15,CANADA,42987.0,18270.0,339413.0,380699.0,Metric Tons
Soybean Meal,2026-01-15,COLOMB,75869.0,0.0,601167.0,456133.0,Metric Tons
Soybean Meal,2026-01-15,DOM REP,17197.0,28071.0,228614.0,106227.0,Metric Tons
Soybean Meal,2026-01-15,ECUADOR,42000.0,22000.0,216795.0,61000.0,Metric Tons
Soybean Meal,2026-01-15,EGYPT,0.0,0.0,0.0,0.0,Metric Tons
Soybean Meal,2026-01-15,GUATMAL,19312.0,46626.0,181253.0,59922.0,Metric Tons
Soybean Meal,2026-01-15,GUYANA,2200.0,2200.0,5951.0,0.0,Metric Tons
Soybean Meal,2026-01-15,HG KONG,0.0,295.0,940.0,316.0,Metric Tons
Soybean Meal,2026-01-15,HONDURA,4728.0,27866.0,138896.0,68772.0,Metric Tons
Soybean Meal,2026-01-15,INDNSIA,36970.0,3800.0,45320.0,86797.0,Metric Tons
Soybean Meal,2026-01-15,ISRAEL,0.0,0.0,12243.0,0.0,Metric Tons
Soybean Meal,2026-01-15,JAMAICA,-673.0,8327.0,33457.0,12000.0,Metric Tons
Soybean Meal,2026-01-15,JAPAN,2506.0,3118.0,147226.0,123124.0,Metric Tons
Soybean Meal,2026-01-15,JORDAN,0.0,0.0,0.0,0.0,Metric Tons
Soybean Meal,2026-01-15,KOR REP,0.0,0.0,2379.0,5250.0,Metric Tons
Soybean Meal,2026-01-15,KUWAIT,6000.0,0.0,0.0,8000.0,Metric Tons
Soybean Meal,2026-01-15,LEBANON,0.0,0.0,0.0,0.0,Metric Tons
Soybean Meal,2026-01-15,LW WW I,0.0,0.0,650.0,650.0,Metric Tons
Soybean Meal,2026-01-15,MALAYSA,0.0,486.0,13344.0,4514.0,Metric Tons
Soybean Meal,2026-01-15,MEXICO,25945.0,86364.0,851148.0,833786.0,Metric Tons
Soybean Meal,2026-01-15,MOROCCO,25000.0,0.0,79093.0,162000.0,Metric Tons
Soybean Meal,2026-01-15,N ZEAL,0.0,0.0,39598.0,0.0,Metric Tons
Soybean Meal,2026-01-15,NEPAL,1500.0,0.0,5765.0,8450.0,Metric Tons
Soybean Meal,2026-01-15,NETHLDS,0.0,100.0,21932.0,34940.0,Metric Tons
Soybean Meal,2026-01-15,NICARAG,0.0,0.0,44612.0,32168.0,Metric Tons
Soybean Meal,2026-01-15,OMAN,0.0,0.0,0.0,0.0,Metric Tons
Soybean Meal,2026-01-15,OPAC IS,42.0,42.0,483.0,0.0,Metric Tons
Soybean Meal,2026-01-15,PANAMA,1100.0,11931.0,75350.0,60900.0,Metric Tons
Soybean Meal,2026-01-15,PERU,0.0,0.0,0.0,0.0,Metric Tons
Soybean Meal,2026-01-15,PHIL,59925.0,98193.0,1033946.0,750183.0,Metric Tons
Soybean Meal,2026-01-15,POLAND,0.0,0.0,0.0,180000.0,Metric Tons
Soybean Meal,2026-01-15,QATAR,0.0,0.0,0.0,0.0,Metric Tons
Soybean Meal,2026-01-15,S ARAB,0.0,0.0,26250.0,0.0,Metric Tons
Soybean Meal,2026-01-15,S LANKA,15828.0,10725.0,121774.0,88223.0,Metric Tons
Soybean Meal,2026-01-15,SALVADR,-4904.0,6757.0,48533.0,57340.0,Metric Tons
Soybean Meal,2026-01-15,SPAIN,0.0,0.0,55000.0,0.0,Metric Tons
Soybean Meal,2026-01-15,SURINAM,1250.0,1250.0,2212.0,0.0,Metric Tons
Soybean Meal,2026-01-15,TAIWAN,0.0,50.0,4394.0,286.0,Metric Tons
Soybean Meal,2026-01-15,THAILND,0.0,0.0,2494.0,500.0,Metric Tons
Soybean Meal,2026-01-15,TRINID,2395.0,2395.0,13316.0,0.0,Metric Tons
Soybean Meal,2026-01-15,U KING,6506.0,6506.0,88209.0,0.0,Metric Tons
Soybean Meal,2026-01-15,UNKNOWN,-99909.0,0.0,0.0,778298.0,Metric Tons
Soybean Meal,2026-01-15,VENEZ,2999.0,32999.0,193851.0,87000.0,Metric Tons
Soybean Meal,2026-01-15,VIETNAM,131520.0,64057.0,377973.0,133072.0,Metric Tons
Soybean Meal,2026-01-22,BANGLADH,0.0,0.0,51700.0,0.0,Metric Tons
Soybean Meal,2026-01-22,BARBADO,0.0,0.0,2100.0,0.0,Metric Tons
Soybean Meal,2026-01-22,BELGIUM,0.0,0.0,0.0,7051.0,Metric Tons
Soybean Meal,2026-01-22,BOLIVIA,0.0,0.0,0.0,0.0,Metric Tons
Soybean Meal,2026-01-22,BURMA,3373.0,1155.0,7390.0,9828.0,Metric Tons
Soybean Meal,2026-01-22,C RICA,0.0,0.0,40254.0,56838.0,Metric Tons
Soybean Meal,2026-01-22,CANADA,14537.0,8492.0,347905.0,386744.0,Metric Tons
Soybean Meal,2026-01-22,COLOMB,64346.0,68123.0,669290.0,452356.0,Metric Tons
Soybean Meal,2026-01-22,DOM REP,9467.0,0.0,228614.0,115694.0,Metric Tons
Soybean Meal,2026-01-22,ECUADOR,30000.0,0.0,216795.0,91000.0,Metric Tons
Soybean Meal,2026-01-22,EGYPT,0.0,0.0,0.0,0.0,Metric Tons
Soybean Meal,2026-01-22,GUATMAL,3792.0,3792.0,185045.0,59922.0,Metric Tons
Soybean Meal,2026-01-22,GUYANA,0.0,0.0,5951.0,0.0,Metric Tons
Soybean Meal,2026-01-22,HG KONG,0.0,0.0,940.0,316.0,Metric Tons
Soybean Meal,2026-01-22,HONDURA,1572.0,0.0,138896.0,70344.0,Metric Tons
Soybean Meal,2026-01-22,INDNSIA,-187.0,1920.0,47240.0,84690.0,Metric Tons
Soybean Meal,2026-01-22,ISRAEL,0.0,0.0,12243.0,0.0,Metric Tons
Soybean Meal,2026-01-22,ITALY,600.0,0.0,0.0,600.0,Metric Tons
Soybean Meal,2026-01-22,JAMAICA,0.0,0.0,33457.0,12000.0,Metric Tons
Soybean Meal,2026-01-22,JAPAN,144.0,1123.0,148349.0,122145.0,Metric Tons
Soybean Meal,2026-01-22,JORDAN,0.0,0.0,0.0,0.0,Metric Tons
Soybean Meal,2026-01-22,KOR REP,1000.0,0.0,2379.0,6250.0,Metric Tons
Soybean Meal,2026-01-22,KUWAIT,0.0,1983.0,1983.0,6017.0,Metric Tons
Soybean Meal,2026-01-22,LEBANON,0.0,0.0,0.0,0.0,Metric Tons
Soybean Meal,2026-01-22,LW WW I,0.0,0.0,650.0,650.0,Metric Tons
Soybean Meal,2026-01-22,MALAYSA,2000.0,0.0,13344.0,6514.0,Metric Tons
Soybean Meal,2026-01-22,MEXICO,44958.0,85564.0,936712.0,793180.0,Metric Tons
Soybean Meal,2026-01-22,MOROCCO,26735.0,21735.0,100828.0,167000.0,Metric Tons
Soybean Meal,2026-01-22,N ZEAL,0.0,0.0,39598.0,0.0,Metric Tons
Soybean Meal,2026-01-22,NEPAL,5250.0,0.0,5765.0,13700.0,Metric Tons
Soybean Meal,2026-01-22,NETHLDS,0.0,0.0,21932.0,34940.0,Metric Tons
Soybean Meal,2026-01-22,NICARAG,0.0,0.0,44612.0,32168.0,Metric Tons
Soybean Meal,2026-01-22,OMAN,0.0,0.0,0.0,0.0,Metric Tons
Soybean Meal,2026-01-22,OPAC IS,0.0,0.0,483.0,0.0,Metric Tons
Soybean Meal,2026-01-22,PANAMA,9050.0,8550.0,83900.0,61400.0,Metric Tons
Soybean Meal,2026-01-22,PERU,0.0,0.0,0.0,0.0,Metric Tons
Soybean Meal,2026-01-22,PHIL,251049.0,101296.0,1135242.0,899936.0,Metric Tons
Soybean Meal,2026-01-22,POLAND,0.0,0.0,0.0,180000.0,Metric Tons
Soybean Meal,2026-01-22,QATAR,0.0,0.0,0.0,0.0,Metric Tons
Soybean Meal,2026-01-22,S ARAB,0.0,0.0,26250.0,0.0,Metric Tons
Soybean Meal,2026-01-22,S LANKA,4922.0,7724.0,129498.0,85421.0,Metric Tons
Soybean Meal,2026-01-22,SALVADR,452.0,4983.0,53516.0,52809.0,Metric Tons
Soybean Meal,2026-01-22,SPAIN,0.0,0.0,55000.0,0.0,Metric Tons
Soybean Meal,2026-01-22,SURINAM,0.0,0.0,2212.0,0.0,Metric Tons
Soybean Meal,2026-01-22,TAIWAN,0.0,50.0,4444.0,236.0,Metric Tons
Soybean Meal,2026-01-22,THAILND,0.0,500.0,2994.0,0.0,Metric Tons
Soybean Meal,2026-01-22,TRINID,0.0,0.0,13316.0,0.0,Metric Tons
Soybean Meal,2026-01-22,U KING,0.0,0.0,88209.0,0.0,Metric Tons
Soybean Meal,2026-01-22,UNKNOWN,-56447.0,0.0,0.0,721851.0,Metric Tons
Soybean Meal,2026-01-22,VENEZ,29584.0,9584.0,203435.0,107000.0,Metric Tons
Soybean Meal,2026-01-22,VIETNAM,18100.0,4059.0,382032.0,147113.0,Metric Tons
Soybean Meal,2026-01-29,BANGLADH,0.0,0.0,51700.0,0.0,Metric Tons
Soybean Meal,2026-01-29,BARBADO,0.0,0.0,2100.0,0.0,Metric Tons
Soybean Meal,2026-01-29,BELGIUM,2268.0,0.0,0.0,9319.0,Metric Tons
Soybean Meal,2026-01-29,BOLIVIA,0.0,0.0,0.0,0.0,Metric Tons
Soybean Meal,2026-01-29,BURMA,2604.0,1289.0,8679.0,11143.0,Metric Tons
Soybean Meal,2026-01-29,C RICA,0.0,7997.0,48251.0,48841.0,Metric Tons
Soybean Meal,2026-01-29,CANADA,36153.0,11794.0,359699.0,411103.0,Metric Tons
Soybean Meal,2026-01-29,COLOMB,12422.0,56278.0,725568.0,408500.0,Metric Tons
Soybean Meal,2026-01-29,DOM REP,0.0,0.0,228614.0,115694.0,Metric Tons
Soybean Meal,2026-01-29,ECUADOR,8000.0,0.0,216795.0,99000.0,Metric Tons
Soybean Meal,2026-01-29,EGYPT,0.0,0.0,0.0,0.0,Metric Tons
Soybean Meal,2026-01-29,GUAM,0.0,0.0,0.0,0.0,Metric Tons
Soybean Meal,2026-01-29,GUATMAL,6787.0,7878.0,192923.0,58831.0,Metric Tons
Soybean Meal,2026-01-29,GUYANA,0.0,0.0,5951.0,0.0,Metric Tons
Soybean Meal,2026-01-29,HG KONG,171.0,0.0,940.0,487.0,Metric Tons
Soybean Meal,2026-01-29,HONDURA,0.0,0.0,138896.0,70344.0,Metric Tons
Soybean Meal,2026-01-29,INDNSIA,80.0,1354.0,48594.0,83416.0,Metric Tons
Soybean Meal,2026-01-29,ISRAEL,0.0,0.0,12243.0,0.0,Metric Tons
Soybean Meal,2026-01-29,ITALY,0.0,0.0,0.0,600.0,Metric Tons
Soybean Meal,2026-01-29,JAMAICA,6000.0,0.0,33457.0,18000.0,Metric Tons
Soybean Meal,2026-01-29,JAPAN,-15505.0,27878.0,176227.0,78762.0,Metric Tons
Soybean Meal,2026-01-29,JORDAN,0.0,0.0,0.0,0.0,Metric Tons
Soybean Meal,2026-01-29,KOR REP,400.0,0.0,2379.0,6650.0,Metric Tons
Soybean Meal,2026-01-29,KUWAIT,-17.0,0.0,1983.0,6000.0,Metric Tons
Soybean Meal,2026-01-29,LEBANON,0.0,0.0,0.0,0.0,Metric Tons
Soybean Meal,2026-01-29,LW WW I,0.0,0.0,650.0,650.0,Metric Tons
Soybean Meal,2026-01-29,MALAYSA,0.0,514.0,13858.0,6000.0,Metric Tons
Soybean Meal,2026-01-29,MEXICO,30624.0,28366.0,965078.0,795438.0,Metric Tons
Soybean Meal,2026-01-29,MOROCCO,-10000.0,0.0,100828.0,157000.0,Metric Tons
Soybean Meal,2026-01-29,N ZEAL,0.0,0.0,39598.0,0.0,Metric Tons
Soybean Meal,2026-01-29,NEPAL,5850.0,0.0,5765.0,19550.0,Metric Tons
Soybean Meal,2026-01-29,NETHLDS,0.0,0.0,21932.0,34940.0,Metric Tons
Soybean Meal,2026-01-29,NICARAG,911.0,12146.0,56758.0,20933.0,Metric Tons
Soybean Meal,2026-01-29,OMAN,0.0,0.0,0.0,0.0,Metric Tons
Soybean Meal,2026-01-29,OPAC IS,42.0,42.0,525.0,0.0,Metric Tons
Soybean Meal,2026-01-29,PANAMA,34200.0,0.0,83900.0,95600.0,Metric Tons
Soybean Meal,2026-01-29,PERU,0.0,0.0,0.0,0.0,Metric Tons
Soybean Meal,2026-01-29,PHIL,155843.0,51616.0,1186858.0,1004163.0,Metric Tons
Soybean Meal,2026-01-29,POLAND,5998.0,65998.0,65998.0,120000.0,Metric Tons
Soybean Meal,2026-01-29,QATAR,0.0,0.0,0.0,0.0,Metric Tons
Soybean Meal,2026-01-29,S ARAB,30000.0,0.0,26250.0,30000.0,Metric Tons
Soybean Meal,2026-01-29,S LANKA,423.0,11259.0,140757.0,74585.0,Metric Tons
Soybean Meal,2026-01-29,SALVADR,28603.0,0.0,53516.0,81412.0,Metric Tons
Soybean Meal,2026-01-29,SPAIN,0.0,0.0,55000.0,0.0,Metric Tons
Soybean Meal,2026-01-29,SURINAM,0.0,0.0,2212.0,0.0,Metric Tons
Soybean Meal,2026-01-29,TAIWAN,0.0,0.0,4444.0,236.0,Metric Tons
Soybean Meal,2026-01-29,THAILND,500.0,0.0,2994.0,500.0,Metric Tons
Soybean Meal,2026-01-29,TRINID,0.0,0.0,13316.0,0.0,Metric Tons
Soybean Meal,2026-01-29,U KING,0.0,0.0,88209.0,0.0,Metric Tons
Soybean Meal,2026-01-29,UNKNOWN,19543.0,0.0,0.0,741394.0,Metric Tons
Soybean Meal,2026-01-29,VENEZ,5299.0,14299.0,217734.0,98000.0,Metric Tons
Soybean Meal,2026-01-29,VIETNAM,6454.0,2443.0,384475.0,151124.0,Metric Tons
Soybean Meal,2026-02-05,BANGLADH,0.0,0.0,51700.0,0.0,Metric Tons
Soybean Meal,2026-02-05,BARBADO,0.0,0.0,2100.0,0.0,Metric Tons
Soybean Meal,2026-02-05,BELGIUM,-2900.0,0.0,0.0,6419.0,Metric Tons
Soybean Meal,2026-02-05,BOLIVIA,0.0,0.0,0.0,0.0,Metric Tons
Soybean Meal,2026-02-05,BURMA,-137.0,1506.0,10185.0,9500.0,Metric Tons
Soybean Meal,2026-02-05,C RICA,3625.0,0.0,48251.0,52466.0,Metric Tons
Soybean Meal,2026-02-05,CANADA,25563.0,9787.0,369486.0,426879.0,Metric Tons
Soybean Meal,2026-02-05,COLOMB,70005.0,28142.0,753710.0,450363.0,Metric Tons
Soybean Meal,2026-02-05,DOM REP,-627.0,0.0,228614.0,115067.0,Metric Tons
Soybean Meal,2026-02-05,ECUADOR,48370.0,48370.0,265165.0,99000.0,Metric Tons
Soybean Meal,2026-02-05,EGYPT,0.0,0.0,0.0,0.0,Metric Tons
Soybean Meal,2026-02-05,GUAM,0.0,0.0,0.0,0.0,Metric Tons
Soybean Meal,2026-02-05,GUATMAL,12688.0,12688.0,205611.0,58831.0,Metric Tons
Soybean Meal,2026-02-05,GUYANA,0.0,0.0,5951.0,0.0,Metric Tons
Soybean Meal,2026-02-05,HG KONG,0.0,0.0,940.0,487.0,Metric Tons
Soybean Meal,2026-02-05,HONDURA,20410.0,9897.0,148793.0,80857.0,Metric Tons
Soybean Meal,2026-02-05,INDNSIA,479.0,6747.0,55341.0,77148.0,Metric Tons
Soybean Meal,2026-02-05,ISRAEL,0.0,0.0,12243.0,0.0,Metric Tons
Soybean Meal,2026-02-05,ITALY,0.0,0.0,0.0,600.0,Metric Tons
Soybean Meal,2026-02-05,JAMAICA,11200.0,2200.0,35657.0,27000.0,Metric Tons
Soybean Meal,2026-02-05,JAPAN,46985.0,1147.0,177374.0,124600.0,Metric Tons
Soybean Meal,2026-02-05,JORDAN,0.0,0.0,0.0,0.0,Metric Tons
Soybean Meal,2026-02-05,KOR REP,0.0,0.0,2379.0,6650.0,Metric Tons
Soybean Meal,2026-02-05,KUWAIT,0.0,0.0,1983.0,6000.0,Metric Tons
Soybean Meal,2026-02-05,LEBANON,0.0,0.0,0.0,0.0,Metric Tons
Soybean Meal,2026-02-05,LW WW I,1050.0,900.0,1550.0,800.0,Metric Tons
Soybean Meal,2026-02-05,MALAYSA,0.0,0.0,13858.0,6000.0,Metric Tons
Soybean Meal,2026-02-05,MEXICO,17281.0,12822.0,977900.0,799897.0,Metric Tons
Soybean Meal,2026-02-05,MOROCCO,652.0,30652.0,131480.0,127000.0,Metric Tons
Soybean Meal,2026-02-05,N ZEAL,0.0,0.0,39598.0,0.0,Metric Tons
Soybean Meal,2026-02-05,NEPAL,3250.0,0.0,5765.0,22800.0,Metric Tons
Soybean Meal,2026-02-05,NETHLDS,0.0,140.0,22072.0,34800.0,Metric Tons
Soybean Meal,2026-02-05,NICARAG,6932.0,6270.0,63028.0,21595.0,Metric Tons
Soybean Meal,2026-02-05,OMAN,0.0,0.0,0.0,0.0,Metric Tons
Soybean Meal,2026-02-05,OPAC IS,105.0,105.0,630.0,0.0,Metric Tons
Soybean Meal,2026-02-05,PANAMA,4398.0,4398.0,88298.0,95600.0,Metric Tons
Soybean Meal,2026-02-05,PERU,0.0,0.0,0.0,0.0,Metric Tons
Soybean Meal,2026-02-05,PHIL,95749.0,62803.0,1249661.0,1037109.0,Metric Tons
Soybean Meal,2026-02-05,POLAND,0.0,0.0,65998.0,120000.0,Metric Tons
Soybean Meal,2026-02-05,QATAR,0.0,0.0,0.0,0.0,Metric Tons
Soybean Meal,2026-02-05,S ARAB,0.0,0.0,26250.0,30000.0,Metric Tons
Soybean Meal,2026-02-05,S LANKA,7569.0,8336.0,149093.0,73818.0,Metric Tons
Soybean Meal,2026-02-05,SALVADR,11138.0,0.0,53516.0,92550.0,Metric Tons
Soybean Meal,2026-02-05,SPAIN,0.0,0.0,55000.0,0.0,Metric Tons
Soybean Meal,2026-02-05,SURINAM,0.0,0.0,2212.0,0.0,Metric Tons
Soybean Meal,2026-02-05,TAIWAN,0.0,0.0,4444.0,236.0,Metric Tons
Soybean Meal,2026-02-05,THAILND,0.0,0.0,2994.0,500.0,Metric Tons
Soybean Meal,2026-02-05,TRINID,2800.0,0.0,13316.0,2800.0,Metric Tons
Soybean Meal,2026-02-05,U KING,0.0,0.0,88209.0,0.0,Metric Tons
Soybean Meal,2026-02-05,UNKNOWN,-53715.0,0.0,0.0,687679.0,Metric Tons
Soybean Meal,2026-02-05,VENEZ,15000.0,22000.0,239734.0,91000.0,Metric Tons
Soybean Meal,2026-02-05,VIETNAM,9120.0,57504.0,441979.0,102740.0,Metric Tons
Soybean Meal,2026-02-12,BANGLADH,0.0,0.0,51700.0,0.0,Metric Tons
Soybean Meal,2026-02-12,BARBADO,600.0,600.0,2700.0,0.0,Metric Tons
Soybean Meal,2026-02-12,BELGIUM,-609.0,0.0,0.0,5810.0,Metric Tons
Soybean Meal,2026-02-12,BOLIVIA,0.0,0.0,0.0,0.0,Metric Tons
Soybean Meal,2026-02-12,BURMA,1267.0,2370.0,12555.0,8397.0,Metric Tons
Soybean Meal,2026-02-12,C RICA,5277.0,0.0,48251.0,57743.0,Metric Tons
Soybean Meal,2026-02-12,CANADA,19717.0,10595.0,380081.0,436001.0,Metric Tons
Soybean Meal,2026-02-12,COLOMB,105628.0,68978.0,822688.0,487013.0,Metric Tons
Soybean Meal,2026-02-12,DOM REP,35957.0,19544.0,248158.0,131480.0,Metric Tons
Soybean Meal,2026-02-12,ECUADOR,64300.0,14300.0,279465.0,149000.0,Metric Tons
Soybean Meal,2026-02-12,EGYPT,0.0,0.0,0.0,0.0,Metric Tons
Soybean Meal,2026-02-12,F W IND,250.0,250.0,250.0,0.0,Metric Tons
Soybean Meal,2026-02-12,GUAM,0.0,0.0,0.0,0.0,Metric Tons
Soybean Meal,2026-02-12,GUATMAL,16686.0,6686.0,212297.0,68831.0,Metric Tons
Soybean Meal,2026-02-12,GUYANA,2400.0,2400.0,8351.0,0.0,Metric Tons
Soybean Meal,2026-02-12,HG KONG,0.0,0.0,940.0,487.0,Metric Tons
Soybean Meal,2026-02-12,HONDURA,19900.0,0.0,148793.0,100757.0,Metric Tons
Soybean Meal,2026-02-12,INDNSIA,7857.0,5792.0,61133.0,79213.0,Metric Tons
Soybean Meal,2026-02-12,ISRAEL,0.0,0.0,12243.0,0.0,Metric Tons
Soybean Meal,2026-02-12,ITALY,0.0,0.0,0.0,600.0,Metric Tons
Soybean Meal,2026-02-12,JAMAICA,0.0,0.0,35657.0,27000.0,Metric Tons
Soybean Meal,2026-02-12,JAPAN,33630.0,33495.0,210869.0,124735.0,Metric Tons
Soybean Meal,2026-02-12,JORDAN,0.0,0.0,0.0,0.0,Metric Tons
Soybean Meal,2026-02-12,KOR REP,650.0,1000.0,3379.0,6300.0,Metric Tons
Soybean Meal,2026-02-12,KUWAIT,0.0,0.0,1983.0,6000.0,Metric Tons
Soybean Meal,2026-02-12,LEBANON,0.0,0.0,0.0,0.0,Metric Tons
Soybean Meal,2026-02-12,LW WW I,200.0,200.0,1750.0,800.0,Metric Tons
Soybean Meal,2026-02-12,MALAYSA,0.0,0.0,13858.0,6000.0,Metric Tons
Soybean Meal,2026-02-12,MEXICO,91664.0,73027.0,1050927.0,818534.0,Metric Tons
Soybean Meal,2026-02-12,MOROCCO,0.0,0.0,131480.0,127000.0,Metric Tons
Soybean Meal,2026-02-12,N ZEAL,30000.0,0.0,39598.0,30000.0,Metric Tons
Soybean Meal,2026-02-12,NEPAL,500.0,0.0,5765.0,23300.0,Metric Tons
Soybean Meal,2026-02-12,NETHLDS,24997.0,33457.0,55529.0,26340.0,Metric Tons
Soybean Meal,2026-02-12,NICARAG,13500.0,0.0,63028.0,35095.0,Metric Tons
Soybean Meal,2026-02-12,OMAN,0.0,0.0,0.0,0.0,Metric Tons
Soybean Meal,2026-02-12,OPAC IS,0.0,0.0,630.0,0.0,Metric Tons
Soybean Meal,2026-02-12,PANAMA,0.0,0.0,88298.0,95600.0,Metric Tons
Soybean Meal,2026-02-12,PERU,0.0,0.0,0.0,0.0,Metric Tons
Soybean Meal,2026-02-12,PHIL,56217.0,101439.0,1351100.0,991887.0,Metric Tons
Soybean Meal,2026-02-12,POLAND,0.0,0.0,65998.0,120000.0,Metric Tons
Soybean Meal,2026-02-12,QATAR,0.0,0.0,0.0,0.0,Metric Tons
Soybean Meal,2026-02-12,S ARAB,0.0,0.0,26250.0,30000.0,Metric Tons
Soybean Meal,2026-02-12,S LANKA,1973.0,5609.0,154702.0,70182.0,Metric Tons
Soybean Meal,2026-02-12,SALVADR,650.0,0.0,53516.0,93200.0,Metric Tons
Soybean Meal,2026-02-12,SPAIN,0.0,0.0,55000.0,0.0,Metric Tons
Soybean Meal,2026-02-12,SURINAM,1100.0,1100.0,3312.0,0.0,Metric Tons
Soybean Meal,2026-02-12,TAIWAN,0.0,124.0,4568.0,112.0,Metric Tons
Soybean Meal,2026-02-12,THAILND,0.0,0.0,2994.0,500.0,Metric Tons
Soybean Meal,2026-02-12,TRINID,1200.0,2000.0,15316.0,2000.0,Metric Tons
Soybean Meal,2026-02-12,U KING,0.0,0.0,88209.0,0.0,Metric Tons
Soybean Meal,2026-02-12,UNKNOWN,-35379.0,0.0,0.0,652300.0,Metric Tons
Soybean Meal,2026-02-12,VENEZ,10530.0,18530.0,258264.0,83000.0,Metric Tons
Soybean Meal,2026-02-12,VIETNAM,-29725.0,6093.0,448072.0,66922.0,Metric Tons
Soybean Meal,2026-02-19,BANGLADH,0.0,0.0,51700.0,0.0,Metric Tons
Soybean Meal,2026-02-19,BARBADO,0.0,0.0,2700.0,0.0,Metric Tons
Soybean Meal,2026-02-19,BELGIUM,2173.0,0.0,0.0,7983.0,Metric Tons
Soybean Meal,2026-02-19,BOLIVIA,0.0,0.0,0.0,0.0,Metric Tons
Soybean Meal,2026-02-19,BURMA,167.0,1606.0,14161.0,6958.0,Metric Tons
Soybean Meal,2026-02-19,C RICA,0.0,0.0,48251.0,57743.0,Metric Tons
Soybean Meal,2026-02-19,CANADA,25403.0,10472.0,390553.0,450932.0,Metric Tons
Soybean Meal,2026-02-19,COLOMB,27568.0,72707.0,895395.0,441874.0,Metric Tons
Soybean Meal,2026-02-19,DOM REP,0.0,20541.0,268699.0,110939.0,Metric Tons
Soybean Meal,2026-02-19,ECUADOR,2000.0,0.0,279465.0,151000.0,Metric Tons
Soybean Meal,2026-02-19,EGYPT,0.0,0.0,0.0,0.0,Metric Tons
Soybean Meal,2026-02-19,F W IND,0.0,0.0,250.0,0.0,Metric Tons
Soybean Meal,2026-02-19,GUAM,0.0,0.0,0.0,0.0,Metric Tons
Soybean Meal,2026-02-19,GUATMAL,9097.0,6506.0,218803.0,71422.0,Metric Tons
Soybean Meal,2026-02-19,GUYANA,0.0,0.0,8351.0,0.0,Metric Tons
Soybean Meal,2026-02-19,HG KONG,0.0,148.0,1088.0,339.0,Metric Tons
Soybean Meal,2026-02-19,HONDURA,8900.0,0.0,148793.0,109657.0,Metric Tons
Soybean Meal,2026-02-19,INDNSIA,3557.0,8647.0,69780.0,74123.0,Metric Tons
Soybean Meal,2026-02-19,ISRAEL,0.0,0.0,12243.0,0.0,Metric Tons
Soybean Meal,2026-02-19,ITALY,0.0,0.0,0.0,600.0,Metric Tons
Soybean Meal,2026-02-19,JAMAICA,0.0,0.0,35657.0,27000.0,Metric Tons
Soybean Meal,2026-02-19,JAPAN,163.0,12426.0,223295.0,112472.0,Metric Tons
Soybean Meal,2026-02-19,JORDAN,0.0,0.0,0.0,0.0,Metric Tons
Soybean Meal,2026-02-19,KOR REP,0.0,0.0,3379.0,6300.0,Metric Tons
Soybean Meal,2026-02-19,KUWAIT,3000.0,1467.0,3450.0,7533.0,Metric Tons
Soybean Meal,2026-02-19,LEBANON,0.0,0.0,0.0,0.0,Metric Tons
Soybean Meal,2026-02-19,LW WW I,0.0,0.0,1750.0,800.0,Metric Tons
Soybean Meal,2026-02-19,MALAYSA,0.0,448.0,14306.0,5552.0,Metric Tons
Soybean Meal,2026-02-19,MEXICO,65582.0,49577.0,1100504.0,834539.0,Metric Tons
Soybean Meal,2026-02-19,MOROCCO,96233.0,56233.0,187713.0,167000.0,Metric Tons
Soybean Meal,2026-02-19,N ZEAL,0.0,0.0,39598.0,30000.0,Metric Tons
Soybean Meal,2026-02-19,NEPAL,18.0,1019.0,6784.0,22299.0,Metric Tons
Soybean Meal,2026-02-19,NETHLDS,0.0,80.0,55609.0,26260.0,Metric Tons
Soybean Meal,2026-02-19,NICARAG,4000.0,5500.0,68528.0,33595.0,Metric Tons
Soybean Meal,2026-02-19,OMAN,0.0,0.0,0.0,0.0,Metric Tons
Soybean Meal,2026-02-19,OPAC IS,84.0,84.0,714.0,0.0,Metric Tons
Soybean Meal,2026-02-19,PANAMA,0.0,0.0,88298.0,95600.0,Metric Tons
Soybean Meal,2026-02-19,PERU,0.0,0.0,0.0,0.0,Metric Tons
Soybean Meal,2026-02-19,PHIL,7320.0,103804.0,1454904.0,895403.0,Metric Tons
Soybean Meal,2026-02-19,POLAND,5997.0,65997.0,131995.0,60000.0,Metric Tons
Soybean Meal,2026-02-19,QATAR,0.0,0.0,0.0,0.0,Metric Tons
Soybean Meal,2026-02-19,S ARAB,0.0,0.0,26250.0,30000.0,Metric Tons
Soybean Meal,2026-02-19,S LANKA,719.0,7795.0,162497.0,63106.0,Metric Tons
Soybean Meal,2026-02-19,SALVADR,3650.0,1150.0,54666.0,95700.0,Metric Tons
Soybean Meal,2026-02-19,SPAIN,0.0,0.0,55000.0,0.0,Metric Tons
Soybean Meal,2026-02-19,SURINAM,0.0,0.0,3312.0,0.0,Metric Tons
Soybean Meal,2026-02-19,TAIWAN,0.0,50.0,4618.0,62.0,Metric Tons
Soybean Meal,2026-02-19,THAILND,0.0,0.0,2994.0,500.0,Metric Tons
Soybean Meal,2026-02-19,TRINID,0.0,0.0,15316.0,2000.0,Metric Tons
Soybean Meal,2026-02-19,U KING,28834.0,28834.0,117043.0,0.0,Metric Tons
Soybean Meal,2026-02-19,UNKNOWN,-20988.0,0.0,0.0,631312.0,Metric Tons
Soybean Meal,2026-02-19,VENEZ,-3857.0,7143.0,265407.0,72000.0,Metric Tons
Soybean Meal,2026-02-19,VIETNAM,-30.0,3097.0,451169.0,63795.0,Metric Tons
Soybean Meal,2026-02-26,BANGLADH,48000.0,0.0,51700.0,48000.0,Metric Tons
Soybean Meal,2026-02-26,BARBADO,0.0,0.0,2700.0,0.0,Metric Tons
Soybean Meal,2026-02-26,BELGIUM,-24.0,0.0,0.0,7959.0,Metric Tons
Soybean Meal,2026-02-26,BOLIVIA,0.0,0.0,0.0,0.0,Metric Tons
Soybean Meal,2026-02-26,BURMA,1456.0,52.0,14213.0,8362.0,Metric Tons
Soybean Meal,2026-02-26,C RICA,0.0,0.0,48251.0,57743.0,Metric Tons
Soybean Meal,2026-02-26,CANADA,394.0,8009.0,398562.0,443317.0,Metric Tons
Soybean Meal,2026-02-26,COLOMB,24911.0,21191.0,916586.0,445594.0,Metric Tons
Soybean Meal,2026-02-26,DOM REP,26220.0,0.0,268699.0,137159.0,Metric Tons
Soybean Meal,2026-02-26,ECUADOR,0.0,0.0,279465.0,151000.0,Metric Tons
Soybean Meal,2026-02-26,EGYPT,0.0,0.0,0.0,0.0,Metric Tons
Soybean Meal,2026-02-26,F W IND,0.0,0.0,250.0,0.0,Metric Tons
Soybean Meal,2026-02-26,GUAM,0.0,0.0,0.0,0.0,Metric Tons
Soybean Meal,2026-02-26,GUATMAL,13688.0,32206.0,251009.0,52904.0,Metric Tons
Soybean Meal,2026-02-26,GUYANA,0.0,0.0,8351.0,0.0,Metric Tons
Soybean Meal,2026-02-26,HG KONG,-12.0,0.0,1088.0,327.0,Metric Tons
Soybean Meal,2026-02-26,HONDURA,15372.0,39997.0,188790.0,85032.0,Metric Tons
Soybean Meal,2026-02-26,INDNSIA,9457.0,14811.0,84591.0,68769.0,Metric Tons
Soybean Meal,2026-02-26,ISRAEL,0.0,0.0,12243.0,0.0,Metric Tons
Soybean Meal,2026-02-26,ITALY,0.0,267.0,267.0,333.0,Metric Tons
Soybean Meal,2026-02-26,JAMAICA,-108.0,3892.0,39549.0,23000.0,Metric Tons
Soybean Meal,2026-02-26,JAPAN,896.0,165.0,223460.0,113203.0,Metric Tons
Soybean Meal,2026-02-26,JORDAN,0.0,0.0,0.0,0.0,Metric Tons
Soybean Meal,2026-02-26,KOR REP,510.0,1010.0,4389.0,5800.0,Metric Tons
Soybean Meal,2026-02-26,KUWAIT,1.0,1291.0,4741.0,6243.0,Metric Tons
Soybean Meal,2026-02-26,LEBANON,0.0,0.0,0.0,0.0,Metric Tons
Soybean Meal,2026-02-26,LW WW I,0.0,0.0,1750.0,800.0,Metric Tons
Soybean Meal,2026-02-26,MALAYSA,0.0,1047.0,15353.0,4505.0,Metric Tons
Soybean Meal,2026-02-26,MEXICO,16980.0,57932.0,1158436.0,793587.0,Metric Tons
Soybean Meal,2026-02-26,MOROCCO,0.0,0.0,187713.0,167000.0,Metric Tons
Soybean Meal,2026-02-26,N ZEAL,0.0,0.0,39598.0,30000.0,Metric Tons
Soybean Meal,2026-02-26,NEPAL,0.0,500.0,7284.0,21799.0,Metric Tons
Soybean Meal,2026-02-26,NETHLDS,0.0,0.0,55609.0,26260.0,Metric Tons
Soybean Meal,2026-02-26,NICARAG,4000.0,0.0,68528.0,37595.0,Metric Tons
Soybean Meal,2026-02-26,OMAN,0.0,0.0,0.0,0.0,Metric Tons
Soybean Meal,2026-02-26,OPAC IS,0.0,0.0,714.0,0.0,Metric Tons
Soybean Meal,2026-02-26,PANAMA,0.0,0.0,88298.0,95600.0,Metric Tons
Soybean Meal,2026-02-26,PERU,0.0,0.0,0.0,0.0,Metric Tons
Soybean Meal,2026-02-26,PHIL,52813.0,51967.0,1506871.0,896249.0,Metric Tons
Soybean Meal,2026-02-26,POLAND,0.0,0.0,131995.0,60000.0,Metric Tons
Soybean Meal,2026-02-26,QATAR,0.0,0.0,0.0,0.0,Metric Tons
Soybean Meal,2026-02-26,S ARAB,30000.0,0.0,26250.0,60000.0,Metric Tons
Soybean Meal,2026-02-26,S LANKA,634.0,5799.0,168296.0,57941.0,Metric Tons
Soybean Meal,2026-02-26,SALVADR,13294.0,0.0,54666.0,108994.0,Metric Tons
Soybean Meal,2026-02-26,SPAIN,0.0,0.0,55000.0,0.0,Metric Tons
Soybean Meal,2026-02-26,SURINAM,0.0,0.0,3312.0,0.0,Metric Tons
Soybean Meal,2026-02-26,TAIWAN,0.0,0.0,4618.0,62.0,Metric Tons
Soybean Meal,2026-02-26,THAILND,0.0,0.0,2994.0,500.0,Metric Tons
Soybean Meal,2026-02-26,TRINID,4620.0,4620.0,19936.0,2000.0,Metric Tons
Soybean Meal,2026-02-26,U KING,11795.0,11795.0,128838.0,0.0,Metric Tons
Soybean Meal,2026-02-26,UNKNOWN,-20200.0,0.0,0.0,611112.0,Metric Tons
Soybean Meal,2026-02-26,VENEZ,0.0,0.0,265407.0,72000.0,Metric Tons
Soybean Meal,2026-02-26,VIETNAM,1063.0,4945.0,456114.0,59913.0,Metric Tons
Soybean Meal,2026-03-05,BANGLADH,0.0,0.0,51700.0,48000.0,Metric Tons
Soybean Meal,2026-03-05,BARBADO,0.0,0.0,2700.0,0.0,Metric Tons
Soybean Meal,2026-03-05,BELGIUM,0.0,0.0,0.0,7959.0,Metric Tons
Soybean Meal,2026-03-05,BOLIVIA,0.0,0.0,0.0,0.0,Metric Tons
Soybean Meal,2026-03-05,BURMA,1032.0,3165.0,17378.0,6229.0,Metric Tons
Soybean Meal,2026-03-05,C RICA,1157.0,10982.0,59233.0,47918.0,Metric Tons
Soybean Meal,2026-03-05,CANADA,12576.0,10203.0,408765.0,445690.0,Metric Tons
Soybean Meal,2026-03-05,COLOMB,21713.0,50985.0,967571.0,416322.0,Metric Tons
Soybean Meal,2026-03-05,DOM REP,9391.0,9900.0,278599.0,136650.0,Metric Tons
Soybean Meal,2026-03-05,ECUADOR,79499.0,49499.0,328964.0,181000.0,Metric Tons
Soybean Meal,2026-03-05,EGYPT,0.0,0.0,0.0,0.0,Metric Tons
Soybean Meal,2026-03-05,F W IND,0.0,0.0,250.0,0.0,Metric Tons
Soybean Meal,2026-03-05,GUAM,0.0,0.0,0.0,0.0,Metric Tons
Soybean Meal,2026-03-05,GUATMAL,7806.0,7169.0,258178.0,53541.0,Metric Tons
Soybean Meal,2026-03-05,GUYANA,0.0,0.0,8351.0,0.0,Metric Tons
Soybean Meal,2026-03-05,HG KONG,195.0,130.0,1218.0,392.0,Metric Tons
Soybean Meal,2026-03-05,HONDURA,2093.0,0.0,188790.0,87125.0,Metric Tons
Soybean Meal,2026-03-05,INDNSIA,1110.0,12055.0,96646.0,57824.0,Metric Tons
Soybean Meal,2026-03-05,ISRAEL,0.0,0.0,12243.0,0.0,Metric Tons
Soybean Meal,2026-03-05,ITALY,0.0,0.0,267.0,333.0,Metric Tons
Soybean Meal,2026-03-05,JAMAICA,0.0,0.0,39549.0,23000.0,Metric Tons
Soybean Meal,2026-03-05,JAPAN,-604.0,424.0,223884.0,112175.0,Metric Tons
Soybean Meal,2026-03-05,JORDAN,0.0,0.0,0.0,0.0,Metric Tons
Soybean Meal,2026-03-05,KOR REP,1073.0,285.0,4674.0,6588.0,Metric Tons
Soybean Meal,2026-03-05,KUWAIT,0.0,125.0,4866.0,6118.0,Metric Tons
Soybean Meal,2026-03-05,LEBANON,0.0,0.0,0.0,0.0,Metric Tons
Soybean Meal,2026-03-05,LW WW I,1801.0,1801.0,3551.0,800.0,Metric Tons
Soybean Meal,2026-03-05,MALAYSA,3000.0,425.0,15778.0,7080.0,Metric Tons
Soybean Meal,2026-03-05,MEXICO,30648.0,46704.0,1205140.0,777531.0,Metric Tons
Soybean Meal,2026-03-05,MOROCCO,1998.0,21998.0,209711.0,147000.0,Metric Tons
Soybean Meal,2026-03-05,N ZEAL,3000.0,33000.0,72598.0,0.0,Metric Tons
Soybean Meal,2026-03-05,NEPAL,0.0,0.0,7284.0,21799.0,Metric Tons
Soybean Meal,2026-03-05,NETHLDS,0.0,200.0,55809.0,26060.0,Metric Tons
Soybean Meal,2026-03-05,NICARAG,2500.0,0.0,68528.0,40095.0,Metric Tons
Soybean Meal,2026-03-05,OMAN,0.0,0.0,0.0,0.0,Metric Tons
Soybean Meal,2026-03-05,OPAC IS,63.0,63.0,777.0,0.0,Metric Tons
Soybean Meal,2026-03-05,PANAMA,11937.0,20237.0,108535.0,87300.0,Metric Tons
Soybean Meal,2026-03-05,PERU,0.0,0.0,0.0,0.0,Metric Tons
Soybean Meal,2026-03-05,PHIL,7706.0,54645.0,1561516.0,849310.0,Metric Tons
Soybean Meal,2026-03-05,POLAND,0.0,0.0,131995.0,60000.0,Metric Tons
Soybean Meal,2026-03-05,QATAR,0.0,0.0,0.0,0.0,Metric Tons
Soybean Meal,2026-03-05,S ARAB,0.0,0.0,26250.0,60000.0,Metric Tons
Soybean Meal,2026-03-05,S LANKA,8622.0,6863.0,175159.0,59700.0,Metric Tons
Soybean Meal,2026-03-05,SALVADR,-585.0,12203.0,66869.0,96206.0,Metric Tons
Soybean Meal,2026-03-05,SPAIN,0.0,0.0,55000.0,0.0,Metric Tons
Soybean Meal,2026-03-05,SURINAM,0.0,0.0,3312.0,0.0,Metric Tons
Soybean Meal,2026-03-05,TAIWAN,8.0,70.0,4688.0,0.0,Metric Tons
Soybean Meal,2026-03-05,THAILND,500.0,0.0,2994.0,1000.0,Metric Tons
Soybean Meal,2026-03-05,TRINID,0.0,0.0,19936.0,2000.0,Metric Tons
Soybean Meal,2026-03-05,U KING,0.0,0.0,128838.0,0.0,Metric Tons
Soybean Meal,2026-03-05,UNKNOWN,-48152.0,0.0,0.0,562960.0,Metric Tons
Soybean Meal,2026-03-05,VENEZ,0.0,0.0,265407.0,72000.0,Metric Tons
Soybean Meal,2026-03-05,VIETNAM,5915.0,7518.0,463632.0,58310.0,Metric Tons
Soybean Meal,2026-03-12,BANGLADH,4500.0,52500.0,104200.0,0.0,Metric Tons
Soybean Meal,2026-03-12,BARBADO,0.0,0.0,2700.0,0.0,Metric Tons
Soybean Meal,2026-03-12,BELGIUM,-1021.0,0.0,0.0,6938.0,Metric Tons
Soybean Meal,2026-03-12,BOLIVIA,0.0,0.0,0.0,0.0,Metric Tons
Soybean Meal,2026-03-12,BURMA,221.0,573.0,17951.0,5877.0,Metric Tons
Soybean Meal,2026-03-12,C RICA,-7000.0,0.0,59233.0,40918.0,Metric Tons
Soybean Meal,2026-03-12,CANADA,17826.0,34572.0,443337.0,428944.0,Metric Tons
Soybean Meal,2026-03-12,COLOMB,20127.0,10977.0,978548.0,425472.0,Metric Tons
Soybean Meal,2026-03-12,DOM REP,1351.0,43601.0,322200.0,94400.0,Metric Tons
Soybean Meal,2026-03-12,ECUADOR,5300.0,0.0,328964.0,186300.0,Metric Tons
Soybean Meal,2026-03-12,EGYPT,0.0,0.0,0.0,0.0,Metric Tons
Soybean Meal,2026-03-12,F W IND,0.0,0.0,250.0,0.0,Metric Tons
Soybean Meal,2026-03-12,GUAM,0.0,0.0,0.0,0.0,Metric Tons
Soybean Meal,2026-03-12,GUATMAL,6531.0,12531.0,270709.0,47541.0,Metric Tons
Soybean Meal,2026-03-12,GUYANA,0.0,0.0,8351.0,0.0,Metric Tons
Soybean Meal,2026-03-12,HG KONG,0.0,61.0,1279.0,331.0,Metric Tons
Soybean Meal,2026-03-12,HONDURA,10100.0,12075.0,200865.0,85150.0,Metric Tons
Soybean Meal,2026-03-12,INDNSIA,3048.0,7491.0,104137.0,53381.0,Metric Tons
Soybean Meal,2026-03-12,ISRAEL,0.0,0.0,12243.0,0.0,Metric Tons
Soybean Meal,2026-03-12,ITALY,0.0,0.0,267.0,333.0,Metric Tons
Soybean Meal,2026-03-12,JAMAICA,0.0,11000.0,50549.0,12000.0,Metric Tons
Soybean Meal,2026-03-12,JAPAN,46637.0,1446.0,225330.0,157366.0,Metric Tons
Soybean Meal,2026-03-12,JORDAN,0.0,0.0,0.0,0.0,Metric Tons
Soybean Meal,2026-03-12,KOR REP,250.0,0.0,4674.0,6838.0,Metric Tons
Soybean Meal,2026-03-12,KUWAIT,0.0,0.0,4866.0,6118.0,Metric Tons
Soybean Meal,2026-03-12,LEBANON,0.0,0.0,0.0,0.0,Metric Tons
Soybean Meal,2026-03-12,LW WW I,1500.0,0.0,3551.0,2300.0,Metric Tons
Soybean Meal,2026-03-12,MALAYSA,0.0,0.0,15778.0,7080.0,Metric Tons
Soybean Meal,2026-03-12,MEXICO,57343.0,63778.0,1268918.0,771096.0,Metric Tons
Soybean Meal,2026-03-12,MOROCCO,19845.0,39845.0,249556.0,127000.0,Metric Tons
Soybean Meal,2026-03-12,N ZEAL,0.0,0.0,72598.0,0.0,Metric Tons
Soybean Meal,2026-03-12,NEPAL,0.0,944.0,8228.0,20855.0,Metric Tons
Soybean Meal,2026-03-12,NETHLDS,0.0,240.0,56049.0,25820.0,Metric Tons
Soybean Meal,2026-03-12,NICARAG,2055.0,5500.0,74028.0,36650.0,Metric Tons
Soybean Meal,2026-03-12,OMAN,0.0,0.0,0.0,0.0,Metric Tons
Soybean Meal,2026-03-12,OPAC IS,0.0,0.0,777.0,0.0,Metric Tons
Soybean Meal,2026-03-12,PANAMA,0.0,0.0,108535.0,87300.0,Metric Tons
Soybean Meal,2026-03-12,PERU,0.0,0.0,0.0,0.0,Metric Tons
Soybean Meal,2026-03-12,PHIL,58090.0,58457.0,1619973.0,848943.0,Metric Tons
Soybean Meal,2026-03-12,POLAND,0.0,0.0,131995.0,60000.0,Metric Tons
Soybean Meal,2026-03-12,QATAR,0.0,0.0,0.0,0.0,Metric Tons
Soybean Meal,2026-03-12,S ARAB,0.0,0.0,26250.0,60000.0,Metric Tons
Soybean Meal,2026-03-12,S LANKA,3479.0,6999.0,182158.0,56180.0,Metric Tons
Soybean Meal,2026-03-12,SALVADR,7942.0,0.0,66869.0,104148.0,Metric Tons
Soybean Meal,2026-03-12,SPAIN,0.0,0.0,55000.0,0.0,Metric Tons
Soybean Meal,2026-03-12,SURINAM,0.0,0.0,3312.0,0.0,Metric Tons
Soybean Meal,2026-03-12,TAIWAN,1200.0,0.0,4688.0,1200.0,Metric Tons
Soybean Meal,2026-03-12,THAILND,0.0,0.0,2994.0,1000.0,Metric Tons
Soybean Meal,2026-03-12,TRINID,4300.0,0.0,19936.0,6300.0,Metric Tons
Soybean Meal,2026-03-12,U KING,0.0,0.0,128838.0,0.0,Metric Tons
Soybean Meal,2026-03-12,UNKNOWN,-47500.0,0.0,0.0,515460.0,Metric Tons
Soybean Meal,2026-03-12,VENEZ,2999.0,32999.0,298406.0,42000.0,Metric Tons
Soybean Meal,2026-03-12,VIETNAM,1804.0,2030.0,465662.0,58084.0,Metric Tons
Soybean Meal,2026-03-19,BANGLADH,0.0,0.0,104200.0,0.0,Metric Tons
Soybean Meal,2026-03-19,BARBADO,0.0,0.0,2700.0,0.0,Metric Tons
Soybean Meal,2026-03-19,BELGIUM,-472.0,0.0,0.0,6466.0,Metric Tons
Soybean Meal,2026-03-19,BOLIVIA,0.0,0.0,0.0,0.0,Metric Tons
Soybean Meal,2026-03-19,BURMA,264.0,232.0,18183.0,5909.0,Metric Tons
Soybean Meal,2026-03-19,C RICA,0.0,0.0,59233.0,40918.0,Metric Tons
Soybean Meal,2026-03-19,CANADA,4098.0,10952.0,454289.0,422090.0,Metric Tons
Soybean Meal,2026-03-19,COLOMB,124399.0,62194.0,1040742.0,487677.0,Metric Tons
Soybean Meal,2026-03-19,DOM REP,29010.0,11810.0,334010.0,111600.0,Metric Tons
Soybean Meal,2026-03-19,ECUADOR,0.0,0.0,328964.0,186300.0,Metric Tons
Soybean Meal,2026-03-19,EGYPT,0.0,0.0,0.0,0.0,Metric Tons
Soybean Meal,2026-03-19,F W IND,0.0,0.0,250.0,0.0,Metric Tons
Soybean Meal,2026-03-19,GUAM,0.0,0.0,0.0,0.0,Metric Tons
Soybean Meal,2026-03-19,GUATMAL,37661.0,819.0,271528.0,84383.0,Metric Tons
Soybean Meal,2026-03-19,GUYANA,0.0,0.0,8351.0,0.0,Metric Tons
Soybean Meal,2026-03-19,HG KONG,60.0,0.0,1279.0,391.0,Metric Tons
Soybean Meal,2026-03-19,HONDURA,26850.0,0.0,200865.0,112000.0,Metric Tons
Soybean Meal,2026-03-19,INDNSIA,4740.0,12411.0,116548.0,45710.0,Metric Tons
Soybean Meal,2026-03-19,ISRAEL,0.0,0.0,12243.0,0.0,Metric Tons
Soybean Meal,2026-03-19,ITALY,0.0,241.0,508.0,92.0,Metric Tons
Soybean Meal,2026-03-19,JAMAICA,17500.0,0.0,50549.0,29500.0,Metric Tons
Soybean Meal,2026-03-19,JAPAN,7762.0,48882.0,274212.0,116246.0,Metric Tons
Soybean Meal,2026-03-19,JORDAN,0.0,0.0,0.0,0.0,Metric Tons
Soybean Meal,2026-03-19,KOR REP,282.0,513.0,5187.0,6607.0,Metric Tons
Soybean Meal,2026-03-19,KUWAIT,0.0,0.0,4866.0,6118.0,Metric Tons
Soybean Meal,2026-03-19,LEBANON,0.0,0.0,0.0,0.0,Metric Tons
Soybean Meal,2026-03-19,LW WW I,0.0,0.0,3551.0,2300.0,Metric Tons
Soybean Meal,2026-03-19,MALAYSA,1500.0,3560.0,19338.0,5020.0,Metric Tons
Soybean Meal,2026-03-19,MEXICO,28296.0,51781.0,1320699.0,747611.0,Metric Tons
Soybean Meal,2026-03-19,MOROCCO,22615.0,49615.0,299171.0,100000.0,Metric Tons
Soybean Meal,2026-03-19,N ZEAL,6000.0,0.0,72598.0,6000.0,Metric Tons
Soybean Meal,2026-03-19,NEPAL,501.0,1403.0,9631.0,19953.0,Metric Tons
Soybean Meal,2026-03-19,NETHLDS,22000.0,160.0,56209.0,47660.0,Metric Tons
Soybean Meal,2026-03-19,NICARAG,15650.0,0.0,74028.0,52300.0,Metric Tons
Soybean Meal,2026-03-19,OMAN,0.0,0.0,0.0,0.0,Metric Tons
Soybean Meal,2026-03-19,OPAC IS,0.0,0.0,777.0,0.0,Metric Tons
Soybean Meal,2026-03-19,PANAMA,1579.0,12649.0,121184.0,76230.0,Metric Tons
Soybean Meal,2026-03-19,PERU,0.0,0.0,0.0,0.0,Metric Tons
Soybean Meal,2026-03-19,PHIL,39653.0,55311.0,1675284.0,833285.0,Metric Tons
Soybean Meal,2026-03-19,POLAND,49604.0,0.0,131995.0,109604.0,Metric Tons
Soybean Meal,2026-03-19,QATAR,0.0,0.0,0.0,0.0,Metric Tons
Soybean Meal,2026-03-19,S ARAB,2998.0,32998.0,59248.0,30000.0,Metric Tons
Soybean Meal,2026-03-19,S LANKA,7396.0,3385.0,185543.0,60191.0,Metric Tons
Soybean Meal,2026-03-19,SALVADR,12033.0,8070.0,74939.0,108111.0,Metric Tons
Soybean Meal,2026-03-19,SPAIN,0.0,0.0,55000.0,0.0,Metric Tons
Soybean Meal,2026-03-19,SURINAM,0.0,0.0,3312.0,0.0,Metric Tons
Soybean Meal,2026-03-19,TAIWAN,500.0,0.0,4688.0,1700.0,Metric Tons
Soybean Meal,2026-03-19,THAILND,400.0,0.0,2994.0,1400.0,Metric Tons
Soybean Meal,2026-03-19,TRINID,0.0,0.0,19936.0,6300.0,Metric Tons
Soybean Meal,2026-03-19,U KING,8000.0,0.0,128838.0,8000.0,Metric Tons
Soybean Meal,2026-03-19,UNKNOWN,25000.0,0.0,0.0,540460.0,Metric Tons
Soybean Meal,2026-03-19,VENEZ,500.0,5500.0,303906.0,37000.0,Metric Tons
Soybean Meal,2026-03-19,VIETNAM,11222.0,6971.0,472633.0,62335.0,Metric Tons
Soybean Meal,2026-03-26,BANGLADH,0.0,0.0,104200.0,0.0,Metric Tons
Soybean Meal,2026-03-26,BARBADO,0.0,0.0,2700.0,0.0,Metric Tons
Soybean Meal,2026-03-26,BELGIUM,-1064.0,0.0,0.0,5402.0,Metric Tons
Soybean Meal,2026-03-26,BOLIVIA,0.0,0.0,0.0,0.0,Metric Tons
Soybean Meal,2026-03-26,BURMA,-101.0,3062.0,21245.0,2746.0,Metric Tons
Soybean Meal,2026-03-26,C RICA,8779.0,8779.0,68012.0,40918.0,Metric Tons
Soybean Meal,2026-03-26,CANADA,23807.0,10603.0,464892.0,435294.0,Metric Tons
Soybean Meal,2026-03-26,COLOMB,33386.0,52496.0,1093238.0,468567.0,Metric Tons
Soybean Meal,2026-03-26,DOM REP,2100.0,0.0,334010.0,113700.0,Metric Tons
Soybean Meal,2026-03-26,ECUADOR,42000.0,36698.0,365662.0,191602.0,Metric Tons
Soybean Meal,2026-03-26,EGYPT,0.0,0.0,0.0,0.0,Metric Tons
Soybean Meal,2026-03-26,F W IND,0.0,0.0,250.0,0.0,Metric Tons
Soybean Meal,2026-03-26,GUAM,0.0,0.0,0.0,0.0,Metric Tons
Soybean Meal,2026-03-26,GUATMAL,21436.0,22437.0,293965.0,83382.0,Metric Tons
Soybean Meal,2026-03-26,GUYANA,0.0,0.0,8351.0,0.0,Metric Tons
Soybean Meal,2026-03-26,HG KONG,-264.0,0.0,1279.0,127.0,Metric Tons
Soybean Meal,2026-03-26,HONDURA,4183.0,9503.0,210368.0,106680.0,Metric Tons
Soybean Meal,2026-03-26,INDNSIA,-13.0,5165.0,121713.0,40532.0,Metric Tons
Soybean Meal,2026-03-26,ISRAEL,0.0,0.0,12243.0,0.0,Metric Tons
Soybean Meal,2026-03-26,ITALY,0.0,6.0,514.0,86.0,Metric Tons
Soybean Meal,2026-03-26,JAMAICA,0.0,0.0,50549.0,29500.0,Metric Tons
Soybean Meal,2026-03-26,JAPAN,-665.0,401.0,274613.0,115180.0,Metric Tons
Soybean Meal,2026-03-26,JORDAN,0.0,0.0,0.0,0.0,Metric Tons
Soybean Meal,2026-03-26,KOR REP,315.0,257.0,5444.0,6665.0,Metric Tons
Soybean Meal,2026-03-26,KUWAIT,0.0,0.0,4866.0,6118.0,Metric Tons
Soybean Meal,2026-03-26,LEBANON,0.0,0.0,0.0,0.0,Metric Tons
Soybean Meal,2026-03-26,LW WW I,0.0,0.0,3551.0,2300.0,Metric Tons
Soybean Meal,2026-03-26,MALAYSA,480.0,0.0,19338.0,5500.0,Metric Tons
Soybean Meal,2026-03-26,MEXICO,40201.0,66437.0,1387136.0,721375.0,Metric Tons
Soybean Meal,2026-03-26,MOROCCO,0.0,0.0,299171.0,100000.0,Metric Tons
Soybean Meal,2026-03-26,N ZEAL,0.0,0.0,72598.0,6000.0,Metric Tons
Soybean Meal,2026-03-26,NEPAL,41.0,2076.0,11707.0,17918.0,Metric Tons
Soybean Meal,2026-03-26,NETHLDS,0.0,0.0,56209.0,47660.0,Metric Tons
Soybean Meal,2026-03-26,NICARAG,3200.0,0.0,74028.0,55500.0,Metric Tons
Soybean Meal,2026-03-26,OMAN,0.0,0.0,0.0,0.0,Metric Tons
Soybean Meal,2026-03-26,OPAC IS,399.0,399.0,1176.0,0.0,Metric Tons
Soybean Meal,2026-03-26,PANAMA,3322.0,3322.0,124506.0,76230.0,Metric Tons
Soybean Meal,2026-03-26,PERU,0.0,0.0,0.0,0.0,Metric Tons
Soybean Meal,2026-03-26,PHIL,54651.0,94582.0,1769866.0,793354.0,Metric Tons
Soybean Meal,2026-03-26,POLAND,5998.0,65998.0,197993.0,49604.0,Metric Tons
Soybean Meal,2026-03-26,QATAR,0.0,0.0,0.0,0.0,Metric Tons
Soybean Meal,2026-03-26,S ARAB,0.0,0.0,59248.0,30000.0,Metric Tons
Soybean Meal,2026-03-26,S LANKA,9637.0,3947.0,189490.0,65881.0,Metric Tons
Soybean Meal,2026-03-26,SALVADR,-6593.0,6407.0,81346.0,95111.0,Metric Tons
Soybean Meal,2026-03-26,SPAIN,0.0,0.0,55000.0,0.0,Metric Tons
Soybean Meal,2026-03-26,SURINAM,0.0,0.0,3312.0,0.0,Metric Tons
Soybean Meal,2026-03-26,TAIWAN,0.0,100.0,4788.0,1600.0,Metric Tons
Soybean Meal,2026-03-26,THAILND,0.0,0.0,2994.0,1400.0,Metric Tons
Soybean Meal,2026-03-26,TRINID,0.0,0.0,19936.0,6300.0,Metric Tons
Soybean Meal,2026-03-26,U KING,17000.0,0.0,128838.0,25000.0,Metric Tons
Soybean Meal,2026-03-26,UNKNOWN,112606.0,0.0,0.0,653066.0,Metric Tons
Soybean Meal,2026-03-26,VENEZ,400.0,4400.0,308306.0,33000.0,Metric Tons
Soybean Meal,2026-03-26,VIETNAM,1921.0,4371.0,477004.0,59885.0,Metric Tons
Soybean Meal,2026-04-02,BANGLADH,0.0,0.0,104200.0,0.0,Metric Tons
Soybean Meal,2026-04-02,BARBADO,0.0,0.0,2700.0,0.0,Metric Tons
Soybean Meal,2026-04-02,BELGIUM,2654.0,0.0,0.0,8056.0,Metric Tons
Soybean Meal,2026-04-02,BOLIVIA,0.0,0.0,0.0,0.0,Metric Tons
Soybean Meal,2026-04-02,BURMA,0.0,633.0,21878.0,2113.0,Metric Tons
Soybean Meal,2026-04-02,C RICA,910.0,0.0,68012.0,41828.0,Metric Tons
Soybean Meal,2026-04-02,CANADA,1337.0,7561.0,472453.0,429070.0,Metric Tons
Soybean Meal,2026-04-02,COLOMB,13490.0,49166.0,1142404.0,432891.0,Metric Tons
Soybean Meal,2026-04-02,DOM REP,50873.0,20973.0,354983.0,143600.0,Metric Tons
Soybean Meal,2026-04-02,ECUADOR,10936.0,19436.0,385098.0,183102.0,Metric Tons
Soybean Meal,2026-04-02,EGYPT,0.0,0.0,0.0,0.0,Metric Tons
Soybean Meal,2026-04-02,F W IND,0.0,0.0,250.0,0.0,Metric Tons
Soybean Meal,2026-04-02,GUAM,0.0,0.0,0.0,0.0,Metric Tons
Soybean Meal,2026-04-02,GUATMAL,6174.0,31407.0,325372.0,58149.0,Metric Tons
Soybean Meal,2026-04-02,GUYANA,0.0,0.0,8351.0,0.0,Metric Tons
Soybean Meal,2026-04-02,HG KONG,0.0,0.0,1279.0,127.0,Metric Tons
Soybean Meal,2026-04-02,HONDURA,14604.0,22936.0,233304.0,98348.0,Metric Tons
Soybean Meal,2026-04-02,INDNSIA,2996.0,6869.0,128582.0,36659.0,Metric Tons
Soybean Meal,2026-04-02,ISRAEL,0.0,0.0,12243.0,0.0,Metric Tons
Soybean Meal,2026-04-02,ITALY,0.0,86.0,600.0,0.0,Metric Tons
Soybean Meal,2026-04-02,JAMAICA,0.0,0.0,50549.0,29500.0,Metric Tons
Soybean Meal,2026-04-02,JAPAN,-1757.0,920.0,275533.0,112503.0,Metric Tons
Soybean Meal,2026-04-02,JORDAN,0.0,0.0,0.0,0.0,Metric Tons
Soybean Meal,2026-04-02,KOR REP,0.0,341.0,5785.0,6324.0,Metric Tons
Soybean Meal,2026-04-02,KUWAIT,2883.0,0.0,4866.0,9001.0,Metric Tons
Soybean Meal,2026-04-02,LEBANON,0.0,0.0,0.0,0.0,Metric Tons
Soybean Meal,2026-04-02,LW WW I,0.0,800.0,4351.0,1500.0,Metric Tons
Soybean Meal,2026-04-02,MALAYSA,0.0,1462.0,20800.0,4038.0,Metric Tons
Soybean Meal,2026-04-02,MEXICO,66137.0,72659.0,1459795.0,714853.0,Metric Tons
Soybean Meal,2026-04-02,MOROCCO,0.0,0.0,299171.0,100000.0,Metric Tons
Soybean Meal,2026-04-02,N ZEAL,0.0,0.0,72598.0,6000.0,Metric Tons
Soybean Meal,2026-04-02,NEPAL,59.0,1042.0,12749.0,16935.0,Metric Tons
Soybean Meal,2026-04-02,NETHLDS,0.0,140.0,56349.0,47520.0,Metric Tons
Soybean Meal,2026-04-02,NICARAG,7695.0,23295.0,97323.0,39900.0,Metric Tons
Soybean Meal,2026-04-02,OMAN,0.0,0.0,0.0,0.0,Metric Tons
Soybean Meal,2026-04-02,OPAC IS,0.0,0.0,1176.0,0.0,Metric Tons
Soybean Meal,2026-04-02,PANAMA,4553.0,14533.0,139039.0,66250.0,Metric Tons
Soybean Meal,2026-04-02,PERU,0.0,0.0,0.0,0.0,Metric Tons
Soybean Meal,2026-04-02,PHIL,153336.0,156546.0,1926412.0,790144.0,Metric Tons
Soybean Meal,2026-04-02,POLAND,0.0,0.0,197993.0,49604.0,Metric Tons
Soybean Meal,2026-04-02,QATAR,0.0,0.0,0.0,0.0,Metric Tons
Soybean Meal,2026-04-02,S ARAB,0.0,0.0,59248.0,30000.0,Metric Tons
Soybean Meal,2026-04-02,S LANKA,4581.0,6527.0,196017.0,63935.0,Metric Tons
Soybean Meal,2026-04-02,SALVADR,5823.0,7123.0,88469.0,93811.0,Metric Tons
Soybean Meal,2026-04-02,SPAIN,0.0,0.0,55000.0,0.0,Metric Tons
Soybean Meal,2026-04-02,SURINAM,0.0,0.0,3312.0,0.0,Metric Tons
Soybean Meal,2026-04-02,TAIWAN,0.0,116.0,4904.0,1484.0,Metric Tons
Soybean Meal,2026-04-02,THAILND,0.0,500.0,3494.0,900.0,Metric Tons
Soybean Meal,2026-04-02,TRINID,0.0,0.0,19936.0,6300.0,Metric Tons
Soybean Meal,2026-04-02,U KING,0.0,0.0,128838.0,25000.0,Metric Tons
Soybean Meal,2026-04-02,UNKNOWN,4664.0,0.0,0.0,657730.0,Metric Tons
Soybean Meal,2026-04-02,VENEZ,11000.0,11000.0,319306.0,33000.0,Metric Tons
Soybean Meal,2026-04-02,VIETNAM,700.0,2758.0,479762.0,57827.0,Metric Tons
Soybean Meal,2026-04-09,BANGLADH,0.0,0.0,104200.0,0.0,Metric Tons
Soybean Meal,2026-04-09,BARBADO,0.0,0.0,2700.0,0.0,Metric Tons
Soybean Meal,2026-04-09,BELGIUM,-1112.0,0.0,0.0,6944.0,Metric Tons
Soybean Meal,2026-04-09,BOLIVIA,0.0,0.0,0.0,0.0,Metric Tons
Soybean Meal,2026-04-09,BURMA,238.0,856.0,22734.0,1495.0,Metric Tons
Soybean Meal,2026-04-09,C RICA,-80.0,10739.0,78751.0,31009.0,Metric Tons
Soybean Meal,2026-04-09,CANADA,-7509.0,7737.0,480190.0,413824.0,Metric Tons
Soybean Meal,2026-04-09,COLOMB,2964.0,53505.0,1195909.0,382350.0,Metric Tons
Soybean Meal,2026-04-09,DOM REP,8500.0,23204.0,378187.0,128896.0,Metric Tons
Soybean Meal,2026-04-09,ECUADOR,46498.0,47300.0,432398.0,182300.0,Metric Tons
Soybean Meal,2026-04-09,EGYPT,0.0,0.0,0.0,0.0,Metric Tons
Soybean Meal,2026-04-09,F W IND,0.0,0.0,250.0,0.0,Metric Tons
Soybean Meal,2026-04-09,GUAM,0.0,0.0,0.0,0.0,Metric Tons
Soybean Meal,2026-04-09,GUATMAL,12364.0,0.0,325372.0,70513.0,Metric Tons
Soybean Meal,2026-04-09,GUYANA,0.0,0.0,8351.0,0.0,Metric Tons
Soybean Meal,2026-04-09,HG KONG,188.0,0.0,1279.0,315.0,Metric Tons
Soybean Meal,2026-04-09,HONDURA,-15.0,0.0,233304.0,98333.0,Metric Tons
Soybean Meal,2026-04-09,INDNSIA,1132.0,3675.0,132257.0,34116.0,Metric Tons
Soybean Meal,2026-04-09,ISRAEL,0.0,0.0,12243.0,0.0,Metric Tons
Soybean Meal,2026-04-09,ITALY,100000.0,0.0,600.0,100000.0,Metric Tons
Soybean Meal,2026-04-09,JAMAICA,35.0,4035.0,54584.0,25500.0,Metric Tons
Soybean Meal,2026-04-09,JAPAN,190.0,873.0,276406.0,111820.0,Metric Tons
Soybean Meal,2026-04-09,JORDAN,0.0,0.0,0.0,0.0,Metric Tons
Soybean Meal,2026-04-09,KOR REP,768.0,392.0,6177.0,6700.0,Metric Tons
Soybean Meal,2026-04-09,KUWAIT,0.0,0.0,4866.0,9001.0,Metric Tons
Soybean Meal,2026-04-09,LEBANON,0.0,0.0,0.0,0.0,Metric Tons
Soybean Meal,2026-04-09,LW WW I,700.0,0.0,4351.0,2200.0,Metric Tons
Soybean Meal,2026-04-09,MALAYSA,0.0,778.0,21578.0,3260.0,Metric Tons
Soybean Meal,2026-04-09,MEXICO,41015.0,65210.0,1525005.0,690658.0,Metric Tons
Soybean Meal,2026-04-09,MOROCCO,0.0,0.0,299171.0,100000.0,Metric Tons
Soybean Meal,2026-04-09,N ZEAL,0.0,0.0,72598.0,6000.0,Metric Tons
Soybean Meal,2026-04-09,NEPAL,27.0,1144.0,13893.0,15818.0,Metric Tons
Soybean Meal,2026-04-09,NETHLDS,0.0,160.0,56509.0,47360.0,Metric Tons
Soybean Meal,2026-04-09,NICARAG,0.0,0.0,97323.0,39900.0,Metric Tons
Soybean Meal,2026-04-09,OMAN,0.0,0.0,0.0,0.0,Metric Tons
Soybean Meal,2026-04-09,OPAC IS,0.0,0.0,1176.0,0.0,Metric Tons
Soybean Meal,2026-04-09,PANAMA,-55.0,12595.0,151634.0,53600.0,Metric Tons
Soybean Meal,2026-04-09,PERU,0.0,0.0,0.0,0.0,Metric Tons
Soybean Meal,2026-04-09,PHIL,58103.0,101529.0,2027941.0,746718.0,Metric Tons
Soybean Meal,2026-04-09,POLAND,0.0,0.0,197993.0,49604.0,Metric Tons
Soybean Meal,2026-04-09,QATAR,0.0,0.0,0.0,0.0,Metric Tons
Soybean Meal,2026-04-09,S ARAB,0.0,0.0,59248.0,30000.0,Metric Tons
Soybean Meal,2026-04-09,S LANKA,4220.0,2546.0,198563.0,65609.0,Metric Tons
Soybean Meal,2026-04-09,SALVADR,6152.0,5517.0,93986.0,94446.0,Metric Tons
Soybean Meal,2026-04-09,SPAIN,0.0,0.0,55000.0,0.0,Metric Tons
Soybean Meal,2026-04-09,SURINAM,0.0,0.0,3312.0,0.0,Metric Tons
Soybean Meal,2026-04-09,TAIWAN,0.0,66.0,4970.0,1418.0,Metric Tons
Soybean Meal,2026-04-09,THAILND,0.0,448.0,3942.0,452.0,Metric Tons
Soybean Meal,2026-04-09,TRINID,0.0,0.0,19936.0,6300.0,Metric Tons
Soybean Meal,2026-04-09,U KING,0.0,0.0,128838.0,25000.0,Metric Tons
Soybean Meal,2026-04-09,UNKNOWN,-46805.0,0.0,0.0,610925.0,Metric Tons
Soybean Meal,2026-04-09,VENEZ,25000.0,0.0,319306.0,58000.0,Metric Tons
Soybean Meal,2026-04-09,VIETNAM,1716.0,3027.0,482789.0,56516.0,Metric Tons
Soybean Meal,2026-04-16,AUSTRAL,30000.0,0.0,0.0,30000.0,Metric Tons
Soybean Meal,2026-04-16,BANGLADH,0.0,0.0,104200.0,0.0,Metric Tons
Soybean Meal,2026-04-16,BARBADO,590.0,590.0,3290.0,0.0,Metric Tons
Soybean Meal,2026-04-16,BELGIUM,-455.0,0.0,0.0,6489.0,Metric Tons
Soybean Meal,2026-04-16,BOLIVIA,0.0,0.0,0.0,0.0,Metric Tons
Soybean Meal,2026-04-16,BURMA,0.0,569.0,23303.0,926.0,Metric Tons
Soybean Meal,2026-04-16,C RICA,14378.0,0.0,78751.0,45387.0,Metric Tons
Soybean Meal,2026-04-16,CANADA,-6610.0,16292.0,496482.0,390922.0,Metric Tons
Soybean Meal,2026-04-16,COLOMB,5272.0,42887.0,1238796.0,344735.0,Metric Tons
Soybean Meal,2026-04-16,DOM REP,5000.0,0.0,378187.0,133896.0,Metric Tons
Soybean Meal,2026-04-16,ECUADOR,2200.0,65203.0,497601.0,119297.0,Metric Tons
Soybean Meal,2026-04-16,EGYPT,0.0,0.0,0.0,0.0,Metric Tons
Soybean Meal,2026-04-16,F W IND,0.0,0.0,250.0,0.0,Metric Tons
Soybean Meal,2026-04-16,GUAM,0.0,0.0,0.0,0.0,Metric Tons
Soybean Meal,2026-04-16,GUATMAL,20268.0,14268.0,339640.0,76513.0,Metric Tons
Soybean Meal,2026-04-16,GUYANA,2229.0,2229.0,10580.0,0.0,Metric Tons
Soybean Meal,2026-04-16,HG KONG,0.0,84.0,1363.0,231.0,Metric Tons
Soybean Meal,2026-04-16,HONDURA,5500.0,0.0,233304.0,103833.0,Metric Tons
Soybean Meal,2026-04-16,INDNSIA,9500.0,2022.0,134279.0,41594.0,Metric Tons
Soybean Meal,2026-04-16,ISRAEL,0.0,0.0,12243.0,0.0,Metric Tons
Soybean Meal,2026-04-16,ITALY,0.0,0.0,600.0,100000.0,Metric Tons
Soybean Meal,2026-04-16,JAMAICA,1000.0,0.0,54584.0,26500.0,Metric Tons
Soybean Meal,2026-04-16,JAPAN,-696.0,732.0,277138.0,110392.0,Metric Tons
Soybean Meal,2026-04-16,JORDAN,0.0,0.0,0.0,0.0,Metric Tons
Soybean Meal,2026-04-16,KOR REP,290.0,0.0,6177.0,6990.0,Metric Tons
Soybean Meal,2026-04-16,KUWAIT,0.0,0.0,4866.0,9001.0,Metric Tons
Soybean Meal,2026-04-16,LEBANON,0.0,0.0,0.0,0.0,Metric Tons
Soybean Meal,2026-04-16,LW WW I,0.0,0.0,4351.0,2200.0,Metric Tons
Soybean Meal,2026-04-16,MALAYSA,0.0,694.0,22272.0,2566.0,Metric Tons
Soybean Meal,2026-04-16,MEXICO,38812.0,47649.0,1572654.0,681821.0,Metric Tons
Soybean Meal,2026-04-16,MOROCCO,2099.0,27099.0,326270.0,75000.0,Metric Tons
Soybean Meal,2026-04-16,N ZEAL,30000.0,0.0,72598.0,36000.0,Metric Tons
Soybean Meal,2026-04-16,NEPAL,-499.0,0.0,13893.0,15319.0,Metric Tons
Soybean Meal,2026-04-16,NETHLDS,0.0,0.0,56509.0,47360.0,Metric Tons
Soybean Meal,2026-04-16,NICARAG,1500.0,0.0,97323.0,41400.0,Metric Tons
Soybean Meal,2026-04-16,OMAN,0.0,0.0,0.0,0.0,Metric Tons
Soybean Meal,2026-04-16,OPAC IS,21.0,21.0,1197.0,0.0,Metric Tons
Soybean Meal,2026-04-16,PANAMA,0.0,0.0,151634.0,53600.0,Metric Tons
Soybean Meal,2026-04-16,PERU,0.0,0.0,0.0,0.0,Metric Tons
Soybean Meal,2026-04-16,PHIL,3234.0,2386.0,2030327.0,747566.0,Metric Tons
Soybean Meal,2026-04-16,POLAND,0.0,0.0,197993.0,49604.0,Metric Tons
Soybean Meal,2026-04-16,QATAR,0.0,0.0,0.0,0.0,Metric Tons
Soybean Meal,2026-04-16,S ARAB,0.0,0.0,59248.0,30000.0,Metric Tons
Soybean Meal,2026-04-16,S LANKA,3523.0,4095.0,202658.0,65037.0,Metric Tons
Soybean Meal,2026-04-16,SALVADR,-1798.0,9818.0,103804.0,82830.0,Metric Tons
Soybean Meal,2026-04-16,SPAIN,0.0,0.0,55000.0,0.0,Metric Tons
Soybean Meal,2026-04-16,SURINAM,1580.0,1580.0,4892.0,0.0,Metric Tons
Soybean Meal,2026-04-16,TAIWAN,7960.0,83.0,5053.0,9295.0,Metric Tons
Soybean Meal,2026-04-16,THAILND,700.0,52.0,3994.0,1100.0,Metric Tons
Soybean Meal,2026-04-16,TRINID,1100.0,1100.0,21036.0,6300.0,Metric Tons
Soybean Meal,2026-04-16,U KING,24000.0,0.0,128838.0,49000.0,Metric Tons
Soybean Meal,2026-04-16,UNKNOWN,-113375.0,0.0,0.0,497550.0,Metric Tons
Soybean Meal,2026-04-16,VENEZ,23011.0,11011.0,330317.0,70000.0,Metric Tons
Soybean Meal,2026-04-16,VIETNAM,52005.0,61938.0,544727.0,46583.0,Metric Tons
Soybean Meal,2026-04-23,AUSTRAL,0.0,0.0,0.0,30000.0,Metric Tons
Soybean Meal,2026-04-23,BANGLADH,0.0,0.0,104200.0,0.0,Metric Tons
Soybean Meal,2026-04-23,BARBADO,0.0,0.0,3290.0,0.0,Metric Tons
Soybean Meal,2026-04-23,BELGIUM,2800.0,0.0,0.0,9289.0,Metric Tons
Soybean Meal,2026-04-23,BOLIVIA,0.0,0.0,0.0,0.0,Metric Tons
Soybean Meal,2026-04-23,BURMA,500.0,0.0,23303.0,1426.0,Metric Tons
Soybean Meal,2026-04-23,C RICA,132.0,7537.0,86288.0,37982.0,Metric Tons
Soybean Meal,2026-04-23,CANADA,11106.0,19246.0,515728.0,382782.0,Metric Tons
Soybean Meal,2026-04-23,COLOMB,31140.0,51140.0,1289936.0,324735.0,Metric Tons
Soybean Meal,2026-04-23,CUBA,12447.0,12447.0,12447.0,0.0,Metric Tons
Soybean Meal,2026-04-23,DOM REP,52435.0,33000.0,411187.0,153331.0,Metric Tons
Soybean Meal,2026-04-23,ECUADOR,2000.0,0.0,497601.0,121297.0,Metric Tons
Soybean Meal,2026-04-23,EGYPT,0.0,0.0,0.0,0.0,Metric Tons
Soybean Meal,2026-04-23,F W IND,0.0,0.0,250.0,0.0,Metric Tons
Soybean Meal,2026-04-23,GUAM,0.0,0.0,0.0,0.0,Metric Tons
Soybean Meal,2026-04-23,GUATMAL,-3000.0,0.0,339640.0,73513.0,Metric Tons
Soybean Meal,2026-04-23,GUYANA,0.0,0.0,10580.0,0.0,Metric Tons
Soybean Meal,2026-04-23,HG KONG,0.0,0.0,1363.0,231.0,Metric Tons
Soybean Meal,2026-04-23,HONDURA,13680.0,28934.0,262238.0,88579.0,Metric Tons
Soybean Meal,2026-04-23,INDNSIA,-2504.0,796.0,135075.0,38294.0,Metric Tons
Soybean Meal,2026-04-23,ISRAEL,0.0,0.0,12243.0,0.0,Metric Tons
Soybean Meal,2026-04-23,ITALY,0.0,0.0,600.0,100000.0,Metric Tons
Soybean Meal,2026-04-23,JAMAICA,198.0,2198.0,56782.0,24500.0,Metric Tons
Soybean Meal,2026-04-23,JAPAN,-1092.0,661.0,277799.0,108639.0,Metric Tons
Soybean Meal,2026-04-23,JORDAN,0.0,0.0,0.0,0.0,Metric Tons
Soybean Meal,2026-04-23,KOR REP,0.0,482.0,6659.0,6508.0,Metric Tons
Soybean Meal,2026-04-23,KUWAIT,0.0,0.0,4866.0,9001.0,Metric Tons
Soybean Meal,2026-04-23,LEBANON,0.0,0.0,0.0,0.0,Metric Tons
Soybean Meal,2026-04-23,LW WW I,0.0,0.0,4351.0,2200.0,Metric Tons
Soybean Meal,2026-04-23,MALAYSA,0.0,259.0,22531.0,2307.0,Metric Tons
Soybean Meal,2026-04-23,MEXICO,54622.0,73795.0,1646449.0,662648.0,Metric Tons
Soybean Meal,2026-04-23,MOROCCO,499.0,5499.0,331769.0,70000.0,Metric Tons
Soybean Meal,2026-04-23,N ZEAL,0.0,0.0,72598.0,36000.0,Metric Tons
Soybean Meal,2026-04-23,NEPAL,-1255.0,1745.0,15638.0,12319.0,Metric Tons
Soybean Meal,2026-04-23,NETHLDS,0.0,140.0,56649.0,47220.0,Metric Tons
Soybean Meal,2026-04-23,NICARAG,-79.0,12821.0,110144.0,28500.0,Metric Tons
Soybean Meal,2026-04-23,OMAN,0.0,0.0,0.0,0.0,Metric Tons
Soybean Meal,2026-04-23,OPAC IS,273.0,273.0,1470.0,0.0,Metric Tons
Soybean Meal,2026-04-23,PANAMA,1150.0,12650.0,164284.0,42100.0,Metric Tons
Soybean Meal,2026-04-23,PERU,0.0,0.0,0.0,0.0,Metric Tons
Soybean Meal,2026-04-23,PHIL,103816.0,103543.0,2133870.0,747839.0,Metric Tons
Soybean Meal,2026-04-23,POLAND,0.0,0.0,197993.0,49604.0,Metric Tons
Soybean Meal,2026-04-23,QATAR,0.0,0.0,0.0,0.0,Metric Tons
Soybean Meal,2026-04-23,S ARAB,0.0,0.0,59248.0,30000.0,Metric Tons
Soybean Meal,2026-04-23,S LANKA,350.0,4143.0,206801.0,61244.0,Metric Tons
Soybean Meal,2026-04-23,SALVADR,9273.0,5093.0,108897.0,87010.0,Metric Tons
Soybean Meal,2026-04-23,SPAIN,0.0,0.0,55000.0,0.0,Metric Tons
Soybean Meal,2026-04-23,SURINAM,0.0,0.0,4892.0,0.0,Metric Tons
Soybean Meal,2026-04-23,TAIWAN,0.0,180.0,5233.0,9115.0,Metric Tons
Soybean Meal,2026-04-23,THAILND,0.0,377.0,4371.0,723.0,Metric Tons
Soybean Meal,2026-04-23,TRINID,0.0,0.0,21036.0,6300.0,Metric Tons
Soybean Meal,2026-04-23,U KING,0.0,0.0,128838.0,49000.0,Metric Tons
Soybean Meal,2026-04-23,UNKNOWN,-20000.0,0.0,0.0,477550.0,Metric Tons
Soybean Meal,2026-04-23,VENEZ,25271.0,5271.0,335588.0,90000.0,Metric Tons
Soybean Meal,2026-04-23,VIETNAM,1151.0,4969.0,549696.0,42765.0,Metric Tons
Soybean Meal,2026-04-30,AUSTRAL,0.0,0.0,0.0,30000.0,Metric Tons
Soybean Meal,2026-04-30,BANGLADH,0.0,0.0,104200.0,0.0,Metric Tons
Soybean Meal,2026-04-30,BARBADO,0.0,0.0,3290.0,0.0,Metric Tons
Soybean Meal,2026-04-30,BELGIUM,-48.0,0.0,0.0,9241.0,Metric Tons
Soybean Meal,2026-04-30,BOLIVIA,0.0,0.0,0.0,0.0,Metric Tons
Soybean Meal,2026-04-30,BURMA,0.0,0.0,23303.0,1426.0,Metric Tons
Soybean Meal,2026-04-30,C RICA,10945.0,0.0,86288.0,48927.0,Metric Tons
Soybean Meal,2026-04-30,CANADA,-2954.0,10605.0,526333.0,369223.0,Metric Tons
Soybean Meal,2026-04-30,COLOMB,54307.0,107366.0,1397302.0,271676.0,Metric Tons
Soybean Meal,2026-04-30,CUBA,0.0,0.0,12447.0,0.0,Metric Tons
Soybean Meal,2026-04-30,DOM REP,20248.0,19248.0,430435.0,154331.0,Metric Tons
Soybean Meal,2026-04-30,ECUADOR,15800.0,0.0,497601.0,137097.0,Metric Tons
Soybean Meal,2026-04-30,EGYPT,0.0,0.0,0.0,0.0,Metric Tons
Soybean Meal,2026-04-30,F W IND,0.0,0.0,250.0,0.0,Metric Tons
Soybean Meal,2026-04-30,GUAM,0.0,0.0,0.0,0.0,Metric Tons
Soybean Meal,2026-04-30,GUATMAL,18068.0,14252.0,353892.0,77329.0,Metric Tons
Soybean Meal,2026-04-30,GUYANA,0.0,0.0,10580.0,0.0,Metric Tons
Soybean Meal,2026-04-30,HG KONG,0.0,137.0,1500.0,94.0,Metric Tons
Soybean Meal,2026-04-30,HONDURA,33397.0,14600.0,276838.0,107376.0,Metric Tons
Soybean Meal,2026-04-30,INDNSIA,-2880.0,3322.0,138397.0,32092.0,Metric Tons
Soybean Meal,2026-04-30,ISRAEL,0.0,0.0,12243.0,0.0,Metric Tons
Soybean Meal,2026-04-30,ITALY,0.0,0.0,600.0,100000.0,Metric Tons
Soybean Meal,2026-04-30,JAMAICA,0.0,0.0,56782.0,24500.0,Metric Tons
Soybean Meal,2026-04-30,JAPAN,-1551.0,920.0,278719.0,106168.0,Metric Tons
Soybean Meal,2026-04-30,JORDAN,0.0,0.0,0.0,0.0,Metric Tons
Soybean Meal,2026-04-30,KOR REP,50.0,305.0,6964.0,6253.0,Metric Tons
Soybean Meal,2026-04-30,KUWAIT,0.0,0.0,4866.0,9001.0,Metric Tons
Soybean Meal,2026-04-30,LEBANON,0.0,0.0,0.0,0.0,Metric Tons
Soybean Meal,2026-04-30,LW WW I,0.0,0.0,4351.0,2200.0,Metric Tons
Soybean Meal,2026-04-30,MALAYSA,0.0,0.0,22531.0,2307.0,Metric Tons
Soybean Meal,2026-04-30,MEXICO,42464.0,16236.0,1662685.0,688876.0,Metric Tons
Soybean Meal,2026-04-30,MOROCCO,0.0,0.0,331769.0,70000.0,Metric Tons
Soybean Meal,2026-04-30,N ZEAL,0.0,0.0,72598.0,36000.0,Metric Tons
Soybean Meal,2026-04-30,NEPAL,1377.0,1377.0,17015.0,12319.0,Metric Tons
Soybean Meal,2026-04-30,NETHLDS,11000.0,280.0,56929.0,57940.0,Metric Tons
Soybean Meal,2026-04-30,NICARAG,0.0,0.0,110144.0,28500.0,Metric Tons
Soybean Meal,2026-04-30,OMAN,0.0,0.0,0.0,0.0,Metric Tons
Soybean Meal,2026-04-30,OPAC IS,21.0,21.0,1491.0,0.0,Metric Tons
Soybean Meal,2026-04-30,PANAMA,605.0,10605.0,174889.0,32100.0,Metric Tons
Soybean Meal,2026-04-30,PERU,0.0,0.0,0.0,0.0,Metric Tons
Soybean Meal,2026-04-30,PHIL,101064.0,104375.0,2238245.0,744528.0,Metric Tons
Soybean Meal,2026-04-30,POLAND,0.0,0.0,197993.0,49604.0,Metric Tons
Soybean Meal,2026-04-30,QATAR,0.0,0.0,0.0,0.0,Metric Tons
Soybean Meal,2026-04-30,S ARAB,0.0,0.0,59248.0,30000.0,Metric Tons
Soybean Meal,2026-04-30,S LANKA,2269.0,7883.0,214684.0,55630.0,Metric Tons
Soybean Meal,2026-04-30,SALVADR,14441.0,10224.0,119121.0,91227.0,Metric Tons
Soybean Meal,2026-04-30,SPAIN,0.0,0.0,55000.0,0.0,Metric Tons
Soybean Meal,2026-04-30,SURINAM,0.0,0.0,4892.0,0.0,Metric Tons
Soybean Meal,2026-04-30,TAIWAN,0.0,84.0,5317.0,9031.0,Metric Tons
Soybean Meal,2026-04-30,THAILND,0.0,0.0,4371.0,723.0,Metric Tons
Soybean Meal,2026-04-30,TRINID,2475.0,2475.0,23511.0,6300.0,Metric Tons
Soybean Meal,2026-04-30,U KING,0.0,0.0,128838.0,49000.0,Metric Tons
Soybean Meal,2026-04-30,UNKNOWN,-23250.0,0.0,0.0,454300.0,Metric Tons
Soybean Meal,2026-04-30,VENEZ,13799.0,19799.0,355387.0,84000.0,Metric Tons
Soybean Meal,2026-04-30,VIETNAM,423.0,6222.0,555918.0,36966.0,Metric Tons
Soybean Meal,2026-05-07,AUSTRAL,0.0,0.0,0.0,30000.0,Metric Tons
Soybean Meal,2026-05-07,BANGLADH,0.0,0.0,104200.0,0.0,Metric Tons
Soybean Meal,2026-05-07,BARBADO,0.0,0.0,3290.0,0.0,Metric Tons
Soybean Meal,2026-05-07,BELGIUM,0.0,0.0,0.0,9241.0,Metric Tons
Soybean Meal,2026-05-07,BOLIVIA,0.0,0.0,0.0,0.0,Metric Tons
Soybean Meal,2026-05-07,BURMA,-93.0,0.0,23303.0,1333.0,Metric Tons
Soybean Meal,2026-05-07,C RICA,481.0,5290.0,91578.0,44118.0,Metric Tons
Soybean Meal,2026-05-07,CANADA,-216.0,9948.0,536281.0,359059.0,Metric Tons
Soybean Meal,2026-05-07,COLOMB,27141.0,0.0,1397302.0,298817.0,Metric Tons
Soybean Meal,2026-05-07,CUBA,0.0,0.0,12447.0,0.0,Metric Tons
Soybean Meal,2026-05-07,DOM REP,8484.0,0.0,430435.0,162815.0,Metric Tons
Soybean Meal,2026-05-07,ECUADOR,-5297.0,0.0,497601.0,131800.0,Metric Tons
Soybean Meal,2026-05-07,EGYPT,0.0,0.0,0.0,0.0,Metric Tons
Soybean Meal,2026-05-07,F W IND,0.0,0.0,250.0,0.0,Metric Tons
Soybean Meal,2026-05-07,GUAM,0.0,0.0,0.0,0.0,Metric Tons
Soybean Meal,2026-05-07,GUATMAL,22755.0,22755.0,376647.0,77329.0,Metric Tons
Soybean Meal,2026-05-07,GUYANA,0.0,0.0,10580.0,0.0,Metric Tons
Soybean Meal,2026-05-07,HG KONG,546.0,0.0,1500.0,640.0,Metric Tons
Soybean Meal,2026-05-07,HONDURA,7000.0,0.0,276838.0,114376.0,Metric Tons
Soybean Meal,2026-05-07,INDNSIA,500.0,128.0,138525.0,32464.0,Metric Tons
Soybean Meal,2026-05-07,ISRAEL,0.0,0.0,12243.0,0.0,Metric Tons
Soybean Meal,2026-05-07,ITALY,48163.0,48163.0,48763.0,100000.0,Metric Tons
Soybean Meal,2026-05-07,JAMAICA,-8500.0,0.0,56782.0,16000.0,Metric Tons
Soybean Meal,2026-05-07,JAPAN,1276.0,772.0,279491.0,106672.0,Metric Tons
Soybean Meal,2026-05-07,JORDAN,0.0,0.0,0.0,0.0,Metric Tons
Soybean Meal,2026-05-07,KOR REP,36.0,1399.0,8363.0,4890.0,Metric Tons
Soybean Meal,2026-05-07,KUWAIT,0.0,0.0,4866.0,9001.0,Metric Tons
Soybean Meal,2026-05-07,LEBANON,0.0,0.0,0.0,0.0,Metric Tons
Soybean Meal,2026-05-07,LW WW I,0.0,0.0,4351.0,2200.0,Metric Tons
Soybean Meal,2026-05-07,MALAYSA,0.0,283.0,22814.0,2024.0,Metric Tons
Soybean Meal,2026-05-07,MEXICO,114379.0,60171.0,1722856.0,743084.0,Metric Tons
Soybean Meal,2026-05-07,MOROCCO,0.0,0.0,331769.0,70000.0,Metric Tons
Soybean Meal,2026-05-07,N ZEAL,0.0,0.0,72598.0,36000.0,Metric Tons
Soybean Meal,2026-05-07,NEPAL,0.0,1015.0,18030.0,11304.0,Metric Tons
Soybean Meal,2026-05-07,NETHLDS,0.0,0.0,56929.0,57940.0,Metric Tons
Soybean Meal,2026-05-07,NICARAG,8000.0,0.0,110144.0,36500.0,Metric Tons
Soybean Meal,2026-05-07,OMAN,0.0,0.0,0.0,0.0,Metric Tons
Soybean Meal,2026-05-07,OPAC IS,420.0,420.0,1911.0,0.0,Metric Tons
Soybean Meal,2026-05-07,PANAMA,0.0,0.0,174889.0,32100.0,Metric Tons
Soybean Meal,2026-05-07,PERU,0.0,0.0,0.0,0.0,Metric Tons
Soybean Meal,2026-05-07,PHIL,143009.0,55437.0,2293682.0,832100.0,Metric Tons
Soybean Meal,2026-05-07,POLAND,-48163.0,0.0,197993.0,1441.0,Metric Tons
Soybean Meal,2026-05-07,QATAR,0.0,0.0,0.0,0.0,Metric Tons
Soybean Meal,2026-05-07,S ARAB,0.0,0.0,59248.0,30000.0,Metric Tons
Soybean Meal,2026-05-07,S LANKA,3501.0,5711.0,220395.0,53420.0,Metric Tons
Soybean Meal,2026-05-07,SALVADR,-1235.0,0.0,119121.0,89992.0,Metric Tons
Soybean Meal,2026-05-07,SPAIN,0.0,0.0,55000.0,0.0,Metric Tons
Soybean Meal,2026-05-07,SURINAM,0.0,0.0,4892.0,0.0,Metric Tons
Soybean Meal,2026-05-07,TAIWAN,14.0,66.0,5383.0,8979.0,Metric Tons
Soybean Meal,2026-05-07,THAILND,500.0,23.0,4394.0,1200.0,Metric Tons
Soybean Meal,2026-05-07,TRINID,0.0,0.0,23511.0,6300.0,Metric Tons
Soybean Meal,2026-05-07,U KING,0.0,0.0,128838.0,49000.0,Metric Tons
Soybean Meal,2026-05-07,UNKNOWN,123.0,0.0,0.0,454423.0,Metric Tons
Soybean Meal,2026-05-07,VENEZ,9489.0,19489.0,374876.0,74000.0,Metric Tons
Soybean Meal,2026-05-07,VIETNAM,917.0,6394.0,562312.0,31489.0,Metric Tons
Soybean Meal,2026-05-14,AUSTRAL,0.0,0.0,0.0,30000.0,Metric Tons
Soybean Meal,2026-05-14,BANGLADH,0.0,0.0,104200.0,0.0,Metric Tons
Soybean Meal,2026-05-14,BARBADO,1560.0,1560.0,4850.0,0.0,Metric Tons
Soybean Meal,2026-05-14,BELGIUM,0.0,2250.0,2250.0,6991.0,Metric Tons
Soybean Meal,2026-05-14,BOLIVIA,0.0,0.0,0.0,0.0,Metric Tons
Soybean Meal,2026-05-14,BURMA,825.0,0.0,23303.0,2158.0,Metric Tons
Soybean Meal,2026-05-14,C RICA,0.0,0.0,91578.0,44118.0,Metric Tons
Soybean Meal,2026-05-14,CANADA,11090.0,10017.0,546298.0,360132.0,Metric Tons
Soybean Meal,2026-05-14,COLOMB,63201.0,10151.0,1407453.0,351867.0,Metric Tons
Soybean Meal,2026-05-14,CUBA,0.0,0.0,12447.0,0.0,Metric Tons
Soybean Meal,2026-05-14,DOM REP,22000.0,0.0,430435.0,184815.0,Metric Tons
Soybean Meal,2026-05-14,ECUADOR,10000.0,0.0,497601.0,141800.0,Metric Tons
Soybean Meal,2026-05-14,EGYPT,496.0,0.0,0.0,496.0,Metric Tons
Soybean Meal,2026-05-14,F W IND,200.0,200.0,450.0,0.0,Metric Tons
Soybean Meal,2026-05-14,GUAM,0.0,0.0,0.0,0.0,Metric Tons
Soybean Meal,2026-05-14,GUATMAL,2583.0,34049.0,410696.0,45863.0,Metric Tons
Soybean Meal,2026-05-14,GUYANA,3745.0,3745.0,14325.0,0.0,Metric Tons
Soybean Meal,2026-05-14,HG KONG,168.0,0.0,1500.0,808.0,Metric Tons
Soybean Meal,2026-05-14,HONDURA,1000.0,0.0,276838.0,115376.0,Metric Tons
Soybean Meal,2026-05-14,INDNSIA,4074.0,2480.0,141005.0,34058.0,Metric Tons
Soybean Meal,2026-05-14,ISRAEL,0.0,0.0,12243.0,0.0,Metric Tons
Soybean Meal,2026-05-14,ITALY,155000.0,51068.0,99831.0,203932.0,Metric Tons
Soybean Meal,2026-05-14,JAMAICA,18000.0,0.0,56782.0,34000.0,Metric Tons
Soybean Meal,2026-05-14,JAPAN,8926.0,41061.0,320552.0,74537.0,Metric Tons
Soybean Meal,2026-05-14,JORDAN,0.0,0.0,0.0,0.0,Metric Tons
Soybean Meal,2026-05-14,KOR REP,2000.0,40.0,8403.0,6850.0,Metric Tons
Soybean Meal,2026-05-14,KUWAIT,0.0,0.0,4866.0,9001.0,Metric Tons
Soybean Meal,2026-05-14,LEBANON,0.0,0.0,0.0,0.0,Metric Tons
Soybean Meal,2026-05-14,LW WW I,0.0,0.0,4351.0,2200.0,Metric Tons
Soybean Meal,2026-05-14,MALAYSA,-4.0,1005.0,23819.0,1015.0,Metric Tons
Soybean Meal,2026-05-14,MEXICO,34732.0,50477.0,1773333.0,727339.0,Metric Tons
Soybean Meal,2026-05-14,MOROCCO,0.0,0.0,331769.0,70000.0,Metric Tons
Soybean Meal,2026-05-14,N ZEAL,1780.0,31780.0,104378.0,6000.0,Metric Tons
Soybean Meal,2026-05-14,NEPAL,1700.0,26.0,18056.0,12978.0,Metric Tons
Soybean Meal,2026-05-14,NETHLDS,2199.0,24339.0,81268.0,35800.0,Metric Tons
Soybean Meal,2026-05-14,NICARAG,4000.0,0.0,110144.0,40500.0,Metric Tons
Soybean Meal,2026-05-14,OMAN,0.0,0.0,0.0,0.0,Metric Tons
Soybean Meal,2026-05-14,OPAC IS,210.0,210.0,2121.0,0.0,Metric Tons
Soybean Meal,2026-05-14,PANAMA,0.0,0.0,174889.0,32100.0,Metric Tons
Soybean Meal,2026-05-14,PERU,0.0,0.0,0.0,0.0,Metric Tons
Soybean Meal,2026-05-14,PHIL,99969.0,51990.0,2345672.0,880079.0,Metric Tons
Soybean Meal,2026-05-14,POLAND,-1441.0,0.0,197993.0,0.0,Metric Tons
Soybean Meal,2026-05-14,QATAR,0.0,0.0,0.0,0.0,Metric Tons
Soybean Meal,2026-05-14,S ARAB,30000.0,0.0,59248.0,60000.0,Metric Tons
Soybean Meal,2026-05-14,S LANKA,5474.0,5917.0,226312.0,52977.0,Metric Tons
Soybean Meal,2026-05-14,SALVADR,1599.0,0.0,119121.0,91591.0,Metric Tons
Soybean Meal,2026-05-14,SPAIN,0.0,0.0,55000.0,0.0,Metric Tons
Soybean Meal,2026-05-14,SURINAM,1320.0,1320.0,6212.0,0.0,Metric Tons
Soybean Meal,2026-05-14,TAIWAN,0.0,582.0,5965.0,8397.0,Metric Tons
Soybean Meal,2026-05-14,THAILND,800.0,0.0,4394.0,2000.0,Metric Tons
Soybean Meal,2026-05-14,TRINID,2100.0,2100.0,25611.0,6300.0,Metric Tons
Soybean Meal,2026-05-14,TURKEY,297.0,0.0,0.0,297.0,Metric Tons
Soybean Meal,2026-05-14,U KING,6622.0,6622.0,135460.0,49000.0,Metric Tons
Soybean Meal,2026-05-14,UNKNOWN,-20425.0,0.0,0.0,433998.0,Metric Tons
Soybean Meal,2026-05-14,VENEZ,0.0,0.0,374876.0,74000.0,Metric Tons
Soybean Meal,2026-05-14,VIETNAM,65.0,8471.0,570783.0,23083.0,Metric Tons
Soybean Meal,2026-05-21,AUSTRAL,2404.0,32404.0,32404.0,0.0,Metric Tons
Soybean Meal,2026-05-21,BANGLADH,0.0,0.0,104200.0,0.0,Metric Tons
Soybean Meal,2026-05-21,BARBADO,0.0,0.0,4850.0,0.0,Metric Tons
Soybean Meal,2026-05-21,BELGIUM,-1394.0,0.0,2250.0,5597.0,Metric Tons
Soybean Meal,2026-05-21,BOLIVIA,0.0,0.0,0.0,0.0,Metric Tons
Soybean Meal,2026-05-21,BURMA,0.0,513.0,23816.0,1645.0,Metric Tons
Soybean Meal,2026-05-21,C RICA,3900.0,3900.0,95478.0,44118.0,Metric Tons
Soybean Meal,2026-05-21,CANADA,1782.0,10764.0,557062.0,351150.0,Metric Tons
Soybean Meal,2026-05-21,COLOMB,28408.0,67837.0,1475290.0,312438.0,Metric Tons
Soybean Meal,2026-05-21,CUBA,0.0,0.0,12447.0,0.0,Metric Tons
Soybean Meal,2026-05-21,DOM REP,-153.0,19429.0,449864.0,165233.0,Metric Tons
Soybean Meal,2026-05-21,ECUADOR,-4860.0,11140.0,508741.0,125800.0,Metric Tons
Soybean Meal,2026-05-21,EGYPT,0.0,0.0,0.0,496.0,Metric Tons
Soybean Meal,2026-05-21,F W IND,0.0,0.0,450.0,0.0,Metric Tons
Soybean Meal,2026-05-21,GUAM,0.0,0.0,0.0,0.0,Metric Tons
Soybean Meal,2026-05-21,GUATMAL,-5400.0,7100.0,417796.0,33363.0,Metric Tons
Soybean Meal,2026-05-21,GUYANA,0.0,0.0,14325.0,0.0,Metric Tons
Soybean Meal,2026-05-21,HG KONG,0.0,0.0,1500.0,808.0,Metric Tons
Soybean Meal,2026-05-21,HONDURA,3500.0,0.0,276838.0,118876.0,Metric Tons
Soybean Meal,2026-05-21,INDNSIA,-76.0,2701.0,143706.0,31281.0,Metric Tons
Soybean Meal,2026-05-21,ISRAEL,0.0,0.0,12243.0,0.0,Metric Tons
Soybean Meal,2026-05-21,ITALY,-48932.0,0.0,99831.0,155000.0,Metric Tons
Soybean Meal,2026-05-21,JAMAICA,-101.0,7899.0,64681.0,26000.0,Metric Tons
Soybean Meal,2026-05-21,JAPAN,914.0,18889.0,339441.0,56562.0,Metric Tons
Soybean Meal,2026-05-21,JORDAN,0.0,0.0,0.0,0.0,Metric Tons
Soybean Meal,2026-05-21,KOR REP,22.0,0.0,8403.0,6872.0,Metric Tons
Soybean Meal,2026-05-21,KUWAIT,0.0,0.0,4866.0,9001.0,Metric Tons
Soybean Meal,2026-05-21,LEBANON,0.0,0.0,0.0,0.0,Metric Tons
Soybean Meal,2026-05-21,LW WW I,0.0,0.0,4351.0,2200.0,Metric Tons
Soybean Meal,2026-05-21,MALAYSA,0.0,0.0,23819.0,1015.0,Metric Tons
Soybean Meal,2026-05-21,MEXICO,40211.0,27583.0,1800916.0,739967.0,Metric Tons
Soybean Meal,2026-05-21,MOROCCO,1998.0,21998.0,353767.0,50000.0,Metric Tons
Soybean Meal,2026-05-21,N ZEAL,0.0,0.0,104378.0,6000.0,Metric Tons
Soybean Meal,2026-05-21,NEPAL,68.0,260.0,18316.0,12786.0,Metric Tons
Soybean Meal,2026-05-21,NETHLDS,21207.0,21347.0,102615.0,35660.0,Metric Tons
Soybean Meal,2026-05-21,NICARAG,6345.0,5345.0,115489.0,41500.0,Metric Tons
Soybean Meal,2026-05-21,OMAN,0.0,0.0,0.0,0.0,Metric Tons
Soybean Meal,2026-05-21,OPAC IS,0.0,0.0,2121.0,0.0,Metric Tons
Soybean Meal,2026-05-21,PANAMA,19951.0,8951.0,183840.0,43100.0,Metric Tons
Soybean Meal,2026-05-21,PERU,0.0,0.0,0.0,0.0,Metric Tons
Soybean Meal,2026-05-21,PHIL,8556.0,53861.0,2399533.0,834774.0,Metric Tons
Soybean Meal,2026-05-21,POLAND,26960.0,26960.0,224953.0,0.0,Metric Tons
Soybean Meal,2026-05-21,QATAR,0.0,0.0,0.0,0.0,Metric Tons
Soybean Meal,2026-05-21,S ARAB,1032.0,31032.0,90280.0,30000.0,Metric Tons
Soybean Meal,2026-05-21,S LANKA,4889.0,4155.0,230467.0,53711.0,Metric Tons
Soybean Meal,2026-05-21,SALVADR,-1911.0,9089.0,128210.0,80591.0,Metric Tons
Soybean Meal,2026-05-21,SPAIN,0.0,0.0,55000.0,0.0,Metric Tons
Soybean Meal,2026-05-21,SURINAM,0.0,0.0,6212.0,0.0,Metric Tons
Soybean Meal,2026-05-21,TAIWAN,-7100.0,106.0,6071.0,1191.0,Metric Tons
Soybean Meal,2026-05-21,THAILND,0.0,0.0,4394.0,2000.0,Metric Tons
Soybean Meal,2026-05-21,TRINID,0.0,0.0,25611.0,6300.0,Metric Tons
Soybean Meal,2026-05-21,TURKEY,0.0,0.0,0.0,297.0,Metric Tons
Soybean Meal,2026-05-21,U KING,0.0,0.0,135460.0,49000.0,Metric Tons
Soybean Meal,2026-05-21,UNKNOWN,204425.0,0.0,0.0,638423.0,Metric Tons
Soybean Meal,2026-05-21,VENEZ,0.0,0.0,374876.0,74000.0,Metric Tons
Soybean Meal,2026-05-21,VIETNAM,-2671.0,3464.0,574247.0,16948.0,Metric Tons
Soybean Meal,2026-05-28,AUSTRAL,0.0,0.0,32404.0,0.0,Metric Tons
Soybean Meal,2026-05-28,BANGLADH,0.0,0.0,104200.0,0.0,Metric Tons
Soybean Meal,2026-05-28,BARBADO,0.0,0.0,4850.0,0.0,Metric Tons
Soybean Meal,2026-05-28,BELGIUM,4967.0,0.0,2250.0,10564.0,Metric Tons
Soybean Meal,2026-05-28,BOLIVIA,0.0,0.0,0.0,0.0,Metric Tons
Soybean Meal,2026-05-28,BURMA,1.0,0.0,23816.0,1646.0,Metric Tons
Soybean Meal,2026-05-28,C RICA,2812.0,0.0,95478.0,46930.0,Metric Tons
Soybean Meal,2026-05-28,CANADA,3893.0,30595.0,587657.0,324448.0,Metric Tons
Soybean Meal,2026-05-28,COLOMB,9461.0,38761.0,1514051.0,283138.0,Metric Tons
Soybean Meal,2026-05-28,CUBA,0.0,0.0,12447.0,0.0,Metric Tons
Soybean Meal,2026-05-28,DOM REP,4000.0,8541.0,458405.0,160692.0,Metric Tons
Soybean Meal,2026-05-28,ECUADOR,0.0,0.0,508741.0,125800.0,Metric Tons
Soybean Meal,2026-05-28,EGYPT,0.0,0.0,0.0,496.0,Metric Tons
Soybean Meal,2026-05-28,F W IND,0.0,0.0,450.0,0.0,Metric Tons
Soybean Meal,2026-05-28,GUAM,0.0,0.0,0.0,0.0,Metric Tons
Soybean Meal,2026-05-28,GUATMAL,-721.0,15279.0,433075.0,17363.0,Metric Tons
Soybean Meal,2026-05-28,GUYANA,0.0,0.0,14325.0,0.0,Metric Tons
Soybean Meal,2026-05-28,HG KONG,105.0,0.0,1500.0,913.0,Metric Tons
Soybean Meal,2026-05-28,HONDURA,0.0,0.0,276838.0,118876.0,Metric Tons
Soybean Meal,2026-05-28,INDNSIA,0.0,23.0,143729.0,31258.0,Metric Tons
Soybean Meal,2026-05-28,IRELAND,150.0,0.0,0.0,150.0,Metric Tons
Soybean Meal,2026-05-28,ISRAEL,0.0,0.0,12243.0,0.0,Metric Tons
Soybean Meal,2026-05-28,ITALY,0.0,0.0,99831.0,155000.0,Metric Tons
Soybean Meal,2026-05-28,JAMAICA,-75.0,3925.0,68606.0,22000.0,Metric Tons
Soybean Meal,2026-05-28,JAPAN,3618.0,212.0,339653.0,59968.0,Metric Tons
Soybean Meal,2026-05-28,JORDAN,0.0,0.0,0.0,0.0,Metric Tons
Soybean Meal,2026-05-28,KOR REP,715.0,515.0,8918.0,7072.0,Metric Tons
Soybean Meal,2026-05-28,KUWAIT,0.0,0.0,4866.0,9001.0,Metric Tons
Soybean Meal,2026-05-28,LEBANON,0.0,0.0,0.0,0.0,Metric Tons
Soybean Meal,2026-05-28,LW WW I,0.0,0.0,4351.0,2200.0,Metric Tons
Soybean Meal,2026-05-28,MALAYSA,-15.0,0.0,23819.0,1000.0,Metric Tons
Soybean Meal,2026-05-28,MEXICO,71584.0,50775.0,1851691.0,760776.0,Metric Tons
Soybean Meal,2026-05-28,MOROCCO,0.0,0.0,353767.0,50000.0,Metric Tons
Soybean Meal,2026-05-28,N ZEAL,0.0,0.0,104378.0,6000.0,Metric Tons
Soybean Meal,2026-05-28,NEPAL,-1058.0,494.0,18810.0,11234.0,Metric Tons
Soybean Meal,2026-05-28,NETHLDS,0.0,140.0,102755.0,35520.0,Metric Tons
Soybean Meal,2026-05-28,NICARAG,300.0,0.0,115489.0,41800.0,Metric Tons
Soybean Meal,2026-05-28,OMAN,0.0,0.0,0.0,0.0,Metric Tons
Soybean Meal,2026-05-28,OPAC IS,525.0,525.0,2646.0,0.0,Metric Tons
Soybean Meal,2026-05-28,PANAMA,-2240.0,10241.0,194081.0,30619.0,Metric Tons
Soybean Meal,2026-05-28,PERU,0.0,0.0,0.0,0.0,Metric Tons
Soybean Meal,2026-05-28,PHIL,11571.0,85864.0,2485397.0,760481.0,Metric Tons
Soybean Meal,2026-05-28,POLAND,0.0,0.0,224953.0,0.0,Metric Tons
Soybean Meal,2026-05-28,QATAR,0.0,0.0,0.0,0.0,Metric Tons
Soybean Meal,2026-05-28,S ARAB,0.0,0.0,90280.0,30000.0,Metric Tons
Soybean Meal,2026-05-28,S LANKA,3662.0,5469.0,235936.0,51904.0,Metric Tons
Soybean Meal,2026-05-28,SALVADR,1712.0,1712.0,129922.0,80591.0,Metric Tons
Soybean Meal,2026-05-28,SPAIN,0.0,0.0,55000.0,0.0,Metric Tons
Soybean Meal,2026-05-28,SURINAM,0.0,0.0,6212.0,0.0,Metric Tons
Soybean Meal,2026-05-28,TAIWAN,0.0,0.0,6071.0,1191.0,Metric Tons
Soybean Meal,2026-05-28,THAILND,0.0,0.0,4394.0,2000.0,Metric Tons
Soybean Meal,2026-05-28,TRINID,0.0,0.0,25611.0,6300.0,Metric Tons
Soybean Meal,2026-05-28,TURKEY,0.0,0.0,0.0,297.0,Metric Tons
Soybean Meal,2026-05-28,U KING,9279.0,9279.0,144739.0,49000.0,Metric Tons
Soybean Meal,2026-05-28,UNKNOWN,40500.0,0.0,0.0,678923.0,Metric Tons
Soybean Meal,2026-05-28,VENEZ,7257.0,7257.0,382133.0,74000.0,Metric Tons
Soybean Meal,2026-05-28,VIETNAM,-2675.0,1117.0,575364.0,13156.0,Metric Tons
Soybean Meal,2026-06-04,AUSTRAL,0.0,0.0,32404.0,0.0,Metric Tons
Soybean Meal,2026-06-04,BANGLADH,0.0,0.0,104200.0,0.0,Metric Tons
Soybean Meal,2026-06-04,BARBADO,0.0,0.0,4850.0,0.0,Metric Tons
Soybean Meal,2026-06-04,BELGIUM,0.0,0.0,2250.0,10564.0,Metric Tons
Soybean Meal,2026-06-04,BOLIVIA,0.0,0.0,0.0,0.0,Metric Tons
Soybean Meal,2026-06-04,BURMA,15000.0,0.0,23816.0,16646.0,Metric Tons
Soybean Meal,2026-06-04,C RICA,-11460.0,0.0,95478.0,35470.0,Metric Tons
Soybean Meal,2026-06-04,CANADA,2481.0,12130.0,599787.0,314799.0,Metric Tons
Soybean Meal,2026-06-04,COLOMB,10799.0,10997.0,1525048.0,282940.0,Metric Tons
Soybean Meal,2026-06-04,CUBA,0.0,0.0,12447.0,0.0,Metric Tons
Soybean Meal,2026-06-04,DOM REP,1379.0,27756.0,486161.0,134315.0,Metric Tons
Soybean Meal,2026-06-04,ECUADOR,43000.0,0.0,508741.0,168800.0,Metric Tons
Soybean Meal,2026-06-04,EGYPT,0.0,0.0,0.0,496.0,Metric Tons
Soybean Meal,2026-06-04,F W IND,0.0,0.0,450.0,0.0,Metric Tons
Soybean Meal,2026-06-04,GUAM,0.0,0.0,0.0,0.0,Metric Tons
Soybean Meal,2026-06-04,GUATMAL,6619.0,6619.0,439694.0,17363.0,Metric Tons
Soybean Meal,2026-06-04,GUYANA,0.0,0.0,14325.0,0.0,Metric Tons
Soybean Meal,2026-06-04,HG KONG,259.0,0.0,1500.0,1172.0,Metric Tons
Soybean Meal,2026-06-04,HONDURA,11574.0,30521.0,307359.0,99929.0,Metric Tons
Soybean Meal,2026-06-04,INDNSIA,1083.0,2383.0,146112.0,29958.0,Metric Tons
Soybean Meal,2026-06-04,IRELAND,0.0,0.0,0.0,150.0,Metric Tons
Soybean Meal,2026-06-04,ISRAEL,0.0,0.0,12243.0,0.0,Metric Tons
Soybean Meal,2026-06-04,ITALY,0.0,0.0,99831.0,155000.0,Metric Tons
Soybean Meal,2026-06-04,JAMAICA,1000.0,0.0,68606.0,23000.0,Metric Tons
Soybean Meal,2026-06-04,JAPAN,-480.0,141.0,339794.0,59347.0,Metric Tons
Soybean Meal,2026-06-04,JORDAN,0.0,0.0,0.0,0.0,Metric Tons
Soybean Meal,2026-06-04,KOR REP,116.0,3116.0,12034.0,4072.0,Metric Tons
Soybean Meal,2026-06-04,KUWAIT,0.0,0.0,4866.0,9001.0,Metric Tons
Soybean Meal,2026-06-04,LEBANON,0.0,0.0,0.0,0.0,Metric Tons
Soybean Meal,2026-06-04,LW WW I,-350.0,350.0,4701.0,1500.0,Metric Tons
Soybean Meal,2026-06-04,MALAYSA,0.0,0.0,23819.0,1000.0,Metric Tons
Soybean Meal,2026-06-04,MEXICO,50064.0,76462.0,1928153.0,734378.0,Metric Tons
Soybean Meal,2026-06-04,MOROCCO,0.0,0.0,353767.0,50000.0,Metric Tons
Soybean Meal,2026-06-04,N ZEAL,0.0,0.0,104378.0,6000.0,Metric Tons
Soybean Meal,2026-06-04,NEPAL,94.0,2033.0,20843.0,9295.0,Metric Tons
Soybean Meal,2026-06-04,NETHLDS,0.0,0.0,102755.0,35520.0,Metric Tons
Soybean Meal,2026-06-04,NICARAG,-4382.0,6868.0,122357.0,30550.0,Metric Tons
Soybean Meal,2026-06-04,OMAN,0.0,0.0,0.0,0.0,Metric Tons
Soybean Meal,2026-06-04,OPAC IS,0.0,0.0,2646.0,0.0,Metric Tons
Soybean Meal,2026-06-04,PANAMA,7841.0,0.0,194081.0,38460.0,Metric Tons
Soybean Meal,2026-06-04,PERU,0.0,0.0,0.0,0.0,Metric Tons
Soybean Meal,2026-06-04,PHIL,200542.0,122388.0,2607785.0,838635.0,Metric Tons
Soybean Meal,2026-06-04,POLAND,0.0,0.0,224953.0,0.0,Metric Tons
Soybean Meal,2026-06-04,QATAR,0.0,0.0,0.0,0.0,Metric Tons
Soybean Meal,2026-06-04,S ARAB,0.0,0.0,90280.0,30000.0,Metric Tons
Soybean Meal,2026-06-04,S LANKA,6109.0,3479.0,239415.0,54534.0,Metric Tons
Soybean Meal,2026-06-04,SALVADR,-9624.0,5810.0,135732.0,65157.0,Metric Tons
Soybean Meal,2026-06-04,SPAIN,0.0,0.0,55000.0,0.0,Metric Tons
Soybean Meal,2026-06-04,SURINAM,0.0,0.0,6212.0,0.0,Metric Tons
Soybean Meal,2026-06-04,TAIWAN,0.0,0.0,6071.0,1191.0,Metric Tons
Soybean Meal,2026-06-04,THAILND,0.0,0.0,4394.0,2000.0,Metric Tons
Soybean Meal,2026-06-04,TRINID,4753.0,4753.0,30364.0,6300.0,Metric Tons
Soybean Meal,2026-06-04,TURKEY,0.0,0.0,0.0,297.0,Metric Tons
Soybean Meal,2026-06-04,U KING,0.0,0.0,144739.0,49000.0,Metric Tons
Soybean Meal,2026-06-04,UNKNOWN,-30300.0,0.0,0.0,648623.0,Metric Tons
Soybean Meal,2026-06-04,VENEZ,0.0,0.0,382133.0,74000.0,Metric Tons
Soybean Meal,2026-06-04,VIETNAM,89620.0,2213.0,577577.0,100563.0,Metric Tons
Soybean Meal,2026-06-11,AUSTRAL,0.0,0.0,32404.0,0.0,Metric Tons
Soybean Meal,2026-06-11,BANGLADH,0.0,0.0,104200.0,0.0,Metric Tons
Soybean Meal,2026-06-11,BARBADO,0.0,0.0,4850.0,0.0,Metric Tons
Soybean Meal,2026-06-11,BELGIUM,-2177.0,0.0,2250.0,8387.0,Metric Tons
Soybean Meal,2026-06-11,BOLIVIA,0.0,0.0,0.0,0.0,Metric Tons
Soybean Meal,2026-06-11,BURMA,511.0,952.0,24768.0,16205.0,Metric Tons
Soybean Meal,2026-06-11,C RICA,6916.0,0.0,95478.0,42386.0,Metric Tons
Soybean Meal,2026-06-11,CANADA,5300.0,9670.0,609457.0,310429.0,Metric Tons
Soybean Meal,2026-06-11,COLOMB,35349.0,10999.0,1536047.0,307290.0,Metric Tons
Soybean Meal,2026-06-11,CUBA,0.0,0.0,12447.0,0.0,Metric Tons
Soybean Meal,2026-06-11,DOM REP,19116.0,9616.0,495777.0,143815.0,Metric Tons
Soybean Meal,2026-06-11,ECUADOR,8841.0,30841.0,539582.0,146800.0,Metric Tons
Soybean Meal,2026-06-11,EGYPT,0.0,0.0,0.0,496.0,Metric Tons
Soybean Meal,2026-06-11,F W IND,0.0,0.0,450.0,0.0,Metric Tons
Soybean Meal,2026-06-11,GUAM,0.0,0.0,0.0,0.0,Metric Tons
Soybean Meal,2026-06-11,GUATMAL,910.0,0.0,439694.0,18273.0,Metric Tons
Soybean Meal,2026-06-11,GUYANA,0.0,0.0,14325.0,0.0,Metric Tons
Soybean Meal,2026-06-11,HG KONG,0.0,201.0,1701.0,971.0,Metric Tons
Soybean Meal,2026-06-11,HONDURA,2500.0,0.0,307359.0,102429.0,Metric Tons
Soybean Meal,2026-06-11,INDNSIA,56.0,6467.0,152579.0,23547.0,Metric Tons
Soybean Meal,2026-06-11,IRELAND,0.0,0.0,0.0,150.0,Metric Tons
Soybean Meal,2026-06-11,ISRAEL,0.0,0.0,12243.0,0.0,Metric Tons
Soybean Meal,2026-06-11,ITALY,0.0,0.0,99831.0,155000.0,Metric Tons
Soybean Meal,2026-06-11,JAMAICA,1200.0,2200.0,70806.0,22000.0,Metric Tons
Soybean Meal,2026-06-11,JAPAN,2177.0,71.0,339865.0,61453.0,Metric Tons
Soybean Meal,2026-06-11,JORDAN,0.0,0.0,0.0,0.0,Metric Tons
Soybean Meal,2026-06-11,KOR REP,0.0,0.0,12034.0,4072.0,Metric Tons
Soybean Meal,2026-06-11,KUWAIT,0.0,0.0,4866.0,9001.0,Metric Tons
Soybean Meal,2026-06-11,LEBANON,0.0,0.0,0.0,0.0,Metric Tons
Soybean Meal,2026-06-11,LW WW I,0.0,0.0,4701.0,1500.0,Metric Tons
Soybean Meal,2026-06-11,MALAYSA,0.0,500.0,24319.0,500.0,Metric Tons
Soybean Meal,2026-06-11,MEXICO,64210.0,67713.0,1995866.0,730875.0,Metric Tons
Soybean Meal,2026-06-11,MOROCCO,0.0,0.0,353767.0,50000.0,Metric Tons
Soybean Meal,2026-06-11,N ZEAL,0.0,0.0,104378.0,6000.0,Metric Tons
Soybean Meal,2026-06-11,NEPAL,1300.0,0.0,20843.0,10595.0,Metric Tons
Soybean Meal,2026-06-11,NETHLDS,0.0,140.0,102895.0,35380.0,Metric Tons
Soybean Meal,2026-06-11,NICARAG,2000.0,0.0,122357.0,32550.0,Metric Tons
Soybean Meal,2026-06-11,OMAN,0.0,0.0,0.0,0.0,Metric Tons
Soybean Meal,2026-06-11,OPAC IS,588.0,588.0,3234.0,0.0,Metric Tons
Soybean Meal,2026-06-11,PANAMA,-886.0,8074.0,202155.0,29500.0,Metric Tons
Soybean Meal,2026-06-11,PERU,0.0,0.0,0.0,0.0,Metric Tons
Soybean Meal,2026-06-11,PHIL,106098.0,56180.0,2663965.0,888553.0,Metric Tons
Soybean Meal,2026-06-11,POLAND,0.0,0.0,224953.0,0.0,Metric Tons
Soybean Meal,2026-06-11,QATAR,0.0,0.0,0.0,0.0,Metric Tons
Soybean Meal,2026-06-11,S ARAB,0.0,0.0,90280.0,30000.0,Metric Tons
Soybean Meal,2026-06-11,S LANKA,8283.0,3542.0,242957.0,59275.0,Metric Tons
Soybean Meal,2026-06-11,SALVADR,12400.0,0.0,135732.0,77557.0,Metric Tons
Soybean Meal,2026-06-11,SINGAPR,10.0,0.0,0.0,10.0,Metric Tons
Soybean Meal,2026-06-11,SPAIN,0.0,0.0,55000.0,0.0,Metric Tons
Soybean Meal,2026-06-11,SURINAM,0.0,0.0,6212.0,0.0,Metric Tons
Soybean Meal,2026-06-11,TAIWAN,0.0,101.0,6172.0,1090.0,Metric Tons
Soybean Meal,2026-06-11,THAILND,0.0,700.0,5094.0,1300.0,Metric Tons
Soybean Meal,2026-06-11,TRINID,0.0,0.0,30364.0,6300.0,Metric Tons
Soybean Meal,2026-06-11,TURKEY,0.0,0.0,0.0,297.0,Metric Tons
Soybean Meal,2026-06-11,U KING,0.0,0.0,144739.0,49000.0,Metric Tons
Soybean Meal,2026-06-11,UNKNOWN,1000.0,0.0,0.0,649623.0,Metric Tons
Soybean Meal,2026-06-11,VENEZ,499.0,5499.0,387632.0,69000.0,Metric Tons
Soybean Meal,2026-06-11,VIETNAM,7730.0,2615.0,580192.0,105678.0,Metric Tons
Soybean Meal,2026-06-18,AUSTRAL,0.0,0.0,32404.0,0.0,Metric Tons
Soybean Meal,2026-06-18,BANGLADH,0.0,0.0,104200.0,0.0,Metric Tons
Soybean Meal,2026-06-18,BARBADO,0.0,0.0,4850.0,0.0,Metric Tons
Soybean Meal,2026-06-18,BELGIUM,-1842.0,0.0,2250.0,6545.0,Metric Tons
Soybean Meal,2026-06-18,BOLIVIA,0.0,0.0,0.0,0.0,Metric Tons
Soybean Meal,2026-06-18,BURMA,0.0,0.0,24768.0,16205.0,Metric Tons
Soybean Meal,2026-06-18,C RICA,0.0,0.0,95478.0,42386.0,Metric Tons
Soybean Meal,2026-06-18,CANADA,5809.0,10527.0,619984.0,305711.0,Metric Tons
Soybean Meal,2026-06-18,COLOMB,30986.0,45136.0,1581183.0,293140.0,Metric Tons
Soybean Meal,2026-06-18,CUBA,0.0,0.0,12447.0,0.0,Metric Tons
Soybean Meal,2026-06-18,DOM REP,0.0,0.0,495777.0,143815.0,Metric Tons
Soybean Meal,2026-06-18,ECUADOR,7227.0,58227.0,597809.0,95800.0,Metric Tons
Soybean Meal,2026-06-18,EGYPT,0.0,0.0,0.0,496.0,Metric Tons
Soybean Meal,2026-06-18,F W IND,0.0,0.0,450.0,0.0,Metric Tons
Soybean Meal,2026-06-18,GUAM,0.0,0.0,0.0,0.0,Metric Tons
Soybean Meal,2026-06-18,GUATMAL,6364.0,0.0,439694.0,24637.0,Metric Tons
Soybean Meal,2026-06-18,GUYANA,0.0,0.0,14325.0,0.0,Metric Tons
Soybean Meal,2026-06-18,HG KONG,0.0,120.0,1821.0,851.0,Metric Tons
Soybean Meal,2026-06-18,HONDURA,6218.0,16957.0,324316.0,91690.0,Metric Tons
Soybean Meal,2026-06-18,INDNSIA,3952.0,1608.0,154187.0,25891.0,Metric Tons
Soybean Meal,2026-06-18,IRELAND,0.0,0.0,0.0,150.0,Metric Tons
Soybean Meal,2026-06-18,ISRAEL,0.0,0.0,12243.0,0.0,Metric Tons
Soybean Meal,2026-06-18,ITALY,0.0,0.0,99831.0,155000.0,Metric Tons
Soybean Meal,2026-06-18,JAMAICA,0.0,0.0,70806.0,22000.0,Metric Tons
Soybean Meal,2026-06-18,JAPAN,250.0,519.0,340384.0,61184.0,Metric Tons
Soybean Meal,2026-06-18,JORDAN,0.0,0.0,0.0,0.0,Metric Tons
Soybean Meal,2026-06-18,KOR REP,52.0,1758.0,13792.0,2366.0,Metric Tons
Soybean Meal,2026-06-18,KUWAIT,0.0,0.0,4866.0,9001.0,Metric Tons
Soybean Meal,2026-06-18,LEBANON,0.0,0.0,0.0,0.0,Metric Tons
Soybean Meal,2026-06-18,LW WW I,-135.0,1365.0,6066.0,0.0,Metric Tons
Soybean Meal,2026-06-18,MALAYSA,0.0,0.0,24319.0,500.0,Metric Tons
Soybean Meal,2026-06-18,MEXICO,-4286.0,38612.0,2034478.0,687977.0,Metric Tons
Soybean Meal,2026-06-18,MOROCCO,0.0,0.0,353767.0,50000.0,Metric Tons
Soybean Meal,2026-06-18,N ZEAL,600.0,6600.0,110978.0,0.0,Metric Tons
Soybean Meal,2026-06-18,NEPAL,-44.0,987.0,21830.0,9564.0,Metric Tons
Soybean Meal,2026-06-18,NETHLDS,0.0,280.0,103175.0,35100.0,Metric Tons
Soybean Meal,2026-06-18,NICARAG,91.0,0.0,122357.0,32641.0,Metric Tons
Soybean Meal,2026-06-18,OMAN,0.0,0.0,0.0,0.0,Metric Tons
Soybean Meal,2026-06-18,OPAC IS,336.0,336.0,3570.0,0.0,Metric Tons
Soybean Meal,2026-06-18,PANAMA,30524.0,0.0,202155.0,60024.0,Metric Tons
Soybean Meal,2026-06-18,PERU,0.0,0.0,0.0,0.0,Metric Tons
Soybean Meal,2026-06-18,PHIL,7103.0,51061.0,2715026.0,844595.0,Metric Tons
Soybean Meal,2026-06-18,POLAND,0.0,0.0,224953.0,0.0,Metric Tons
Soybean Meal,2026-06-18,QATAR,0.0,0.0,0.0,0.0,Metric Tons
Soybean Meal,2026-06-18,S ARAB,30000.0,0.0,90280.0,60000.0,Metric Tons
Soybean Meal,2026-06-18,S LANKA,5587.0,2300.0,245257.0,62562.0,Metric Tons
Soybean Meal,2026-06-18,SALVADR,-5432.0,12274.0,148006.0,59851.0,Metric Tons
Soybean Meal,2026-06-18,SINGAPR,0.0,0.0,0.0,10.0,Metric Tons
Soybean Meal,2026-06-18,SPAIN,0.0,0.0,55000.0,0.0,Metric Tons
Soybean Meal,2026-06-18,SURINAM,0.0,0.0,6212.0,0.0,Metric Tons
Soybean Meal,2026-06-18,TAIWAN,0.0,40.0,6212.0,1050.0,Metric Tons
Soybean Meal,2026-06-18,THAILND,0.0,0.0,5094.0,1300.0,Metric Tons
Soybean Meal,2026-06-18,TRINID,0.0,0.0,30364.0,6300.0,Metric Tons
Soybean Meal,2026-06-18,TURKEY,0.0,0.0,0.0,297.0,Metric Tons
Soybean Meal,2026-06-18,U KING,2498.0,27498.0,172237.0,24000.0,Metric Tons
Soybean Meal,2026-06-18,UNKNOWN,25000.0,0.0,0.0,674623.0,Metric Tons
Soybean Meal,2026-06-18,VENEZ,0.0,0.0,387632.0,69000.0,Metric Tons
Soybean Meal,2026-06-18,VIETNAM,2206.0,3107.0,583299.0,104777.0,Metric Tons
Soybean Meal,2026-06-25,AUSTRAL,0.0,0.0,32404.0,0.0,Metric Tons
Soybean Meal,2026-06-25,BANGLADH,0.0,0.0,104200.0,0.0,Metric Tons
Soybean Meal,2026-06-25,BARBADO,0.0,0.0,4850.0,0.0,Metric Tons
Soybean Meal,2026-06-25,BELGIUM,-850.0,0.0,2250.0,5695.0,Metric Tons
Soybean Meal,2026-06-25,BOLIVIA,0.0,0.0,0.0,0.0,Metric Tons
Soybean Meal,2026-06-25,BURMA,0.0,0.0,24768.0,16205.0,Metric Tons
Soybean Meal,2026-06-25,C RICA,6000.0,0.0,95478.0,48386.0,Metric Tons
Soybean Meal,2026-06-25,CANADA,8508.0,12299.0,632283.0,301920.0,Metric Tons
Soybean Meal,2026-06-25,COLOMB,85000.0,0.0,1581183.0,378140.0,Metric Tons
Soybean Meal,2026-06-25,CUBA,6600.0,0.0,12447.0,6600.0,Metric Tons
Soybean Meal,2026-06-25,DOM REP,15000.0,14323.0,510100.0,144492.0,Metric Tons
Soybean Meal,2026-06-25,ECUADOR,50599.0,50599.0,648408.0,95800.0,Metric Tons
Soybean Meal,2026-06-25,EGYPT,0.0,0.0,0.0,496.0,Metric Tons
Soybean Meal,2026-06-25,F W IND,0.0,0.0,450.0,0.0,Metric Tons
Soybean Meal,2026-06-25,GUAM,0.0,0.0,0.0,0.0,Metric Tons
Soybean Meal,2026-06-25,GUATMAL,10106.0,10106.0,449800.0,24637.0,Metric Tons
Soybean Meal,2026-06-25,GUYANA,0.0,0.0,14325.0,0.0,Metric Tons
Soybean Meal,2026-06-25,HG KONG,0.0,358.0,2179.0,493.0,Metric Tons
Soybean Meal,2026-06-25,HONDURA,942.0,10378.0,334694.0,82254.0,Metric Tons
Soybean Meal,2026-06-25,INDNSIA,-125.0,1030.0,155217.0,24736.0,Metric Tons
Soybean Meal,2026-06-25,IRELAND,150.0,0.0,0.0,300.0,Metric Tons
Soybean Meal,2026-06-25,ISRAEL,9666.0,9666.0,21909.0,0.0,Metric Tons
Soybean Meal,2026-06-25,ITALY,-5001.0,54999.0,154830.0,95000.0,Metric Tons
Soybean Meal,2026-06-25,JAMAICA,0.0,0.0,70806.0,22000.0,Metric Tons
Soybean Meal,2026-06-25,JAPAN,17312.0,3610.0,343994.0,74886.0,Metric Tons
Soybean Meal,2026-06-25,JORDAN,0.0,0.0,0.0,0.0,Metric Tons
Soybean Meal,2026-06-25,KOR REP,507.0,51.0,13843.0,2822.0,Metric Tons
Soybean Meal,2026-06-25,KUWAIT,0.0,0.0,4866.0,9001.0,Metric Tons
Soybean Meal,2026-06-25,LEBANON,0.0,0.0,0.0,0.0,Metric Tons
Soybean Meal,2026-06-25,LW WW I,0.0,0.0,6066.0,0.0,Metric Tons
Soybean Meal,2026-06-25,MALAYSA,0.0,0.0,24319.0,500.0,Metric Tons
Soybean Meal,2026-06-25,MEXICO,52514.0,53958.0,2088436.0,686533.0,Metric Tons
Soybean Meal,2026-06-25,MOROCCO,2788.0,22000.0,375767.0,30788.0,Metric Tons
Soybean Meal,2026-06-25,N ZEAL,0.0,0.0,110978.0,0.0,Metric Tons
Soybean Meal,2026-06-25,NEPAL,1820.0,1017.0,22847.0,10367.0,Metric Tons
Soybean Meal,2026-06-25,NETHLDS,713.0,22713.0,125888.0,13100.0,Metric Tons
Soybean Meal,2026-06-25,NICARAG,0.0,0.0,122357.0,32641.0,Metric Tons
Soybean Meal,2026-06-25,OMAN,0.0,0.0,0.0,0.0,Metric Tons
Soybean Meal,2026-06-25,OPAC IS,0.0,0.0,3570.0,0.0,Metric Tons
Soybean Meal,2026-06-25,PANAMA,0.0,0.0,202155.0,60024.0,Metric Tons
Soybean Meal,2026-06-25,PERU,0.0,0.0,0.0,0.0,Metric Tons
Soybean Meal,2026-06-25,PHIL,57259.0,149982.0,2865008.0,751872.0,Metric Tons
Soybean Meal,2026-06-25,POLAND,0.0,0.0,224953.0,0.0,Metric Tons
Soybean Meal,2026-06-25,QATAR,0.0,0.0,0.0,0.0,Metric Tons
Soybean Meal,2026-06-25,S ARAB,0.0,0.0,90280.0,60000.0,Metric Tons
Soybean Meal,2026-06-25,S LANKA,808.0,5839.0,251096.0,57531.0,Metric Tons
Soybean Meal,2026-06-25,SALVADR,-10070.0,0.0,148006.0,49781.0,Metric Tons
Soybean Meal,2026-06-25,SINGAPR,0.0,0.0,0.0,10.0,Metric Tons
Soybean Meal,2026-06-25,SPAIN,0.0,0.0,55000.0,0.0,Metric Tons
Soybean Meal,2026-06-25,SURINAM,0.0,0.0,6212.0,0.0,Metric Tons
Soybean Meal,2026-06-25,TAIWAN,0.0,166.0,6378.0,884.0,Metric Tons
Soybean Meal,2026-06-25,THAILND,0.0,0.0,5094.0,1300.0,Metric Tons
Soybean Meal,2026-06-25,TRINID,2.0,2002.0,32366.0,4300.0,Metric Tons
Soybean Meal,2026-06-25,TURKEY,0.0,0.0,0.0,297.0,Metric Tons
Soybean Meal,2026-06-25,U KING,-9000.0,0.0,172237.0,15000.0,Metric Tons
Soybean Meal,2026-06-25,UNKNOWN,-62000.0,0.0,0.0,612623.0,Metric Tons
Soybean Meal,2026-06-25,VENEZ,-1101.0,10899.0,398531.0,57000.0,Metric Tons
Soybean Meal,2026-06-25,VIETNAM,1000.0,47.0,583346.0,105730.0,Metric Tons
Soybean Meal,2026-07-02,AUSTRAL,0.0,0.0,32404.0,0.0,Metric Tons
Soybean Meal,2026-07-02,BANGLADH,0.0,0.0,104200.0,0.0,Metric Tons
Soybean Meal,2026-07-02,BARBADO,0.0,0.0,4850.0,0.0,Metric Tons
Soybean Meal,2026-07-02,BELGIUM,1251.0,0.0,2250.0,6946.0,Metric Tons
Soybean Meal,2026-07-02,BOLIVIA,0.0,0.0,0.0,0.0,Metric Tons
Soybean Meal,2026-07-02,BURMA,2258.0,46.0,24814.0,18417.0,Metric Tons
Soybean Meal,2026-07-02,C RICA,364.0,10456.0,105934.0,38294.0,Metric Tons
Soybean Meal,2026-07-02,CAMBODIA,500.0,0.0,0.0,500.0,Metric Tons
Soybean Meal,2026-07-02,CANADA,-23119.0,8522.0,640805.0,270279.0,Metric Tons
Soybean Meal,2026-07-02,COLOMB,-15066.0,93684.0,1674867.0,269390.0,Metric Tons
Soybean Meal,2026-07-02,CUBA,0.0,0.0,12447.0,6600.0,Metric Tons
Soybean Meal,2026-07-02,DOM REP,34330.0,27006.0,537106.0,151816.0,Metric Tons
Soybean Meal,2026-07-02,ECUADOR,48640.0,8640.0,657048.0,135800.0,Metric Tons
Soybean Meal,2026-07-02,EGYPT,0.0,0.0,0.0,496.0,Metric Tons
Soybean Meal,2026-07-02,F W IND,0.0,0.0,450.0,0.0,Metric Tons
Soybean Meal,2026-07-02,GUAM,0.0,0.0,0.0,0.0,Metric Tons
Soybean Meal,2026-07-02,GUATMAL,6089.0,13088.0,462888.0,17638.0,Metric Tons
Soybean Meal,2026-07-02,GUYANA,0.0,0.0,14325.0,0.0,Metric Tons
Soybean Meal,2026-07-02,HG KONG,0.0,0.0,2179.0,493.0,Metric Tons
Soybean Meal,2026-07-02,HONDURA,3829.0,10777.0,345471.0,75306.0,Metric Tons
Soybean Meal,2026-07-02,INDNSIA,502.0,1926.0,157143.0,23312.0,Metric Tons
Soybean Meal,2026-07-02,IRELAND,0.0,0.0,0.0,300.0,Metric Tons
Soybean Meal,2026-07-02,ISRAEL,0.0,0.0,21909.0,0.0,Metric Tons
Soybean Meal,2026-07-02,ITALY,-45000.0,0.0,154830.0,50000.0,Metric Tons
Soybean Meal,2026-07-02,JAMAICA,60.0,10060.0,80866.0,12000.0,Metric Tons
Soybean Meal,2026-07-02,JAPAN,45640.0,59206.0,403200.0,61320.0,Metric Tons
Soybean Meal,2026-07-02,JORDAN,0.0,0.0,0.0,0.0,Metric Tons
Soybean Meal,2026-07-02,KOR REP,413.0,513.0,14356.0,2722.0,Metric Tons
Soybean Meal,2026-07-02,KUWAIT,0.0,0.0,4866.0,9001.0,Metric Tons
Soybean Meal,2026-07-02,LEBANON,0.0,0.0,0.0,0.0,Metric Tons
Soybean Meal,2026-07-02,LW WW I,400.0,0.0,6066.0,400.0,Metric Tons
Soybean Meal,2026-07-02,MALAYSA,0.0,0.0,24319.0,500.0,Metric Tons
Soybean Meal,2026-07-02,MEXICO,72287.0,66168.0,2154604.0,692652.0,Metric Tons
Soybean Meal,2026-07-02,MOROCCO,0.0,0.0,375767.0,30788.0,Metric Tons
Soybean Meal,2026-07-02,N ZEAL,0.0,0.0,110978.0,0.0,Metric Tons
Soybean Meal,2026-07-02,NEPAL,1581.0,2575.0,25422.0,9373.0,Metric Tons
Soybean Meal,2026-07-02,NETHLDS,0.0,60.0,125948.0,13040.0,Metric Tons
Soybean Meal,2026-07-02,NICARAG,8069.0,19119.0,141476.0,21591.0,Metric Tons
Soybean Meal,2026-07-02,OMAN,0.0,0.0,0.0,0.0,Metric Tons
Soybean Meal,2026-07-02,OPAC IS,168.0,168.0,3738.0,0.0,Metric Tons
Soybean Meal,2026-07-02,PANAMA,14249.0,14249.0,216404.0,60024.0,Metric Tons
Soybean Meal,2026-07-02,PERU,0.0,0.0,0.0,0.0,Metric Tons
Soybean Meal,2026-07-02,PHIL,4598.0,1301.0,2866309.0,755169.0,Metric Tons
Soybean Meal,2026-07-02,POLAND,67084.0,67084.0,292037.0,0.0,Metric Tons
Soybean Meal,2026-07-02,QATAR,0.0,0.0,0.0,0.0,Metric Tons
Soybean Meal,2026-07-02,S ARAB,0.0,0.0,90280.0,60000.0,Metric Tons
Soybean Meal,2026-07-02,S LANKA,3379.0,7917.0,259013.0,52993.0,Metric Tons
Soybean Meal,2026-07-02,SALVADR,3934.0,0.0,148006.0,53715.0,Metric Tons
Soybean Meal,2026-07-02,SINGAPR,0.0,0.0,0.0,10.0,Metric Tons
Soybean Meal,2026-07-02,SPAIN,0.0,0.0,55000.0,0.0,Metric Tons
Soybean Meal,2026-07-02,SURINAM,0.0,0.0,6212.0,0.0,Metric Tons
Soybean Meal,2026-07-02,TAIWAN,0.0,66.0,6444.0,818.0,Metric Tons
Soybean Meal,2026-07-02,THAILND,0.0,0.0,5094.0,1300.0,Metric Tons
Soybean Meal,2026-07-02,TRINID,0.0,0.0,32366.0,4300.0,Metric Tons
Soybean Meal,2026-07-02,TURKEY,0.0,0.0,0.0,297.0,Metric Tons
Soybean Meal,2026-07-02,U KING,0.0,0.0,172237.0,15000.0,Metric Tons
Soybean Meal,2026-07-02,UNKNOWN,-79000.0,0.0,0.0,533623.0,Metric Tons
Soybean Meal,2026-07-02,VENEZ,0.0,0.0,398531.0,57000.0,Metric Tons
Soybean Meal,2026-07-02,VIETNAM,1000.0,3208.0,586554.0,103522.0,Metric Tons
Soybean Meal,2026-07-09,AUSTRAL,0.0,0.0,32404.0,0.0,Metric Tons
Soybean Meal,2026-07-09,BANGLADH,0.0,0.0,104200.0,0.0,Metric Tons
Soybean Meal,2026-07-09,BARBADO,0.0,0.0,4850.0,0.0,Metric Tons
Soybean Meal,2026-07-09,BELGIUM,-546.0,0.0,2250.0,6400.0,Metric Tons
Soybean Meal,2026-07-09,BOLIVIA,0.0,0.0,0.0,0.0,Metric Tons
Soybean Meal,2026-07-09,BURMA,967.0,0.0,24814.0,19384.0,Metric Tons
Soybean Meal,2026-07-09,C RICA,2374.0,6374.0,112308.0,34294.0,Metric Tons
Soybean Meal,2026-07-09,CAMBODIA,0.0,0.0,0.0,500.0,Metric Tons
Soybean Meal,2026-07-09,CANADA,-3651.0,14023.0,654828.0,252605.0,Metric Tons
Soybean Meal,2026-07-09,COLOMB,151948.0,19820.0,1694687.0,401518.0,Metric Tons
Soybean Meal,2026-07-09,CUBA,0.0,0.0,12447.0,6600.0,Metric Tons
Soybean Meal,2026-07-09,DOM REP,932.0,9932.0,547038.0,142816.0,Metric Tons
Soybean Meal,2026-07-09,ECUADOR,0.0,0.0,657048.0,135800.0,Metric Tons
Soybean Meal,2026-07-09,EGYPT,0.0,0.0,0.0,496.0,Metric Tons
Soybean Meal,2026-07-09,F W IND,0.0,0.0,450.0,0.0,Metric Tons
Soybean Meal,2026-07-09,GUAM,0.0,0.0,0.0,0.0,Metric Tons
Soybean Meal,2026-07-09,GUATMAL,0.0,0.0,462888.0,17638.0,Metric Tons
Soybean Meal,2026-07-09,GUYANA,0.0,0.0,14325.0,0.0,Metric Tons
Soybean Meal,2026-07-09,HG KONG,0.0,0.0,2179.0,493.0,Metric Tons
Soybean Meal,2026-07-09,HONDURA,12138.0,5238.0,350709.0,82206.0,Metric Tons
Soybean Meal,2026-07-09,INDNSIA,2619.0,531.0,157674.0,25400.0,Metric Tons
Soybean Meal,2026-07-09,IRELAND,0.0,0.0,0.0,300.0,Metric Tons
Soybean Meal,2026-07-09,ISRAEL,0.0,0.0,21909.0,0.0,Metric Tons
Soybean Meal,2026-07-09,ITALY,-2695.0,47305.0,202135.0,0.0,Metric Tons
Soybean Meal,2026-07-09,JAMAICA,200.0,2200.0,83066.0,10000.0,Metric Tons
Soybean Meal,2026-07-09,JAPAN,402.0,543.0,403743.0,61179.0,Metric Tons
Soybean Meal,2026-07-09,JORDAN,0.0,0.0,0.0,0.0,Metric Tons
Soybean Meal,2026-07-09,KOR REP,400.0,0.0,14356.0,3122.0,Metric Tons
Soybean Meal,2026-07-09,KUWAIT,0.0,0.0,4866.0,9001.0,Metric Tons
Soybean Meal,2026-07-09,LEBANON,0.0,0.0,0.0,0.0,Metric Tons
Soybean Meal,2026-07-09,LW WW I,0.0,0.0,6066.0,400.0,Metric Tons
Soybean Meal,2026-07-09,MALAYSA,0.0,0.0,24319.0,500.0,Metric Tons
Soybean Meal,2026-07-09,MEXICO,49261.0,79754.0,2234358.0,662159.0,Metric Tons
Soybean Meal,2026-07-09,MOROCCO,0.0,0.0,375767.0,30788.0,Metric Tons
Soybean Meal,2026-07-09,N ZEAL,20000.0,0.0,110978.0,20000.0,Metric Tons
Soybean Meal,2026-07-09,NEPAL,22.0,1246.0,26668.0,8149.0,Metric Tons
Soybean Meal,2026-07-09,NETHLDS,0.0,120.0,126068.0,12920.0,Metric Tons
Soybean Meal,2026-07-09,NICARAG,9500.0,0.0,141476.0,31091.0,Metric Tons
Soybean Meal,2026-07-09,OMAN,0.0,0.0,0.0,0.0,Metric Tons
Soybean Meal,2026-07-09,OPAC IS,42.0,42.0,3780.0,0.0,Metric Tons
Soybean Meal,2026-07-09,PANAMA,0.0,0.0,216404.0,60024.0,Metric Tons
Soybean Meal,2026-07-09,PERU,0.0,0.0,0.0,0.0,Metric Tons
Soybean Meal,2026-07-09,PHIL,62.0,2865.0,2869174.0,752366.0,Metric Tons
Soybean Meal,2026-07-09,POLAND,0.0,0.0,292037.0,0.0,Metric Tons
Soybean Meal,2026-07-09,QATAR,0.0,0.0,0.0,0.0,Metric Tons
Soybean Meal,2026-07-09,S ARAB,0.0,0.0,90280.0,60000.0,Metric Tons
Soybean Meal,2026-07-09,S LANKA,3473.0,2096.0,261109.0,54370.0,Metric Tons
Soybean Meal,2026-07-09,SALVADR,-5000.0,0.0,148006.0,48715.0,Metric Tons
Soybean Meal,2026-07-09,SINGAPR,0.0,0.0,0.0,10.0,Metric Tons
Soybean Meal,2026-07-09,SPAIN,0.0,0.0,55000.0,0.0,Metric Tons
Soybean Meal,2026-07-09,SURINAM,0.0,0.0,6212.0,0.0,Metric Tons
Soybean Meal,2026-07-09,TAIWAN,3120.0,0.0,6444.0,3938.0,Metric Tons
Soybean Meal,2026-07-09,THAILND,0.0,0.0,5094.0,1300.0,Metric Tons
Soybean Meal,2026-07-09,TRINID,0.0,0.0,32366.0,4300.0,Metric Tons
Soybean Meal,2026-07-09,TURKEY,0.0,0.0,0.0,297.0,Metric Tons
Soybean Meal,2026-07-09,U KING,0.0,0.0,172237.0,15000.0,Metric Tons
Soybean Meal,2026-07-09,UNKNOWN,-73000.0,0.0,0.0,460623.0,Metric Tons
Soybean Meal,2026-07-09,VENEZ,0.0,0.0,398531.0,57000.0,Metric Tons
Soybean Meal,2026-07-09,VIETNAM,4475.0,53018.0,639572.0,54979.0,Metric Tons
Soybean Meal,2026-07-16,AUSTRAL,0.0,0.0,32404.0,0.0,Metric Tons
Soybean Meal,2026-07-16,BANGLADH,0.0,0.0,104200.0,0.0,Metric Tons
Soybean Meal,2026-07-16,BARBADO,0.0,0.0,4850.0,0.0,Metric Tons
Soybean Meal,2026-07-16,BELGIUM,-238.0,0.0,2250.0,6162.0,Metric Tons
Soybean Meal,2026-07-16,BOLIVIA,0.0,0.0,0.0,0.0,Metric Tons
Soybean Meal,2026-07-16,BURMA,6000.0,511.0,25325.0,24873.0,Metric Tons
Soybean Meal,2026-07-16,C RICA,0.0,0.0,112308.0,34294.0,Metric Tons
Soybean Meal,2026-07-16,CAMBODIA,10.0,0.0,0.0,510.0,Metric Tons
Soybean Meal,2026-07-16,CANADA,3743.0,13275.0,668103.0,243073.0,Metric Tons
Soybean Meal,2026-07-16,COLOMB,35100.0,0.0,1694687.0,436618.0,Metric Tons
Soybean Meal,2026-07-16,CUBA,0.0,0.0,12447.0,6600.0,Metric Tons
Soybean Meal,2026-07-16,DOM REP,0.0,0.0,547038.0,142816.0,Metric Tons
Soybean Meal,2026-07-16,ECUADOR,0.0,0.0,657048.0,135800.0,Metric Tons
Soybean Meal,2026-07-16,EGYPT,0.0,0.0,0.0,496.0,Metric Tons
Soybean Meal,2026-07-16,F W IND,0.0,0.0,450.0,0.0,Metric Tons
Soybean Meal,2026-07-16,GUAM,0.0,0.0,0.0,0.0,Metric Tons
Soybean Meal,2026-07-16,GUATMAL,-546.0,0.0,462888.0,17092.0,Metric Tons
Soybean Meal,2026-07-16,GUYANA,0.0,0.0,14325.0,0.0,Metric Tons
Soybean Meal,2026-07-16,HG KONG,0.0,0.0,2179.0,493.0,Metric Tons
Soybean Meal,2026-07-16,HONDURA,0.0,0.0,350709.0,82206.0,Metric Tons
Soybean Meal,2026-07-16,INDNSIA,1562.0,5214.0,162888.0,21748.0,Metric Tons
Soybean Meal,2026-07-16,IRELAND,0.0,0.0,0.0,300.0,Metric Tons
Soybean Meal,2026-07-16,ISRAEL,0.0,0.0,21909.0,0.0,Metric Tons
Soybean Meal,2026-07-16,ITALY,0.0,0.0,202135.0,0.0,Metric Tons
Soybean Meal,2026-07-16,JAMAICA,2000.0,0.0,83066.0,12000.0,Metric Tons
Soybean Meal,2026-07-16,JAPAN,1085.0,886.0,404629.0,61378.0,Metric Tons
Soybean Meal,2026-07-16,JORDAN,0.0,0.0,0.0,0.0,Metric Tons
Soybean Meal,2026-07-16,KOR REP,50719.0,619.0,14975.0,53222.0,Metric Tons
Soybean Meal,2026-07-16,KUWAIT,0.0,0.0,4866.0,9001.0,Metric Tons
Soybean Meal,2026-07-16,LEBANON,0.0,0.0,0.0,0.0,Metric Tons
Soybean Meal,2026-07-16,LW WW I,0.0,0.0,6066.0,400.0,Metric Tons
Soybean Meal,2026-07-16,MALAYSA,0.0,0.0,24319.0,500.0,Metric Tons
Soybean Meal,2026-07-16,MEXICO,12297.0,62763.0,2297121.0,611693.0,Metric Tons
Soybean Meal,2026-07-16,MOROCCO,0.0,0.0,375767.0,30788.0,Metric Tons
Soybean Meal,2026-07-16,N ZEAL,0.0,0.0,110978.0,20000.0,Metric Tons
Soybean Meal,2026-07-16,NEPAL,9.0,547.0,27215.0,7611.0,Metric Tons
Soybean Meal,2026-07-16,NETHLDS,0.0,140.0,126208.0,12780.0,Metric Tons
Soybean Meal,2026-07-16,NICARAG,9862.0,6862.0,148338.0,34091.0,Metric Tons
Soybean Meal,2026-07-16,OMAN,0.0,0.0,0.0,0.0,Metric Tons
Soybean Meal,2026-07-16,OPAC IS,0.0,0.0,3780.0,0.0,Metric Tons
Soybean Meal,2026-07-16,PANAMA,0.0,9100.0,225504.0,50924.0,Metric Tons
Soybean Meal,2026-07-16,PERU,0.0,0.0,0.0,0.0,Metric Tons
Soybean Meal,2026-07-16,PHIL,48338.0,55873.0,2925047.0,744831.0,Metric Tons
Soybean Meal,2026-07-16,POLAND,0.0,0.0,292037.0,0.0,Metric Tons
Soybean Meal,2026-07-16,QATAR,0.0,0.0,0.0,0.0,Metric Tons
Soybean Meal,2026-07-16,S ARAB,0.0,0.0,90280.0,60000.0,Metric Tons
Soybean Meal,2026-07-16,S LANKA,7197.0,2937.0,264046.0,58630.0,Metric Tons
Soybean Meal,2026-07-16,SALVADR,-5720.0,6386.0,154392.0,36609.0,Metric Tons
Soybean Meal,2026-07-16,SINGAPR,0.0,0.0,0.0,10.0,Metric Tons
Soybean Meal,2026-07-16,SPAIN,0.0,0.0,55000.0,0.0,Metric Tons
Soybean Meal,2026-07-16,SURINAM,0.0,0.0,6212.0,0.0,Metric Tons
Soybean Meal,2026-07-16,TAIWAN,9400.0,82.0,6526.0,13256.0,Metric Tons
Soybean Meal,2026-07-16,THAILND,0.0,0.0,5094.0,1300.0,Metric Tons
Soybean Meal,2026-07-16,TRINID,0.0,0.0,32366.0,4300.0,Metric Tons
Soybean Meal,2026-07-16,TURKEY,0.0,0.0,0.0,297.0,Metric Tons
Soybean Meal,2026-07-16,U KING,600.0,6600.0,178837.0,9000.0,Metric Tons
Soybean Meal,2026-07-16,UNKNOWN,0.0,0.0,0.0,460623.0,Metric Tons
Soybean Meal,2026-07-16,VENEZ,0.0,0.0,398531.0,57000.0,Metric Tons
Soybean Meal,2026-07-16,VIETNAM,3631.0,5133.0,644705.0,53477.0,Metric Tons
Soybean Meal,2026-07-23,AUSTRAL,0.0,0.0,32404.0,0.0,Metric Tons
Soybean Meal,2026-07-23,BANGLADH,0.0,0.0,104200.0,0.0,Metric Tons
Soybean Meal,2026-07-23,BARBADO,0.0,0.0,4850.0,0.0,Metric Tons
Soybean Meal,2026-07-23,BELGIUM,-2691.0,0.0,2250.0,3471.0,Metric Tons
Soybean Meal,2026-07-23,BOLIVIA,0.0,0.0,0.0,0.0,Metric Tons
Soybean Meal,2026-07-23,BURMA,0.0,23.0,25348.0,24850.0,Metric Tons
Soybean Meal,2026-07-23,C RICA,-685.0,6595.0,118903.0,27014.0,Metric Tons
Soybean Meal,2026-07-23,CAMBODIA,0.0,459.0,459.0,51.0,Metric Tons
Soybean Meal,2026-07-23,CANADA,-5625.0,7043.0,675146.0,230405.0,Metric Tons
Soybean Meal,2026-07-23,COLOMB,100.0,32564.0,1727251.0,404154.0,Metric Tons
Soybean Meal,2026-07-23,CUBA,7336.0,13936.0,26383.0,0.0,Metric Tons
Soybean Meal,2026-07-23,DOM REP,2703.0,38703.0,585741.0,106816.0,Metric Tons
Soybean Meal,2026-07-23,ECUADOR,0.0,0.0,657048.0,135800.0,Metric Tons
Soybean Meal,2026-07-23,EGYPT,0.0,0.0,0.0,496.0,Metric Tons
Soybean Meal,2026-07-23,F W IND,0.0,0.0,450.0,0.0,Metric Tons
Soybean Meal,2026-07-23,GUAM,0.0,0.0,0.0,0.0,Metric Tons
Soybean Meal,2026-07-23,GUATMAL,0.0,0.0,462888.0,17092.0,Metric Tons
Soybean Meal,2026-07-23,GUYANA,0.0,0.0,14325.0,0.0,Metric Tons
Soybean Meal,2026-07-23,HG KONG,0.0,0.0,2179.0,493.0,Metric Tons
Soybean Meal,2026-07-23,HONDURA,-2200.0,24960.0,375669.0,55046.0,Metric Tons
Soybean Meal,2026-07-23,INDNSIA,6000.0,3749.0,166637.0,23999.0,Metric Tons
Soybean Meal,2026-07-23,IRELAND,0.0,0.0,0.0,300.0,Metric Tons
Soybean Meal,2026-07-23,ISRAEL,0.0,0.0,21909.0,0.0,Metric Tons
Soybean Meal,2026-07-23,ITALY,0.0,0.0,202135.0,0.0,Metric Tons
Soybean Meal,2026-07-23,JAMAICA,0.0,0.0,83066.0,12000.0,Metric Tons
Soybean Meal,2026-07-23,JAPAN,-893.0,732.0,405361.0,59753.0,Metric Tons
Soybean Meal,2026-07-23,JORDAN,0.0,0.0,0.0,0.0,Metric Tons
Soybean Meal,2026-07-23,KOR REP,1000.0,22.0,14997.0,54200.0,Metric Tons
Soybean Meal,2026-07-23,KUWAIT,0.0,0.0,4866.0,9001.0,Metric Tons
Soybean Meal,2026-07-23,LEBANON,0.0,0.0,0.0,0.0,Metric Tons
Soybean Meal,2026-07-23,LW WW I,0.0,0.0,6066.0,400.0,Metric Tons
Soybean Meal,2026-07-23,MALAYSA,0.0,500.0,24819.0,0.0,Metric Tons
Soybean Meal,2026-07-23,MEXICO,6045.0,32435.0,2329556.0,585303.0,Metric Tons
Soybean Meal,2026-07-23,MOROCCO,0.0,0.0,375767.0,30788.0,Metric Tons
Soybean Meal,2026-07-23,N ZEAL,0.0,0.0,110978.0,20000.0,Metric Tons
Soybean Meal,2026-07-23,NEPAL,0.0,0.0,27215.0,7611.0,Metric Tons
Soybean Meal,2026-07-23,NETHLDS,0.0,100.0,126308.0,12680.0,Metric Tons
Soybean Meal,2026-07-23,NICARAG,0.0,0.0,148338.0,34091.0,Metric Tons
Soybean Meal,2026-07-23,OMAN,0.0,0.0,0.0,0.0,Metric Tons
Soybean Meal,2026-07-23,OPAC IS,0.0,0.0,3780.0,0.0,Metric Tons
Soybean Meal,2026-07-23,PANAMA,0.0,0.0,225504.0,50924.0,Metric Tons
Soybean Meal,2026-07-23,PERU,0.0,0.0,0.0,0.0,Metric Tons
Soybean Meal,2026-07-23,PHIL,56886.0,154493.0,3079540.0,647224.0,Metric Tons
Soybean Meal,2026-07-23,POLAND,0.0,0.0,292037.0,0.0,Metric Tons
Soybean Meal,2026-07-23,QATAR,0.0,0.0,0.0,0.0,Metric Tons
Soybean Meal,2026-07-23,S ARAB,3000.0,33000.0,123280.0,30000.0,Metric Tons
Soybean Meal,2026-07-23,S LANKA,1396.0,1468.0,265514.0,58558.0,Metric Tons
Soybean Meal,2026-07-23,SALVADR,0.0,0.0,154392.0,36609.0,Metric Tons
Soybean Meal,2026-07-23,SINGAPR,0.0,10.0,10.0,0.0,Metric Tons
Soybean Meal,2026-07-23,SPAIN,0.0,0.0,55000.0,0.0,Metric Tons
Soybean Meal,2026-07-23,SURINAM,0.0,0.0,6212.0,0.0,Metric Tons
Soybean Meal,2026-07-23,TAIWAN,30650.0,124.0,6650.0,43782.0,Metric Tons
Soybean Meal,2026-07-23,THAILND,700.0,1300.0,6394.0,700.0,Metric Tons
Soybean Meal,2026-07-23,TRINID,0.0,0.0,32366.0,4300.0,Metric Tons
Soybean Meal,2026-07-23,TURKEY,0.0,0.0,0.0,297.0,Metric Tons
Soybean Meal,2026-07-23,U KING,0.0,0.0,178837.0,9000.0,Metric Tons
Soybean Meal,2026-07-23,UNKNOWN,-45600.0,0.0,0.0,415023.0,Metric Tons
Soybean Meal,2026-07-23,VENEZ,1385.0,13385.0,411916.0,45000.0,Metric Tons
Soybean Meal,2026-07-23,VIETNAM,3800.0,1746.0,646451.0,55531.0,Metric Tons
Soybean Meal,2026-07-30,AUSTRAL,0.0,0.0,32404.0,0.0,Metric Tons
Soybean Meal,2026-07-30,BANGLADH,0.0,0.0,104200.0,0.0,Metric Tons
Soybean Meal,2026-07-30,BARBADO,0.0,0.0,4850.0,0.0,Metric Tons
Soybean Meal,2026-07-30,BELGIUM,4536.0,0.0,2250.0,8007.0,Metric Tons
Soybean Meal,2026-07-30,BOLIVIA,0.0,0.0,0.0,0.0,Metric Tons
Soybean Meal,2026-07-30,BURMA,1000.0,256.0,25604.0,25594.0,Metric Tons
Soybean Meal,2026-07-30,C RICA,8174.0,9474.0,128377.0,25714.0,Metric Tons
Soybean Meal,2026-07-30,CAMBODIA,0.0,51.0,510.0,0.0,Metric Tons
Soybean Meal,2026-07-30,CANADA,1604.0,11591.0,686737.0,220418.0,Metric Tons
Soybean Meal,2026-07-30,COLOMB,35220.0,70578.0,1797829.0,368796.0,Metric Tons
Soybean Meal,2026-07-30,CUBA,0.0,0.0,26383.0,0.0,Metric Tons
Soybean Meal,2026-07-30,DOM REP,-2303.0,20697.0,606438.0,83816.0,Metric Tons
Soybean Meal,2026-07-30,ECUADOR,51607.0,68107.0,725155.0,119300.0,Metric Tons
Soybean Meal,2026-07-30,EGYPT,0.0,0.0,0.0,496.0,Metric Tons
Soybean Meal,2026-07-30,F W IND,0.0,0.0,450.0,0.0,Metric Tons
Soybean Meal,2026-07-30,GUAM,0.0,0.0,0.0,0.0,Metric Tons
Soybean Meal,2026-07-30,GUATMAL,-1091.0,0.0,462888.0,16001.0,Metric Tons
Soybean Meal,2026-07-30,GUYANA,0.0,0.0,14325.0,0.0,Metric Tons
Soybean Meal,2026-07-30,HG KONG,0.0,0.0,2179.0,493.0,Metric Tons
Soybean Meal,2026-07-30,HONDURA,13790.0,0.0,375669.0,68836.0,Metric Tons
Soybean Meal,2026-07-30,INDNSIA,148.0,2390.0,169027.0,21757.0,Metric Tons
Soybean Meal,2026-07-30,IRELAND,0.0,0.0,0.0,300.0,Metric Tons
Soybean Meal,2026-07-30,ISRAEL,0.0,0.0,21909.0,0.0,Metric Tons
Soybean Meal,2026-07-30,ITALY,0.0,0.0,202135.0,0.0,Metric Tons
Soybean Meal,2026-07-30,JAMAICA,-978.0,4022.0,87088.0,7000.0,Metric Tons
Soybean Meal,2026-07-30,JAPAN,3017.0,198.0,405559.0,62572.0,Metric Tons
Soybean Meal,2026-07-30,JORDAN,0.0,0.0,0.0,0.0,Metric Tons
Soybean Meal,2026-07-30,KOR REP,0.0,200.0,15197.0,54000.0,Metric Tons
Soybean Meal,2026-07-30,KUWAIT,0.0,0.0,4866.0,9001.0,Metric Tons
Soybean Meal,2026-07-30,LEBANON,0.0,0.0,0.0,0.0,Metric Tons
Soybean Meal,2026-07-30,LW WW I,1.0,401.0,6467.0,0.0,Metric Tons
Soybean Meal,2026-07-30,MALAYSA,0.0,0.0,24819.0,0.0,Metric Tons
Soybean Meal,2026-07-30,MEXICO,56.0,52549.0,2382105.0,532810.0,Metric Tons
Soybean Meal,2026-07-30,MOROCCO,0.0,0.0,375767.0,30788.0,Metric Tons
Soybean Meal,2026-07-30,N ZEAL,0.0,0.0,110978.0,20000.0,Metric Tons
Soybean Meal,2026-07-30,NEPAL,19.0,233.0,27448.0,7397.0,Metric Tons
Soybean Meal,2026-07-30,NETHLDS,0.0,220.0,126528.0,12460.0,Metric Tons
Soybean Meal,2026-07-30,NICARAG,14631.0,17731.0,166069.0,30991.0,Metric Tons
Soybean Meal,2026-07-30,OMAN,0.0,0.0,0.0,0.0,Metric Tons
Soybean Meal,2026-07-30,OPAC IS,42.0,42.0,3822.0,0.0,Metric Tons
Soybean Meal,2026-07-30,PANAMA,13413.0,13413.0,238917.0,50924.0,Metric Tons
Soybean Meal,2026-07-30,PERU,0.0,0.0,0.0,0.0,Metric Tons
Soybean Meal,2026-07-30,PHIL,4004.0,52230.0,3131770.0,598998.0,Metric Tons
Soybean Meal,2026-07-30,POLAND,0.0,0.0,292037.0,0.0,Metric Tons
Soybean Meal,2026-07-30,QATAR,0.0,0.0,0.0,0.0,Metric Tons
Soybean Meal,2026-07-30,S ARAB,0.0,0.0,123280.0,30000.0,Metric Tons
Soybean Meal,2026-07-30,S LANKA,5585.0,5040.0,270554.0,59103.0,Metric Tons
Soybean Meal,2026-07-30,SALVADR,0.0,0.0,154392.0,36609.0,Metric Tons
Soybean Meal,2026-07-30,SINGAPR,0.0,0.0,10.0,0.0,Metric Tons
Soybean Meal,2026-07-30,SPAIN,0.0,0.0,55000.0,0.0,Metric Tons
Soybean Meal,2026-07-30,SURINAM,0.0,0.0,6212.0,0.0,Metric Tons
Soybean Meal,2026-07-30,TAIWAN,7800.0,150.0,6800.0,51432.0,Metric Tons
Soybean Meal,2026-07-30,THAILND,4000.0,0.0,6394.0,4700.0,Metric Tons
Soybean Meal,2026-07-30,TRINID,1200.0,0.0,32366.0,5500.0,Metric Tons
Soybean Meal,2026-07-30,TURKEY,0.0,0.0,0.0,297.0,Metric Tons
Soybean Meal,2026-07-30,U KING,645.0,9645.0,188482.0,0.0,Metric Tons
Soybean Meal,2026-07-30,UNKNOWN,-74500.0,0.0,0.0,340523.0,Metric Tons
Soybean Meal,2026-07-30,VENEZ,13095.0,13095.0,425011.0,45000.0,Metric Tons
Soybean Meal,2026-07-30,VIETNAM,-3304.0,7326.0,653777.0,44901.0,Metric Tons
Soybean Oil,2025-10-02,CANADA,10648.0,65.0,65.0,18193.0,Metric Tons
Soybean Oil,2025-10-02,DOM REP,1500.0,0.0,0.0,10500.0,Metric Tons
Soybean Oil,2025-10-02,GUATMAL,0.0,0.0,0.0,4000.0,Metric Tons
Soybean Oil,2025-10-02,HONDURA,0.0,0.0,0.0,4700.0,Metric Tons
Soybean Oil,2025-10-02,JAMAICA,0.0,0.0,0.0,3500.0,Metric Tons
Soybean Oil,2025-10-02,KOR REP,0.0,0.0,0.0,22000.0,Metric Tons
Soybean Oil,2025-10-02,MEXICO,5673.0,1580.0,1580.0,26282.0,Metric Tons
Soybean Oil,2025-10-02,TRINID,0.0,0.0,0.0,0.0,Metric Tons
Soybean Oil,2025-10-02,U AR EM,24.0,0.0,0.0,24.0,Metric Tons
Soybean Oil,2025-10-02,VENEZ,6500.0,0.0,0.0,20000.0,Metric Tons
Soybean Oil,2025-10-09,CANADA,-2201.0,536.0,601.0,15456.0,Metric Tons
Soybean Oil,2025-10-09,DOM REP,1022.0,22.0,22.0,11500.0,Metric Tons
Soybean Oil,2025-10-09,GUATMAL,0.0,0.0,0.0,4000.0,Metric Tons
Soybean Oil,2025-10-09,HONDURA,0.0,0.0,0.0,4700.0,Metric Tons
Soybean Oil,2025-10-09,INDNSIA,19.0,0.0,0.0,19.0,Metric Tons
Soybean Oil,2025-10-09,JAMAICA,23.0,23.0,23.0,3500.0,Metric Tons
Soybean Oil,2025-10-09,KOR REP,0.0,0.0,0.0,22000.0,Metric Tons
Soybean Oil,2025-10-09,LEBANON,24.0,0.0,0.0,24.0,Metric Tons
Soybean Oil,2025-10-09,MEXICO,2953.0,1532.0,3112.0,27703.0,Metric Tons
Soybean Oil,2025-10-09,PANAMA,23.0,23.0,23.0,0.0,Metric Tons
Soybean Oil,2025-10-09,TRINID,0.0,0.0,0.0,0.0,Metric Tons
Soybean Oil,2025-10-09,U AR EM,61.0,61.0,61.0,24.0,Metric Tons
Soybean Oil,2025-10-09,VENEZ,0.0,0.0,0.0,20000.0,Metric Tons
Soybean Oil,2025-10-16,CANADA,73.0,399.0,1000.0,15130.0,Metric Tons
Soybean Oil,2025-10-16,COLOMB,2800.0,0.0,0.0,2800.0,Metric Tons
Soybean Oil,2025-10-16,DOM REP,0.0,0.0,22.0,11500.0,Metric Tons
Soybean Oil,2025-10-16,GUATMAL,19.0,19.0,19.0,4000.0,Metric Tons
Soybean Oil,2025-10-16,HONDURA,38.0,38.0,38.0,4700.0,Metric Tons
Soybean Oil,2025-10-16,INDNSIA,0.0,0.0,0.0,19.0,Metric Tons
Soybean Oil,2025-10-16,JAMAICA,0.0,0.0,23.0,3500.0,Metric Tons
Soybean Oil,2025-10-16,KOR REP,-2800.0,0.0,0.0,19200.0,Metric Tons
Soybean Oil,2025-10-16,LEBANON,0.0,0.0,0.0,24.0,Metric Tons
Soybean Oil,2025-10-16,MEXICO,3934.0,1726.0,4838.0,29911.0,Metric Tons
Soybean Oil,2025-10-16,PANAMA,46.0,46.0,69.0,0.0,Metric Tons
Soybean Oil,2025-10-16,TRINID,23.0,23.0,23.0,0.0,Metric Tons
Soybean Oil,2025-10-16,U AR EM,0.0,0.0,61.0,24.0,Metric Tons
Soybean Oil,2025-10-16,UNKNOWN,15000.0,0.0,0.0,15000.0,Metric Tons
Soybean Oil,2025-10-16,VENEZ,0.0,0.0,0.0,20000.0,Metric Tons
Soybean Oil,2025-10-23,C RICA,3000.0,0.0,0.0,3000.0,Metric Tons
Soybean Oil,2025-10-23,CANADA,-174.0,235.0,1235.0,14721.0,Metric Tons
Soybean Oil,2025-10-23,COLOMB,0.0,2800.0,2800.0,0.0,Metric Tons
Soybean Oil,2025-10-23,DOM REP,9616.0,16.0,38.0,21100.0,Metric Tons
Soybean Oil,2025-10-23,GUATMAL,19.0,2019.0,2038.0,2000.0,Metric Tons
Soybean Oil,2025-10-23,HONDURA,19.0,1519.0,1557.0,3200.0,Metric Tons
Soybean Oil,2025-10-23,INDNSIA,0.0,0.0,0.0,19.0,Metric Tons
Soybean Oil,2025-10-23,JAMAICA,3500.0,0.0,23.0,7000.0,Metric Tons
Soybean Oil,2025-10-23,KOR REP,0.0,0.0,0.0,19200.0,Metric Tons
Soybean Oil,2025-10-23,KUWAIT,138.0,138.0,138.0,0.0,Metric Tons
Soybean Oil,2025-10-23,LEBANON,0.0,0.0,0.0,24.0,Metric Tons
Soybean Oil,2025-10-23,MEXICO,5179.0,3961.0,8799.0,31129.0,Metric Tons
Soybean Oil,2025-10-23,PANAMA,23.0,23.0,92.0,0.0,Metric Tons
Soybean Oil,2025-10-23,TRINID,0.0,0.0,23.0,0.0,Metric Tons
Soybean Oil,2025-10-23,U AR EM,0.0,0.0,61.0,24.0,Metric Tons
Soybean Oil,2025-10-23,UNKNOWN,-3500.0,0.0,0.0,11500.0,Metric Tons
Soybean Oil,2025-10-23,VENEZ,12000.0,0.0,0.0,32000.0,Metric Tons
Soybean Oil,2025-10-30,C RICA,0.0,0.0,0.0,3000.0,Metric Tons
Soybean Oil,2025-10-30,CANADA,1504.0,357.0,1592.0,15868.0,Metric Tons
Soybean Oil,2025-10-30,COLOMB,0.0,0.0,2800.0,0.0,Metric Tons
Soybean Oil,2025-10-30,DOM REP,-3300.0,7500.0,7538.0,10300.0,Metric Tons
Soybean Oil,2025-10-30,GUATMAL,0.0,0.0,2038.0,2000.0,Metric Tons
Soybean Oil,2025-10-30,HONDURA,0.0,0.0,1557.0,3200.0,Metric Tons
Soybean Oil,2025-10-30,INDNSIA,0.0,0.0,0.0,19.0,Metric Tons
Soybean Oil,2025-10-30,JAMAICA,0.0,0.0,23.0,7000.0,Metric Tons
Soybean Oil,2025-10-30,JORDAN,23.0,23.0,23.0,0.0,Metric Tons
Soybean Oil,2025-10-30,KOR REP,0.0,0.0,0.0,19200.0,Metric Tons
Soybean Oil,2025-10-30,KUWAIT,0.0,0.0,138.0,0.0,Metric Tons
Soybean Oil,2025-10-30,LEBANON,0.0,0.0,0.0,24.0,Metric Tons
Soybean Oil,2025-10-30,MEXICO,4692.0,1460.0,10259.0,34361.0,Metric Tons
Soybean Oil,2025-10-30,OMAN,46.0,46.0,46.0,0.0,Metric Tons
Soybean Oil,2025-10-30,PANAMA,61.0,61.0,153.0,0.0,Metric Tons
Soybean Oil,2025-10-30,S ARAB,137.0,137.0,137.0,0.0,Metric Tons
Soybean Oil,2025-10-30,TRINID,0.0,0.0,23.0,0.0,Metric Tons
Soybean Oil,2025-10-30,U AR EM,1.0,1.0,62.0,24.0,Metric Tons
Soybean Oil,2025-10-30,UNKNOWN,0.0,0.0,0.0,11500.0,Metric Tons
Soybean Oil,2025-10-30,VENEZ,1500.0,3000.0,3000.0,30500.0,Metric Tons
Soybean Oil,2025-11-06,C RICA,0.0,0.0,0.0,3000.0,Metric Tons
Soybean Oil,2025-11-06,CANADA,43.0,403.0,1995.0,15508.0,Metric Tons
Soybean Oil,2025-11-06,COLOMB,0.0,0.0,2800.0,0.0,Metric Tons
Soybean Oil,2025-11-06,DOM REP,44.0,44.0,7582.0,10300.0,Metric Tons
Soybean Oil,2025-11-06,GUATMAL,4557.0,57.0,2095.0,6500.0,Metric Tons
Soybean Oil,2025-11-06,HONDURA,0.0,0.0,1557.0,3200.0,Metric Tons
Soybean Oil,2025-11-06,INDNSIA,0.0,0.0,0.0,19.0,Metric Tons
Soybean Oil,2025-11-06,JAMAICA,0.0,0.0,23.0,7000.0,Metric Tons
Soybean Oil,2025-11-06,JORDAN,0.0,0.0,23.0,0.0,Metric Tons
Soybean Oil,2025-11-06,KOR REP,0.0,0.0,0.0,19200.0,Metric Tons
Soybean Oil,2025-11-06,KUWAIT,0.0,0.0,138.0,0.0,Metric Tons
Soybean Oil,2025-11-06,LEBANON,23.0,23.0,23.0,24.0,Metric Tons
Soybean Oil,2025-11-06,MEXICO,4109.0,3412.0,13671.0,35058.0,Metric Tons
Soybean Oil,2025-11-06,OMAN,23.0,23.0,69.0,0.0,Metric Tons
Soybean Oil,2025-11-06,PANAMA,0.0,0.0,153.0,0.0,Metric Tons
Soybean Oil,2025-11-06,S ARAB,0.0,0.0,137.0,0.0,Metric Tons
Soybean Oil,2025-11-06,SALVADR,500.0,0.0,0.0,500.0,Metric Tons
Soybean Oil,2025-11-06,TRINID,0.0,0.0,23.0,0.0,Metric Tons
Soybean Oil,2025-11-06,U AR EM,0.0,0.0,62.0,24.0,Metric Tons
Soybean Oil,2025-11-06,UNKNOWN,0.0,0.0,0.0,11500.0,Metric Tons
Soybean Oil,2025-11-06,VENEZ,3250.0,0.0,3000.0,33750.0,Metric Tons
Soybean Oil,2025-11-13,C RICA,0.0,0.0,0.0,3000.0,Metric Tons
Soybean Oil,2025-11-13,CANADA,253.0,602.0,2597.0,15159.0,Metric Tons
Soybean Oil,2025-11-13,COLOMB,0.0,0.0,2800.0,0.0,Metric Tons
Soybean Oil,2025-11-13,DOM REP,2007.0,7.0,7589.0,12300.0,Metric Tons
Soybean Oil,2025-11-13,GUATMAL,0.0,0.0,2095.0,6500.0,Metric Tons
Soybean Oil,2025-11-13,HONDURA,0.0,0.0,1557.0,3200.0,Metric Tons
Soybean Oil,2025-11-13,INDNSIA,0.0,0.0,0.0,19.0,Metric Tons
Soybean Oil,2025-11-13,JAMAICA,0.0,0.0,23.0,7000.0,Metric Tons
Soybean Oil,2025-11-13,JORDAN,0.0,0.0,23.0,0.0,Metric Tons
Soybean Oil,2025-11-13,KOR REP,-19200.0,0.0,0.0,0.0,Metric Tons
Soybean Oil,2025-11-13,KUWAIT,0.0,0.0,138.0,0.0,Metric Tons
Soybean Oil,2025-11-13,LEBANON,0.0,0.0,23.0,24.0,Metric Tons
Soybean Oil,2025-11-13,MEXICO,3595.0,3876.0,17547.0,34777.0,Metric Tons
Soybean Oil,2025-11-13,OMAN,0.0,0.0,69.0,0.0,Metric Tons
Soybean Oil,2025-11-13,PANAMA,0.0,0.0,153.0,0.0,Metric Tons
Soybean Oil,2025-11-13,S ARAB,0.0,0.0,137.0,0.0,Metric Tons
Soybean Oil,2025-11-13,SALVADR,0.0,0.0,0.0,500.0,Metric Tons
Soybean Oil,2025-11-13,TRINID,0.0,0.0,23.0,0.0,Metric Tons
Soybean Oil,2025-11-13,U AR EM,0.0,0.0,62.0,24.0,Metric Tons
Soybean Oil,2025-11-13,UNKNOWN,0.0,0.0,0.0,11500.0,Metric Tons
Soybean Oil,2025-11-13,VENEZ,0.0,0.0,3000.0,33750.0,Metric Tons
Soybean Oil,2025-11-20,C RICA,0.0,0.0,0.0,3000.0,Metric Tons
Soybean Oil,2025-11-20,CANADA,-63.0,435.0,3032.0,14661.0,Metric Tons
Soybean Oil,2025-11-20,COLOMB,5000.0,0.0,2800.0,5000.0,Metric Tons
Soybean Oil,2025-11-20,DOM REP,7.0,7.0,7596.0,12300.0,Metric Tons
Soybean Oil,2025-11-20,GUATMAL,500.0,0.0,2095.0,7000.0,Metric Tons
Soybean Oil,2025-11-20,HONDURA,0.0,0.0,1557.0,3200.0,Metric Tons
Soybean Oil,2025-11-20,INDNSIA,0.0,0.0,0.0,19.0,Metric Tons
Soybean Oil,2025-11-20,JAMAICA,0.0,0.0,23.0,7000.0,Metric Tons
Soybean Oil,2025-11-20,JORDAN,0.0,0.0,23.0,0.0,Metric Tons
Soybean Oil,2025-11-20,KOR REP,0.0,0.0,0.0,0.0,Metric Tons
Soybean Oil,2025-11-20,KUWAIT,91.0,91.0,229.0,0.0,Metric Tons
Soybean Oil,2025-11-20,LEBANON,0.0,0.0,23.0,24.0,Metric Tons
Soybean Oil,2025-11-20,MEXICO,1959.0,2145.0,19692.0,34591.0,Metric Tons
Soybean Oil,2025-11-20,OMAN,0.0,0.0,69.0,0.0,Metric Tons
Soybean Oil,2025-11-20,PANAMA,23.0,23.0,176.0,0.0,Metric Tons
Soybean Oil,2025-11-20,S ARAB,23.0,23.0,160.0,0.0,Metric Tons
Soybean Oil,2025-11-20,SALVADR,0.0,0.0,0.0,500.0,Metric Tons
Soybean Oil,2025-11-20,TRINID,0.0,0.0,23.0,0.0,Metric Tons
Soybean Oil,2025-11-20,U AR EM,0.0,0.0,62.0,24.0,Metric Tons
Soybean Oil,2025-11-20,UNKNOWN,0.0,0.0,0.0,11500.0,Metric Tons
Soybean Oil,2025-11-20,VENEZ,0.0,0.0,3000.0,33750.0,Metric Tons
Soybean Oil,2025-11-27,C RICA,0.0,0.0,0.0,3000.0,Metric Tons
Soybean Oil,2025-11-27,CANADA,-243.0,343.0,3375.0,14075.0,Metric Tons
Soybean Oil,2025-11-27,COLOMB,8000.0,0.0,2800.0,13000.0,Metric Tons
Soybean Oil,2025-11-27,DOM REP,17.0,17.0,7613.0,12300.0,Metric Tons
Soybean Oil,2025-11-27,GUATMAL,3113.0,0.0,2095.0,10113.0,Metric Tons
Soybean Oil,2025-11-27,HONDURA,1215.0,17.0,1574.0,4398.0,Metric Tons
Soybean Oil,2025-11-27,INDNSIA,0.0,0.0,0.0,19.0,Metric Tons
Soybean Oil,2025-11-27,JAMAICA,0.0,0.0,23.0,7000.0,Metric Tons
Soybean Oil,2025-11-27,JORDAN,0.0,0.0,23.0,0.0,Metric Tons
Soybean Oil,2025-11-27,KOR REP,0.0,0.0,0.0,0.0,Metric Tons
Soybean Oil,2025-11-27,KUWAIT,0.0,0.0,229.0,0.0,Metric Tons
Soybean Oil,2025-11-27,LEBANON,0.0,0.0,23.0,24.0,Metric Tons
Soybean Oil,2025-11-27,MEXICO,1512.0,5701.0,25393.0,30402.0,Metric Tons
Soybean Oil,2025-11-27,OMAN,23.0,23.0,92.0,0.0,Metric Tons
Soybean Oil,2025-11-27,PANAMA,23.0,23.0,199.0,0.0,Metric Tons
Soybean Oil,2025-11-27,S ARAB,0.0,0.0,160.0,0.0,Metric Tons
Soybean Oil,2025-11-27,SALVADR,1643.0,0.0,0.0,2143.0,Metric Tons
Soybean Oil,2025-11-27,TRINID,0.0,0.0,23.0,0.0,Metric Tons
Soybean Oil,2025-11-27,U AR EM,0.0,0.0,62.0,24.0,Metric Tons
Soybean Oil,2025-11-27,UNKNOWN,0.0,0.0,0.0,11500.0,Metric Tons
Soybean Oil,2025-11-27,VENEZ,10213.0,13498.0,16498.0,30465.0,Metric Tons
Soybean Oil,2025-12-04,C RICA,0.0,3000.0,3000.0,0.0,Metric Tons
Soybean Oil,2025-12-04,CANADA,147.0,342.0,3717.0,13880.0,Metric Tons
Soybean Oil,2025-12-04,COLOMB,0.0,0.0,2800.0,13000.0,Metric Tons
Soybean Oil,2025-12-04,DOM REP,-300.0,0.0,7613.0,12000.0,Metric Tons
Soybean Oil,2025-12-04,GUATMAL,2500.0,2613.0,4708.0,10000.0,Metric Tons
Soybean Oil,2025-12-04,HONDURA,2000.0,0.0,1574.0,6398.0,Metric Tons
Soybean Oil,2025-12-04,INDNSIA,0.0,0.0,0.0,19.0,Metric Tons
Soybean Oil,2025-12-04,JAMAICA,0.0,0.0,23.0,7000.0,Metric Tons
Soybean Oil,2025-12-04,JORDAN,0.0,0.0,23.0,0.0,Metric Tons
Soybean Oil,2025-12-04,KOR REP,0.0,0.0,0.0,0.0,Metric Tons
Soybean Oil,2025-12-04,KUWAIT,2.0,2.0,231.0,0.0,Metric Tons
Soybean Oil,2025-12-04,LEBANON,0.0,0.0,23.0,24.0,Metric Tons
Soybean Oil,2025-12-04,MEXICO,93.0,1844.0,27237.0,28651.0,Metric Tons
Soybean Oil,2025-12-04,OMAN,23.0,23.0,115.0,0.0,Metric Tons
Soybean Oil,2025-12-04,PANAMA,0.0,0.0,199.0,0.0,Metric Tons
Soybean Oil,2025-12-04,S ARAB,1.0,1.0,161.0,0.0,Metric Tons
Soybean Oil,2025-12-04,SALVADR,0.0,1143.0,1143.0,1000.0,Metric Tons
Soybean Oil,2025-12-04,TRINID,0.0,0.0,23.0,0.0,Metric Tons
Soybean Oil,2025-12-04,U AR EM,47.0,47.0,109.0,24.0,Metric Tons
Soybean Oil,2025-12-04,UNKNOWN,-3300.0,0.0,0.0,8200.0,Metric Tons
Soybean Oil,2025-12-04,VENEZ,0.0,12000.0,28498.0,18465.0,Metric Tons
Soybean Oil,2025-12-11,C RICA,0.0,0.0,3000.0,0.0,Metric Tons
Soybean Oil,2025-12-11,CANADA,62.0,344.0,4061.0,13598.0,Metric Tons
Soybean Oil,2025-12-11,COLOMB,-996.0,4004.0,6804.0,8000.0,Metric Tons
Soybean Oil,2025-12-11,DOM REP,19.0,2019.0,9632.0,10000.0,Metric Tons
Soybean Oil,2025-12-11,EGYPT,8000.0,0.0,0.0,8000.0,Metric Tons
Soybean Oil,2025-12-11,GUATMAL,43.0,5043.0,9751.0,5000.0,Metric Tons
Soybean Oil,2025-12-11,HONDURA,19.0,19.0,1593.0,6398.0,Metric Tons
Soybean Oil,2025-12-11,INDNSIA,0.0,0.0,0.0,19.0,Metric Tons
Soybean Oil,2025-12-11,JAMAICA,0.0,0.0,23.0,7000.0,Metric Tons
Soybean Oil,2025-12-11,JORDAN,0.0,0.0,23.0,0.0,Metric Tons
Soybean Oil,2025-12-11,KOR REP,0.0,0.0,0.0,0.0,Metric Tons
Soybean Oil,2025-12-11,KUWAIT,46.0,46.0,277.0,0.0,Metric Tons
Soybean Oil,2025-12-11,LEBANON,23.0,23.0,46.0,24.0,Metric Tons
Soybean Oil,2025-12-11,MEXICO,1444.0,3224.0,30461.0,26871.0,Metric Tons
Soybean Oil,2025-12-11,OMAN,0.0,0.0,115.0,0.0,Metric Tons
Soybean Oil,2025-12-11,PANAMA,0.0,0.0,199.0,0.0,Metric Tons
Soybean Oil,2025-12-11,S ARAB,0.0,0.0,161.0,0.0,Metric Tons
Soybean Oil,2025-12-11,SALVADR,0.0,0.0,1143.0,1000.0,Metric Tons
Soybean Oil,2025-12-11,TRINID,0.0,0.0,23.0,0.0,Metric Tons
Soybean Oil,2025-12-11,U AR EM,0.0,0.0,109.0,24.0,Metric Tons
Soybean Oil,2025-12-11,UNKNOWN,0.0,0.0,0.0,8200.0,Metric Tons
Soybean Oil,2025-12-11,VENEZ,0.0,250.0,28748.0,18215.0,Metric Tons
Soybean Oil,2025-12-18,C RICA,0.0,0.0,3000.0,0.0,Metric Tons
Soybean Oil,2025-12-18,CANADA,3457.0,2047.0,6108.0,15008.0,Metric Tons
Soybean Oil,2025-12-18,COLOMB,874.0,874.0,7678.0,8000.0,Metric Tons
Soybean Oil,2025-12-18,DOM REP,8706.0,4206.0,13838.0,14500.0,Metric Tons
Soybean Oil,2025-12-18,EGYPT,0.0,0.0,0.0,8000.0,Metric Tons
Soybean Oil,2025-12-18,GUATMAL,0.0,0.0,9751.0,5000.0,Metric Tons
Soybean Oil,2025-12-18,HONDURA,0.0,0.0,1593.0,6398.0,Metric Tons
Soybean Oil,2025-12-18,INDNSIA,0.0,19.0,19.0,0.0,Metric Tons
Soybean Oil,2025-12-18,JAMAICA,0.0,0.0,23.0,7000.0,Metric Tons
Soybean Oil,2025-12-18,JORDAN,0.0,0.0,23.0,0.0,Metric Tons
Soybean Oil,2025-12-18,KOR REP,0.0,0.0,0.0,0.0,Metric Tons
Soybean Oil,2025-12-18,KUWAIT,0.0,0.0,277.0,0.0,Metric Tons
Soybean Oil,2025-12-18,LEBANON,0.0,24.0,70.0,0.0,Metric Tons
Soybean Oil,2025-12-18,MEXICO,983.0,2286.0,32747.0,25568.0,Metric Tons
Soybean Oil,2025-12-18,MOROCCO,18016.0,0.0,0.0,18016.0,Metric Tons
Soybean Oil,2025-12-18,OMAN,0.0,0.0,115.0,0.0,Metric Tons
Soybean Oil,2025-12-18,PANAMA,35.0,35.0,234.0,0.0,Metric Tons
Soybean Oil,2025-12-18,S ARAB,0.0,0.0,161.0,0.0,Metric Tons
Soybean Oil,2025-12-18,SALVADR,0.0,0.0,1143.0,1000.0,Metric Tons
Soybean Oil,2025-12-18,TRINID,0.0,0.0,23.0,0.0,Metric Tons
Soybean Oil,2025-12-18,U AR EM,0.0,0.0,109.0,24.0,Metric Tons
Soybean Oil,2025-12-18,UNKNOWN,0.0,0.0,0.0,8200.0,Metric Tons
Soybean Oil,2025-12-18,VENEZ,17126.0,6541.0,35289.0,28800.0,Metric Tons
Soybean Oil,2025-12-25,C RICA,0.0,0.0,3000.0,0.0,Metric Tons
Soybean Oil,2025-12-25,CANADA,3983.0,173.0,6281.0,18818.0,Metric Tons
Soybean Oil,2025-12-25,COLOMB,0.0,0.0,7678.0,8000.0,Metric Tons
Soybean Oil,2025-12-25,DOM REP,-993.0,7.0,13845.0,13500.0,Metric Tons
Soybean Oil,2025-12-25,EGYPT,0.0,0.0,0.0,8000.0,Metric Tons
Soybean Oil,2025-12-25,GUATMAL,2000.0,0.0,9751.0,7000.0,Metric Tons
Soybean Oil,2025-12-25,HONDURA,19.0,19.0,1612.0,6398.0,Metric Tons
Soybean Oil,2025-12-25,INDNSIA,0.0,0.0,19.0,0.0,Metric Tons
Soybean Oil,2025-12-25,JAMAICA,0.0,0.0,23.0,7000.0,Metric Tons
Soybean Oil,2025-12-25,JORDAN,0.0,0.0,23.0,0.0,Metric Tons
Soybean Oil,2025-12-25,KOR REP,0.0,0.0,0.0,0.0,Metric Tons
Soybean Oil,2025-12-25,KUWAIT,48.0,48.0,325.0,0.0,Metric Tons
Soybean Oil,2025-12-25,LEBANON,0.0,0.0,70.0,0.0,Metric Tons
Soybean Oil,2025-12-25,MEXICO,1089.0,2682.0,35429.0,23975.0,Metric Tons
Soybean Oil,2025-12-25,MOROCCO,0.0,0.0,0.0,18016.0,Metric Tons
Soybean Oil,2025-12-25,OMAN,0.0,0.0,115.0,0.0,Metric Tons
Soybean Oil,2025-12-25,PANAMA,0.0,0.0,234.0,0.0,Metric Tons
Soybean Oil,2025-12-25,S ARAB,69.0,69.0,230.0,0.0,Metric Tons
Soybean Oil,2025-12-25,SALVADR,0.0,0.0,1143.0,1000.0,Metric Tons
Soybean Oil,2025-12-25,TRINID,0.0,0.0,23.0,0.0,Metric Tons
Soybean Oil,2025-12-25,U AR EM,23.0,23.0,132.0,24.0,Metric Tons
Soybean Oil,2025-12-25,UNKNOWN,0.0,0.0,0.0,8200.0,Metric Tons
Soybean Oil,2025-12-25,VENEZ,0.0,0.0,35289.0,28800.0,Metric Tons
Soybean Oil,2026-01-01,BAHRAIN,46.0,46.0,46.0,0.0,Metric Tons
Soybean Oil,2026-01-01,C RICA,0.0,0.0,3000.0,0.0,Metric Tons
Soybean Oil,2026-01-01,CANADA,533.0,639.0,6920.0,18712.0,Metric Tons
Soybean Oil,2026-01-01,COLOMB,5000.0,8000.0,15678.0,5000.0,Metric Tons
Soybean Oil,2026-01-01,DOM REP,23.0,1023.0,14868.0,12500.0,Metric Tons
Soybean Oil,2026-01-01,EGYPT,0.0,0.0,0.0,8000.0,Metric Tons
Soybean Oil,2026-01-01,GUATMAL,0.0,2500.0,12251.0,4500.0,Metric Tons
Soybean Oil,2026-01-01,HONDURA,0.0,4398.0,6010.0,2000.0,Metric Tons
Soybean Oil,2026-01-01,INDNSIA,0.0,0.0,19.0,0.0,Metric Tons
Soybean Oil,2026-01-01,JAMAICA,0.0,0.0,23.0,7000.0,Metric Tons
Soybean Oil,2026-01-01,JORDAN,0.0,0.0,23.0,0.0,Metric Tons
Soybean Oil,2026-01-01,KOR REP,0.0,0.0,0.0,0.0,Metric Tons
Soybean Oil,2026-01-01,KUWAIT,24.0,0.0,325.0,24.0,Metric Tons
Soybean Oil,2026-01-01,LEBANON,0.0,0.0,70.0,0.0,Metric Tons
Soybean Oil,2026-01-01,MEXICO,2947.0,4341.0,39770.0,22581.0,Metric Tons
Soybean Oil,2026-01-01,MOROCCO,12000.0,0.0,0.0,30016.0,Metric Tons
Soybean Oil,2026-01-01,OMAN,0.0,0.0,115.0,0.0,Metric Tons
Soybean Oil,2026-01-01,PANAMA,0.0,0.0,234.0,0.0,Metric Tons
Soybean Oil,2026-01-01,S ARAB,1.0,1.0,231.0,0.0,Metric Tons
Soybean Oil,2026-01-01,SALVADR,0.0,1000.0,2143.0,0.0,Metric Tons
Soybean Oil,2026-01-01,TRINID,0.0,0.0,23.0,0.0,Metric Tons
Soybean Oil,2026-01-01,U AR EM,0.0,0.0,132.0,24.0,Metric Tons
Soybean Oil,2026-01-01,UNKNOWN,-8200.0,0.0,0.0,0.0,Metric Tons
Soybean Oil,2026-01-01,VENEZ,12500.0,0.0,35289.0,41300.0,Metric Tons
Soybean Oil,2026-01-08,BAHRAIN,0.0,0.0,46.0,0.0,Metric Tons
Soybean Oil,2026-01-08,C RICA,0.0,0.0,3000.0,0.0,Metric Tons
Soybean Oil,2026-01-08,CANADA,-301.0,1618.0,8538.0,16793.0,Metric Tons
Soybean Oil,2026-01-08,COLOMB,10000.0,0.0,15678.0,15000.0,Metric Tons
Soybean Oil,2026-01-08,DOM REP,8.0,8.0,14876.0,12500.0,Metric Tons
Soybean Oil,2026-01-08,EGYPT,0.0,8000.0,8000.0,0.0,Metric Tons
Soybean Oil,2026-01-08,GUATMAL,1000.0,0.0,12251.0,5500.0,Metric Tons
Soybean Oil,2026-01-08,HONDURA,0.0,0.0,6010.0,2000.0,Metric Tons
Soybean Oil,2026-01-08,INDNSIA,0.0,0.0,19.0,0.0,Metric Tons
Soybean Oil,2026-01-08,JAMAICA,1200.0,0.0,23.0,8200.0,Metric Tons
Soybean Oil,2026-01-08,JORDAN,0.0,0.0,23.0,0.0,Metric Tons
Soybean Oil,2026-01-08,KOR REP,0.0,0.0,0.0,0.0,Metric Tons
Soybean Oil,2026-01-08,KUWAIT,0.0,0.0,325.0,24.0,Metric Tons
Soybean Oil,2026-01-08,LEBANON,48.0,0.0,70.0,48.0,Metric Tons
Soybean Oil,2026-01-08,MEXICO,2157.0,2530.0,42300.0,22208.0,Metric Tons
Soybean Oil,2026-01-08,MOROCCO,0.0,0.0,0.0,30016.0,Metric Tons
Soybean Oil,2026-01-08,OMAN,0.0,0.0,115.0,0.0,Metric Tons
Soybean Oil,2026-01-08,PANAMA,0.0,0.0,234.0,0.0,Metric Tons
Soybean Oil,2026-01-08,S ARAB,0.0,0.0,231.0,0.0,Metric Tons
Soybean Oil,2026-01-08,SALVADR,0.0,0.0,2143.0,0.0,Metric Tons
Soybean Oil,2026-01-08,TRINID,0.0,0.0,23.0,0.0,Metric Tons
Soybean Oil,2026-01-08,U AR EM,1.0,1.0,133.0,24.0,Metric Tons
Soybean Oil,2026-01-08,UNKNOWN,0.0,0.0,0.0,0.0,Metric Tons
Soybean Oil,2026-01-08,VENEZ,0.0,0.0,35289.0,41300.0,Metric Tons
Soybean Oil,2026-01-15,BAHRAIN,0.0,0.0,46.0,0.0,Metric Tons
Soybean Oil,2026-01-15,C RICA,0.0,0.0,3000.0,0.0,Metric Tons
Soybean Oil,2026-01-15,CANADA,196.0,611.0,9149.0,16378.0,Metric Tons
Soybean Oil,2026-01-15,COLOMB,0.0,0.0,15678.0,15000.0,Metric Tons
Soybean Oil,2026-01-15,DOM REP,8000.0,0.0,14876.0,20500.0,Metric Tons
Soybean Oil,2026-01-15,EGYPT,0.0,0.0,8000.0,0.0,Metric Tons
Soybean Oil,2026-01-15,GUATMAL,750.0,0.0,12251.0,6250.0,Metric Tons
Soybean Oil,2026-01-15,HONDURA,0.0,0.0,6010.0,2000.0,Metric Tons
Soybean Oil,2026-01-15,INDNSIA,0.0,0.0,19.0,0.0,Metric Tons
Soybean Oil,2026-01-15,JAMAICA,0.0,0.0,23.0,8200.0,Metric Tons
Soybean Oil,2026-01-15,JORDAN,0.0,0.0,23.0,0.0,Metric Tons
Soybean Oil,2026-01-15,KOR REP,0.0,0.0,0.0,0.0,Metric Tons
Soybean Oil,2026-01-15,KUWAIT,0.0,0.0,325.0,24.0,Metric Tons
Soybean Oil,2026-01-15,LEBANON,46.0,46.0,116.0,48.0,Metric Tons
Soybean Oil,2026-01-15,MEXICO,4937.0,4206.0,46506.0,22939.0,Metric Tons
Soybean Oil,2026-01-15,MOROCCO,0.0,0.0,0.0,30016.0,Metric Tons
Soybean Oil,2026-01-15,OMAN,0.0,0.0,115.0,0.0,Metric Tons
Soybean Oil,2026-01-15,PANAMA,48.0,0.0,234.0,48.0,Metric Tons
Soybean Oil,2026-01-15,S ARAB,0.0,0.0,231.0,0.0,Metric Tons
Soybean Oil,2026-01-15,SALVADR,0.0,0.0,2143.0,0.0,Metric Tons
Soybean Oil,2026-01-15,TRINID,22.0,22.0,45.0,0.0,Metric Tons
Soybean Oil,2026-01-15,U AR EM,0.0,0.0,133.0,24.0,Metric Tons
Soybean Oil,2026-01-15,UNKNOWN,0.0,0.0,0.0,0.0,Metric Tons
Soybean Oil,2026-01-15,VENEZ,-3500.0,0.0,35289.0,37800.0,Metric Tons
Soybean Oil,2026-01-22,BAHRAIN,0.0,0.0,46.0,0.0,Metric Tons
Soybean Oil,2026-01-22,BARBADO,850.0,0.0,0.0,850.0,Metric Tons
Soybean Oil,2026-01-22,C RICA,0.0,0.0,3000.0,0.0,Metric Tons
Soybean Oil,2026-01-22,CANADA,1852.0,442.0,9591.0,17788.0,Metric Tons
Soybean Oil,2026-01-22,COLOMB,3855.0,0.0,15678.0,18855.0,Metric Tons
Soybean Oil,2026-01-22,DOM REP,-1482.0,11018.0,25894.0,8000.0,Metric Tons
Soybean Oil,2026-01-22,EGYPT,0.0,0.0,8000.0,0.0,Metric Tons
Soybean Oil,2026-01-22,GUATMAL,18038.0,3638.0,15889.0,20650.0,Metric Tons
Soybean Oil,2026-01-22,HONDURA,21.0,1221.0,7231.0,800.0,Metric Tons
Soybean Oil,2026-01-22,INDNSIA,0.0,0.0,19.0,0.0,Metric Tons
Soybean Oil,2026-01-22,JAMAICA,22.0,1222.0,1245.0,7000.0,Metric Tons
Soybean Oil,2026-01-22,JORDAN,0.0,0.0,23.0,0.0,Metric Tons
Soybean Oil,2026-01-22,KOR REP,0.0,0.0,0.0,0.0,Metric Tons
Soybean Oil,2026-01-22,KUWAIT,119.0,119.0,444.0,24.0,Metric Tons
Soybean Oil,2026-01-22,LEBANON,0.0,0.0,116.0,48.0,Metric Tons
Soybean Oil,2026-01-22,MEXICO,2495.0,4352.0,50858.0,21082.0,Metric Tons
Soybean Oil,2026-01-22,MOROCCO,0.0,0.0,0.0,30016.0,Metric Tons
Soybean Oil,2026-01-22,OMAN,0.0,0.0,115.0,0.0,Metric Tons
Soybean Oil,2026-01-22,PANAMA,0.0,0.0,234.0,48.0,Metric Tons
Soybean Oil,2026-01-22,S ARAB,137.0,137.0,368.0,0.0,Metric Tons
Soybean Oil,2026-01-22,SALVADR,0.0,0.0,2143.0,0.0,Metric Tons
Soybean Oil,2026-01-22,TRINID,0.0,0.0,45.0,0.0,Metric Tons
Soybean Oil,2026-01-22,U AR EM,0.0,0.0,133.0,24.0,Metric Tons
Soybean Oil,2026-01-22,UNKNOWN,0.0,0.0,0.0,0.0,Metric Tons
Soybean Oil,2026-01-22,VENEZ,-3855.0,4300.0,39589.0,29645.0,Metric Tons
Soybean Oil,2026-01-29,BAHRAIN,0.0,0.0,46.0,0.0,Metric Tons
Soybean Oil,2026-01-29,BARBADO,0.0,0.0,0.0,850.0,Metric Tons
Soybean Oil,2026-01-29,C RICA,0.0,0.0,3000.0,0.0,Metric Tons
Soybean Oil,2026-01-29,CANADA,702.0,532.0,10123.0,17958.0,Metric Tons
Soybean Oil,2026-01-29,COLOMB,612.0,0.0,15678.0,19467.0,Metric Tons
Soybean Oil,2026-01-29,DOM REP,1720.0,20.0,25914.0,9700.0,Metric Tons
Soybean Oil,2026-01-29,EGYPT,0.0,0.0,8000.0,0.0,Metric Tons
Soybean Oil,2026-01-29,GUATMAL,-18000.0,2500.0,18389.0,150.0,Metric Tons
Soybean Oil,2026-01-29,HONDURA,0.0,800.0,8031.0,0.0,Metric Tons
Soybean Oil,2026-01-29,INDNSIA,0.0,0.0,19.0,0.0,Metric Tons
Soybean Oil,2026-01-29,JAMAICA,0.0,3500.0,4745.0,3500.0,Metric Tons
Soybean Oil,2026-01-29,JORDAN,3.0,0.0,23.0,3.0,Metric Tons
Soybean Oil,2026-01-29,KOR REP,0.0,0.0,0.0,0.0,Metric Tons
Soybean Oil,2026-01-29,KUWAIT,0.0,0.0,444.0,24.0,Metric Tons
Soybean Oil,2026-01-29,LEBANON,0.0,48.0,164.0,0.0,Metric Tons
Soybean Oil,2026-01-29,MEXICO,2325.0,4911.0,55769.0,18496.0,Metric Tons
Soybean Oil,2026-01-29,MOROCCO,0.0,0.0,0.0,30016.0,Metric Tons
Soybean Oil,2026-01-29,OMAN,0.0,0.0,115.0,0.0,Metric Tons
Soybean Oil,2026-01-29,PANAMA,0.0,24.0,258.0,24.0,Metric Tons
Soybean Oil,2026-01-29,S ARAB,46.0,46.0,414.0,0.0,Metric Tons
Soybean Oil,2026-01-29,SALVADR,0.0,0.0,2143.0,0.0,Metric Tons
Soybean Oil,2026-01-29,TRINID,55.0,11.0,56.0,44.0,Metric Tons
Soybean Oil,2026-01-29,U AR EM,0.0,0.0,133.0,24.0,Metric Tons
Soybean Oil,2026-01-29,UNKNOWN,7500.0,0.0,0.0,7500.0,Metric Tons
Soybean Oil,2026-01-29,VENEZ,6000.0,5500.0,45089.0,30145.0,Metric Tons
Soybean Oil,2026-02-05,BAHRAIN,0.0,0.0,46.0,0.0,Metric Tons
Soybean Oil,2026-02-05,BARBADO,0.0,0.0,0.0,850.0,Metric Tons
Soybean Oil,2026-02-05,C RICA,0.0,0.0,3000.0,0.0,Metric Tons
Soybean Oil,2026-02-05,CANADA,-43.0,793.0,10916.0,17122.0,Metric Tons
Soybean Oil,2026-02-05,COLOMB,500.0,0.0,15678.0,19967.0,Metric Tons
Soybean Oil,2026-02-05,DOM REP,1008.0,8.0,25922.0,10700.0,Metric Tons
Soybean Oil,2026-02-05,EGYPT,0.0,0.0,8000.0,0.0,Metric Tons
Soybean Oil,2026-02-05,GUATMAL,0.0,0.0,18389.0,150.0,Metric Tons
Soybean Oil,2026-02-05,HONDURA,0.0,0.0,8031.0,0.0,Metric Tons
Soybean Oil,2026-02-05,INDNSIA,0.0,0.0,19.0,0.0,Metric Tons
Soybean Oil,2026-02-05,JAMAICA,0.0,0.0,4745.0,3500.0,Metric Tons
Soybean Oil,2026-02-05,JORDAN,17.0,0.0,23.0,20.0,Metric Tons
Soybean Oil,2026-02-05,KOR REP,0.0,0.0,0.0,0.0,Metric Tons
Soybean Oil,2026-02-05,KUWAIT,0.0,0.0,444.0,24.0,Metric Tons
Soybean Oil,2026-02-05,LEBANON,0.0,0.0,164.0,0.0,Metric Tons
Soybean Oil,2026-02-05,MEXICO,611.0,2002.0,57771.0,17105.0,Metric Tons
Soybean Oil,2026-02-05,MOROCCO,0.0,18016.0,18016.0,12000.0,Metric Tons
Soybean Oil,2026-02-05,OMAN,0.0,0.0,115.0,0.0,Metric Tons
Soybean Oil,2026-02-05,PANAMA,0.0,24.0,282.0,0.0,Metric Tons
Soybean Oil,2026-02-05,S ARAB,0.0,0.0,414.0,0.0,Metric Tons
Soybean Oil,2026-02-05,SALVADR,0.0,0.0,2143.0,0.0,Metric Tons
Soybean Oil,2026-02-05,TRINID,0.0,0.0,56.0,44.0,Metric Tons
Soybean Oil,2026-02-05,U AR EM,0.0,0.0,133.0,24.0,Metric Tons
Soybean Oil,2026-02-05,UNKNOWN,0.0,0.0,0.0,7500.0,Metric Tons
Soybean Oil,2026-02-05,VENEZ,0.0,0.0,45089.0,30145.0,Metric Tons
Soybean Oil,2026-02-12,BAHRAIN,0.0,0.0,46.0,0.0,Metric Tons
Soybean Oil,2026-02-12,BARBADO,0.0,0.0,0.0,850.0,Metric Tons
Soybean Oil,2026-02-12,C RICA,0.0,0.0,3000.0,0.0,Metric Tons
Soybean Oil,2026-02-12,CANADA,-933.0,578.0,11494.0,15611.0,Metric Tons
Soybean Oil,2026-02-12,COLOMB,2738.0,0.0,15678.0,22705.0,Metric Tons
Soybean Oil,2026-02-12,DOM REP,3100.0,0.0,25922.0,13800.0,Metric Tons
Soybean Oil,2026-02-12,EGYPT,0.0,0.0,8000.0,0.0,Metric Tons
Soybean Oil,2026-02-12,GUATMAL,1850.0,0.0,18389.0,2000.0,Metric Tons
Soybean Oil,2026-02-12,HONDURA,7.0,7.0,8038.0,0.0,Metric Tons
Soybean Oil,2026-02-12,INDNSIA,0.0,0.0,19.0,0.0,Metric Tons
Soybean Oil,2026-02-12,JAMAICA,0.0,0.0,4745.0,3500.0,Metric Tons
Soybean Oil,2026-02-12,JORDAN,0.0,0.0,23.0,20.0,Metric Tons
Soybean Oil,2026-02-12,KOR REP,0.0,0.0,0.0,0.0,Metric Tons
Soybean Oil,2026-02-12,KUWAIT,114.0,114.0,558.0,24.0,Metric Tons
Soybean Oil,2026-02-12,LEBANON,0.0,0.0,164.0,0.0,Metric Tons
Soybean Oil,2026-02-12,LW WW I,12.0,12.0,12.0,0.0,Metric Tons
Soybean Oil,2026-02-12,MEXICO,4723.0,1654.0,59425.0,20174.0,Metric Tons
Soybean Oil,2026-02-12,MOROCCO,0.0,0.0,18016.0,12000.0,Metric Tons
Soybean Oil,2026-02-12,OMAN,23.0,23.0,138.0,0.0,Metric Tons
Soybean Oil,2026-02-12,PANAMA,0.0,0.0,282.0,0.0,Metric Tons
Soybean Oil,2026-02-12,S ARAB,0.0,0.0,414.0,0.0,Metric Tons
Soybean Oil,2026-02-12,SALVADR,0.0,0.0,2143.0,0.0,Metric Tons
Soybean Oil,2026-02-12,TRINID,0.0,0.0,56.0,44.0,Metric Tons
Soybean Oil,2026-02-12,U AR EM,0.0,0.0,133.0,24.0,Metric Tons
Soybean Oil,2026-02-12,UNKNOWN,0.0,0.0,0.0,7500.0,Metric Tons
Soybean Oil,2026-02-12,VENEZ,-500.0,0.0,45089.0,29645.0,Metric Tons
Soybean Oil,2026-02-19,BAHRAIN,0.0,0.0,46.0,0.0,Metric Tons
Soybean Oil,2026-02-19,BARBADO,0.0,0.0,0.0,850.0,Metric Tons
Soybean Oil,2026-02-19,C RICA,0.0,0.0,3000.0,0.0,Metric Tons
Soybean Oil,2026-02-19,CANADA,591.0,343.0,11837.0,15859.0,Metric Tons
Soybean Oil,2026-02-19,COLOMB,-350.0,0.0,15678.0,22355.0,Metric Tons
Soybean Oil,2026-02-19,DOM REP,1726.0,6.0,25928.0,15520.0,Metric Tons
Soybean Oil,2026-02-19,EGYPT,0.0,0.0,8000.0,0.0,Metric Tons
Soybean Oil,2026-02-19,GUATMAL,0.0,0.0,18389.0,2000.0,Metric Tons
Soybean Oil,2026-02-19,HONDURA,0.0,0.0,8038.0,0.0,Metric Tons
Soybean Oil,2026-02-19,INDNSIA,0.0,0.0,19.0,0.0,Metric Tons
Soybean Oil,2026-02-19,JAMAICA,0.0,0.0,4745.0,3500.0,Metric Tons
Soybean Oil,2026-02-19,JORDAN,0.0,0.0,23.0,20.0,Metric Tons
Soybean Oil,2026-02-19,KOR REP,0.0,0.0,0.0,0.0,Metric Tons
Soybean Oil,2026-02-19,KUWAIT,0.0,0.0,558.0,24.0,Metric Tons
Soybean Oil,2026-02-19,LEBANON,0.0,0.0,164.0,0.0,Metric Tons
Soybean Oil,2026-02-19,LW WW I,0.0,0.0,12.0,0.0,Metric Tons
Soybean Oil,2026-02-19,MEXICO,1974.0,2750.0,62175.0,19398.0,Metric Tons
Soybean Oil,2026-02-19,MOROCCO,0.0,0.0,18016.0,12000.0,Metric Tons
Soybean Oil,2026-02-19,OMAN,23.0,23.0,161.0,0.0,Metric Tons
Soybean Oil,2026-02-19,PANAMA,0.0,0.0,282.0,0.0,Metric Tons
Soybean Oil,2026-02-19,S ARAB,0.0,0.0,414.0,0.0,Metric Tons
Soybean Oil,2026-02-19,SALVADR,0.0,0.0,2143.0,0.0,Metric Tons
Soybean Oil,2026-02-19,TRINID,0.0,0.0,56.0,44.0,Metric Tons
Soybean Oil,2026-02-19,U AR EM,0.0,0.0,133.0,24.0,Metric Tons
Soybean Oil,2026-02-19,UNKNOWN,-7500.0,0.0,0.0,0.0,Metric Tons
Soybean Oil,2026-02-19,VENEZ,5009.0,5729.0,50818.0,28925.0,Metric Tons
Soybean Oil,2026-02-26,BAHRAIN,0.0,0.0,46.0,0.0,Metric Tons
Soybean Oil,2026-02-26,BARBADO,0.0,850.0,850.0,0.0,Metric Tons
Soybean Oil,2026-02-26,C RICA,0.0,0.0,3000.0,0.0,Metric Tons
Soybean Oil,2026-02-26,CANADA,171.0,484.0,12321.0,15546.0,Metric Tons
Soybean Oil,2026-02-26,COLOMB,-1400.0,3255.0,18933.0,17700.0,Metric Tons
Soybean Oil,2026-02-26,DOM REP,-375.0,9025.0,34953.0,6120.0,Metric Tons
Soybean Oil,2026-02-26,EGYPT,0.0,0.0,8000.0,0.0,Metric Tons
Soybean Oil,2026-02-26,GUATMAL,5000.0,0.0,18389.0,7000.0,Metric Tons
Soybean Oil,2026-02-26,HONDURA,2698.0,0.0,8038.0,2698.0,Metric Tons
Soybean Oil,2026-02-26,INDNSIA,0.0,0.0,19.0,0.0,Metric Tons
Soybean Oil,2026-02-26,JAMAICA,0.0,0.0,4745.0,3500.0,Metric Tons
Soybean Oil,2026-02-26,JORDAN,0.0,20.0,43.0,0.0,Metric Tons
Soybean Oil,2026-02-26,KOR REP,0.0,0.0,0.0,0.0,Metric Tons
Soybean Oil,2026-02-26,KUWAIT,0.0,0.0,558.0,24.0,Metric Tons
Soybean Oil,2026-02-26,LEBANON,0.0,0.0,164.0,0.0,Metric Tons
Soybean Oil,2026-02-26,LW WW I,0.0,0.0,12.0,0.0,Metric Tons
Soybean Oil,2026-02-26,MEXICO,461.0,2786.0,64961.0,17073.0,Metric Tons
Soybean Oil,2026-02-26,MOROCCO,0.0,0.0,18016.0,12000.0,Metric Tons
Soybean Oil,2026-02-26,OMAN,46.0,46.0,207.0,0.0,Metric Tons
Soybean Oil,2026-02-26,PANAMA,0.0,0.0,282.0,0.0,Metric Tons
Soybean Oil,2026-02-26,S ARAB,46.0,46.0,460.0,0.0,Metric Tons
Soybean Oil,2026-02-26,SALVADR,0.0,0.0,2143.0,0.0,Metric Tons
Soybean Oil,2026-02-26,TRINID,15.0,0.0,56.0,59.0,Metric Tons
Soybean Oil,2026-02-26,U AR EM,0.0,0.0,133.0,24.0,Metric Tons
Soybean Oil,2026-02-26,UNKNOWN,0.0,0.0,0.0,0.0,Metric Tons
Soybean Oil,2026-02-26,VENEZ,1000.0,5645.0,56463.0,24280.0,Metric Tons
Soybean Oil,2026-03-05,BAHRAIN,8.0,8.0,54.0,0.0,Metric Tons
Soybean Oil,2026-03-05,BARBADO,0.0,0.0,850.0,0.0,Metric Tons
Soybean Oil,2026-03-05,C RICA,0.0,0.0,3000.0,0.0,Metric Tons
Soybean Oil,2026-03-05,CANADA,-462.0,416.0,12737.0,14668.0,Metric Tons
Soybean Oil,2026-03-05,COLOMB,-2400.0,2600.0,21533.0,12700.0,Metric Tons
Soybean Oil,2026-03-05,DOM REP,0.0,0.0,34953.0,6120.0,Metric Tons
Soybean Oil,2026-03-05,EGYPT,0.0,0.0,8000.0,0.0,Metric Tons
Soybean Oil,2026-03-05,GUATMAL,0.0,0.0,18389.0,7000.0,Metric Tons
Soybean Oil,2026-03-05,HONDURA,57.0,57.0,8095.0,2698.0,Metric Tons
Soybean Oil,2026-03-05,INDNSIA,0.0,0.0,19.0,0.0,Metric Tons
Soybean Oil,2026-03-05,JAMAICA,-1000.0,0.0,4745.0,2500.0,Metric Tons
Soybean Oil,2026-03-05,JORDAN,0.0,0.0,43.0,0.0,Metric Tons
Soybean Oil,2026-03-05,KOR REP,0.0,0.0,0.0,0.0,Metric Tons
Soybean Oil,2026-03-05,KUWAIT,0.0,0.0,558.0,24.0,Metric Tons
Soybean Oil,2026-03-05,LEBANON,0.0,0.0,164.0,0.0,Metric Tons
Soybean Oil,2026-03-05,LW WW I,0.0,0.0,12.0,0.0,Metric Tons
Soybean Oil,2026-03-05,MEXICO,891.0,2091.0,67052.0,15873.0,Metric Tons
Soybean Oil,2026-03-05,MOROCCO,0.0,12000.0,30016.0,0.0,Metric Tons
Soybean Oil,2026-03-05,OMAN,0.0,0.0,207.0,0.0,Metric Tons
Soybean Oil,2026-03-05,PANAMA,0.0,0.0,282.0,0.0,Metric Tons
Soybean Oil,2026-03-05,S ARAB,71.0,71.0,531.0,0.0,Metric Tons
Soybean Oil,2026-03-05,SALVADR,0.0,0.0,2143.0,0.0,Metric Tons
Soybean Oil,2026-03-05,TRINID,0.0,0.0,56.0,59.0,Metric Tons
Soybean Oil,2026-03-05,U AR EM,0.0,0.0,133.0,24.0,Metric Tons
Soybean Oil,2026-03-05,UNKNOWN,0.0,0.0,0.0,0.0,Metric Tons
Soybean Oil,2026-03-05,VENEZ,0.0,5000.0,61463.0,19280.0,Metric Tons
Soybean Oil,2026-03-12,BAHRAIN,0.0,0.0,54.0,0.0,Metric Tons
Soybean Oil,2026-03-12,BARBADO,0.0,0.0,850.0,0.0,Metric Tons
Soybean Oil,2026-03-12,C RICA,0.0,0.0,3000.0,0.0,Metric Tons
Soybean Oil,2026-03-12,CANADA,6971.0,570.0,13307.0,21069.0,Metric Tons
Soybean Oil,2026-03-12,COLOMB,0.0,0.0,21533.0,12700.0,Metric Tons
Soybean Oil,2026-03-12,DOM REP,200.0,800.0,35753.0,5520.0,Metric Tons
Soybean Oil,2026-03-12,EGYPT,0.0,0.0,8000.0,0.0,Metric Tons
Soybean Oil,2026-03-12,GUATMAL,2000.0,5000.0,23389.0,4000.0,Metric Tons
Soybean Oil,2026-03-12,HONDURA,0.0,2698.0,10793.0,0.0,Metric Tons
Soybean Oil,2026-03-12,INDNSIA,0.0,0.0,19.0,0.0,Metric Tons
Soybean Oil,2026-03-12,JAMAICA,0.0,0.0,4745.0,2500.0,Metric Tons
Soybean Oil,2026-03-12,JORDAN,0.0,0.0,43.0,0.0,Metric Tons
Soybean Oil,2026-03-12,KOR REP,0.0,0.0,0.0,0.0,Metric Tons
Soybean Oil,2026-03-12,KUWAIT,0.0,0.0,558.0,24.0,Metric Tons
Soybean Oil,2026-03-12,LEBANON,0.0,0.0,164.0,0.0,Metric Tons
Soybean Oil,2026-03-12,LW WW I,0.0,0.0,12.0,0.0,Metric Tons
Soybean Oil,2026-03-12,MEXICO,-2230.0,2479.0,69531.0,11164.0,Metric Tons
Soybean Oil,2026-03-12,MOROCCO,0.0,0.0,30016.0,0.0,Metric Tons
Soybean Oil,2026-03-12,OMAN,0.0,0.0,207.0,0.0,Metric Tons
Soybean Oil,2026-03-12,PANAMA,0.0,0.0,282.0,0.0,Metric Tons
Soybean Oil,2026-03-12,S ARAB,0.0,0.0,531.0,0.0,Metric Tons
Soybean Oil,2026-03-12,SALVADR,0.0,0.0,2143.0,0.0,Metric Tons
Soybean Oil,2026-03-12,TRINID,0.0,15.0,71.0,44.0,Metric Tons
Soybean Oil,2026-03-12,U AR EM,0.0,0.0,133.0,24.0,Metric Tons
Soybean Oil,2026-03-12,UNKNOWN,0.0,0.0,0.0,0.0,Metric Tons
Soybean Oil,2026-03-12,VENEZ,-1700.0,0.0,61463.0,17580.0,Metric Tons
Soybean Oil,2026-03-19,BAHRAIN,0.0,0.0,54.0,0.0,Metric Tons
Soybean Oil,2026-03-19,BARBADO,0.0,0.0,850.0,0.0,Metric Tons
Soybean Oil,2026-03-19,C RICA,0.0,0.0,3000.0,0.0,Metric Tons
Soybean Oil,2026-03-19,CANADA,627.0,355.0,13662.0,21341.0,Metric Tons
Soybean Oil,2026-03-19,COLOMB,-2.0,7698.0,29231.0,5000.0,Metric Tons
Soybean Oil,2026-03-19,DOM REP,8.0,4808.0,40561.0,720.0,Metric Tons
Soybean Oil,2026-03-19,EGYPT,0.0,0.0,8000.0,0.0,Metric Tons
Soybean Oil,2026-03-19,GUATMAL,6.0,2006.0,25395.0,2000.0,Metric Tons
Soybean Oil,2026-03-19,HONDURA,0.0,0.0,10793.0,0.0,Metric Tons
Soybean Oil,2026-03-19,INDNSIA,0.0,0.0,19.0,0.0,Metric Tons
Soybean Oil,2026-03-19,JAMAICA,0.0,2500.0,7245.0,0.0,Metric Tons
Soybean Oil,2026-03-19,JORDAN,0.0,0.0,43.0,0.0,Metric Tons
Soybean Oil,2026-03-19,KOR REP,0.0,0.0,0.0,0.0,Metric Tons
Soybean Oil,2026-03-19,KUWAIT,0.0,0.0,558.0,24.0,Metric Tons
Soybean Oil,2026-03-19,LEBANON,0.0,0.0,164.0,0.0,Metric Tons
Soybean Oil,2026-03-19,LW WW I,21.0,21.0,33.0,0.0,Metric Tons
Soybean Oil,2026-03-19,MEXICO,93.0,1230.0,70761.0,10027.0,Metric Tons
Soybean Oil,2026-03-19,MOROCCO,0.0,0.0,30016.0,0.0,Metric Tons
Soybean Oil,2026-03-19,OMAN,0.0,0.0,207.0,0.0,Metric Tons
Soybean Oil,2026-03-19,PANAMA,0.0,0.0,282.0,0.0,Metric Tons
Soybean Oil,2026-03-19,S ARAB,0.0,0.0,531.0,0.0,Metric Tons
Soybean Oil,2026-03-19,SALVADR,0.0,0.0,2143.0,0.0,Metric Tons
Soybean Oil,2026-03-19,TRINID,0.0,0.0,71.0,44.0,Metric Tons
Soybean Oil,2026-03-19,U AR EM,0.0,0.0,133.0,24.0,Metric Tons
Soybean Oil,2026-03-19,UNKNOWN,0.0,0.0,0.0,0.0,Metric Tons
Soybean Oil,2026-03-19,VENEZ,0.0,8500.0,69963.0,9080.0,Metric Tons
Soybean Oil,2026-03-26,BAHRAIN,0.0,0.0,54.0,0.0,Metric Tons
Soybean Oil,2026-03-26,BARBADO,0.0,0.0,850.0,0.0,Metric Tons
Soybean Oil,2026-03-26,C RICA,0.0,0.0,3000.0,0.0,Metric Tons
Soybean Oil,2026-03-26,CANADA,3148.0,260.0,13922.0,24229.0,Metric Tons
Soybean Oil,2026-03-26,COLOMB,0.0,0.0,29231.0,5000.0,Metric Tons
Soybean Oil,2026-03-26,DOM REP,0.0,720.0,41281.0,0.0,Metric Tons
Soybean Oil,2026-03-26,EGYPT,0.0,0.0,8000.0,0.0,Metric Tons
Soybean Oil,2026-03-26,GUATMAL,-2000.0,0.0,25395.0,0.0,Metric Tons
Soybean Oil,2026-03-26,HONDURA,0.0,0.0,10793.0,0.0,Metric Tons
Soybean Oil,2026-03-26,INDNSIA,0.0,0.0,19.0,0.0,Metric Tons
Soybean Oil,2026-03-26,JAMAICA,0.0,0.0,7245.0,0.0,Metric Tons
Soybean Oil,2026-03-26,JORDAN,0.0,0.0,43.0,0.0,Metric Tons
Soybean Oil,2026-03-26,KOR REP,0.0,0.0,0.0,0.0,Metric Tons
Soybean Oil,2026-03-26,KUWAIT,0.0,0.0,558.0,24.0,Metric Tons
Soybean Oil,2026-03-26,LEBANON,0.0,0.0,164.0,0.0,Metric Tons
Soybean Oil,2026-03-26,LW WW I,0.0,0.0,33.0,0.0,Metric Tons
Soybean Oil,2026-03-26,MEXICO,0.0,1477.0,72238.0,8550.0,Metric Tons
Soybean Oil,2026-03-26,MOROCCO,0.0,0.0,30016.0,0.0,Metric Tons
Soybean Oil,2026-03-26,OMAN,0.0,0.0,207.0,0.0,Metric Tons
Soybean Oil,2026-03-26,PANAMA,0.0,0.0,282.0,0.0,Metric Tons
Soybean Oil,2026-03-26,S ARAB,0.0,0.0,531.0,0.0,Metric Tons
Soybean Oil,2026-03-26,SALVADR,0.0,0.0,2143.0,0.0,Metric Tons
Soybean Oil,2026-03-26,TRINID,0.0,0.0,71.0,44.0,Metric Tons
Soybean Oil,2026-03-26,U AR EM,0.0,0.0,133.0,24.0,Metric Tons
Soybean Oil,2026-03-26,UNKNOWN,0.0,0.0,0.0,0.0,Metric Tons
Soybean Oil,2026-03-26,VENEZ,0.0,4080.0,74043.0,5000.0,Metric Tons
Soybean Oil,2026-04-02,BAHRAIN,0.0,0.0,54.0,0.0,Metric Tons
Soybean Oil,2026-04-02,BARBADO,0.0,0.0,850.0,0.0,Metric Tons
Soybean Oil,2026-04-02,C RICA,0.0,0.0,3000.0,0.0,Metric Tons
Soybean Oil,2026-04-02,CANADA,-116.0,367.0,14289.0,23746.0,Metric Tons
Soybean Oil,2026-04-02,COLOMB,-2400.0,0.0,29231.0,2600.0,Metric Tons
Soybean Oil,2026-04-02,DOM REP,4.0,4.0,41285.0,0.0,Metric Tons
Soybean Oil,2026-04-02,EGYPT,0.0,0.0,8000.0,0.0,Metric Tons
Soybean Oil,2026-04-02,GUATMAL,0.0,0.0,25395.0,0.0,Metric Tons
Soybean Oil,2026-04-02,HONDURA,0.0,0.0,10793.0,0.0,Metric Tons
Soybean Oil,2026-04-02,INDNSIA,0.0,0.0,19.0,0.0,Metric Tons
Soybean Oil,2026-04-02,JAMAICA,0.0,0.0,7245.0,0.0,Metric Tons
Soybean Oil,2026-04-02,JORDAN,0.0,0.0,43.0,0.0,Metric Tons
Soybean Oil,2026-04-02,KOR REP,0.0,0.0,0.0,0.0,Metric Tons
Soybean Oil,2026-04-02,KUWAIT,0.0,0.0,558.0,24.0,Metric Tons
Soybean Oil,2026-04-02,LEBANON,0.0,0.0,164.0,0.0,Metric Tons
Soybean Oil,2026-04-02,LW WW I,0.0,0.0,33.0,0.0,Metric Tons
Soybean Oil,2026-04-02,MEXICO,895.0,1080.0,73318.0,8365.0,Metric Tons
Soybean Oil,2026-04-02,MOROCCO,0.0,0.0,30016.0,0.0,Metric Tons
Soybean Oil,2026-04-02,OMAN,0.0,0.0,207.0,0.0,Metric Tons
Soybean Oil,2026-04-02,PANAMA,0.0,0.0,282.0,0.0,Metric Tons
Soybean Oil,2026-04-02,S ARAB,0.0,0.0,531.0,0.0,Metric Tons
Soybean Oil,2026-04-02,SALVADR,0.0,0.0,2143.0,0.0,Metric Tons
Soybean Oil,2026-04-02,TRINID,0.0,0.0,71.0,44.0,Metric Tons
Soybean Oil,2026-04-02,U AR EM,0.0,0.0,133.0,24.0,Metric Tons
Soybean Oil,2026-04-02,UNKNOWN,0.0,0.0,0.0,0.0,Metric Tons
Soybean Oil,2026-04-02,VENEZ,0.0,0.0,74043.0,5000.0,Metric Tons
Soybean Oil,2026-04-09,BAHRAIN,0.0,0.0,54.0,0.0,Metric Tons
Soybean Oil,2026-04-09,BARBADO,0.0,0.0,850.0,0.0,Metric Tons
Soybean Oil,2026-04-09,C RICA,0.0,0.0,3000.0,0.0,Metric Tons
Soybean Oil,2026-04-09,CANADA,-681.0,336.0,14625.0,22729.0,Metric Tons
Soybean Oil,2026-04-09,COLOMB,0.0,0.0,29231.0,2600.0,Metric Tons
Soybean Oil,2026-04-09,DOM REP,33.0,33.0,41318.0,0.0,Metric Tons
Soybean Oil,2026-04-09,EGYPT,0.0,0.0,8000.0,0.0,Metric Tons
Soybean Oil,2026-04-09,GUATMAL,0.0,0.0,25395.0,0.0,Metric Tons
Soybean Oil,2026-04-09,HONDURA,0.0,0.0,10793.0,0.0,Metric Tons
Soybean Oil,2026-04-09,INDNSIA,0.0,0.0,19.0,0.0,Metric Tons
Soybean Oil,2026-04-09,JAMAICA,0.0,0.0,7245.0,0.0,Metric Tons
Soybean Oil,2026-04-09,JORDAN,0.0,0.0,43.0,0.0,Metric Tons
Soybean Oil,2026-04-09,KOR REP,0.0,0.0,0.0,0.0,Metric Tons
Soybean Oil,2026-04-09,KUWAIT,0.0,0.0,558.0,24.0,Metric Tons
Soybean Oil,2026-04-09,LEBANON,0.0,0.0,164.0,0.0,Metric Tons
Soybean Oil,2026-04-09,LW WW I,0.0,0.0,33.0,0.0,Metric Tons
Soybean Oil,2026-04-09,MEXICO,1786.0,1242.0,74560.0,8909.0,Metric Tons
Soybean Oil,2026-04-09,MOROCCO,0.0,0.0,30016.0,0.0,Metric Tons
Soybean Oil,2026-04-09,OMAN,0.0,0.0,207.0,0.0,Metric Tons
Soybean Oil,2026-04-09,PANAMA,0.0,0.0,282.0,0.0,Metric Tons
Soybean Oil,2026-04-09,S ARAB,0.0,0.0,531.0,0.0,Metric Tons
Soybean Oil,2026-04-09,SALVADR,0.0,0.0,2143.0,0.0,Metric Tons
Soybean Oil,2026-04-09,TRINID,0.0,0.0,71.0,44.0,Metric Tons
Soybean Oil,2026-04-09,U AR EM,0.0,0.0,133.0,24.0,Metric Tons
Soybean Oil,2026-04-09,UNKNOWN,0.0,0.0,0.0,0.0,Metric Tons
Soybean Oil,2026-04-09,VENEZ,0.0,0.0,74043.0,5000.0,Metric Tons
Soybean Oil,2026-04-16,BAHRAIN,0.0,0.0,54.0,0.0,Metric Tons
Soybean Oil,2026-04-16,BARBADO,0.0,0.0,850.0,0.0,Metric Tons
Soybean Oil,2026-04-16,C RICA,0.0,0.0,3000.0,0.0,Metric Tons
Soybean Oil,2026-04-16,CANADA,651.0,390.0,15015.0,22990.0,Metric Tons
Soybean Oil,2026-04-16,COLOMB,0.0,2600.0,31831.0,0.0,Metric Tons
Soybean Oil,2026-04-16,DOM REP,5.0,5.0,41323.0,0.0,Metric Tons
Soybean Oil,2026-04-16,EGYPT,0.0,0.0,8000.0,0.0,Metric Tons
Soybean Oil,2026-04-16,GUATMAL,0.0,0.0,25395.0,0.0,Metric Tons
Soybean Oil,2026-04-16,HONDURA,31.0,31.0,10824.0,0.0,Metric Tons
Soybean Oil,2026-04-16,INDNSIA,0.0,0.0,19.0,0.0,Metric Tons
Soybean Oil,2026-04-16,JAMAICA,0.0,0.0,7245.0,0.0,Metric Tons
Soybean Oil,2026-04-16,JORDAN,0.0,0.0,43.0,0.0,Metric Tons
Soybean Oil,2026-04-16,KOR REP,0.0,0.0,0.0,0.0,Metric Tons
Soybean Oil,2026-04-16,KUWAIT,0.0,0.0,558.0,24.0,Metric Tons
Soybean Oil,2026-04-16,LEBANON,0.0,0.0,164.0,0.0,Metric Tons
Soybean Oil,2026-04-16,LW WW I,0.0,0.0,33.0,0.0,Metric Tons
Soybean Oil,2026-04-16,MEXICO,839.0,1118.0,75678.0,8630.0,Metric Tons
Soybean Oil,2026-04-16,MOROCCO,0.0,0.0,30016.0,0.0,Metric Tons
Soybean Oil,2026-04-16,OMAN,0.0,0.0,207.0,0.0,Metric Tons
Soybean Oil,2026-04-16,PANAMA,0.0,0.0,282.0,0.0,Metric Tons
Soybean Oil,2026-04-16,S ARAB,0.0,0.0,531.0,0.0,Metric Tons
Soybean Oil,2026-04-16,SALVADR,0.0,0.0,2143.0,0.0,Metric Tons
Soybean Oil,2026-04-16,TRINID,0.0,15.0,86.0,29.0,Metric Tons
Soybean Oil,2026-04-16,U AR EM,0.0,0.0,133.0,24.0,Metric Tons
Soybean Oil,2026-04-16,UNKNOWN,0.0,0.0,0.0,0.0,Metric Tons
Soybean Oil,2026-04-16,VENEZ,0.0,5000.0,79043.0,0.0,Metric Tons
Soybean Oil,2026-04-23,BAHRAIN,0.0,0.0,54.0,0.0,Metric Tons
Soybean Oil,2026-04-23,BARBADO,0.0,0.0,850.0,0.0,Metric Tons
Soybean Oil,2026-04-23,C RICA,0.0,0.0,3000.0,0.0,Metric Tons
Soybean Oil,2026-04-23,CANADA,966.0,392.0,15407.0,23564.0,Metric Tons
Soybean Oil,2026-04-23,COLOMB,0.0,0.0,31831.0,0.0,Metric Tons
Soybean Oil,2026-04-23,DOM REP,5.0,5.0,41328.0,0.0,Metric Tons
Soybean Oil,2026-04-23,EGYPT,0.0,0.0,8000.0,0.0,Metric Tons
Soybean Oil,2026-04-23,GUATMAL,0.0,0.0,25395.0,0.0,Metric Tons
Soybean Oil,2026-04-23,HONDURA,0.0,0.0,10824.0,0.0,Metric Tons
Soybean Oil,2026-04-23,INDNSIA,0.0,0.0,19.0,0.0,Metric Tons
Soybean Oil,2026-04-23,JAMAICA,0.0,0.0,7245.0,0.0,Metric Tons
Soybean Oil,2026-04-23,JORDAN,0.0,0.0,43.0,0.0,Metric Tons
Soybean Oil,2026-04-23,KOR REP,0.0,0.0,0.0,0.0,Metric Tons
Soybean Oil,2026-04-23,KUWAIT,0.0,0.0,558.0,24.0,Metric Tons
Soybean Oil,2026-04-23,LEBANON,0.0,0.0,164.0,0.0,Metric Tons
Soybean Oil,2026-04-23,LW WW I,0.0,0.0,33.0,0.0,Metric Tons
Soybean Oil,2026-04-23,MEXICO,2452.0,2545.0,78223.0,8537.0,Metric Tons
Soybean Oil,2026-04-23,MOROCCO,0.0,0.0,30016.0,0.0,Metric Tons
Soybean Oil,2026-04-23,OMAN,0.0,0.0,207.0,0.0,Metric Tons
Soybean Oil,2026-04-23,PANAMA,0.0,0.0,282.0,0.0,Metric Tons
Soybean Oil,2026-04-23,S ARAB,23.0,23.0,554.0,0.0,Metric Tons
Soybean Oil,2026-04-23,SALVADR,0.0,0.0,2143.0,0.0,Metric Tons
Soybean Oil,2026-04-23,TRINID,0.0,0.0,86.0,29.0,Metric Tons
Soybean Oil,2026-04-23,U AR EM,0.0,0.0,133.0,24.0,Metric Tons
Soybean Oil,2026-04-23,UNKNOWN,0.0,0.0,0.0,0.0,Metric Tons
Soybean Oil,2026-04-23,VENEZ,0.0,0.0,79043.0,0.0,Metric Tons
Soybean Oil,2026-04-30,BAHRAIN,0.0,0.0,54.0,0.0,Metric Tons
Soybean Oil,2026-04-30,BARBADO,0.0,0.0,850.0,0.0,Metric Tons
Soybean Oil,2026-04-30,C RICA,0.0,0.0,3000.0,0.0,Metric Tons
Soybean Oil,2026-04-30,CANADA,344.0,468.0,15875.0,23440.0,Metric Tons
Soybean Oil,2026-04-30,COLOMB,0.0,0.0,31831.0,0.0,Metric Tons
Soybean Oil,2026-04-30,DOM REP,9.0,9.0,41337.0,0.0,Metric Tons
Soybean Oil,2026-04-30,EGYPT,0.0,0.0,8000.0,0.0,Metric Tons
Soybean Oil,2026-04-30,GUATMAL,19.0,19.0,25414.0,0.0,Metric Tons
Soybean Oil,2026-04-30,HONDURA,0.0,0.0,10824.0,0.0,Metric Tons
Soybean Oil,2026-04-30,INDNSIA,0.0,0.0,19.0,0.0,Metric Tons
Soybean Oil,2026-04-30,JAMAICA,0.0,0.0,7245.0,0.0,Metric Tons
Soybean Oil,2026-04-30,JORDAN,46.0,46.0,89.0,0.0,Metric Tons
Soybean Oil,2026-04-30,KOR REP,0.0,0.0,0.0,0.0,Metric Tons
Soybean Oil,2026-04-30,KUWAIT,0.0,0.0,558.0,24.0,Metric Tons
Soybean Oil,2026-04-30,LEBANON,0.0,0.0,164.0,0.0,Metric Tons
Soybean Oil,2026-04-30,LW WW I,0.0,0.0,33.0,0.0,Metric Tons
Soybean Oil,2026-04-30,MEXICO,536.0,719.0,78942.0,8354.0,Metric Tons
Soybean Oil,2026-04-30,MOROCCO,0.0,0.0,30016.0,0.0,Metric Tons
Soybean Oil,2026-04-30,OMAN,0.0,0.0,207.0,0.0,Metric Tons
Soybean Oil,2026-04-30,PANAMA,0.0,0.0,282.0,0.0,Metric Tons
Soybean Oil,2026-04-30,S ARAB,0.0,0.0,554.0,0.0,Metric Tons
Soybean Oil,2026-04-30,SALVADR,0.0,0.0,2143.0,0.0,Metric Tons
Soybean Oil,2026-04-30,TRINID,0.0,15.0,101.0,14.0,Metric Tons
Soybean Oil,2026-04-30,U AR EM,0.0,0.0,133.0,24.0,Metric Tons
Soybean Oil,2026-04-30,UNKNOWN,0.0,0.0,0.0,0.0,Metric Tons
Soybean Oil,2026-04-30,VENEZ,0.0,0.0,79043.0,0.0,Metric Tons
Soybean Oil,2026-05-07,BAHRAIN,0.0,0.0,54.0,0.0,Metric Tons
Soybean Oil,2026-05-07,BARBADO,0.0,0.0,850.0,0.0,Metric Tons
Soybean Oil,2026-05-07,C RICA,0.0,0.0,3000.0,0.0,Metric Tons
Soybean Oil,2026-05-07,CANADA,-867.0,318.0,16193.0,22255.0,Metric Tons
Soybean Oil,2026-05-07,COLOMB,0.0,0.0,31831.0,0.0,Metric Tons
Soybean Oil,2026-05-07,DOM REP,0.0,0.0,41337.0,0.0,Metric Tons
Soybean Oil,2026-05-07,EGYPT,0.0,0.0,8000.0,0.0,Metric Tons
Soybean Oil,2026-05-07,GUATMAL,0.0,0.0,25414.0,0.0,Metric Tons
Soybean Oil,2026-05-07,HONDURA,57.0,57.0,10881.0,0.0,Metric Tons
Soybean Oil,2026-05-07,INDNSIA,0.0,0.0,19.0,0.0,Metric Tons
Soybean Oil,2026-05-07,JAMAICA,0.0,0.0,7245.0,0.0,Metric Tons
Soybean Oil,2026-05-07,JORDAN,69.0,69.0,158.0,0.0,Metric Tons
Soybean Oil,2026-05-07,KOR REP,0.0,0.0,0.0,0.0,Metric Tons
Soybean Oil,2026-05-07,KUWAIT,0.0,0.0,558.0,24.0,Metric Tons
Soybean Oil,2026-05-07,LEBANON,0.0,0.0,164.0,0.0,Metric Tons
Soybean Oil,2026-05-07,LW WW I,0.0,0.0,33.0,0.0,Metric Tons
Soybean Oil,2026-05-07,MEXICO,0.0,93.0,79035.0,8261.0,Metric Tons
Soybean Oil,2026-05-07,MOROCCO,0.0,0.0,30016.0,0.0,Metric Tons
Soybean Oil,2026-05-07,OMAN,0.0,0.0,207.0,0.0,Metric Tons
Soybean Oil,2026-05-07,PANAMA,0.0,0.0,282.0,0.0,Metric Tons
Soybean Oil,2026-05-07,S ARAB,183.0,183.0,737.0,0.0,Metric Tons
Soybean Oil,2026-05-07,SALVADR,0.0,0.0,2143.0,0.0,Metric Tons
Soybean Oil,2026-05-07,TRINID,0.0,0.0,101.0,14.0,Metric Tons
Soybean Oil,2026-05-07,U AR EM,0.0,0.0,133.0,24.0,Metric Tons
Soybean Oil,2026-05-07,UNKNOWN,0.0,0.0,0.0,0.0,Metric Tons
Soybean Oil,2026-05-07,VENEZ,0.0,0.0,79043.0,0.0,Metric Tons
Soybean Oil,2026-05-14,BAHRAIN,0.0,0.0,54.0,0.0,Metric Tons
Soybean Oil,2026-05-14,BARBADO,0.0,0.0,850.0,0.0,Metric Tons
Soybean Oil,2026-05-14,C RICA,0.0,0.0,3000.0,0.0,Metric Tons
Soybean Oil,2026-05-14,CANADA,88.0,496.0,16689.0,21847.0,Metric Tons
Soybean Oil,2026-05-14,COLOMB,0.0,0.0,31831.0,0.0,Metric Tons
Soybean Oil,2026-05-14,DOM REP,28.0,28.0,41365.0,0.0,Metric Tons
Soybean Oil,2026-05-14,EGYPT,0.0,0.0,8000.0,0.0,Metric Tons
Soybean Oil,2026-05-14,GUATMAL,0.0,0.0,25414.0,0.0,Metric Tons
Soybean Oil,2026-05-14,HONDURA,19.0,19.0,10900.0,0.0,Metric Tons
Soybean Oil,2026-05-14,INDNSIA,0.0,0.0,19.0,0.0,Metric Tons
Soybean Oil,2026-05-14,JAMAICA,0.0,0.0,7245.0,0.0,Metric Tons
Soybean Oil,2026-05-14,JORDAN,0.0,0.0,158.0,0.0,Metric Tons
Soybean Oil,2026-05-14,KOR REP,0.0,0.0,0.0,0.0,Metric Tons
Soybean Oil,2026-05-14,KUWAIT,0.0,0.0,558.0,24.0,Metric Tons
Soybean Oil,2026-05-14,LEBANON,0.0,0.0,164.0,0.0,Metric Tons
Soybean Oil,2026-05-14,LW WW I,0.0,0.0,33.0,0.0,Metric Tons
Soybean Oil,2026-05-14,MEXICO,725.0,818.0,79853.0,8168.0,Metric Tons
Soybean Oil,2026-05-14,MOROCCO,0.0,0.0,30016.0,0.0,Metric Tons
Soybean Oil,2026-05-14,OMAN,0.0,0.0,207.0,0.0,Metric Tons
Soybean Oil,2026-05-14,PANAMA,0.0,0.0,282.0,0.0,Metric Tons
Soybean Oil,2026-05-14,S ARAB,182.0,182.0,919.0,0.0,Metric Tons
Soybean Oil,2026-05-14,SALVADR,0.0,0.0,2143.0,0.0,Metric Tons
Soybean Oil,2026-05-14,TRINID,0.0,14.0,115.0,0.0,Metric Tons
Soybean Oil,2026-05-14,U AR EM,0.0,0.0,133.0,24.0,Metric Tons
Soybean Oil,2026-05-14,UNKNOWN,0.0,0.0,0.0,0.0,Metric Tons
Soybean Oil,2026-05-14,VENEZ,0.0,0.0,79043.0,0.0,Metric Tons
Soybean Oil,2026-05-21,BAHRAIN,0.0,0.0,54.0,0.0,Metric Tons
Soybean Oil,2026-05-21,BARBADO,0.0,0.0,850.0,0.0,Metric Tons
Soybean Oil,2026-05-21,C RICA,0.0,0.0,3000.0,0.0,Metric Tons
Soybean Oil,2026-05-21,CANADA,1242.0,315.0,17004.0,22774.0,Metric Tons
Soybean Oil,2026-05-21,COLOMB,0.0,0.0,31831.0,0.0,Metric Tons
Soybean Oil,2026-05-21,DOM REP,5.0,5.0,41370.0,0.0,Metric Tons
Soybean Oil,2026-05-21,EGYPT,0.0,0.0,8000.0,0.0,Metric Tons
Soybean Oil,2026-05-21,GUATMAL,0.0,0.0,25414.0,0.0,Metric Tons
Soybean Oil,2026-05-21,HONDURA,0.0,0.0,10900.0,0.0,Metric Tons
Soybean Oil,2026-05-21,INDNSIA,0.0,0.0,19.0,0.0,Metric Tons
Soybean Oil,2026-05-21,JAMAICA,0.0,0.0,7245.0,0.0,Metric Tons
Soybean Oil,2026-05-21,JORDAN,0.0,0.0,158.0,0.0,Metric Tons
Soybean Oil,2026-05-21,KOR REP,0.0,0.0,0.0,0.0,Metric Tons
Soybean Oil,2026-05-21,KUWAIT,0.0,0.0,558.0,24.0,Metric Tons
Soybean Oil,2026-05-21,LEBANON,0.0,0.0,164.0,0.0,Metric Tons
Soybean Oil,2026-05-21,LW WW I,0.0,0.0,33.0,0.0,Metric Tons
Soybean Oil,2026-05-21,MEXICO,2064.0,1971.0,81824.0,8261.0,Metric Tons
Soybean Oil,2026-05-21,MOROCCO,0.0,0.0,30016.0,0.0,Metric Tons
Soybean Oil,2026-05-21,OMAN,0.0,0.0,207.0,0.0,Metric Tons
Soybean Oil,2026-05-21,PANAMA,0.0,0.0,282.0,0.0,Metric Tons
Soybean Oil,2026-05-21,QATAR,17.0,0.0,0.0,17.0,Metric Tons
Soybean Oil,2026-05-21,S ARAB,46.0,46.0,965.0,0.0,Metric Tons
Soybean Oil,2026-05-21,SALVADR,0.0,0.0,2143.0,0.0,Metric Tons
Soybean Oil,2026-05-21,TRINID,0.0,0.0,115.0,0.0,Metric Tons
Soybean Oil,2026-05-21,U AR EM,0.0,0.0,133.0,24.0,Metric Tons
Soybean Oil,2026-05-21,UNKNOWN,0.0,0.0,0.0,0.0,Metric Tons
Soybean Oil,2026-05-21,VENEZ,0.0,0.0,79043.0,0.0,Metric Tons
Soybean Oil,2026-05-28,BAHRAIN,0.0,0.0,54.0,0.0,Metric Tons
Soybean Oil,2026-05-28,BARBADO,0.0,0.0,850.0,0.0,Metric Tons
Soybean Oil,2026-05-28,C RICA,0.0,0.0,3000.0,0.0,Metric Tons
Soybean Oil,2026-05-28,CANADA,-247.0,522.0,17526.0,22005.0,Metric Tons
Soybean Oil,2026-05-28,COLOMB,0.0,0.0,31831.0,0.0,Metric Tons
Soybean Oil,2026-05-28,DOM REP,5.0,5.0,41375.0,0.0,Metric Tons
Soybean Oil,2026-05-28,EGYPT,0.0,0.0,8000.0,0.0,Metric Tons
Soybean Oil,2026-05-28,GUATMAL,19.0,19.0,25433.0,0.0,Metric Tons
Soybean Oil,2026-05-28,HONDURA,0.0,0.0,10900.0,0.0,Metric Tons
Soybean Oil,2026-05-28,INDNSIA,0.0,0.0,19.0,0.0,Metric Tons
Soybean Oil,2026-05-28,JAMAICA,0.0,0.0,7245.0,0.0,Metric Tons
Soybean Oil,2026-05-28,JORDAN,0.0,0.0,158.0,0.0,Metric Tons
Soybean Oil,2026-05-28,KOR REP,0.0,0.0,0.0,0.0,Metric Tons
Soybean Oil,2026-05-28,KUWAIT,95.0,95.0,653.0,24.0,Metric Tons
Soybean Oil,2026-05-28,LEBANON,0.0,0.0,164.0,0.0,Metric Tons
Soybean Oil,2026-05-28,LW WW I,0.0,0.0,33.0,0.0,Metric Tons
Soybean Oil,2026-05-28,MEXICO,86.0,86.0,81910.0,8261.0,Metric Tons
Soybean Oil,2026-05-28,MOROCCO,0.0,0.0,30016.0,0.0,Metric Tons
Soybean Oil,2026-05-28,OMAN,0.0,0.0,207.0,0.0,Metric Tons
Soybean Oil,2026-05-28,PANAMA,0.0,0.0,282.0,0.0,Metric Tons
Soybean Oil,2026-05-28,QATAR,17.0,0.0,0.0,34.0,Metric Tons
Soybean Oil,2026-05-28,S ARAB,27.0,27.0,992.0,0.0,Metric Tons
Soybean Oil,2026-05-28,SALVADR,0.0,0.0,2143.0,0.0,Metric Tons
Soybean Oil,2026-05-28,TRINID,23.0,23.0,138.0,0.0,Metric Tons
Soybean Oil,2026-05-28,U AR EM,2.0,2.0,135.0,24.0,Metric Tons
Soybean Oil,2026-05-28,UNKNOWN,0.0,0.0,0.0,0.0,Metric Tons
Soybean Oil,2026-05-28,VENEZ,0.0,0.0,79043.0,0.0,Metric Tons
Soybean Oil,2026-06-04,BAHRAIN,0.0,0.0,54.0,0.0,Metric Tons
Soybean Oil,2026-06-04,BARBADO,0.0,0.0,850.0,0.0,Metric Tons
Soybean Oil,2026-06-04,C RICA,0.0,0.0,3000.0,0.0,Metric Tons
Soybean Oil,2026-06-04,CANADA,99.0,338.0,17864.0,21766.0,Metric Tons
Soybean Oil,2026-06-04,COLOMB,0.0,0.0,31831.0,0.0,Metric Tons
Soybean Oil,2026-06-04,DOM REP,0.0,0.0,41375.0,0.0,Metric Tons
Soybean Oil,2026-06-04,EGYPT,0.0,0.0,8000.0,0.0,Metric Tons
Soybean Oil,2026-06-04,GUATMAL,0.0,0.0,25433.0,0.0,Metric Tons
Soybean Oil,2026-06-04,HONDURA,0.0,0.0,10900.0,0.0,Metric Tons
Soybean Oil,2026-06-04,INDNSIA,0.0,0.0,19.0,0.0,Metric Tons
Soybean Oil,2026-06-04,JAMAICA,0.0,0.0,7245.0,0.0,Metric Tons
Soybean Oil,2026-06-04,JORDAN,0.0,0.0,158.0,0.0,Metric Tons
Soybean Oil,2026-06-04,KOR REP,0.0,0.0,0.0,0.0,Metric Tons
Soybean Oil,2026-06-04,KUWAIT,0.0,0.0,653.0,24.0,Metric Tons
Soybean Oil,2026-06-04,LEBANON,0.0,0.0,164.0,0.0,Metric Tons
Soybean Oil,2026-06-04,LW WW I,0.0,0.0,33.0,0.0,Metric Tons
Soybean Oil,2026-06-04,MEXICO,725.0,1369.0,83279.0,7617.0,Metric Tons
Soybean Oil,2026-06-04,MOROCCO,0.0,0.0,30016.0,0.0,Metric Tons
Soybean Oil,2026-06-04,OMAN,0.0,0.0,207.0,0.0,Metric Tons
Soybean Oil,2026-06-04,PANAMA,0.0,0.0,282.0,0.0,Metric Tons
Soybean Oil,2026-06-04,QATAR,0.0,0.0,0.0,34.0,Metric Tons
Soybean Oil,2026-06-04,S ARAB,0.0,0.0,992.0,0.0,Metric Tons
Soybean Oil,2026-06-04,SALVADR,0.0,0.0,2143.0,0.0,Metric Tons
Soybean Oil,2026-06-04,TRINID,0.0,0.0,138.0,0.0,Metric Tons
Soybean Oil,2026-06-04,U AR EM,0.0,0.0,135.0,24.0,Metric Tons
Soybean Oil,2026-06-04,UNKNOWN,0.0,0.0,0.0,0.0,Metric Tons
Soybean Oil,2026-06-04,VENEZ,0.0,0.0,79043.0,0.0,Metric Tons
Soybean Oil,2026-06-11,BAHRAIN,0.0,0.0,54.0,0.0,Metric Tons
Soybean Oil,2026-06-11,BARBADO,0.0,0.0,850.0,0.0,Metric Tons
Soybean Oil,2026-06-11,C RICA,0.0,0.0,3000.0,0.0,Metric Tons
Soybean Oil,2026-06-11,CANADA,756.0,254.0,18118.0,22268.0,Metric Tons
Soybean Oil,2026-06-11,COLOMB,0.0,0.0,31831.0,0.0,Metric Tons
Soybean Oil,2026-06-11,DOM REP,29.0,29.0,41404.0,0.0,Metric Tons
Soybean Oil,2026-06-11,EGYPT,0.0,0.0,8000.0,0.0,Metric Tons
Soybean Oil,2026-06-11,GUATMAL,0.0,0.0,25433.0,0.0,Metric Tons
Soybean Oil,2026-06-11,HONDURA,0.0,0.0,10900.0,0.0,Metric Tons
Soybean Oil,2026-06-11,INDNSIA,0.0,0.0,19.0,0.0,Metric Tons
Soybean Oil,2026-06-11,JAMAICA,0.0,0.0,7245.0,0.0,Metric Tons
Soybean Oil,2026-06-11,JORDAN,0.0,0.0,158.0,0.0,Metric Tons
Soybean Oil,2026-06-11,KOR REP,0.0,0.0,0.0,0.0,Metric Tons
Soybean Oil,2026-06-11,KUWAIT,2.0,2.0,655.0,24.0,Metric Tons
Soybean Oil,2026-06-11,LEBANON,0.0,0.0,164.0,0.0,Metric Tons
Soybean Oil,2026-06-11,LW WW I,0.0,0.0,33.0,0.0,Metric Tons
Soybean Oil,2026-06-11,MEXICO,1251.0,1254.0,84533.0,7614.0,Metric Tons
Soybean Oil,2026-06-11,MOROCCO,0.0,0.0,30016.0,0.0,Metric Tons
Soybean Oil,2026-06-11,OMAN,161.0,161.0,368.0,0.0,Metric Tons
Soybean Oil,2026-06-11,PANAMA,0.0,0.0,282.0,0.0,Metric Tons
Soybean Oil,2026-06-11,QATAR,0.0,0.0,0.0,34.0,Metric Tons
Soybean Oil,2026-06-11,S ARAB,32.0,32.0,1024.0,0.0,Metric Tons
Soybean Oil,2026-06-11,SALVADR,0.0,0.0,2143.0,0.0,Metric Tons
Soybean Oil,2026-06-11,TRINID,0.0,0.0,138.0,0.0,Metric Tons
Soybean Oil,2026-06-11,U AR EM,0.0,0.0,135.0,24.0,Metric Tons
Soybean Oil,2026-06-11,UNKNOWN,0.0,0.0,0.0,0.0,Metric Tons
Soybean Oil,2026-06-11,VENEZ,0.0,0.0,79043.0,0.0,Metric Tons
Soybean Oil,2026-06-18,BAHRAIN,0.0,0.0,54.0,0.0,Metric Tons
Soybean Oil,2026-06-18,BARBADO,0.0,0.0,850.0,0.0,Metric Tons
Soybean Oil,2026-06-18,C RICA,0.0,0.0,3000.0,0.0,Metric Tons
Soybean Oil,2026-06-18,CANADA,90.0,392.0,18510.0,21966.0,Metric Tons
Soybean Oil,2026-06-18,COLOMB,0.0,0.0,31831.0,0.0,Metric Tons
Soybean Oil,2026-06-18,DOM REP,24.0,24.0,41428.0,0.0,Metric Tons
Soybean Oil,2026-06-18,EGYPT,0.0,0.0,8000.0,0.0,Metric Tons
Soybean Oil,2026-06-18,GUATMAL,0.0,0.0,25433.0,0.0,Metric Tons
Soybean Oil,2026-06-18,HONDURA,0.0,0.0,10900.0,0.0,Metric Tons
Soybean Oil,2026-06-18,INDNSIA,0.0,0.0,19.0,0.0,Metric Tons
Soybean Oil,2026-06-18,JAMAICA,0.0,0.0,7245.0,0.0,Metric Tons
Soybean Oil,2026-06-18,JORDAN,0.0,0.0,158.0,0.0,Metric Tons
Soybean Oil,2026-06-18,KOR REP,0.0,0.0,0.0,0.0,Metric Tons
Soybean Oil,2026-06-18,KUWAIT,0.0,0.0,655.0,24.0,Metric Tons
Soybean Oil,2026-06-18,LEBANON,23.0,23.0,187.0,0.0,Metric Tons
Soybean Oil,2026-06-18,LW WW I,0.0,0.0,33.0,0.0,Metric Tons
Soybean Oil,2026-06-18,MEXICO,713.0,1549.0,86082.0,6778.0,Metric Tons
Soybean Oil,2026-06-18,MOROCCO,0.0,0.0,30016.0,0.0,Metric Tons
Soybean Oil,2026-06-18,OMAN,0.0,0.0,368.0,0.0,Metric Tons
Soybean Oil,2026-06-18,PANAMA,0.0,0.0,282.0,0.0,Metric Tons
Soybean Oil,2026-06-18,QATAR,0.0,0.0,0.0,34.0,Metric Tons
Soybean Oil,2026-06-18,S ARAB,2.0,2.0,1026.0,0.0,Metric Tons
Soybean Oil,2026-06-18,SALVADR,0.0,0.0,2143.0,0.0,Metric Tons
Soybean Oil,2026-06-18,TRINID,0.0,0.0,138.0,0.0,Metric Tons
Soybean Oil,2026-06-18,U AR EM,0.0,0.0,135.0,24.0,Metric Tons
Soybean Oil,2026-06-18,UNKNOWN,0.0,0.0,0.0,0.0,Metric Tons
Soybean Oil,2026-06-18,VENEZ,0.0,0.0,79043.0,0.0,Metric Tons
Soybean Oil,2026-06-25,BAHRAIN,0.0,0.0,54.0,0.0,Metric Tons
Soybean Oil,2026-06-25,BARBADO,0.0,0.0,850.0,0.0,Metric Tons
Soybean Oil,2026-06-25,C RICA,0.0,0.0,3000.0,0.0,Metric Tons
Soybean Oil,2026-06-25,CANADA,-1227.0,466.0,18976.0,20273.0,Metric Tons
Soybean Oil,2026-06-25,COLOMB,0.0,0.0,31831.0,0.0,Metric Tons
Soybean Oil,2026-06-25,DOM REP,7.0,7.0,41435.0,0.0,Metric Tons
Soybean Oil,2026-06-25,EGYPT,0.0,0.0,8000.0,0.0,Metric Tons
Soybean Oil,2026-06-25,GUATMAL,0.0,0.0,25433.0,0.0,Metric Tons
Soybean Oil,2026-06-25,HONDURA,67.0,67.0,10967.0,0.0,Metric Tons
Soybean Oil,2026-06-25,INDNSIA,0.0,0.0,19.0,0.0,Metric Tons
Soybean Oil,2026-06-25,JAMAICA,0.0,0.0,7245.0,0.0,Metric Tons
Soybean Oil,2026-06-25,JORDAN,0.0,0.0,158.0,0.0,Metric Tons
Soybean Oil,2026-06-25,KOR REP,0.0,0.0,0.0,0.0,Metric Tons
Soybean Oil,2026-06-25,KUWAIT,0.0,0.0,655.0,24.0,Metric Tons
Soybean Oil,2026-06-25,LEBANON,0.0,0.0,187.0,0.0,Metric Tons
Soybean Oil,2026-06-25,LW WW I,0.0,0.0,33.0,0.0,Metric Tons
Soybean Oil,2026-06-25,MEXICO,-378.0,274.0,86356.0,6126.0,Metric Tons
Soybean Oil,2026-06-25,MOROCCO,0.0,0.0,30016.0,0.0,Metric Tons
Soybean Oil,2026-06-25,OMAN,0.0,0.0,368.0,0.0,Metric Tons
Soybean Oil,2026-06-25,PANAMA,0.0,0.0,282.0,0.0,Metric Tons
Soybean Oil,2026-06-25,QATAR,0.0,0.0,0.0,34.0,Metric Tons
Soybean Oil,2026-06-25,S ARAB,14.0,14.0,1040.0,0.0,Metric Tons
Soybean Oil,2026-06-25,SALVADR,0.0,0.0,2143.0,0.0,Metric Tons
Soybean Oil,2026-06-25,TRINID,0.0,0.0,138.0,0.0,Metric Tons
Soybean Oil,2026-06-25,U AR EM,0.0,0.0,135.0,24.0,Metric Tons
Soybean Oil,2026-06-25,UNKNOWN,0.0,0.0,0.0,0.0,Metric Tons
Soybean Oil,2026-06-25,VENEZ,0.0,0.0,79043.0,0.0,Metric Tons
Soybean Oil,2026-07-02,BAHRAIN,0.0,0.0,54.0,0.0,Metric Tons
Soybean Oil,2026-07-02,BARBADO,0.0,0.0,850.0,0.0,Metric Tons
Soybean Oil,2026-07-02,C RICA,0.0,0.0,3000.0,0.0,Metric Tons
Soybean Oil,2026-07-02,CANADA,4410.0,355.0,19331.0,24328.0,Metric Tons
Soybean Oil,2026-07-02,COLOMB,0.0,0.0,31831.0,0.0,Metric Tons
Soybean Oil,2026-07-02,DOM REP,5.0,5.0,41440.0,0.0,Metric Tons
Soybean Oil,2026-07-02,EGYPT,0.0,0.0,8000.0,0.0,Metric Tons
Soybean Oil,2026-07-02,GUATMAL,0.0,0.0,25433.0,0.0,Metric Tons
Soybean Oil,2026-07-02,HONDURA,0.0,0.0,10967.0,0.0,Metric Tons
Soybean Oil,2026-07-02,INDNSIA,0.0,0.0,19.0,0.0,Metric Tons
Soybean Oil,2026-07-02,JAMAICA,0.0,0.0,7245.0,0.0,Metric Tons
Soybean Oil,2026-07-02,JORDAN,0.0,0.0,158.0,0.0,Metric Tons
Soybean Oil,2026-07-02,KOR REP,0.0,0.0,0.0,0.0,Metric Tons
Soybean Oil,2026-07-02,KUWAIT,0.0,0.0,655.0,24.0,Metric Tons
Soybean Oil,2026-07-02,LEBANON,0.0,0.0,187.0,0.0,Metric Tons
Soybean Oil,2026-07-02,LW WW I,0.0,0.0,33.0,0.0,Metric Tons
Soybean Oil,2026-07-02,MEXICO,-3537.0,1762.0,88118.0,827.0,Metric Tons
Soybean Oil,2026-07-02,MOROCCO,0.0,0.0,30016.0,0.0,Metric Tons
Soybean Oil,2026-07-02,OMAN,0.0,0.0,368.0,0.0,Metric Tons
Soybean Oil,2026-07-02,PANAMA,0.0,0.0,282.0,0.0,Metric Tons
Soybean Oil,2026-07-02,QATAR,0.0,0.0,0.0,34.0,Metric Tons
Soybean Oil,2026-07-02,S ARAB,0.0,0.0,1040.0,0.0,Metric Tons
Soybean Oil,2026-07-02,SALVADR,0.0,0.0,2143.0,0.0,Metric Tons
Soybean Oil,2026-07-02,TRINID,0.0,0.0,138.0,0.0,Metric Tons
Soybean Oil,2026-07-02,U AR EM,0.0,0.0,135.0,24.0,Metric Tons
Soybean Oil,2026-07-02,UNKNOWN,0.0,0.0,0.0,0.0,Metric Tons
Soybean Oil,2026-07-02,VENEZ,0.0,0.0,79043.0,0.0,Metric Tons
Soybean Oil,2026-07-09,BAHRAIN,0.0,0.0,54.0,0.0,Metric Tons
Soybean Oil,2026-07-09,BARBADO,0.0,0.0,850.0,0.0,Metric Tons
Soybean Oil,2026-07-09,C RICA,0.0,0.0,3000.0,0.0,Metric Tons
Soybean Oil,2026-07-09,CANADA,-1044.0,294.0,19625.0,22990.0,Metric Tons
Soybean Oil,2026-07-09,COLOMB,0.0,0.0,31831.0,0.0,Metric Tons
Soybean Oil,2026-07-09,DOM REP,0.0,0.0,41440.0,0.0,Metric Tons
Soybean Oil,2026-07-09,EGYPT,0.0,0.0,8000.0,0.0,Metric Tons
Soybean Oil,2026-07-09,GUATMAL,0.0,0.0,25433.0,0.0,Metric Tons
Soybean Oil,2026-07-09,HONDURA,0.0,0.0,10967.0,0.0,Metric Tons
Soybean Oil,2026-07-09,INDNSIA,0.0,0.0,19.0,0.0,Metric Tons
Soybean Oil,2026-07-09,JAMAICA,0.0,0.0,7245.0,0.0,Metric Tons
Soybean Oil,2026-07-09,JORDAN,0.0,0.0,158.0,0.0,Metric Tons
Soybean Oil,2026-07-09,KOR REP,0.0,0.0,0.0,0.0,Metric Tons
Soybean Oil,2026-07-09,KUWAIT,2.0,2.0,657.0,24.0,Metric Tons
Soybean Oil,2026-07-09,LEBANON,0.0,0.0,187.0,0.0,Metric Tons
Soybean Oil,2026-07-09,LW WW I,0.0,0.0,33.0,0.0,Metric Tons
Soybean Oil,2026-07-09,MEXICO,732.0,638.0,88756.0,921.0,Metric Tons
Soybean Oil,2026-07-09,MOROCCO,0.0,0.0,30016.0,0.0,Metric Tons
Soybean Oil,2026-07-09,OMAN,0.0,0.0,368.0,0.0,Metric Tons
Soybean Oil,2026-07-09,PANAMA,0.0,0.0,282.0,0.0,Metric Tons
Soybean Oil,2026-07-09,QATAR,0.0,0.0,0.0,34.0,Metric Tons
Soybean Oil,2026-07-09,S ARAB,2.0,2.0,1042.0,0.0,Metric Tons
Soybean Oil,2026-07-09,SALVADR,0.0,0.0,2143.0,0.0,Metric Tons
Soybean Oil,2026-07-09,TRINID,0.0,0.0,138.0,0.0,Metric Tons
Soybean Oil,2026-07-09,U AR EM,0.0,0.0,135.0,24.0,Metric Tons
Soybean Oil,2026-07-09,UNKNOWN,0.0,0.0,0.0,0.0,Metric Tons
Soybean Oil,2026-07-09,VENEZ,0.0,0.0,79043.0,0.0,Metric Tons
Soybean Oil,2026-07-16,BAHRAIN,81.0,81.0,135.0,0.0,Metric Tons
Soybean Oil,2026-07-16,BARBADO,0.0,0.0,850.0,0.0,Metric Tons
Soybean Oil,2026-07-16,C RICA,0.0,0.0,3000.0,0.0,Metric Tons
Soybean Oil,2026-07-16,CANADA,87.0,381.0,20006.0,22696.0,Metric Tons
Soybean Oil,2026-07-16,COLOMB,0.0,0.0,31831.0,0.0,Metric Tons
Soybean Oil,2026-07-16,DOM REP,10.0,10.0,41450.0,0.0,Metric Tons
Soybean Oil,2026-07-16,EGYPT,0.0,0.0,8000.0,0.0,Metric Tons
Soybean Oil,2026-07-16,GUATMAL,0.0,0.0,25433.0,0.0,Metric Tons
Soybean Oil,2026-07-16,HONDURA,19.0,19.0,10986.0,0.0,Metric Tons
Soybean Oil,2026-07-16,INDNSIA,0.0,0.0,19.0,0.0,Metric Tons
Soybean Oil,2026-07-16,JAMAICA,0.0,0.0,7245.0,0.0,Metric Tons
Soybean Oil,2026-07-16,JORDAN,0.0,0.0,158.0,0.0,Metric Tons
Soybean Oil,2026-07-16,KOR REP,0.0,0.0,0.0,0.0,Metric Tons
Soybean Oil,2026-07-16,KUWAIT,0.0,0.0,657.0,24.0,Metric Tons
Soybean Oil,2026-07-16,LEBANON,0.0,0.0,187.0,0.0,Metric Tons
Soybean Oil,2026-07-16,LW WW I,0.0,0.0,33.0,0.0,Metric Tons
Soybean Oil,2026-07-16,MEXICO,369.0,547.0,89303.0,743.0,Metric Tons
Soybean Oil,2026-07-16,MOROCCO,0.0,0.0,30016.0,0.0,Metric Tons
Soybean Oil,2026-07-16,OMAN,69.0,69.0,437.0,0.0,Metric Tons
Soybean Oil,2026-07-16,PANAMA,0.0,0.0,282.0,0.0,Metric Tons
Soybean Oil,2026-07-16,QATAR,0.0,0.0,0.0,34.0,Metric Tons
Soybean Oil,2026-07-16,S ARAB,0.0,0.0,1042.0,0.0,Metric Tons
Soybean Oil,2026-07-16,SALVADR,0.0,0.0,2143.0,0.0,Metric Tons
Soybean Oil,2026-07-16,TRINID,0.0,0.0,138.0,0.0,Metric Tons
Soybean Oil,2026-07-16,U AR EM,0.0,0.0,135.0,24.0,Metric Tons
Soybean Oil,2026-07-16,UNKNOWN,0.0,0.0,0.0,0.0,Metric Tons
Soybean Oil,2026-07-16,VENEZ,0.0,0.0,79043.0,0.0,Metric Tons
Soybean Oil,2026-07-23,BAHRAIN,0.0,0.0,135.0,0.0,Metric Tons
Soybean Oil,2026-07-23,BARBADO,0.0,0.0,850.0,0.0,Metric Tons
Soybean Oil,2026-07-23,C RICA,0.0,0.0,3000.0,0.0,Metric Tons
Soybean Oil,2026-07-23,CANADA,-1331.0,238.0,20244.0,21127.0,Metric Tons
Soybean Oil,2026-07-23,COLOMB,0.0,0.0,31831.0,0.0,Metric Tons
Soybean Oil,2026-07-23,DOM REP,5.0,5.0,41455.0,0.0,Metric Tons
Soybean Oil,2026-07-23,EGYPT,0.0,0.0,8000.0,0.0,Metric Tons
Soybean Oil,2026-07-23,GUATMAL,0.0,0.0,25433.0,0.0,Metric Tons
Soybean Oil,2026-07-23,HONDURA,0.0,0.0,10986.0,0.0,Metric Tons
Soybean Oil,2026-07-23,INDNSIA,0.0,0.0,19.0,0.0,Metric Tons
Soybean Oil,2026-07-23,JAMAICA,0.0,0.0,7245.0,0.0,Metric Tons
Soybean Oil,2026-07-23,JORDAN,0.0,0.0,158.0,0.0,Metric Tons
Soybean Oil,2026-07-23,KOR REP,0.0,0.0,0.0,0.0,Metric Tons
Soybean Oil,2026-07-23,KUWAIT,0.0,0.0,657.0,24.0,Metric Tons
Soybean Oil,2026-07-23,LEBANON,0.0,0.0,187.0,0.0,Metric Tons
Soybean Oil,2026-07-23,LW WW I,0.0,0.0,33.0,0.0,Metric Tons
Soybean Oil,2026-07-23,MEXICO,90.0,90.0,89393.0,743.0,Metric Tons
Soybean Oil,2026-07-23,MOROCCO,0.0,0.0,30016.0,0.0,Metric Tons
Soybean Oil,2026-07-23,OMAN,0.0,0.0,437.0,0.0,Metric Tons
Soybean Oil,2026-07-23,PANAMA,0.0,0.0,282.0,0.0,Metric Tons
Soybean Oil,2026-07-23,QATAR,0.0,0.0,0.0,34.0,Metric Tons
Soybean Oil,2026-07-23,S ARAB,114.0,114.0,1156.0,0.0,Metric Tons
Soybean Oil,2026-07-23,SALVADR,0.0,0.0,2143.0,0.0,Metric Tons
Soybean Oil,2026-07-23,TRINID,23.0,23.0,161.0,0.0,Metric Tons
Soybean Oil,2026-07-23,U AR EM,0.0,0.0,135.0,24.0,Metric Tons
Soybean Oil,2026-07-23,UNKNOWN,0.0,0.0,0.0,0.0,Metric Tons
Soybean Oil,2026-07-23,VENEZ,0.0,0.0,79043.0,0.0,Metric Tons
Soybean Oil,2026-07-30,BAHRAIN,0.0,0.0,135.0,0.0,Metric Tons
Soybean Oil,2026-07-30,BARBADO,0.0,0.0,850.0,0.0,Metric Tons
Soybean Oil,2026-07-30,C RICA,0.0,0.0,3000.0,0.0,Metric Tons
Soybean Oil,2026-07-30,CANADA,2946.0,297.0,20541.0,23776.0,Metric Tons
Soybean Oil,2026-07-30,COLOMB,0.0,0.0,31831.0,0.0,Metric Tons
Soybean Oil,2026-07-30,DOM REP,27.0,27.0,41482.0,0.0,Metric Tons
Soybean Oil,2026-07-30,EGYPT,0.0,0.0,8000.0,0.0,Metric Tons
Soybean Oil,2026-07-30,GUATMAL,0.0,0.0,25433.0,0.0,Metric Tons
Soybean Oil,2026-07-30,HONDURA,0.0,0.0,10986.0,0.0,Metric Tons
Soybean Oil,2026-07-30,INDNSIA,0.0,0.0,19.0,0.0,Metric Tons
Soybean Oil,2026-07-30,JAMAICA,0.0,0.0,7245.0,0.0,Metric Tons
Soybean Oil,2026-07-30,JORDAN,0.0,0.0,158.0,0.0,Metric Tons
Soybean Oil,2026-07-30,KOR REP,0.0,0.0,0.0,0.0,Metric Tons
Soybean Oil,2026-07-30,KUWAIT,3.0,3.0,660.0,24.0,Metric Tons
Soybean Oil,2026-07-30,LEBANON,23.0,23.0,210.0,0.0,Metric Tons
Soybean Oil,2026-07-30,LW WW I,0.0,0.0,33.0,0.0,Metric Tons
Soybean Oil,2026-07-30,MEXICO,812.0,542.0,89935.0,1013.0,Metric Tons
Soybean Oil,2026-07-30,MOROCCO,0.0,0.0,30016.0,0.0,Metric Tons
Soybean Oil,2026-07-30,OMAN,0.0,0.0,437.0,0.0,Metric Tons
Soybean Oil,2026-07-30,PANAMA,0.0,0.0,282.0,0.0,Metric Tons
Soybean Oil,2026-07-30,QATAR,0.0,0.0,0.0,34.0,Metric Tons
Soybean Oil,2026-07-30,S ARAB,115.0,115.0,1271.0,0.0,Metric Tons
Soybean Oil,2026-07-30,SALVADR,0.0,0.0,2143.0,0.0,Metric Tons
Soybean Oil,2026-07-30,TRINID,0.0,0.0,161.0,0.0,Metric Tons
Soybean Oil,2026-07-30,U AR EM,0.0,0.0,135.0,24.0,Metric Tons
Soybean Oil,2026-07-30,UNKNOWN,0.0,0.0,0.0,0.0,Metric Tons
Soybean Oil,2026-07-30,VENEZ,0.0,0.0,79043.0,0.0,Metric Tons
Soybeans,2025-09-04,ALGERIA,44162.0,44162.0,44162.0,0.0,Metric Tons
Soybeans,2025-09-04,BANGLADH,0.0,0.0,0.0,165000.0,Metric Tons
Soybeans,2025-09-04,BARBADO,0.0,0.0,0.0,2700.0,Metric Tons
Soybeans,2025-09-04,C RICA,12500.0,0.0,0.0,87250.0,Metric Tons
Soybeans,2025-09-04,CAMBODIA,634.0,0.0,0.0,2484.0,Metric Tons
Soybeans,2025-09-04,CANADA,727.0,285.0,285.0,2713.0,Metric Tons
Soybeans,2025-09-04,COLOMB,6000.0,0.0,0.0,30500.0,Metric Tons
Soybeans,2025-09-04,EGYPT,900.0,0.0,0.0,276900.0,Metric Tons
Soybeans,2025-09-04,INDNSIA,175836.0,23701.0,23701.0,335450.0,Metric Tons
Soybeans,2025-09-04,IRAQ,0.0,0.0,0.0,55000.0,Metric Tons
Soybeans,2025-09-04,ISRAEL,0.0,0.0,0.0,30000.0,Metric Tons
Soybeans,2025-09-04,ITALY,0.0,0.0,0.0,100000.0,Metric Tons
Soybeans,2025-09-04,JAPAN,108410.0,30960.0,30960.0,353793.0,Metric Tons
Soybeans,2025-09-04,KOR REP,24154.0,0.0,0.0,24554.0,Metric Tons
Soybeans,2025-09-04,MALAYSA,43243.0,15000.0,15000.0,142515.0,Metric Tons
Soybeans,2025-09-04,MEXICO,57895.0,49875.0,49875.0,1954437.0,Metric Tons
Soybeans,2025-09-04,NEPAL,19500.0,850.0,850.0,41150.0,Metric Tons
Soybeans,2025-09-04,PAKISTN,0.0,0.0,0.0,461000.0,Metric Tons
Soybeans,2025-09-04,PANAMA,0.0,0.0,0.0,13100.0,Metric Tons
Soybeans,2025-09-04,PHIL,6130.0,1965.0,1965.0,15720.0,Metric Tons
Soybeans,2025-09-04,QATAR,413.0,0.0,0.0,413.0,Metric Tons
Soybeans,2025-09-04,SENEGAL,52.0,26.0,26.0,26.0,Metric Tons
Soybeans,2025-09-04,SINGAPR,3334.0,0.0,0.0,3738.0,Metric Tons
Soybeans,2025-09-04,SPAIN,0.0,0.0,0.0,178500.0,Metric Tons
Soybeans,2025-09-04,TAIWAN,148739.0,33765.0,33765.0,555785.0,Metric Tons
Soybeans,2025-09-04,THAILND,24619.0,425.0,425.0,76455.0,Metric Tons
Soybeans,2025-09-04,TUNISIA,-811.0,29189.0,29189.0,30000.0,Metric Tons
Soybeans,2025-09-04,TURKEY,0.0,0.0,0.0,64000.0,Metric Tons
Soybeans,2025-09-04,U KING,0.0,0.0,0.0,132000.0,Metric Tons
Soybeans,2025-09-04,UNKNOWN,596650.0,0.0,0.0,3878600.0,Metric Tons
Soybeans,2025-09-04,VENEZ,650.0,0.0,0.0,6650.0,Metric Tons
Soybeans,2025-09-04,VIETNAM,34345.0,3376.0,3376.0,100206.0,Metric Tons
Soybeans,2025-09-11,ALGERIA,44508.0,44508.0,88670.0,0.0,Metric Tons
Soybeans,2025-09-11,BANGLADH,85295.0,110295.0,110295.0,140000.0,Metric Tons
Soybeans,2025-09-11,BARBADO,0.0,0.0,0.0,2700.0,Metric Tons
Soybeans,2025-09-11,C RICA,-280.0,12220.0,12220.0,74750.0,Metric Tons
Soybeans,2025-09-11,CAMBODIA,700.0,0.0,0.0,3184.0,Metric Tons
Soybeans,2025-09-11,CANADA,0.0,241.0,526.0,2472.0,Metric Tons
Soybeans,2025-09-11,COLOMB,15000.0,0.0,0.0,45500.0,Metric Tons
Soybeans,2025-09-11,DOM REP,4500.0,0.0,0.0,4500.0,Metric Tons
Soybeans,2025-09-11,EGYPT,228398.0,67398.0,67398.0,437900.0,Metric Tons
Soybeans,2025-09-11,FRANCE,58374.0,58374.0,58374.0,0.0,Metric Tons
Soybeans,2025-09-11,INDNSIA,32603.0,26512.0,50213.0,341541.0,Metric Tons
Soybeans,2025-09-11,IRAQ,0.0,0.0,0.0,55000.0,Metric Tons
Soybeans,2025-09-11,ISRAEL,0.0,0.0,0.0,30000.0,Metric Tons
Soybeans,2025-09-11,ITALY,0.0,0.0,0.0,100000.0,Metric Tons
Soybeans,2025-09-11,JAPAN,43443.0,55814.0,86774.0,341422.0,Metric Tons
Soybeans,2025-09-11,KOR REP,59.0,308.0,308.0,24305.0,Metric Tons
Soybeans,2025-09-11,MALAYSA,3903.0,7176.0,22176.0,139242.0,Metric Tons
Soybeans,2025-09-11,MEXICO,195405.0,85734.0,135609.0,2064108.0,Metric Tons
Soybeans,2025-09-11,NEPAL,0.0,2778.0,3628.0,38372.0,Metric Tons
Soybeans,2025-09-11,NETHLDS,0.0,0.0,0.0,0.0,Metric Tons
Soybeans,2025-09-11,PAKISTN,-1354.0,58646.0,58646.0,401000.0,Metric Tons
Soybeans,2025-09-11,PANAMA,0.0,0.0,0.0,13100.0,Metric Tons
Soybeans,2025-09-11,PHIL,6762.0,1617.0,3582.0,20865.0,Metric Tons
Soybeans,2025-09-11,QATAR,0.0,0.0,0.0,413.0,Metric Tons
Soybeans,2025-09-11,SENEGAL,0.0,0.0,26.0,26.0,Metric Tons
Soybeans,2025-09-11,SINGAPR,0.0,5.0,5.0,3733.0,Metric Tons
Soybeans,2025-09-11,SPAIN,179361.0,133361.0,133361.0,224500.0,Metric Tons
Soybeans,2025-09-11,TAIWAN,58435.0,24446.0,58211.0,589774.0,Metric Tons
Soybeans,2025-09-11,THAILND,20194.0,5907.0,6332.0,90742.0,Metric Tons
Soybeans,2025-09-11,TUNISIA,0.0,0.0,29189.0,30000.0,Metric Tons
Soybeans,2025-09-11,TURKEY,4248.0,68248.0,68248.0,0.0,Metric Tons
Soybeans,2025-09-11,U KING,0.0,0.0,0.0,132000.0,Metric Tons
Soybeans,2025-09-11,UNKNOWN,-148500.0,0.0,0.0,3730100.0,Metric Tons
Soybeans,2025-09-11,VENEZ,7000.0,0.0,0.0,13650.0,Metric Tons
Soybeans,2025-09-11,VIETNAM,15879.0,4449.0,7825.0,111636.0,Metric Tons
Soybeans,2025-09-18,ALGERIA,45000.0,0.0,88670.0,45000.0,Metric Tons
Soybeans,2025-09-18,BANGLADH,55000.0,0.0,110295.0,195000.0,Metric Tons
Soybeans,2025-09-18,BARBADO,0.0,0.0,0.0,2700.0,Metric Tons
Soybeans,2025-09-18,C RICA,0.0,0.0,12220.0,74750.0,Metric Tons
Soybeans,2025-09-18,CAMBODIA,0.0,23.0,23.0,3161.0,Metric Tons
Soybeans,2025-09-18,CANADA,0.0,671.0,1197.0,1801.0,Metric Tons
Soybeans,2025-09-18,COLOMB,0.0,0.0,0.0,45500.0,Metric Tons
Soybeans,2025-09-18,DOM REP,0.0,0.0,0.0,4500.0,Metric Tons
Soybeans,2025-09-18,EGYPT,166243.0,209243.0,276641.0,394900.0,Metric Tons
Soybeans,2025-09-18,FRANCE,0.0,0.0,58374.0,0.0,Metric Tons
Soybeans,2025-09-18,GREECE,20000.0,0.0,0.0,20000.0,Metric Tons
Soybeans,2025-09-18,INDNSIA,79398.0,80039.0,130252.0,340900.0,Metric Tons
Soybeans,2025-09-18,IRAQ,0.0,0.0,0.0,55000.0,Metric Tons
Soybeans,2025-09-18,ISRAEL,0.0,0.0,0.0,30000.0,Metric Tons
Soybeans,2025-09-18,ITALY,0.0,0.0,0.0,100000.0,Metric Tons
Soybeans,2025-09-18,JAPAN,33602.0,46696.0,133470.0,328328.0,Metric Tons
Soybeans,2025-09-18,KOR REP,-5.0,1247.0,1555.0,23053.0,Metric Tons
Soybeans,2025-09-18,MALAYSA,2997.0,9982.0,32158.0,132257.0,Metric Tons
Soybeans,2025-09-18,MEXICO,85912.0,47641.0,183250.0,2102379.0,Metric Tons
Soybeans,2025-09-18,NEPAL,0.0,700.0,4328.0,37672.0,Metric Tons
Soybeans,2025-09-18,NETHLDS,0.0,0.0,0.0,0.0,Metric Tons
Soybeans,2025-09-18,PAKISTN,5000.0,0.0,58646.0,406000.0,Metric Tons
Soybeans,2025-09-18,PANAMA,0.0,0.0,0.0,13100.0,Metric Tons
Soybeans,2025-09-18,PHIL,255.0,1227.0,4809.0,19893.0,Metric Tons
Soybeans,2025-09-18,QATAR,0.0,0.0,0.0,413.0,Metric Tons
Soybeans,2025-09-18,SENEGAL,0.0,26.0,52.0,0.0,Metric Tons
Soybeans,2025-09-18,SINGAPR,0.0,1808.0,1813.0,1925.0,Metric Tons
Soybeans,2025-09-18,SPAIN,17500.0,0.0,133361.0,242000.0,Metric Tons
Soybeans,2025-09-18,TAIWAN,115346.0,26500.0,84711.0,678620.0,Metric Tons
Soybeans,2025-09-18,THAILND,4598.0,6458.0,12790.0,88882.0,Metric Tons
Soybeans,2025-09-18,TUNISIA,0.0,0.0,29189.0,30000.0,Metric Tons
Soybeans,2025-09-18,TURKEY,0.0,0.0,68248.0,0.0,Metric Tons
Soybeans,2025-09-18,U KING,1126.0,67126.0,67126.0,66000.0,Metric Tons
Soybeans,2025-09-18,UNKNOWN,75000.0,0.0,0.0,3805100.0,Metric Tons
Soybeans,2025-09-18,VENEZ,5555.0,7205.0,7205.0,12000.0,Metric Tons
Soybeans,2025-09-18,VIETNAM,11932.0,5787.0,13612.0,117781.0,Metric Tons
Soybeans,2025-09-25,ALGERIA,0.0,0.0,88670.0,45000.0,Metric Tons
Soybeans,2025-09-25,BANGLADH,59238.0,59238.0,169533.0,195000.0,Metric Tons
Soybeans,2025-09-25,BARBADO,0.0,1000.0,1000.0,1700.0,Metric Tons
Soybeans,2025-09-25,C RICA,0.0,0.0,12220.0,74750.0,Metric Tons
Soybeans,2025-09-25,CAMBODIA,-148.0,1091.0,1114.0,1922.0,Metric Tons
Soybeans,2025-09-25,CANADA,1314.0,605.0,1802.0,2510.0,Metric Tons
Soybeans,2025-09-25,COLOMB,27140.0,24140.0,24140.0,48500.0,Metric Tons
Soybeans,2025-09-25,DOM REP,0.0,0.0,0.0,4500.0,Metric Tons
Soybeans,2025-09-25,EGYPT,114912.0,57912.0,334553.0,451900.0,Metric Tons
Soybeans,2025-09-25,FRANCE,0.0,0.0,58374.0,0.0,Metric Tons
Soybeans,2025-09-25,GREECE,0.0,0.0,0.0,20000.0,Metric Tons
Soybeans,2025-09-25,INDNSIA,7154.0,19133.0,149385.0,328921.0,Metric Tons
Soybeans,2025-09-25,IRAQ,55000.0,0.0,0.0,110000.0,Metric Tons
Soybeans,2025-09-25,ISRAEL,0.0,0.0,0.0,30000.0,Metric Tons
Soybeans,2025-09-25,ITALY,0.0,0.0,0.0,100000.0,Metric Tons
Soybeans,2025-09-25,JAPAN,107439.0,105714.0,239184.0,330053.0,Metric Tons
Soybeans,2025-09-25,KOR REP,300.0,0.0,1555.0,23353.0,Metric Tons
Soybeans,2025-09-25,LAOS,300.0,0.0,0.0,300.0,Metric Tons
Soybeans,2025-09-25,MALAYSA,4776.0,11520.0,43678.0,125513.0,Metric Tons
Soybeans,2025-09-25,MEXICO,22079.0,39286.0,222536.0,2085172.0,Metric Tons
Soybeans,2025-09-25,NEPAL,5000.0,0.0,4328.0,42672.0,Metric Tons
Soybeans,2025-09-25,NETHLDS,70619.0,70619.0,70619.0,0.0,Metric Tons
Soybeans,2025-09-25,PAKISTN,70000.0,0.0,58646.0,476000.0,Metric Tons
Soybeans,2025-09-25,PANAMA,7000.0,0.0,0.0,20100.0,Metric Tons
Soybeans,2025-09-25,PHIL,-1245.0,1907.0,6716.0,16741.0,Metric Tons
Soybeans,2025-09-25,QATAR,0.0,0.0,0.0,413.0,Metric Tons
Soybeans,2025-09-25,SENEGAL,0.0,0.0,52.0,0.0,Metric Tons
Soybeans,2025-09-25,SINGAPR,0.0,0.0,1813.0,1925.0,Metric Tons
Soybeans,2025-09-25,SPAIN,76681.0,59681.0,193042.0,259000.0,Metric Tons
Soybeans,2025-09-25,TAIWAN,7538.0,19596.0,104307.0,666562.0,Metric Tons
Soybeans,2025-09-25,THAILND,2742.0,2141.0,14931.0,89483.0,Metric Tons
Soybeans,2025-09-25,TUNISIA,0.0,0.0,29189.0,30000.0,Metric Tons
Soybeans,2025-09-25,TURKEY,72077.0,72077.0,140325.0,0.0,Metric Tons
Soybeans,2025-09-25,U KING,0.0,0.0,67126.0,66000.0,Metric Tons
Soybeans,2025-09-25,UNKNOWN,86050.0,0.0,0.0,3891150.0,Metric Tons
Soybeans,2025-09-25,VENEZ,10000.0,0.0,7205.0,22000.0,Metric Tons
Soybeans,2025-09-25,VIETNAM,6231.0,7292.0,20904.0,116720.0,Metric Tons
Soybeans,2025-10-02,ALGERIA,84000.0,0.0,88670.0,129000.0,Metric Tons
Soybeans,2025-10-02,BANGLADH,58000.0,0.0,169533.0,253000.0,Metric Tons
Soybeans,2025-10-02,BARBADO,0.0,0.0,1000.0,1700.0,Metric Tons
Soybeans,2025-10-02,C RICA,35.0,12285.0,24505.0,62500.0,Metric Tons
Soybeans,2025-10-02,CAMBODIA,0.0,0.0,1114.0,1922.0,Metric Tons
Soybeans,2025-10-02,CANADA,3674.0,113.0,1915.0,6071.0,Metric Tons
Soybeans,2025-10-02,COLOMB,285.0,6285.0,30425.0,42500.0,Metric Tons
Soybeans,2025-10-02,DOM REP,0.0,0.0,0.0,4500.0,Metric Tons
Soybeans,2025-10-02,EGYPT,237570.0,181570.0,516123.0,507900.0,Metric Tons
Soybeans,2025-10-02,FRANCE,0.0,0.0,58374.0,0.0,Metric Tons
Soybeans,2025-10-02,GREECE,0.0,0.0,0.0,20000.0,Metric Tons
Soybeans,2025-10-02,INDNSIA,15656.0,24655.0,174040.0,319922.0,Metric Tons
Soybeans,2025-10-02,IRAQ,0.0,0.0,0.0,110000.0,Metric Tons
Soybeans,2025-10-02,ISRAEL,0.0,0.0,0.0,30000.0,Metric Tons
Soybeans,2025-10-02,ITALY,-4100.0,45900.0,45900.0,50000.0,Metric Tons
Soybeans,2025-10-02,JAPAN,25102.0,13482.0,252666.0,341673.0,Metric Tons
Soybeans,2025-10-02,KOR REP,5518.0,200.0,1755.0,28671.0,Metric Tons
Soybeans,2025-10-02,LAOS,0.0,0.0,0.0,300.0,Metric Tons
Soybeans,2025-10-02,MALAYSA,16996.0,1656.0,45334.0,140853.0,Metric Tons
Soybeans,2025-10-02,MEXICO,161970.0,196191.0,418727.0,2050951.0,Metric Tons
Soybeans,2025-10-02,MOROCCO,10000.0,0.0,0.0,10000.0,Metric Tons
Soybeans,2025-10-02,NEPAL,500.0,1200.0,5528.0,41972.0,Metric Tons
Soybeans,2025-10-02,NETHLDS,0.0,0.0,70619.0,0.0,Metric Tons
Soybeans,2025-10-02,PAKISTN,54037.0,115037.0,173683.0,415000.0,Metric Tons
Soybeans,2025-10-02,PANAMA,0.0,0.0,0.0,20100.0,Metric Tons
Soybeans,2025-10-02,PHIL,253.0,4407.0,11123.0,12587.0,Metric Tons
Soybeans,2025-10-02,QATAR,0.0,0.0,0.0,413.0,Metric Tons
Soybeans,2025-10-02,S ARAB,21871.0,21871.0,21871.0,0.0,Metric Tons
Soybeans,2025-10-02,SENEGAL,0.0,0.0,52.0,0.0,Metric Tons
Soybeans,2025-10-02,SINGAPR,20.0,0.0,1813.0,1945.0,Metric Tons
Soybeans,2025-10-02,SPAIN,23000.0,0.0,193042.0,282000.0,Metric Tons
Soybeans,2025-10-02,TAIWAN,11682.0,19396.0,123703.0,658848.0,Metric Tons
Soybeans,2025-10-02,THAILND,1613.0,3180.0,18111.0,87916.0,Metric Tons
Soybeans,2025-10-02,TUNISIA,0.0,0.0,29189.0,30000.0,Metric Tons
Soybeans,2025-10-02,TURKEY,134298.0,69298.0,209623.0,65000.0,Metric Tons
Soybeans,2025-10-02,U KING,0.0,0.0,67126.0,66000.0,Metric Tons
Soybeans,2025-10-02,UNKNOWN,22650.0,0.0,0.0,3913800.0,Metric Tons
Soybeans,2025-10-02,VENEZ,5000.0,0.0,7205.0,27000.0,Metric Tons
Soybeans,2025-10-02,VIETNAM,29817.0,3736.0,24640.0,142801.0,Metric Tons
Soybeans,2025-10-09,ALGERIA,-1.0,44999.0,133669.0,84000.0,Metric Tons
Soybeans,2025-10-09,BANGLADH,172600.0,117600.0,287133.0,308000.0,Metric Tons
Soybeans,2025-10-09,BARBADO,0.0,0.0,1000.0,1700.0,Metric Tons
Soybeans,2025-10-09,C RICA,37750.0,0.0,24505.0,100250.0,Metric Tons
Soybeans,2025-10-09,CAMBODIA,0.0,513.0,1627.0,1409.0,Metric Tons
Soybeans,2025-10-09,CANADA,682.0,227.0,2142.0,6526.0,Metric Tons
Soybeans,2025-10-09,COLOMB,499.0,6999.0,37424.0,36000.0,Metric Tons
Soybeans,2025-10-09,DOM REP,458.0,4958.0,4958.0,0.0,Metric Tons
Soybeans,2025-10-09,EGYPT,63000.0,0.0,516123.0,570900.0,Metric Tons
Soybeans,2025-10-09,FRANCE,71465.0,71465.0,129839.0,0.0,Metric Tons
Soybeans,2025-10-09,GREECE,0.0,0.0,0.0,20000.0,Metric Tons
Soybeans,2025-10-09,INDNSIA,37124.0,19511.0,193551.0,337535.0,Metric Tons
Soybeans,2025-10-09,IRAQ,0.0,0.0,0.0,110000.0,Metric Tons
Soybeans,2025-10-09,ISRAEL,0.0,0.0,0.0,30000.0,Metric Tons
Soybeans,2025-10-09,ITALY,47600.0,47600.0,93500.0,50000.0,Metric Tons
Soybeans,2025-10-09,JAPAN,23896.0,5473.0,258139.0,360096.0,Metric Tons
Soybeans,2025-10-09,KOR REP,6603.0,420.0,2175.0,34854.0,Metric Tons
Soybeans,2025-10-09,LAOS,0.0,0.0,0.0,300.0,Metric Tons
Soybeans,2025-10-09,MALAYSA,1271.0,2588.0,47922.0,139536.0,Metric Tons
Soybeans,2025-10-09,MEXICO,202253.0,151331.0,570058.0,2101873.0,Metric Tons
Soybeans,2025-10-09,MOROCCO,0.0,0.0,0.0,10000.0,Metric Tons
Soybeans,2025-10-09,NEPAL,2035.0,0.0,5528.0,44007.0,Metric Tons
Soybeans,2025-10-09,NETHLDS,51294.0,51294.0,121913.0,0.0,Metric Tons
Soybeans,2025-10-09,PAKISTN,124172.0,117172.0,290855.0,422000.0,Metric Tons
Soybeans,2025-10-09,PANAMA,0.0,0.0,0.0,20100.0,Metric Tons
Soybeans,2025-10-09,PHIL,9650.0,52.0,11175.0,22185.0,Metric Tons
Soybeans,2025-10-09,QATAR,0.0,0.0,0.0,413.0,Metric Tons
Soybeans,2025-10-09,S ARAB,0.0,0.0,21871.0,0.0,Metric Tons
Soybeans,2025-10-09,SENEGAL,0.0,0.0,52.0,0.0,Metric Tons
Soybeans,2025-10-09,SINGAPR,0.0,6.0,1819.0,1939.0,Metric Tons
Soybeans,2025-10-09,SPAIN,131000.0,25000.0,218042.0,388000.0,Metric Tons
Soybeans,2025-10-09,TAIWAN,12016.0,15052.0,138755.0,655812.0,Metric Tons
Soybeans,2025-10-09,THAILND,3006.0,4385.0,22496.0,86537.0,Metric Tons
Soybeans,2025-10-09,TUNISIA,0.0,0.0,29189.0,30000.0,Metric Tons
Soybeans,2025-10-09,TURKEY,0.0,0.0,209623.0,65000.0,Metric Tons
Soybeans,2025-10-09,U KING,0.0,0.0,67126.0,66000.0,Metric Tons
Soybeans,2025-10-09,UNKNOWN,-281000.0,0.0,0.0,3632800.0,Metric Tons
Soybeans,2025-10-09,VENEZ,0.0,0.0,7205.0,27000.0,Metric Tons
Soybeans,2025-10-09,VIETNAM,67630.0,6177.0,30817.0,204254.0,Metric Tons
Soybeans,2025-10-16,ALGERIA,45000.0,0.0,133669.0,129000.0,Metric Tons
Soybeans,2025-10-16,BANGLADH,236412.0,175412.0,462545.0,369000.0,Metric Tons
Soybeans,2025-10-16,BARBADO,0.0,0.0,1000.0,1700.0,Metric Tons
Soybeans,2025-10-16,C RICA,-226.0,7274.0,31779.0,92750.0,Metric Tons
Soybeans,2025-10-16,CAMBODIA,0.0,368.0,1995.0,1041.0,Metric Tons
Soybeans,2025-10-16,CANADA,0.0,3013.0,5155.0,3513.0,Metric Tons
Soybeans,2025-10-16,COLOMB,20000.0,0.0,37424.0,56000.0,Metric Tons
Soybeans,2025-10-16,DOM REP,0.0,0.0,4958.0,0.0,Metric Tons
Soybeans,2025-10-16,EGYPT,58654.0,163654.0,679777.0,465900.0,Metric Tons
Soybeans,2025-10-16,FRANCE,0.0,0.0,129839.0,0.0,Metric Tons
Soybeans,2025-10-16,GERMANY,1000.0,0.0,0.0,1000.0,Metric Tons
Soybeans,2025-10-16,GREECE,110.0,20110.0,20110.0,0.0,Metric Tons
Soybeans,2025-10-16,INDNSIA,34316.0,22618.0,216169.0,349233.0,Metric Tons
Soybeans,2025-10-16,IRAQ,2057.0,57057.0,57057.0,55000.0,Metric Tons
Soybeans,2025-10-16,ISRAEL,0.0,0.0,0.0,30000.0,Metric Tons
Soybeans,2025-10-16,ITALY,0.0,0.0,93500.0,50000.0,Metric Tons
Soybeans,2025-10-16,JAPAN,77326.0,78616.0,336755.0,358806.0,Metric Tons
Soybeans,2025-10-16,KOR REP,59299.0,59679.0,61854.0,34474.0,Metric Tons
Soybeans,2025-10-16,LAOS,0.0,0.0,0.0,300.0,Metric Tons
Soybeans,2025-10-16,MALAYSA,17696.0,9476.0,57398.0,147756.0,Metric Tons
Soybeans,2025-10-16,MEXICO,101320.0,233509.0,803567.0,1969684.0,Metric Tons
Soybeans,2025-10-16,MOROCCO,0.0,0.0,0.0,10000.0,Metric Tons
Soybeans,2025-10-16,NEPAL,8000.0,1000.0,6528.0,51007.0,Metric Tons
Soybeans,2025-10-16,NETHLDS,188384.0,188384.0,310297.0,0.0,Metric Tons
Soybeans,2025-10-16,PAKISTN,110879.0,167379.0,458234.0,365500.0,Metric Tons
Soybeans,2025-10-16,PANAMA,0.0,0.0,0.0,20100.0,Metric Tons
Soybeans,2025-10-16,PERU,35200.0,35200.0,35200.0,0.0,Metric Tons
Soybeans,2025-10-16,PHIL,5410.0,804.0,11979.0,26791.0,Metric Tons
Soybeans,2025-10-16,QATAR,0.0,0.0,0.0,413.0,Metric Tons
Soybeans,2025-10-16,S ARAB,0.0,0.0,21871.0,0.0,Metric Tons
Soybeans,2025-10-16,SENEGAL,0.0,0.0,52.0,0.0,Metric Tons
Soybeans,2025-10-16,SINGAPR,0.0,0.0,1819.0,1939.0,Metric Tons
Soybeans,2025-10-16,SPAIN,6649.0,96649.0,314691.0,298000.0,Metric Tons
Soybeans,2025-10-16,TAIWAN,15610.0,112173.0,250928.0,559249.0,Metric Tons
Soybeans,2025-10-16,THAILND,59992.0,64501.0,86997.0,82028.0,Metric Tons
Soybeans,2025-10-16,TUNISIA,0.0,0.0,29189.0,30000.0,Metric Tons
Soybeans,2025-10-16,TURKEY,21172.0,21172.0,230795.0,65000.0,Metric Tons
Soybeans,2025-10-16,U KING,0.0,0.0,67126.0,66000.0,Metric Tons
Soybeans,2025-10-16,UNKNOWN,-274450.0,0.0,0.0,3358350.0,Metric Tons
Soybeans,2025-10-16,VENEZ,0.0,0.0,7205.0,27000.0,Metric Tons
Soybeans,2025-10-16,VIETNAM,219022.0,152827.0,183644.0,270449.0,Metric Tons
Soybeans,2025-10-23,ALGERIA,95000.0,0.0,133669.0,224000.0,Metric Tons
Soybeans,2025-10-23,BANGLADH,2893.0,57893.0,520438.0,314000.0,Metric Tons
Soybeans,2025-10-23,BARBADO,400.0,0.0,1000.0,2100.0,Metric Tons
Soybeans,2025-10-23,C RICA,0.0,0.0,31779.0,92750.0,Metric Tons
Soybeans,2025-10-23,CAMBODIA,-97.0,460.0,2455.0,484.0,Metric Tons
Soybeans,2025-10-23,CANADA,544.0,1428.0,6583.0,2629.0,Metric Tons
Soybeans,2025-10-23,COLOMB,23000.0,11000.0,48424.0,68000.0,Metric Tons
Soybeans,2025-10-23,DOM REP,0.0,0.0,4958.0,0.0,Metric Tons
Soybeans,2025-10-23,EGYPT,222561.0,147561.0,827338.0,540900.0,Metric Tons
Soybeans,2025-10-23,FRANCE,0.0,0.0,129839.0,0.0,Metric Tons
Soybeans,2025-10-23,GERMANY,186663.0,187663.0,187663.0,0.0,Metric Tons
Soybeans,2025-10-23,GREECE,10602.0,10602.0,30712.0,0.0,Metric Tons
Soybeans,2025-10-23,INDNSIA,11630.0,31562.0,247731.0,329301.0,Metric Tons
Soybeans,2025-10-23,IRAQ,0.0,0.0,57057.0,55000.0,Metric Tons
Soybeans,2025-10-23,ISRAEL,590.0,30590.0,30590.0,0.0,Metric Tons
Soybeans,2025-10-23,ITALY,125079.0,59079.0,152579.0,116000.0,Metric Tons
Soybeans,2025-10-23,JAPAN,42641.0,43861.0,380616.0,357586.0,Metric Tons
Soybeans,2025-10-23,KOR REP,60065.0,60085.0,121939.0,34454.0,Metric Tons
Soybeans,2025-10-23,LAOS,0.0,69.0,69.0,231.0,Metric Tons
Soybeans,2025-10-23,LEBANON,19000.0,19000.0,19000.0,0.0,Metric Tons
Soybeans,2025-10-23,MALAYSA,12239.0,11495.0,68893.0,148500.0,Metric Tons
Soybeans,2025-10-23,MEXICO,232650.0,245465.0,1049032.0,1956869.0,Metric Tons
Soybeans,2025-10-23,MOROCCO,0.0,0.0,0.0,10000.0,Metric Tons
Soybeans,2025-10-23,NEPAL,2000.0,1700.0,8228.0,51307.0,Metric Tons
Soybeans,2025-10-23,NETHLDS,122941.0,122941.0,433238.0,0.0,Metric Tons
Soybeans,2025-10-23,PAKISTN,191508.0,125508.0,583742.0,431500.0,Metric Tons
Soybeans,2025-10-23,PANAMA,0.0,0.0,0.0,20100.0,Metric Tons
Soybeans,2025-10-23,PERU,0.0,0.0,35200.0,0.0,Metric Tons
Soybeans,2025-10-23,PHIL,3438.0,1475.0,13454.0,28754.0,Metric Tons
Soybeans,2025-10-23,QATAR,0.0,0.0,0.0,413.0,Metric Tons
Soybeans,2025-10-23,S ARAB,0.0,0.0,21871.0,0.0,Metric Tons
Soybeans,2025-10-23,SENEGAL,0.0,0.0,52.0,0.0,Metric Tons
Soybeans,2025-10-23,SINGAPR,0.0,0.0,1819.0,1939.0,Metric Tons
Soybeans,2025-10-23,SPAIN,68482.0,68482.0,383173.0,298000.0,Metric Tons
Soybeans,2025-10-23,TAIWAN,13971.0,111478.0,362406.0,461742.0,Metric Tons
Soybeans,2025-10-23,THAILND,5688.0,4033.0,91030.0,83683.0,Metric Tons
Soybeans,2025-10-23,TUNISIA,21110.0,21110.0,50299.0,30000.0,Metric Tons
Soybeans,2025-10-23,TURKEY,66000.0,0.0,230795.0,131000.0,Metric Tons
Soybeans,2025-10-23,U KING,0.0,0.0,67126.0,66000.0,Metric Tons
Soybeans,2025-10-23,UNKNOWN,-100700.0,0.0,0.0,3257650.0,Metric Tons
Soybeans,2025-10-23,VENEZ,0.0,0.0,7205.0,27000.0,Metric Tons
Soybeans,2025-10-23,VIETNAM,9899.0,13649.0,197293.0,266699.0,Metric Tons
Soybeans,2025-10-30,ALGERIA,0.0,0.0,133669.0,224000.0,Metric Tons
Soybeans,2025-10-30,BANGLADH,64655.0,119655.0,640093.0,259000.0,Metric Tons
Soybeans,2025-10-30,BARBADO,0.0,0.0,1000.0,2100.0,Metric Tons
Soybeans,2025-10-30,C RICA,21551.0,14051.0,45830.0,100250.0,Metric Tons
Soybeans,2025-10-30,CAMBODIA,31.0,0.0,2455.0,515.0,Metric Tons
Soybeans,2025-10-30,CANADA,1633.0,897.0,7480.0,3365.0,Metric Tons
Soybeans,2025-10-30,CHINA,232000.0,0.0,0.0,232000.0,Metric Tons
Soybeans,2025-10-30,COLOMB,10299.0,17299.0,65723.0,61000.0,Metric Tons
Soybeans,2025-10-30,DOM REP,0.0,0.0,4958.0,0.0,Metric Tons
Soybeans,2025-10-30,EGYPT,118354.0,234354.0,1061692.0,424900.0,Metric Tons
Soybeans,2025-10-30,FRANCE,0.0,0.0,129839.0,0.0,Metric Tons
Soybeans,2025-10-30,GERMANY,0.0,0.0,187663.0,0.0,Metric Tons
Soybeans,2025-10-30,GREECE,0.0,0.0,30712.0,0.0,Metric Tons
Soybeans,2025-10-30,INDNSIA,36541.0,28528.0,276259.0,337314.0,Metric Tons
Soybeans,2025-10-30,IRAQ,0.0,0.0,57057.0,55000.0,Metric Tons
Soybeans,2025-10-30,ISRAEL,0.0,0.0,30590.0,0.0,Metric Tons
Soybeans,2025-10-30,ITALY,0.0,0.0,152579.0,116000.0,Metric Tons
Soybeans,2025-10-30,JAPAN,110739.0,99054.0,479670.0,369271.0,Metric Tons
Soybeans,2025-10-30,KOR REP,584.0,180.0,122119.0,34858.0,Metric Tons
Soybeans,2025-10-30,LAOS,0.0,0.0,69.0,231.0,Metric Tons
Soybeans,2025-10-30,LEBANON,0.0,0.0,19000.0,0.0,Metric Tons
Soybeans,2025-10-30,MALAYSA,1185.0,21136.0,90029.0,128549.0,Metric Tons
Soybeans,2025-10-30,MEXICO,66994.0,150737.0,1199769.0,1873126.0,Metric Tons
Soybeans,2025-10-30,MOROCCO,1000.0,0.0,0.0,11000.0,Metric Tons
Soybeans,2025-10-30,NEPAL,2021.0,1321.0,9549.0,52007.0,Metric Tons
Soybeans,2025-10-30,NETHLDS,0.0,0.0,433238.0,0.0,Metric Tons
Soybeans,2025-10-30,PAKISTN,2000.0,0.0,583742.0,433500.0,Metric Tons
Soybeans,2025-10-30,PANAMA,340.0,7140.0,7140.0,13300.0,Metric Tons
Soybeans,2025-10-30,PERU,0.0,0.0,35200.0,0.0,Metric Tons
Soybeans,2025-10-30,PHIL,1477.0,2828.0,16282.0,27403.0,Metric Tons
Soybeans,2025-10-30,QATAR,0.0,0.0,0.0,413.0,Metric Tons
Soybeans,2025-10-30,S ARAB,0.0,0.0,21871.0,0.0,Metric Tons
Soybeans,2025-10-30,SENEGAL,200.0,0.0,52.0,200.0,Metric Tons
Soybeans,2025-10-30,SINGAPR,0.0,0.0,1819.0,1939.0,Metric Tons
Soybeans,2025-10-30,SPAIN,163691.0,143691.0,526864.0,318000.0,Metric Tons
Soybeans,2025-10-30,TAIWAN,17296.0,36178.0,398584.0,442860.0,Metric Tons
Soybeans,2025-10-30,THAILND,20443.0,24388.0,115418.0,79738.0,Metric Tons
Soybeans,2025-10-30,TUNISIA,33647.0,63647.0,113946.0,0.0,Metric Tons
Soybeans,2025-10-30,TURKEY,0.0,0.0,230795.0,131000.0,Metric Tons
Soybeans,2025-10-30,U KING,0.0,0.0,67126.0,66000.0,Metric Tons
Soybeans,2025-10-30,UNKNOWN,281850.0,0.0,0.0,3539500.0,Metric Tons
Soybeans,2025-10-30,VENEZ,9500.0,0.0,7205.0,36500.0,Metric Tons
Soybeans,2025-10-30,VIETNAM,50463.0,63385.0,260678.0,253777.0,Metric Tons
Soybeans,2025-11-06,ALGERIA,45039.0,45039.0,178708.0,224000.0,Metric Tons
Soybeans,2025-11-06,BANGLADH,58624.0,58624.0,698717.0,259000.0,Metric Tons
Soybeans,2025-11-06,BARBADO,0.0,0.0,1000.0,2100.0,Metric Tons
Soybeans,2025-11-06,C RICA,767.0,12517.0,58347.0,88500.0,Metric Tons
Soybeans,2025-11-06,CAMBODIA,-21.0,381.0,2836.0,113.0,Metric Tons
Soybeans,2025-11-06,CANADA,1904.0,1104.0,8584.0,4165.0,Metric Tons
Soybeans,2025-11-06,CHINA,232000.0,0.0,0.0,464000.0,Metric Tons
Soybeans,2025-11-06,COLOMB,0.0,0.0,65723.0,61000.0,Metric Tons
Soybeans,2025-11-06,DOM REP,0.0,0.0,4958.0,0.0,Metric Tons
Soybeans,2025-11-06,EGYPT,124164.0,124164.0,1185856.0,424900.0,Metric Tons
Soybeans,2025-11-06,FRANCE,0.0,0.0,129839.0,0.0,Metric Tons
Soybeans,2025-11-06,GERMANY,0.0,0.0,187663.0,0.0,Metric Tons
Soybeans,2025-11-06,GREECE,0.0,0.0,30712.0,0.0,Metric Tons
Soybeans,2025-11-06,INDNSIA,36203.0,23848.0,300107.0,349669.0,Metric Tons
Soybeans,2025-11-06,IRAQ,3175.0,58175.0,115232.0,0.0,Metric Tons
Soybeans,2025-11-06,ISRAEL,0.0,0.0,30590.0,0.0,Metric Tons
Soybeans,2025-11-06,ITALY,-14.0,49986.0,202565.0,66000.0,Metric Tons
Soybeans,2025-11-06,JAPAN,32051.0,52982.0,532652.0,348340.0,Metric Tons
Soybeans,2025-11-06,KOR REP,-180.0,0.0,122119.0,34678.0,Metric Tons
Soybeans,2025-11-06,LAOS,0.0,0.0,69.0,231.0,Metric Tons
Soybeans,2025-11-06,LEBANON,0.0,0.0,19000.0,0.0,Metric Tons
Soybeans,2025-11-06,MALAYSA,0.0,8199.0,98228.0,120350.0,Metric Tons
Soybeans,2025-11-06,MEXICO,2142.0,108414.0,1308183.0,1766854.0,Metric Tons
Soybeans,2025-11-06,MOROCCO,0.0,0.0,0.0,11000.0,Metric Tons
Soybeans,2025-11-06,NEPAL,500.0,0.0,9549.0,52507.0,Metric Tons
Soybeans,2025-11-06,NETHLDS,0.0,0.0,433238.0,0.0,Metric Tons
Soybeans,2025-11-06,PAKISTN,2268.0,186768.0,770510.0,249000.0,Metric Tons
Soybeans,2025-11-06,PANAMA,0.0,0.0,7140.0,13300.0,Metric Tons
Soybeans,2025-11-06,PERU,0.0,0.0,35200.0,0.0,Metric Tons
Soybeans,2025-11-06,PHIL,-11.0,2128.0,18410.0,25264.0,Metric Tons
Soybeans,2025-11-06,PORTUGL,35500.0,35500.0,35500.0,0.0,Metric Tons
Soybeans,2025-11-06,QATAR,0.0,0.0,0.0,413.0,Metric Tons
Soybeans,2025-11-06,S ARAB,0.0,0.0,21871.0,0.0,Metric Tons
Soybeans,2025-11-06,SENEGAL,0.0,0.0,52.0,200.0,Metric Tons
Soybeans,2025-11-06,SINGAPR,0.0,0.0,1819.0,1939.0,Metric Tons
Soybeans,2025-11-06,SPAIN,-34250.0,60250.0,587114.0,223500.0,Metric Tons
Soybeans,2025-11-06,TAIWAN,14214.0,25577.0,424161.0,431497.0,Metric Tons
Soybeans,2025-11-06,THAILND,1442.0,4204.0,119622.0,76976.0,Metric Tons
Soybeans,2025-11-06,TUNISIA,30000.0,0.0,113946.0,30000.0,Metric Tons
Soybeans,2025-11-06,TURKEY,0.0,0.0,230795.0,131000.0,Metric Tons
Soybeans,2025-11-06,U KING,0.0,0.0,67126.0,66000.0,Metric Tons
Soybeans,2025-11-06,UNKNOWN,-137039.0,0.0,0.0,3402461.0,Metric Tons
Soybeans,2025-11-06,VENEZ,101.0,5101.0,12306.0,31500.0,Metric Tons
Soybeans,2025-11-06,VIETNAM,2575.0,5483.0,266161.0,250869.0,Metric Tons
Soybeans,2025-11-13,ALGERIA,0.0,0.0,178708.0,224000.0,Metric Tons
Soybeans,2025-11-13,BANGLADH,964.0,55964.0,754681.0,204000.0,Metric Tons
Soybeans,2025-11-13,BARBADO,0.0,0.0,1000.0,2100.0,Metric Tons
Soybeans,2025-11-13,C RICA,0.0,0.0,58347.0,88500.0,Metric Tons
Soybeans,2025-11-13,CAMBODIA,0.0,0.0,2836.0,113.0,Metric Tons
Soybeans,2025-11-13,CANADA,0.0,986.0,9570.0,3179.0,Metric Tons
Soybeans,2025-11-13,CHINA,-100000.0,0.0,0.0,364000.0,Metric Tons
Soybeans,2025-11-13,COLOMB,11958.0,18958.0,84681.0,54000.0,Metric Tons
Soybeans,2025-11-13,DOM REP,0.0,0.0,4958.0,0.0,Metric Tons
Soybeans,2025-11-13,EGYPT,111416.0,176416.0,1362272.0,359900.0,Metric Tons
Soybeans,2025-11-13,FRANCE,0.0,0.0,129839.0,0.0,Metric Tons
Soybeans,2025-11-13,GERMANY,190594.0,190594.0,378257.0,0.0,Metric Tons
Soybeans,2025-11-13,GREECE,0.0,0.0,30712.0,0.0,Metric Tons
Soybeans,2025-11-13,INDNSIA,92559.0,110717.0,410824.0,331511.0,Metric Tons
Soybeans,2025-11-13,IRAQ,0.0,0.0,115232.0,0.0,Metric Tons
Soybeans,2025-11-13,ISRAEL,0.0,0.0,30590.0,0.0,Metric Tons
Soybeans,2025-11-13,ITALY,62837.0,128837.0,331402.0,0.0,Metric Tons
Soybeans,2025-11-13,JAPAN,60960.0,1857.0,534509.0,407443.0,Metric Tons
Soybeans,2025-11-13,KOR REP,61657.0,61135.0,183254.0,35200.0,Metric Tons
Soybeans,2025-11-13,LAOS,-18.0,213.0,282.0,0.0,Metric Tons
Soybeans,2025-11-13,LEBANON,0.0,0.0,19000.0,0.0,Metric Tons
Soybeans,2025-11-13,MALAYSA,1616.0,8676.0,106904.0,113290.0,Metric Tons
Soybeans,2025-11-13,MEXICO,86496.0,204333.0,1512516.0,1649017.0,Metric Tons
Soybeans,2025-11-13,MOROCCO,0.0,0.0,0.0,11000.0,Metric Tons
Soybeans,2025-11-13,NEPAL,0.0,0.0,9549.0,52507.0,Metric Tons
Soybeans,2025-11-13,NETHLDS,0.0,0.0,433238.0,0.0,Metric Tons
Soybeans,2025-11-13,PAKISTN,-1051.0,52949.0,823459.0,195000.0,Metric Tons
Soybeans,2025-11-13,PANAMA,0.0,0.0,7140.0,13300.0,Metric Tons
Soybeans,2025-11-13,PERU,12000.0,0.0,35200.0,12000.0,Metric Tons
Soybeans,2025-11-13,PHIL,150.0,1351.0,19761.0,24063.0,Metric Tons
Soybeans,2025-11-13,PORTUGL,0.0,0.0,35500.0,0.0,Metric Tons
Soybeans,2025-11-13,QATAR,0.0,0.0,0.0,413.0,Metric Tons
Soybeans,2025-11-13,S ARAB,21228.0,21228.0,43099.0,0.0,Metric Tons
Soybeans,2025-11-13,SENEGAL,0.0,0.0,52.0,200.0,Metric Tons
Soybeans,2025-11-13,SINGAPR,400.0,0.0,1819.0,2339.0,Metric Tons
Soybeans,2025-11-13,SPAIN,70591.0,70591.0,657705.0,223500.0,Metric Tons
Soybeans,2025-11-13,TAIWAN,43564.0,24674.0,448835.0,450387.0,Metric Tons
Soybeans,2025-11-13,THAILND,360.0,2228.0,121850.0,75108.0,Metric Tons
Soybeans,2025-11-13,TUNISIA,30665.0,30665.0,144611.0,30000.0,Metric Tons
Soybeans,2025-11-13,TURKEY,147331.0,212331.0,443126.0,66000.0,Metric Tons
Soybeans,2025-11-13,U KING,66000.0,0.0,67126.0,132000.0,Metric Tons
Soybeans,2025-11-13,UNKNOWN,-350300.0,0.0,0.0,3052161.0,Metric Tons
Soybeans,2025-11-13,VENEZ,0.0,0.0,12306.0,31500.0,Metric Tons
Soybeans,2025-11-13,VIETNAM,14351.0,118839.0,385000.0,146381.0,Metric Tons
Soybeans,2025-11-20,ALGERIA,53824.0,140824.0,319532.0,137000.0,Metric Tons
Soybeans,2025-11-20,BANGLADH,64726.0,153660.0,908341.0,115066.0,Metric Tons
Soybeans,2025-11-20,BARBADO,0.0,2100.0,3100.0,0.0,Metric Tons
Soybeans,2025-11-20,C RICA,-625.0,6875.0,65222.0,81000.0,Metric Tons
Soybeans,2025-11-20,CAMBODIA,0.0,0.0,2836.0,113.0,Metric Tons
Soybeans,2025-11-20,CANADA,0.0,1088.0,10658.0,2091.0,Metric Tons
Soybeans,2025-11-20,CHINA,2142000.0,0.0,0.0,2506000.0,Metric Tons
Soybeans,2025-11-20,COLOMB,10779.0,30779.0,115460.0,34000.0,Metric Tons
Soybeans,2025-11-20,DOM REP,0.0,0.0,4958.0,0.0,Metric Tons
Soybeans,2025-11-20,EGYPT,-5298.0,57702.0,1419974.0,296900.0,Metric Tons
Soybeans,2025-11-20,FRANCE,0.0,0.0,129839.0,0.0,Metric Tons
Soybeans,2025-11-20,GERMANY,0.0,0.0,378257.0,0.0,Metric Tons
Soybeans,2025-11-20,GREECE,0.0,0.0,30712.0,0.0,Metric Tons
Soybeans,2025-11-20,INDNSIA,21252.0,12109.0,422933.0,340654.0,Metric Tons
Soybeans,2025-11-20,IRAQ,0.0,0.0,115232.0,0.0,Metric Tons
Soybeans,2025-11-20,ISRAEL,0.0,0.0,30590.0,0.0,Metric Tons
Soybeans,2025-11-20,ITALY,55000.0,0.0,331402.0,55000.0,Metric Tons
Soybeans,2025-11-20,JAPAN,16967.0,13374.0,547883.0,411036.0,Metric Tons
Soybeans,2025-11-20,KOR REP,0.0,160.0,183414.0,35040.0,Metric Tons
Soybeans,2025-11-20,LAOS,0.0,0.0,282.0,0.0,Metric Tons
Soybeans,2025-11-20,LEBANON,0.0,0.0,19000.0,0.0,Metric Tons
Soybeans,2025-11-20,MALAYSA,4239.0,13924.0,120828.0,103605.0,Metric Tons
Soybeans,2025-11-20,MEXICO,24544.0,70750.0,1583266.0,1602811.0,Metric Tons
Soybeans,2025-11-20,MOROCCO,0.0,0.0,0.0,11000.0,Metric Tons
Soybeans,2025-11-20,NEPAL,0.0,458.0,10007.0,52049.0,Metric Tons
Soybeans,2025-11-20,NETHLDS,0.0,0.0,433238.0,0.0,Metric Tons
Soybeans,2025-11-20,PAKISTN,-124500.0,0.0,823459.0,70500.0,Metric Tons
Soybeans,2025-11-20,PANAMA,0.0,0.0,7140.0,13300.0,Metric Tons
Soybeans,2025-11-20,PERU,0.0,0.0,35200.0,12000.0,Metric Tons
Soybeans,2025-11-20,PHIL,3162.0,1102.0,20863.0,26123.0,Metric Tons
Soybeans,2025-11-20,PORTUGL,0.0,0.0,35500.0,0.0,Metric Tons
Soybeans,2025-11-20,QATAR,0.0,0.0,0.0,413.0,Metric Tons
Soybeans,2025-11-20,S ARAB,0.0,0.0,43099.0,0.0,Metric Tons
Soybeans,2025-11-20,SENEGAL,0.0,0.0,52.0,200.0,Metric Tons
Soybeans,2025-11-20,SINGAPR,0.0,0.0,1819.0,2339.0,Metric Tons
Soybeans,2025-11-20,SPAIN,6475.0,72475.0,730180.0,157500.0,Metric Tons
Soybeans,2025-11-20,TAIWAN,17487.0,92162.0,540997.0,375712.0,Metric Tons
Soybeans,2025-11-20,THAILND,12149.0,5431.0,127281.0,81826.0,Metric Tons
Soybeans,2025-11-20,TUNISIA,0.0,0.0,144611.0,30000.0,Metric Tons
Soybeans,2025-11-20,TURKEY,0.0,0.0,443126.0,66000.0,Metric Tons
Soybeans,2025-11-20,U KING,0.0,0.0,67126.0,132000.0,Metric Tons
Soybeans,2025-11-20,UNKNOWN,-57975.0,0.0,0.0,2994186.0,Metric Tons
Soybeans,2025-11-20,VENEZ,350.0,7350.0,19656.0,24500.0,Metric Tons
Soybeans,2025-11-20,VIETNAM,76135.0,81150.0,466150.0,141366.0,Metric Tons
Soybeans,2025-11-27,ALGERIA,0.0,0.0,319532.0,137000.0,Metric Tons
Soybeans,2025-11-27,BANGLADH,4747.0,59747.0,968088.0,60066.0,Metric Tons
Soybeans,2025-11-27,BARBADO,0.0,0.0,3100.0,0.0,Metric Tons
Soybeans,2025-11-27,C RICA,0.0,0.0,65222.0,81000.0,Metric Tons
Soybeans,2025-11-27,CAMBODIA,-26.0,87.0,2923.0,0.0,Metric Tons
Soybeans,2025-11-27,CANADA,1279.0,718.0,11376.0,2652.0,Metric Tons
Soybeans,2025-11-27,CHINA,509000.0,0.0,0.0,3015000.0,Metric Tons
Soybeans,2025-11-27,COLOMB,7969.0,12969.0,128429.0,29000.0,Metric Tons
Soybeans,2025-11-27,DOM REP,0.0,0.0,4958.0,0.0,Metric Tons
Soybeans,2025-11-27,EGYPT,288926.0,126926.0,1546900.0,458900.0,Metric Tons
Soybeans,2025-11-27,FRANCE,72286.0,72286.0,202125.0,0.0,Metric Tons
Soybeans,2025-11-27,GERMANY,0.0,0.0,378257.0,0.0,Metric Tons
Soybeans,2025-11-27,GREECE,0.0,0.0,30712.0,0.0,Metric Tons
Soybeans,2025-11-27,INDNSIA,55004.0,19656.0,442589.0,376002.0,Metric Tons
Soybeans,2025-11-27,IRAQ,59231.0,59231.0,174463.0,0.0,Metric Tons
Soybeans,2025-11-27,ISRAEL,0.0,0.0,30590.0,0.0,Metric Tons
Soybeans,2025-11-27,ITALY,0.0,0.0,331402.0,55000.0,Metric Tons
Soybeans,2025-11-27,JAPAN,55768.0,57462.0,605345.0,409342.0,Metric Tons
Soybeans,2025-11-27,KOR REP,0.0,0.0,183414.0,35040.0,Metric Tons
Soybeans,2025-11-27,LAOS,0.0,0.0,282.0,0.0,Metric Tons
Soybeans,2025-11-27,LEBANON,0.0,0.0,19000.0,0.0,Metric Tons
Soybeans,2025-11-27,MALAYSA,0.0,3440.0,124268.0,100165.0,Metric Tons
Soybeans,2025-11-27,MEXICO,180825.0,84496.0,1667762.0,1699140.0,Metric Tons
Soybeans,2025-11-27,MOROCCO,0.0,0.0,0.0,11000.0,Metric Tons
Soybeans,2025-11-27,NEPAL,0.0,529.0,10536.0,51520.0,Metric Tons
Soybeans,2025-11-27,NETHLDS,0.0,0.0,433238.0,0.0,Metric Tons
Soybeans,2025-11-27,PAKISTN,70415.0,70915.0,894374.0,70000.0,Metric Tons
Soybeans,2025-11-27,PANAMA,0.0,0.0,7140.0,13300.0,Metric Tons
Soybeans,2025-11-27,PERU,0.0,0.0,35200.0,12000.0,Metric Tons
Soybeans,2025-11-27,PHIL,503.0,3802.0,24665.0,22824.0,Metric Tons
Soybeans,2025-11-27,PORTUGL,0.0,0.0,35500.0,0.0,Metric Tons
Soybeans,2025-11-27,QATAR,0.0,0.0,0.0,413.0,Metric Tons
Soybeans,2025-11-27,S ARAB,0.0,0.0,43099.0,0.0,Metric Tons
Soybeans,2025-11-27,SENEGAL,0.0,0.0,52.0,200.0,Metric Tons
Soybeans,2025-11-27,SINGAPR,0.0,84.0,1903.0,2255.0,Metric Tons
Soybeans,2025-11-27,SPAIN,35532.0,71532.0,801712.0,121500.0,Metric Tons
Soybeans,2025-11-27,TAIWAN,9132.0,24263.0,565260.0,360581.0,Metric Tons
Soybeans,2025-11-27,THAILND,192.0,5825.0,133106.0,76193.0,Metric Tons
Soybeans,2025-11-27,TUNISIA,0.0,0.0,144611.0,30000.0,Metric Tons
Soybeans,2025-11-27,TURKEY,0.0,0.0,443126.0,66000.0,Metric Tons
Soybeans,2025-11-27,U KING,110.0,66110.0,133236.0,66000.0,Metric Tons
Soybeans,2025-11-27,UNKNOWN,-305159.0,0.0,0.0,2689027.0,Metric Tons
Soybeans,2025-11-27,VENEZ,0.0,0.0,19656.0,24500.0,Metric Tons
Soybeans,2025-11-27,VIETNAM,2032.0,5209.0,471359.0,138189.0,Metric Tons
Soybeans,2025-12-04,ALGERIA,5865.0,97865.0,417397.0,45000.0,Metric Tons
Soybeans,2025-12-04,BANGLADH,-6833.0,53167.0,1021255.0,66.0,Metric Tons
Soybeans,2025-12-04,BARBADO,2500.0,0.0,3100.0,2500.0,Metric Tons
Soybeans,2025-12-04,C RICA,-798.0,10952.0,76174.0,69250.0,Metric Tons
Soybeans,2025-12-04,CAMBODIA,0.0,0.0,2923.0,0.0,Metric Tons
Soybeans,2025-12-04,CANADA,1400.0,349.0,11725.0,3703.0,Metric Tons
Soybeans,2025-12-04,CHINA,1010969.0,70969.0,70969.0,3955000.0,Metric Tons
Soybeans,2025-12-04,COLOMB,20000.0,0.0,128429.0,49000.0,Metric Tons
Soybeans,2025-12-04,DOM REP,0.0,0.0,4958.0,0.0,Metric Tons
Soybeans,2025-12-04,EGYPT,107998.0,52998.0,1599898.0,513900.0,Metric Tons
Soybeans,2025-12-04,FRANCE,0.0,0.0,202125.0,0.0,Metric Tons
Soybeans,2025-12-04,GERMANY,0.0,0.0,378257.0,0.0,Metric Tons
Soybeans,2025-12-04,GREECE,0.0,0.0,30712.0,0.0,Metric Tons
Soybeans,2025-12-04,INDNSIA,69281.0,88585.0,531174.0,356698.0,Metric Tons
Soybeans,2025-12-04,IRAQ,0.0,0.0,174463.0,0.0,Metric Tons
Soybeans,2025-12-04,ISRAEL,0.0,0.0,30590.0,0.0,Metric Tons
Soybeans,2025-12-04,ITALY,57949.0,57949.0,389351.0,55000.0,Metric Tons
Soybeans,2025-12-04,JAPAN,3609.0,83758.0,689103.0,329193.0,Metric Tons
Soybeans,2025-12-04,KOR REP,0.0,0.0,183414.0,35040.0,Metric Tons
Soybeans,2025-12-04,LAOS,319.0,319.0,601.0,0.0,Metric Tons
Soybeans,2025-12-04,LEBANON,0.0,0.0,19000.0,0.0,Metric Tons
Soybeans,2025-12-04,MALAYSA,7018.0,3465.0,127733.0,103718.0,Metric Tons
Soybeans,2025-12-04,MEXICO,44688.0,143129.0,1810891.0,1600699.0,Metric Tons
Soybeans,2025-12-04,MOROCCO,0.0,0.0,0.0,11000.0,Metric Tons
Soybeans,2025-12-04,NEPAL,0.0,518.0,11054.0,51002.0,Metric Tons
Soybeans,2025-12-04,NETHLDS,0.0,0.0,433238.0,0.0,Metric Tons
Soybeans,2025-12-04,PAKISTN,69693.0,69693.0,964067.0,70000.0,Metric Tons
Soybeans,2025-12-04,PANAMA,6800.0,0.0,7140.0,20100.0,Metric Tons
Soybeans,2025-12-04,PERU,0.0,0.0,35200.0,12000.0,Metric Tons
Soybeans,2025-12-04,PHIL,1010.0,4286.0,28951.0,19548.0,Metric Tons
Soybeans,2025-12-04,PORTUGL,56472.0,56472.0,91972.0,0.0,Metric Tons
Soybeans,2025-12-04,QATAR,0.0,0.0,0.0,413.0,Metric Tons
Soybeans,2025-12-04,S ARAB,0.0,0.0,43099.0,0.0,Metric Tons
Soybeans,2025-12-04,SENEGAL,9.0,0.0,52.0,209.0,Metric Tons
Soybeans,2025-12-04,SINGAPR,0.0,0.0,1903.0,2255.0,Metric Tons
Soybeans,2025-12-04,SPAIN,50938.0,70938.0,872650.0,101500.0,Metric Tons
Soybeans,2025-12-04,TAIWAN,78807.0,83354.0,648614.0,356034.0,Metric Tons
Soybeans,2025-12-04,THAILND,64622.0,65046.0,198152.0,75769.0,Metric Tons
Soybeans,2025-12-04,TUNISIA,0.0,0.0,144611.0,30000.0,Metric Tons
Soybeans,2025-12-04,TURKEY,0.0,0.0,443126.0,66000.0,Metric Tons
Soybeans,2025-12-04,U KING,60000.0,0.0,133236.0,126000.0,Metric Tons
Soybeans,2025-12-04,UNKNOWN,-213141.0,0.0,0.0,2475886.0,Metric Tons
Soybeans,2025-12-04,VENEZ,0.0,0.0,19656.0,24500.0,Metric Tons
Soybeans,2025-12-04,VIETNAM,3991.0,8402.0,479761.0,133778.0,Metric Tons
Soybeans,2025-12-11,ALGERIA,0.0,0.0,417397.0,45000.0,Metric Tons
Soybeans,2025-12-11,BANGLADH,0.0,0.0,1021255.0,66.0,Metric Tons
Soybeans,2025-12-11,BARBADO,0.0,0.0,3100.0,2500.0,Metric Tons
Soybeans,2025-12-11,C RICA,-817.0,11683.0,87857.0,56750.0,Metric Tons
Soybeans,2025-12-11,CAMBODIA,0.0,0.0,2923.0,0.0,Metric Tons
Soybeans,2025-12-11,CANADA,448.0,1081.0,12806.0,3070.0,Metric Tons
Soybeans,2025-12-11,CHINA,1383046.0,202046.0,273015.0,5136000.0,Metric Tons
Soybeans,2025-12-11,COLOMB,0.0,0.0,128429.0,49000.0,Metric Tons
Soybeans,2025-12-11,DOM REP,0.0,0.0,4958.0,0.0,Metric Tons
Soybeans,2025-12-11,EGYPT,57957.0,57957.0,1657855.0,513900.0,Metric Tons
Soybeans,2025-12-11,FRANCE,0.0,0.0,202125.0,0.0,Metric Tons
Soybeans,2025-12-11,GERMANY,0.0,0.0,378257.0,0.0,Metric Tons
Soybeans,2025-12-11,GREECE,0.0,0.0,30712.0,0.0,Metric Tons
Soybeans,2025-12-11,INDNSIA,21403.0,25997.0,557171.0,352104.0,Metric Tons
Soybeans,2025-12-11,IRAQ,0.0,0.0,174463.0,0.0,Metric Tons
Soybeans,2025-12-11,ISRAEL,0.0,0.0,30590.0,0.0,Metric Tons
Soybeans,2025-12-11,ITALY,0.0,0.0,389351.0,55000.0,Metric Tons
Soybeans,2025-12-11,JAPAN,82308.0,37468.0,726571.0,374033.0,Metric Tons
Soybeans,2025-12-11,KOR REP,0.0,310.0,183724.0,34730.0,Metric Tons
Soybeans,2025-12-11,LAOS,330.0,0.0,601.0,330.0,Metric Tons
Soybeans,2025-12-11,LEBANON,0.0,0.0,19000.0,0.0,Metric Tons
Soybeans,2025-12-11,MALAYSA,1629.0,5029.0,132762.0,100318.0,Metric Tons
Soybeans,2025-12-11,MEXICO,14321.0,71944.0,1882835.0,1543076.0,Metric Tons
Soybeans,2025-12-11,MOROCCO,0.0,0.0,0.0,11000.0,Metric Tons
Soybeans,2025-12-11,NEPAL,27.0,1018.0,12072.0,50011.0,Metric Tons
Soybeans,2025-12-11,NETHLDS,118872.0,118872.0,552110.0,0.0,Metric Tons
Soybeans,2025-12-11,PAKISTN,0.0,0.0,964067.0,70000.0,Metric Tons
Soybeans,2025-12-11,PANAMA,0.0,0.0,7140.0,20100.0,Metric Tons
Soybeans,2025-12-11,PERU,0.0,0.0,35200.0,12000.0,Metric Tons
Soybeans,2025-12-11,PHIL,510.0,969.0,29920.0,19089.0,Metric Tons
Soybeans,2025-12-11,PORTUGL,0.0,0.0,91972.0,0.0,Metric Tons
Soybeans,2025-12-11,QATAR,0.0,0.0,0.0,413.0,Metric Tons
Soybeans,2025-12-11,S ARAB,0.0,0.0,43099.0,0.0,Metric Tons
Soybeans,2025-12-11,SENEGAL,0.0,209.0,261.0,0.0,Metric Tons
Soybeans,2025-12-11,SINGAPR,0.0,0.0,1903.0,2255.0,Metric Tons
Soybeans,2025-12-11,SPAIN,-51000.0,0.0,872650.0,50500.0,Metric Tons
Soybeans,2025-12-11,TAIWAN,22259.0,27639.0,676253.0,350654.0,Metric Tons
Soybeans,2025-12-11,THAILND,4000.0,3932.0,202084.0,75837.0,Metric Tons
Soybeans,2025-12-11,TUNISIA,0.0,0.0,144611.0,30000.0,Metric Tons
Soybeans,2025-12-11,TURKEY,0.0,0.0,443126.0,66000.0,Metric Tons
Soybeans,2025-12-11,U KING,0.0,0.0,133236.0,126000.0,Metric Tons
Soybeans,2025-12-11,UNKNOWN,594075.0,0.0,0.0,3069961.0,Metric Tons
Soybeans,2025-12-11,VENEZ,-300.0,6200.0,25856.0,18000.0,Metric Tons
Soybeans,2025-12-11,VIETNAM,79341.0,81116.0,560877.0,132003.0,Metric Tons
Soybeans,2025-12-18,ALGERIA,42000.0,0.0,417397.0,87000.0,Metric Tons
Soybeans,2025-12-18,BANGLADH,0.0,0.0,1021255.0,66.0,Metric Tons
Soybeans,2025-12-18,BARBADO,0.0,0.0,3100.0,2500.0,Metric Tons
Soybeans,2025-12-18,C RICA,0.0,0.0,87857.0,56750.0,Metric Tons
Soybeans,2025-12-18,CAMBODIA,2000.0,0.0,2923.0,2000.0,Metric Tons
Soybeans,2025-12-18,CANADA,0.0,0.0,12806.0,3070.0,Metric Tons
Soybeans,2025-12-18,CHINA,617012.0,386012.0,659027.0,5367000.0,Metric Tons
Soybeans,2025-12-18,COLOMB,32645.0,11845.0,140274.0,69800.0,Metric Tons
Soybeans,2025-12-18,DOM REP,0.0,0.0,4958.0,0.0,Metric Tons
Soybeans,2025-12-18,EGYPT,-3081.0,51919.0,1709774.0,458900.0,Metric Tons
Soybeans,2025-12-18,FRANCE,0.0,0.0,202125.0,0.0,Metric Tons
Soybeans,2025-12-18,GERMANY,0.0,0.0,378257.0,0.0,Metric Tons
Soybeans,2025-12-18,GREECE,0.0,0.0,30712.0,0.0,Metric Tons
Soybeans,2025-12-18,INDNSIA,37586.0,56077.0,613248.0,333613.0,Metric Tons
Soybeans,2025-12-18,IRAQ,0.0,0.0,174463.0,0.0,Metric Tons
Soybeans,2025-12-18,ISRAEL,0.0,0.0,30590.0,0.0,Metric Tons
Soybeans,2025-12-18,ITALY,0.0,0.0,389351.0,55000.0,Metric Tons
Soybeans,2025-12-18,JAPAN,21413.0,32295.0,758866.0,363151.0,Metric Tons
Soybeans,2025-12-18,KOR REP,0.0,0.0,183724.0,34730.0,Metric Tons
Soybeans,2025-12-18,LAOS,0.0,0.0,601.0,330.0,Metric Tons
Soybeans,2025-12-18,LEBANON,0.0,0.0,19000.0,0.0,Metric Tons
Soybeans,2025-12-18,MALAYSA,2486.0,15328.0,148090.0,87476.0,Metric Tons
Soybeans,2025-12-18,MEXICO,41023.0,160060.0,2042895.0,1424039.0,Metric Tons
Soybeans,2025-12-18,MOROCCO,1100.0,12100.0,12100.0,0.0,Metric Tons
Soybeans,2025-12-18,NEPAL,-4.0,8000.0,20072.0,42007.0,Metric Tons
Soybeans,2025-12-18,NETHLDS,0.0,0.0,552110.0,0.0,Metric Tons
Soybeans,2025-12-18,PAKISTN,0.0,0.0,964067.0,70000.0,Metric Tons
Soybeans,2025-12-18,PANAMA,0.0,0.0,7140.0,20100.0,Metric Tons
Soybeans,2025-12-18,PERU,0.0,0.0,35200.0,12000.0,Metric Tons
Soybeans,2025-12-18,PHIL,750.0,4641.0,34561.0,15198.0,Metric Tons
Soybeans,2025-12-18,PORTUGL,0.0,0.0,91972.0,0.0,Metric Tons
Soybeans,2025-12-18,QATAR,0.0,0.0,0.0,413.0,Metric Tons
Soybeans,2025-12-18,S ARAB,0.0,0.0,43099.0,0.0,Metric Tons
Soybeans,2025-12-18,SENEGAL,200.0,0.0,261.0,200.0,Metric Tons
Soybeans,2025-12-18,SINGAPR,0.0,0.0,1903.0,2255.0,Metric Tons
Soybeans,2025-12-18,SPAIN,70000.0,0.0,872650.0,120500.0,Metric Tons
Soybeans,2025-12-18,TAIWAN,3745.0,35925.0,712178.0,318474.0,Metric Tons
Soybeans,2025-12-18,THAILND,2826.0,16012.0,218096.0,62651.0,Metric Tons
Soybeans,2025-12-18,TUNISIA,0.0,0.0,144611.0,30000.0,Metric Tons
Soybeans,2025-12-18,TURKEY,112867.0,52867.0,495993.0,126000.0,Metric Tons
Soybeans,2025-12-18,U KING,-66000.0,0.0,133236.0,60000.0,Metric Tons
Soybeans,2025-12-18,UNKNOWN,47239.0,0.0,0.0,3117200.0,Metric Tons
Soybeans,2025-12-18,VENEZ,12000.0,0.0,25856.0,30000.0,Metric Tons
Soybeans,2025-12-18,VIETNAM,9275.0,7789.0,568666.0,133489.0,Metric Tons
Soybeans,2025-12-25,ALGERIA,2449.0,47449.0,464846.0,42000.0,Metric Tons
Soybeans,2025-12-25,BANGLADH,0.0,0.0,1021255.0,66.0,Metric Tons
Soybeans,2025-12-25,BARBADO,0.0,0.0,3100.0,2500.0,Metric Tons
Soybeans,2025-12-25,C RICA,0.0,0.0,87857.0,56750.0,Metric Tons
Soybeans,2025-12-25,CAMBODIA,0.0,0.0,2923.0,2000.0,Metric Tons
Soybeans,2025-12-25,CANADA,2858.0,764.0,13570.0,5164.0,Metric Tons
Soybeans,2025-12-25,CHINA,396419.0,135419.0,794446.0,5628000.0,Metric Tons
Soybeans,2025-12-25,COLOMB,9277.0,25077.0,165351.0,54000.0,Metric Tons
Soybeans,2025-12-25,DOM REP,0.0,0.0,4958.0,0.0,Metric Tons
Soybeans,2025-12-25,EGYPT,212406.0,57406.0,1767180.0,613900.0,Metric Tons
Soybeans,2025-12-25,FRANCE,0.0,0.0,202125.0,0.0,Metric Tons
Soybeans,2025-12-25,GERMANY,313290.0,313290.0,691547.0,0.0,Metric Tons
Soybeans,2025-12-25,GREECE,0.0,0.0,30712.0,0.0,Metric Tons
Soybeans,2025-12-25,INDNSIA,106705.0,173576.0,786824.0,266742.0,Metric Tons
Soybeans,2025-12-25,IRAQ,0.0,0.0,174463.0,0.0,Metric Tons
Soybeans,2025-12-25,ISRAEL,0.0,0.0,30590.0,0.0,Metric Tons
Soybeans,2025-12-25,ITALY,0.0,0.0,389351.0,55000.0,Metric Tons
Soybeans,2025-12-25,JAPAN,73369.0,90786.0,849652.0,345734.0,Metric Tons
Soybeans,2025-12-25,KOR REP,-5118.0,6975.0,190699.0,22637.0,Metric Tons
Soybeans,2025-12-25,LAOS,300.0,0.0,601.0,630.0,Metric Tons
Soybeans,2025-12-25,LEBANON,32300.0,32300.0,51300.0,0.0,Metric Tons
Soybeans,2025-12-25,MALAYSA,12280.0,10566.0,158656.0,89190.0,Metric Tons
Soybeans,2025-12-25,MEXICO,3920.0,77919.0,2120814.0,1350040.0,Metric Tons
Soybeans,2025-12-25,MOROCCO,0.0,0.0,12100.0,0.0,Metric Tons
Soybeans,2025-12-25,NEPAL,2009.0,19007.0,39079.0,25009.0,Metric Tons
Soybeans,2025-12-25,NETHLDS,0.0,0.0,552110.0,0.0,Metric Tons
Soybeans,2025-12-25,PAKISTN,0.0,0.0,964067.0,70000.0,Metric Tons
Soybeans,2025-12-25,PANAMA,315.0,6615.0,13755.0,13800.0,Metric Tons
Soybeans,2025-12-25,PERU,0.0,0.0,35200.0,12000.0,Metric Tons
Soybeans,2025-12-25,PHIL,13435.0,5863.0,40424.0,22770.0,Metric Tons
Soybeans,2025-12-25,PORTUGL,0.0,0.0,91972.0,0.0,Metric Tons
Soybeans,2025-12-25,QATAR,0.0,0.0,0.0,413.0,Metric Tons
Soybeans,2025-12-25,S ARAB,0.0,0.0,43099.0,0.0,Metric Tons
Soybeans,2025-12-25,SENEGAL,0.0,0.0,261.0,200.0,Metric Tons
Soybeans,2025-12-25,SINGAPR,0.0,0.0,1903.0,2255.0,Metric Tons
Soybeans,2025-12-25,SPAIN,0.0,0.0,872650.0,120500.0,Metric Tons
Soybeans,2025-12-25,TAIWAN,35444.0,81682.0,793860.0,272236.0,Metric Tons
Soybeans,2025-12-25,THAILND,14005.0,15641.0,233737.0,61015.0,Metric Tons
Soybeans,2025-12-25,TUNISIA,0.0,0.0,144611.0,30000.0,Metric Tons
Soybeans,2025-12-25,TURKEY,-66000.0,0.0,495993.0,60000.0,Metric Tons
Soybeans,2025-12-25,U KING,0.0,0.0,133236.0,60000.0,Metric Tons
Soybeans,2025-12-25,UNKNOWN,-57350.0,0.0,0.0,3059850.0,Metric Tons
Soybeans,2025-12-25,VENEZ,5000.0,5000.0,30856.0,30000.0,Metric Tons
Soybeans,2025-12-25,VIETNAM,70432.0,114642.0,683308.0,89279.0,Metric Tons
Soybeans,2026-01-01,ALGERIA,0.0,0.0,464846.0,42000.0,Metric Tons
Soybeans,2026-01-01,BANGLADH,0.0,0.0,1021255.0,66.0,Metric Tons
Soybeans,2026-01-01,BARBADO,0.0,0.0,3100.0,2500.0,Metric Tons
Soybeans,2026-01-01,C RICA,0.0,0.0,87857.0,56750.0,Metric Tons
Soybeans,2026-01-01,CAMBODIA,10.0,0.0,2923.0,2010.0,Metric Tons
Soybeans,2026-01-01,CANADA,41.0,517.0,14087.0,4688.0,Metric Tons
Soybeans,2026-01-01,CHINA,470073.0,397073.0,1191519.0,5701000.0,Metric Tons
Soybeans,2026-01-01,COLOMB,311.0,7311.0,172662.0,47000.0,Metric Tons
Soybeans,2026-01-01,DOM REP,0.0,0.0,4958.0,0.0,Metric Tons
Soybeans,2026-01-01,EGYPT,173222.0,252222.0,2019402.0,534900.0,Metric Tons
Soybeans,2026-01-01,FRANCE,0.0,0.0,202125.0,0.0,Metric Tons
Soybeans,2026-01-01,GERMANY,0.0,0.0,691547.0,0.0,Metric Tons
Soybeans,2026-01-01,GREECE,0.0,0.0,30712.0,0.0,Metric Tons
Soybeans,2026-01-01,INDNSIA,95117.0,72572.0,859396.0,289287.0,Metric Tons
Soybeans,2026-01-01,IRAQ,0.0,0.0,174463.0,0.0,Metric Tons
Soybeans,2026-01-01,ISRAEL,0.0,0.0,30590.0,0.0,Metric Tons
Soybeans,2026-01-01,ITALY,2750.0,57750.0,447101.0,0.0,Metric Tons
Soybeans,2026-01-01,JAPAN,224.0,1594.0,851246.0,344364.0,Metric Tons
Soybeans,2026-01-01,KOR REP,0.0,521.0,191220.0,22116.0,Metric Tons
Soybeans,2026-01-01,LAOS,300.0,0.0,601.0,930.0,Metric Tons
Soybeans,2026-01-01,LEBANON,0.0,0.0,51300.0,0.0,Metric Tons
Soybeans,2026-01-01,MALAYSA,495.0,4775.0,163431.0,84910.0,Metric Tons
Soybeans,2026-01-01,MEXICO,7534.0,94466.0,2215280.0,1263108.0,Metric Tons
Soybeans,2026-01-01,MOROCCO,0.0,0.0,12100.0,0.0,Metric Tons
Soybeans,2026-01-01,NEPAL,0.0,494.0,39573.0,24515.0,Metric Tons
Soybeans,2026-01-01,NETHLDS,0.0,0.0,552110.0,0.0,Metric Tons
Soybeans,2026-01-01,PAKISTN,58875.0,58875.0,1022942.0,70000.0,Metric Tons
Soybeans,2026-01-01,PANAMA,0.0,0.0,13755.0,13800.0,Metric Tons
Soybeans,2026-01-01,PERU,0.0,0.0,35200.0,12000.0,Metric Tons
Soybeans,2026-01-01,PHIL,-15.0,1625.0,42049.0,21130.0,Metric Tons
Soybeans,2026-01-01,PORTUGL,0.0,0.0,91972.0,0.0,Metric Tons
Soybeans,2026-01-01,QATAR,0.0,0.0,0.0,413.0,Metric Tons
Soybeans,2026-01-01,S ARAB,0.0,0.0,43099.0,0.0,Metric Tons
Soybeans,2026-01-01,SENEGAL,0.0,0.0,261.0,200.0,Metric Tons
Soybeans,2026-01-01,SINGAPR,1600.0,0.0,1903.0,3855.0,Metric Tons
Soybeans,2026-01-01,SPAIN,0.0,0.0,872650.0,120500.0,Metric Tons
Soybeans,2026-01-01,TAIWAN,16197.0,84855.0,878715.0,203578.0,Metric Tons
Soybeans,2026-01-01,THAILND,650.0,3809.0,237546.0,57856.0,Metric Tons
Soybeans,2026-01-01,TUNISIA,32238.0,62238.0,206849.0,0.0,Metric Tons
Soybeans,2026-01-01,TURKEY,0.0,0.0,495993.0,60000.0,Metric Tons
Soybeans,2026-01-01,U KING,0.0,0.0,133236.0,60000.0,Metric Tons
Soybeans,2026-01-01,UNKNOWN,19700.0,0.0,0.0,3079550.0,Metric Tons
Soybeans,2026-01-01,VENEZ,0.0,0.0,30856.0,30000.0,Metric Tons
Soybeans,2026-01-01,VIETNAM,-1408.0,11908.0,695216.0,75963.0,Metric Tons
Soybeans,2026-01-08,ALGERIA,89098.0,86098.0,550944.0,45000.0,Metric Tons
Soybeans,2026-01-08,BANGLADH,57544.0,57610.0,1078865.0,0.0,Metric Tons
Soybeans,2026-01-08,BARBADO,750.0,0.0,3100.0,3250.0,Metric Tons
Soybeans,2026-01-08,C RICA,83.0,11583.0,99440.0,45250.0,Metric Tons
Soybeans,2026-01-08,CAMBODIA,0.0,0.0,2923.0,2010.0,Metric Tons
Soybeans,2026-01-08,CANADA,0.0,873.0,14960.0,3815.0,Metric Tons
Soybeans,2026-01-08,CHINA,1224128.0,901128.0,2092647.0,6024000.0,Metric Tons
Soybeans,2026-01-08,COLOMB,27000.0,0.0,172662.0,74000.0,Metric Tons
Soybeans,2026-01-08,DOM REP,0.0,0.0,4958.0,0.0,Metric Tons
Soybeans,2026-01-08,EGYPT,273188.0,53188.0,2072590.0,754900.0,Metric Tons
Soybeans,2026-01-08,FRANCE,0.0,0.0,202125.0,0.0,Metric Tons
Soybeans,2026-01-08,GERMANY,0.0,0.0,691547.0,0.0,Metric Tons
Soybeans,2026-01-08,GREECE,0.0,0.0,30712.0,0.0,Metric Tons
Soybeans,2026-01-08,INDNSIA,32770.0,30375.0,889771.0,291682.0,Metric Tons
Soybeans,2026-01-08,IRAQ,52418.0,52418.0,226881.0,0.0,Metric Tons
Soybeans,2026-01-08,ISRAEL,0.0,0.0,30590.0,0.0,Metric Tons
Soybeans,2026-01-08,ITALY,46033.0,46033.0,493134.0,0.0,Metric Tons
Soybeans,2026-01-08,JAPAN,5686.0,2296.0,853542.0,347754.0,Metric Tons
Soybeans,2026-01-08,KOR REP,0.0,1771.0,192991.0,20345.0,Metric Tons
Soybeans,2026-01-08,LAOS,0.0,0.0,601.0,930.0,Metric Tons
Soybeans,2026-01-08,LEBANON,0.0,0.0,51300.0,0.0,Metric Tons
Soybeans,2026-01-08,MALAYSA,9820.0,8467.0,171898.0,86263.0,Metric Tons
Soybeans,2026-01-08,MEXICO,190982.0,178525.0,2393805.0,1275565.0,Metric Tons
Soybeans,2026-01-08,MOROCCO,0.0,0.0,12100.0,0.0,Metric Tons
Soybeans,2026-01-08,NEPAL,3790.0,3000.0,42573.0,25305.0,Metric Tons
Soybeans,2026-01-08,NETHLDS,0.0,0.0,552110.0,0.0,Metric Tons
Soybeans,2026-01-08,PAKISTN,0.0,0.0,1022942.0,70000.0,Metric Tons
Soybeans,2026-01-08,PANAMA,0.0,0.0,13755.0,13800.0,Metric Tons
Soybeans,2026-01-08,PERU,79.0,0.0,35200.0,12079.0,Metric Tons
Soybeans,2026-01-08,PHIL,0.0,2618.0,44667.0,18512.0,Metric Tons
Soybeans,2026-01-08,PORTUGL,25700.0,25700.0,117672.0,0.0,Metric Tons
Soybeans,2026-01-08,QATAR,0.0,0.0,0.0,413.0,Metric Tons
Soybeans,2026-01-08,S ARAB,0.0,0.0,43099.0,0.0,Metric Tons
Soybeans,2026-01-08,SENEGAL,0.0,0.0,261.0,200.0,Metric Tons
Soybeans,2026-01-08,SINGAPR,0.0,0.0,1903.0,3855.0,Metric Tons
Soybeans,2026-01-08,SPAIN,0.0,0.0,872650.0,120500.0,Metric Tons
Soybeans,2026-01-08,TAIWAN,4802.0,27062.0,905777.0,181318.0,Metric Tons
Soybeans,2026-01-08,THAILND,1000.0,5746.0,243292.0,53110.0,Metric Tons
Soybeans,2026-01-08,TUNISIA,0.0,0.0,206849.0,0.0,Metric Tons
Soybeans,2026-01-08,TURKEY,0.0,0.0,495993.0,60000.0,Metric Tons
Soybeans,2026-01-08,U KING,5305.0,65305.0,198541.0,0.0,Metric Tons
Soybeans,2026-01-08,UNKNOWN,-68450.0,0.0,0.0,3011100.0,Metric Tons
Soybeans,2026-01-08,VENEZ,0.0,0.0,30856.0,30000.0,Metric Tons
Soybeans,2026-01-08,VIETNAM,11347.0,8763.0,703979.0,78547.0,Metric Tons
Soybeans,2026-01-15,ALGERIA,-2617.0,42383.0,593327.0,0.0,Metric Tons
Soybeans,2026-01-15,BANGLADH,0.0,0.0,1078865.0,0.0,Metric Tons
Soybeans,2026-01-15,BARBADO,0.0,0.0,3100.0,3250.0,Metric Tons
Soybeans,2026-01-15,C RICA,0.0,0.0,99440.0,45250.0,Metric Tons
Soybeans,2026-01-15,CAMBODIA,0.0,0.0,2923.0,2010.0,Metric Tons
Soybeans,2026-01-15,CANADA,816.0,1044.0,16004.0,3587.0,Metric Tons
Soybeans,2026-01-15,CHINA,1303485.0,593485.0,2686132.0,6734000.0,Metric Tons
Soybeans,2026-01-15,COLOMB,12225.0,12225.0,184887.0,74000.0,Metric Tons
Soybeans,2026-01-15,DOM REP,0.0,0.0,4958.0,0.0,Metric Tons
Soybeans,2026-01-15,EGYPT,218296.0,60296.0,2132886.0,912900.0,Metric Tons
Soybeans,2026-01-15,FRANCE,0.0,0.0,202125.0,0.0,Metric Tons
Soybeans,2026-01-15,GERMANY,0.0,0.0,691547.0,0.0,Metric Tons
Soybeans,2026-01-15,GREECE,0.0,0.0,30712.0,0.0,Metric Tons
Soybeans,2026-01-15,INDNSIA,47163.0,37554.0,927325.0,301291.0,Metric Tons
Soybeans,2026-01-15,IRAQ,0.0,0.0,226881.0,0.0,Metric Tons
Soybeans,2026-01-15,ISRAEL,0.0,0.0,30590.0,0.0,Metric Tons
Soybeans,2026-01-15,ITALY,0.0,0.0,493134.0,0.0,Metric Tons
Soybeans,2026-01-15,JAPAN,108354.0,139673.0,993215.0,316435.0,Metric Tons
Soybeans,2026-01-15,KOR REP,59814.0,60431.0,253422.0,19728.0,Metric Tons
Soybeans,2026-01-15,LAOS,0.0,0.0,601.0,930.0,Metric Tons
Soybeans,2026-01-15,LEBANON,0.0,0.0,51300.0,0.0,Metric Tons
Soybeans,2026-01-15,MALAYSA,1852.0,4004.0,175902.0,84111.0,Metric Tons
Soybeans,2026-01-15,MEXICO,197104.0,84775.0,2478580.0,1387894.0,Metric Tons
Soybeans,2026-01-15,MOROCCO,0.0,0.0,12100.0,0.0,Metric Tons
Soybeans,2026-01-15,NEPAL,5518.0,3884.0,46457.0,26939.0,Metric Tons
Soybeans,2026-01-15,NETHLDS,57993.0,57993.0,610103.0,0.0,Metric Tons
Soybeans,2026-01-15,PAKISTN,0.0,0.0,1022942.0,70000.0,Metric Tons
Soybeans,2026-01-15,PANAMA,0.0,0.0,13755.0,13800.0,Metric Tons
Soybeans,2026-01-15,PERU,0.0,0.0,35200.0,12079.0,Metric Tons
Soybeans,2026-01-15,PHIL,2409.0,1000.0,45667.0,19921.0,Metric Tons
Soybeans,2026-01-15,PORTUGL,0.0,0.0,117672.0,0.0,Metric Tons
Soybeans,2026-01-15,QATAR,0.0,0.0,0.0,413.0,Metric Tons
Soybeans,2026-01-15,S ARAB,0.0,0.0,43099.0,0.0,Metric Tons
Soybeans,2026-01-15,SENEGAL,0.0,0.0,261.0,200.0,Metric Tons
Soybeans,2026-01-15,SINGAPR,0.0,0.0,1903.0,3855.0,Metric Tons
Soybeans,2026-01-15,SPAIN,7196.0,77696.0,950346.0,50000.0,Metric Tons
Soybeans,2026-01-15,TAIWAN,6795.0,24630.0,930407.0,163483.0,Metric Tons
Soybeans,2026-01-15,THAILND,486.0,4175.0,247467.0,49421.0,Metric Tons
Soybeans,2026-01-15,TUNISIA,0.0,0.0,206849.0,0.0,Metric Tons
Soybeans,2026-01-15,TURKEY,-3901.0,56099.0,552092.0,0.0,Metric Tons
Soybeans,2026-01-15,U KING,0.0,0.0,198541.0,0.0,Metric Tons
Soybeans,2026-01-15,UNKNOWN,338250.0,0.0,0.0,3349350.0,Metric Tons
Soybeans,2026-01-15,VENEZ,18000.0,0.0,30856.0,48000.0,Metric Tons
Soybeans,2026-01-15,VIETNAM,8660.0,18249.0,722228.0,68958.0,Metric Tons
Soybeans,2026-01-22,ALGERIA,0.0,0.0,593327.0,0.0,Metric Tons
Soybeans,2026-01-22,BANGLADH,52956.0,52956.0,1131821.0,0.0,Metric Tons
Soybeans,2026-01-22,BARBADO,0.0,0.0,3100.0,3250.0,Metric Tons
Soybeans,2026-01-22,C RICA,0.0,0.0,99440.0,45250.0,Metric Tons
Soybeans,2026-01-22,CAMBODIA,0.0,0.0,2923.0,2010.0,Metric Tons
Soybeans,2026-01-22,CANADA,816.0,1138.0,17142.0,3265.0,Metric Tons
Soybeans,2026-01-22,CHINA,233460.0,828460.0,3514592.0,6139000.0,Metric Tons
Soybeans,2026-01-22,COLOMB,27450.0,16650.0,201537.0,84800.0,Metric Tons
Soybeans,2026-01-22,DOM REP,0.0,0.0,4958.0,0.0,Metric Tons
Soybeans,2026-01-22,EGYPT,171000.0,0.0,2132886.0,1083900.0,Metric Tons
Soybeans,2026-01-22,FRANCE,0.0,0.0,202125.0,0.0,Metric Tons
Soybeans,2026-01-22,GERMANY,0.0,0.0,691547.0,0.0,Metric Tons
Soybeans,2026-01-22,GREECE,0.0,0.0,30712.0,0.0,Metric Tons
Soybeans,2026-01-22,INDNSIA,46110.0,16579.0,943904.0,330822.0,Metric Tons
Soybeans,2026-01-22,IRAQ,0.0,0.0,226881.0,0.0,Metric Tons
Soybeans,2026-01-22,ISRAEL,0.0,0.0,30590.0,0.0,Metric Tons
Soybeans,2026-01-22,ITALY,0.0,0.0,493134.0,0.0,Metric Tons
Soybeans,2026-01-22,JAPAN,554.0,31588.0,1024803.0,285401.0,Metric Tons
Soybeans,2026-01-22,KOR REP,0.0,819.0,254241.0,18909.0,Metric Tons
Soybeans,2026-01-22,LAOS,-12.0,288.0,889.0,630.0,Metric Tons
Soybeans,2026-01-22,LEBANON,0.0,0.0,51300.0,0.0,Metric Tons
Soybeans,2026-01-22,MALAYSA,19698.0,6123.0,182025.0,97686.0,Metric Tons
Soybeans,2026-01-22,MEXICO,70655.0,92343.0,2570923.0,1366206.0,Metric Tons
Soybeans,2026-01-22,MOROCCO,0.0,0.0,12100.0,0.0,Metric Tons
Soybeans,2026-01-22,NEPAL,8500.0,3162.0,49619.0,32277.0,Metric Tons
Soybeans,2026-01-22,NETHLDS,0.0,0.0,610103.0,0.0,Metric Tons
Soybeans,2026-01-22,PAKISTN,0.0,0.0,1022942.0,70000.0,Metric Tons
Soybeans,2026-01-22,PANAMA,0.0,0.0,13755.0,13800.0,Metric Tons
Soybeans,2026-01-22,PERU,0.0,0.0,35200.0,12079.0,Metric Tons
Soybeans,2026-01-22,PHIL,192.0,2067.0,47734.0,18046.0,Metric Tons
Soybeans,2026-01-22,PORTUGL,0.0,0.0,117672.0,0.0,Metric Tons
Soybeans,2026-01-22,QATAR,0.0,0.0,0.0,413.0,Metric Tons
Soybeans,2026-01-22,S ARAB,0.0,0.0,43099.0,0.0,Metric Tons
Soybeans,2026-01-22,SENEGAL,0.0,0.0,261.0,200.0,Metric Tons
Soybeans,2026-01-22,SINGAPR,0.0,0.0,1903.0,3855.0,Metric Tons
Soybeans,2026-01-22,SPAIN,65186.0,115186.0,1065532.0,0.0,Metric Tons
Soybeans,2026-01-22,TAIWAN,46164.0,29079.0,959486.0,180568.0,Metric Tons
Soybeans,2026-01-22,THAILND,2974.0,5530.0,252997.0,46865.0,Metric Tons
Soybeans,2026-01-22,TUNISIA,0.0,0.0,206849.0,0.0,Metric Tons
Soybeans,2026-01-22,TURKEY,52972.0,52972.0,605064.0,0.0,Metric Tons
Soybeans,2026-01-22,U KING,0.0,0.0,198541.0,0.0,Metric Tons
Soybeans,2026-01-22,UNKNOWN,14350.0,0.0,0.0,3363700.0,Metric Tons
Soybeans,2026-01-22,VENEZ,-435.0,7565.0,38421.0,40000.0,Metric Tons
Soybeans,2026-01-22,VIETNAM,6382.0,7060.0,729288.0,68280.0,Metric Tons
Soybeans,2026-01-29,ALGERIA,0.0,0.0,593327.0,0.0,Metric Tons
Soybeans,2026-01-29,BANGLADH,0.0,0.0,1131821.0,0.0,Metric Tons
Soybeans,2026-01-29,BARBADO,0.0,0.0,3100.0,3250.0,Metric Tons
Soybeans,2026-01-29,C RICA,0.0,0.0,99440.0,45250.0,Metric Tons
Soybeans,2026-01-29,CAMBODIA,1500.0,1259.0,4182.0,2251.0,Metric Tons
Soybeans,2026-01-29,CANADA,1575.0,2563.0,19705.0,2277.0,Metric Tons
Soybeans,2026-01-29,CHINA,233020.0,809020.0,4323612.0,5563000.0,Metric Tons
Soybeans,2026-01-29,COLOMB,396.0,6196.0,207733.0,79000.0,Metric Tons
Soybeans,2026-01-29,DOM REP,0.0,0.0,4958.0,0.0,Metric Tons
Soybeans,2026-01-29,EGYPT,104733.0,104733.0,2237619.0,1083900.0,Metric Tons
Soybeans,2026-01-29,FRANCE,0.0,0.0,202125.0,0.0,Metric Tons
Soybeans,2026-01-29,GERMANY,0.0,0.0,691547.0,0.0,Metric Tons
Soybeans,2026-01-29,GREECE,0.0,0.0,30712.0,0.0,Metric Tons
Soybeans,2026-01-29,INDNSIA,47745.0,20819.0,964723.0,357748.0,Metric Tons
Soybeans,2026-01-29,IRAQ,0.0,0.0,226881.0,0.0,Metric Tons
Soybeans,2026-01-29,ISRAEL,0.0,0.0,30590.0,0.0,Metric Tons
Soybeans,2026-01-29,ITALY,0.0,0.0,493134.0,0.0,Metric Tons
Soybeans,2026-01-29,JAPAN,56241.0,55875.0,1080678.0,285767.0,Metric Tons
Soybeans,2026-01-29,KOR REP,1337.0,542.0,254783.0,19704.0,Metric Tons
Soybeans,2026-01-29,LAOS,0.0,0.0,889.0,630.0,Metric Tons
Soybeans,2026-01-29,LEBANON,0.0,0.0,51300.0,0.0,Metric Tons
Soybeans,2026-01-29,MALAYSA,10701.0,4341.0,186366.0,104046.0,Metric Tons
Soybeans,2026-01-29,MEXICO,80969.0,148908.0,2719831.0,1298267.0,Metric Tons
Soybeans,2026-01-29,MOROCCO,12000.0,0.0,12100.0,12000.0,Metric Tons
Soybeans,2026-01-29,NEPAL,8095.0,0.0,49619.0,40372.0,Metric Tons
Soybeans,2026-01-29,NETHLDS,0.0,0.0,610103.0,0.0,Metric Tons
Soybeans,2026-01-29,PAKISTN,-211.0,69789.0,1092731.0,0.0,Metric Tons
Soybeans,2026-01-29,PANAMA,0.0,0.0,13755.0,13800.0,Metric Tons
Soybeans,2026-01-29,PERU,0.0,73.0,35273.0,12006.0,Metric Tons
Soybeans,2026-01-29,PHIL,3711.0,1813.0,49547.0,19944.0,Metric Tons
Soybeans,2026-01-29,PORTUGL,0.0,0.0,117672.0,0.0,Metric Tons
Soybeans,2026-01-29,QATAR,0.0,0.0,0.0,413.0,Metric Tons
Soybeans,2026-01-29,S ARAB,0.0,0.0,43099.0,0.0,Metric Tons
Soybeans,2026-01-29,SENEGAL,6.0,0.0,261.0,206.0,Metric Tons
Soybeans,2026-01-29,SINGAPR,0.0,0.0,1903.0,3855.0,Metric Tons
Soybeans,2026-01-29,SPAIN,0.0,0.0,1065532.0,0.0,Metric Tons
Soybeans,2026-01-29,TAIWAN,16509.0,21065.0,980551.0,176012.0,Metric Tons
Soybeans,2026-01-29,THAILND,11715.0,2357.0,255354.0,56223.0,Metric Tons
Soybeans,2026-01-29,TUNISIA,0.0,0.0,206849.0,0.0,Metric Tons
Soybeans,2026-01-29,TURKEY,0.0,0.0,605064.0,0.0,Metric Tons
Soybeans,2026-01-29,U KING,0.0,0.0,198541.0,0.0,Metric Tons
Soybeans,2026-01-29,UNKNOWN,-285400.0,0.0,0.0,3078300.0,Metric Tons
Soybeans,2026-01-29,VENEZ,0.0,0.0,38421.0,40000.0,Metric Tons
Soybeans,2026-01-29,VIETNAM,63779.0,69816.0,799104.0,62243.0,Metric Tons
Soybeans,2026-02-05,ALGERIA,0.0,0.0,593327.0,0.0,Metric Tons
Soybeans,2026-02-05,BANGLADH,1000.0,0.0,1131821.0,1000.0,Metric Tons
Soybeans,2026-02-05,BARBADO,3196.0,3446.0,6546.0,3000.0,Metric Tons
Soybeans,2026-02-05,C RICA,510.0,20510.0,119950.0,25250.0,Metric Tons
Soybeans,2026-02-05,CAMBODIA,0.0,641.0,4823.0,1610.0,Metric Tons
Soybeans,2026-02-05,CANADA,1530.0,1463.0,21168.0,2344.0,Metric Tons
Soybeans,2026-02-05,CHINA,286115.0,746115.0,5069727.0,5103000.0,Metric Tons
Soybeans,2026-02-05,COLOMB,14218.0,6218.0,213951.0,87000.0,Metric Tons
Soybeans,2026-02-05,DOM REP,0.0,0.0,4958.0,0.0,Metric Tons
Soybeans,2026-02-05,EGYPT,167024.0,115024.0,2352643.0,1135900.0,Metric Tons
Soybeans,2026-02-05,FRANCE,0.0,0.0,202125.0,0.0,Metric Tons
Soybeans,2026-02-05,GERMANY,0.0,0.0,691547.0,0.0,Metric Tons
Soybeans,2026-02-05,GREECE,0.0,0.0,30712.0,0.0,Metric Tons
Soybeans,2026-02-05,INDNSIA,10019.0,27114.0,991837.0,340653.0,Metric Tons
Soybeans,2026-02-05,IRAQ,0.0,0.0,226881.0,0.0,Metric Tons
Soybeans,2026-02-05,ISRAEL,0.0,0.0,30590.0,0.0,Metric Tons
Soybeans,2026-02-05,ITALY,0.0,0.0,493134.0,0.0,Metric Tons
Soybeans,2026-02-05,JAPAN,42194.0,44935.0,1125613.0,283026.0,Metric Tons
Soybeans,2026-02-05,KOR REP,0.0,1896.0,256679.0,17808.0,Metric Tons
Soybeans,2026-02-05,LAOS,0.0,0.0,889.0,630.0,Metric Tons
Soybeans,2026-02-05,LEBANON,0.0,0.0,51300.0,0.0,Metric Tons
Soybeans,2026-02-05,MALAYSA,30150.0,8677.0,195043.0,125519.0,Metric Tons
Soybeans,2026-02-05,MEXICO,-3099.0,46730.0,2766561.0,1248438.0,Metric Tons
Soybeans,2026-02-05,MOROCCO,0.0,0.0,12100.0,12000.0,Metric Tons
Soybeans,2026-02-05,NEPAL,0.0,1200.0,50819.0,39172.0,Metric Tons
Soybeans,2026-02-05,NETHLDS,57084.0,57084.0,667187.0,0.0,Metric Tons
Soybeans,2026-02-05,PAKISTN,0.0,0.0,1092731.0,0.0,Metric Tons
Soybeans,2026-02-05,PANAMA,0.0,0.0,13755.0,13800.0,Metric Tons
Soybeans,2026-02-05,PERU,0.0,0.0,35273.0,12006.0,Metric Tons
Soybeans,2026-02-05,PHIL,1818.0,5211.0,54758.0,16551.0,Metric Tons
Soybeans,2026-02-05,PORTUGL,0.0,0.0,117672.0,0.0,Metric Tons
Soybeans,2026-02-05,QATAR,0.0,0.0,0.0,413.0,Metric Tons
Soybeans,2026-02-05,S ARAB,0.0,0.0,43099.0,0.0,Metric Tons
Soybeans,2026-02-05,SENEGAL,0.0,206.0,467.0,0.0,Metric Tons
Soybeans,2026-02-05,SINGAPR,0.0,42.0,1945.0,3813.0,Metric Tons
Soybeans,2026-02-05,SPAIN,0.0,0.0,1065532.0,0.0,Metric Tons
Soybeans,2026-02-05,TAIWAN,2070.0,20341.0,1000892.0,157741.0,Metric Tons
Soybeans,2026-02-05,THAILND,1117.0,3272.0,258626.0,54068.0,Metric Tons
Soybeans,2026-02-05,TUNISIA,0.0,0.0,206849.0,0.0,Metric Tons
Soybeans,2026-02-05,TURKEY,0.0,0.0,605064.0,0.0,Metric Tons
Soybeans,2026-02-05,U KING,0.0,0.0,198541.0,0.0,Metric Tons
Soybeans,2026-02-05,UNKNOWN,-340650.0,0.0,0.0,2737650.0,Metric Tons
Soybeans,2026-02-05,VENEZ,-8200.0,9800.0,48221.0,22000.0,Metric Tons
Soybeans,2026-02-05,VIETNAM,15702.0,8879.0,807983.0,69066.0,Metric Tons
Soybeans,2026-02-12,ALGERIA,0.0,0.0,593327.0,0.0,Metric Tons
Soybeans,2026-02-12,BANGLADH,0.0,0.0,1131821.0,1000.0,Metric Tons
Soybeans,2026-02-12,BARBADO,0.0,0.0,6546.0,3000.0,Metric Tons
Soybeans,2026-02-12,C RICA,54250.0,0.0,119950.0,79500.0,Metric Tons
Soybeans,2026-02-12,CAMBODIA,3642.0,252.0,5075.0,5000.0,Metric Tons
Soybeans,2026-02-12,CANADA,9651.0,1141.0,22309.0,10854.0,Metric Tons
Soybeans,2026-02-12,CHINA,415507.0,751507.0,5821234.0,4767000.0,Metric Tons
Soybeans,2026-02-12,COLOMB,6200.0,10200.0,224151.0,83000.0,Metric Tons
Soybeans,2026-02-12,DOM REP,0.0,0.0,4958.0,0.0,Metric Tons
Soybeans,2026-02-12,EGYPT,226893.0,223893.0,2576536.0,1138900.0,Metric Tons
Soybeans,2026-02-12,FRANCE,80.0,0.0,202125.0,80.0,Metric Tons
Soybeans,2026-02-12,GERMANY,0.0,0.0,691547.0,0.0,Metric Tons
Soybeans,2026-02-12,GREECE,0.0,0.0,30712.0,0.0,Metric Tons
Soybeans,2026-02-12,INDNSIA,50360.0,48478.0,1040315.0,342535.0,Metric Tons
Soybeans,2026-02-12,IRAQ,0.0,0.0,226881.0,0.0,Metric Tons
Soybeans,2026-02-12,ISRAEL,0.0,0.0,30590.0,0.0,Metric Tons
Soybeans,2026-02-12,ITALY,0.0,0.0,493134.0,0.0,Metric Tons
Soybeans,2026-02-12,JAPAN,87125.0,83898.0,1209511.0,286253.0,Metric Tons
Soybeans,2026-02-12,KOR REP,25454.0,26233.0,282912.0,17029.0,Metric Tons
Soybeans,2026-02-12,LAOS,0.0,0.0,889.0,630.0,Metric Tons
Soybeans,2026-02-12,LEBANON,0.0,0.0,51300.0,0.0,Metric Tons
Soybeans,2026-02-12,MALAYSA,10770.0,8558.0,203601.0,127731.0,Metric Tons
Soybeans,2026-02-12,MEXICO,31901.0,94384.0,2860945.0,1185955.0,Metric Tons
Soybeans,2026-02-12,MOROCCO,0.0,0.0,12100.0,12000.0,Metric Tons
Soybeans,2026-02-12,NEPAL,0.0,1000.0,51819.0,38172.0,Metric Tons
Soybeans,2026-02-12,NETHLDS,0.0,0.0,667187.0,0.0,Metric Tons
Soybeans,2026-02-12,PAKISTN,0.0,0.0,1092731.0,0.0,Metric Tons
Soybeans,2026-02-12,PANAMA,0.0,0.0,13755.0,13800.0,Metric Tons
Soybeans,2026-02-12,PERU,0.0,0.0,35273.0,12006.0,Metric Tons
Soybeans,2026-02-12,PHIL,1800.0,1782.0,56540.0,16569.0,Metric Tons
Soybeans,2026-02-12,PORTUGL,0.0,0.0,117672.0,0.0,Metric Tons
Soybeans,2026-02-12,QATAR,0.0,0.0,0.0,413.0,Metric Tons
Soybeans,2026-02-12,S ARAB,0.0,0.0,43099.0,0.0,Metric Tons
Soybeans,2026-02-12,SENEGAL,0.0,0.0,467.0,0.0,Metric Tons
Soybeans,2026-02-12,SINGAPR,0.0,0.0,1945.0,3813.0,Metric Tons
Soybeans,2026-02-12,SPAIN,0.0,0.0,1065532.0,0.0,Metric Tons
Soybeans,2026-02-12,TAIWAN,5534.0,19600.0,1020492.0,143675.0,Metric Tons
Soybeans,2026-02-12,THAILND,6724.0,4783.0,263409.0,56009.0,Metric Tons
Soybeans,2026-02-12,TUNISIA,0.0,0.0,206849.0,0.0,Metric Tons
Soybeans,2026-02-12,TURKEY,0.0,0.0,605064.0,0.0,Metric Tons
Soybeans,2026-02-12,U KING,0.0,0.0,198541.0,0.0,Metric Tons
Soybeans,2026-02-12,UNKNOWN,-149660.0,0.0,0.0,2587990.0,Metric Tons
Soybeans,2026-02-12,VENEZ,6285.0,6285.0,54506.0,22000.0,Metric Tons
Soybeans,2026-02-12,VIETNAM,5700.0,8621.0,816604.0,66145.0,Metric Tons
Soybeans,2026-02-19,ALGERIA,0.0,0.0,593327.0,0.0,Metric Tons
Soybeans,2026-02-19,BANGLADH,0.0,0.0,1131821.0,1000.0,Metric Tons
Soybeans,2026-02-19,BARBADO,0.0,0.0,6546.0,3000.0,Metric Tons
Soybeans,2026-02-19,C RICA,0.0,0.0,119950.0,79500.0,Metric Tons
Soybeans,2026-02-19,CAMBODIA,0.0,459.0,5534.0,4541.0,Metric Tons
Soybeans,2026-02-19,CANADA,8165.0,905.0,23214.0,18114.0,Metric Tons
Soybeans,2026-02-19,CHINA,75531.0,339531.0,6160765.0,4503000.0,Metric Tons
Soybeans,2026-02-19,COLOMB,1109.0,15109.0,239260.0,69000.0,Metric Tons
Soybeans,2026-02-19,DOM REP,0.0,0.0,4958.0,0.0,Metric Tons
Soybeans,2026-02-19,EGYPT,225840.0,52840.0,2629376.0,1311900.0,Metric Tons
Soybeans,2026-02-19,FRANCE,0.0,80.0,202205.0,0.0,Metric Tons
Soybeans,2026-02-19,GERMANY,126950.0,126950.0,818497.0,0.0,Metric Tons
Soybeans,2026-02-19,GREECE,0.0,0.0,30712.0,0.0,Metric Tons
Soybeans,2026-02-19,INDNSIA,33779.0,31179.0,1071494.0,345135.0,Metric Tons
Soybeans,2026-02-19,IRAQ,0.0,0.0,226881.0,0.0,Metric Tons
Soybeans,2026-02-19,ISRAEL,0.0,0.0,30590.0,0.0,Metric Tons
Soybeans,2026-02-19,ITALY,0.0,0.0,493134.0,0.0,Metric Tons
Soybeans,2026-02-19,JAPAN,31053.0,54959.0,1264470.0,262347.0,Metric Tons
Soybeans,2026-02-19,KOR REP,0.0,200.0,283112.0,16829.0,Metric Tons
Soybeans,2026-02-19,LAOS,0.0,0.0,889.0,630.0,Metric Tons
Soybeans,2026-02-19,LEBANON,0.0,0.0,51300.0,0.0,Metric Tons
Soybeans,2026-02-19,MALAYSA,3867.0,13840.0,217441.0,117758.0,Metric Tons
Soybeans,2026-02-19,MEXICO,21614.0,91853.0,2952798.0,1115716.0,Metric Tons
Soybeans,2026-02-19,MOROCCO,0.0,0.0,12100.0,12000.0,Metric Tons
Soybeans,2026-02-19,NEPAL,0.0,2340.0,54159.0,35832.0,Metric Tons
Soybeans,2026-02-19,NETHLDS,0.0,0.0,667187.0,0.0,Metric Tons
Soybeans,2026-02-19,PAKISTN,0.0,0.0,1092731.0,0.0,Metric Tons
Soybeans,2026-02-19,PANAMA,0.0,0.0,13755.0,13800.0,Metric Tons
Soybeans,2026-02-19,PERU,552.0,12552.0,47825.0,6.0,Metric Tons
Soybeans,2026-02-19,PHIL,1041.0,2688.0,59228.0,14922.0,Metric Tons
Soybeans,2026-02-19,PORTUGL,0.0,0.0,117672.0,0.0,Metric Tons
Soybeans,2026-02-19,QATAR,0.0,0.0,0.0,413.0,Metric Tons
Soybeans,2026-02-19,S ARAB,20741.0,20741.0,63840.0,0.0,Metric Tons
Soybeans,2026-02-19,SENEGAL,0.0,0.0,467.0,0.0,Metric Tons
Soybeans,2026-02-19,SINGAPR,0.0,0.0,1945.0,3813.0,Metric Tons
Soybeans,2026-02-19,SPAIN,0.0,0.0,1065532.0,0.0,Metric Tons
Soybeans,2026-02-19,TAIWAN,884.0,26499.0,1046991.0,118060.0,Metric Tons
Soybeans,2026-02-19,THAILND,-9.0,7960.0,271369.0,48040.0,Metric Tons
Soybeans,2026-02-19,TUNISIA,0.0,0.0,206849.0,0.0,Metric Tons
Soybeans,2026-02-19,TURKEY,0.0,0.0,605064.0,0.0,Metric Tons
Soybeans,2026-02-19,U KING,0.0,0.0,198541.0,0.0,Metric Tons
Soybeans,2026-02-19,UNKNOWN,-148050.0,0.0,0.0,2439940.0,Metric Tons
Soybeans,2026-02-19,VENEZ,3500.0,0.0,54506.0,25500.0,Metric Tons
Soybeans,2026-02-19,VIETNAM,519.0,10805.0,827409.0,55859.0,Metric Tons
Soybeans,2026-02-26,ALGERIA,0.0,0.0,593327.0,0.0,Metric Tons
Soybeans,2026-02-26,BANGLADH,0.0,0.0,1131821.0,1000.0,Metric Tons
Soybeans,2026-02-26,BARBADO,0.0,0.0,6546.0,3000.0,Metric Tons
Soybeans,2026-02-26,C RICA,0.0,12500.0,132450.0,67000.0,Metric Tons
Soybeans,2026-02-26,CAMBODIA,0.0,0.0,5534.0,4541.0,Metric Tons
Soybeans,2026-02-26,CANADA,2179.0,1031.0,24245.0,19262.0,Metric Tons
Soybeans,2026-02-26,CHINA,153087.0,669086.0,6829851.0,3987001.0,Metric Tons
Soybeans,2026-02-26,COLOMB,31000.0,0.0,239260.0,100000.0,Metric Tons
Soybeans,2026-02-26,DOM REP,0.0,0.0,4958.0,0.0,Metric Tons
Soybeans,2026-02-26,EGYPT,110430.0,52430.0,2681806.0,1369900.0,Metric Tons
Soybeans,2026-02-26,FRANCE,0.0,0.0,202205.0,0.0,Metric Tons
Soybeans,2026-02-26,GERMANY,0.0,0.0,818497.0,0.0,Metric Tons
Soybeans,2026-02-26,GREECE,0.0,0.0,30712.0,0.0,Metric Tons
Soybeans,2026-02-26,INDNSIA,72452.0,29383.0,1100877.0,388204.0,Metric Tons
Soybeans,2026-02-26,IRAQ,0.0,0.0,226881.0,0.0,Metric Tons
Soybeans,2026-02-26,ISRAEL,0.0,0.0,30590.0,0.0,Metric Tons
Soybeans,2026-02-26,ITALY,0.0,0.0,493134.0,0.0,Metric Tons
Soybeans,2026-02-26,JAPAN,17564.0,14837.0,1279307.0,265074.0,Metric Tons
Soybeans,2026-02-26,KOR REP,540.0,2382.0,285494.0,14987.0,Metric Tons
Soybeans,2026-02-26,LAOS,0.0,0.0,889.0,630.0,Metric Tons
Soybeans,2026-02-26,LEBANON,0.0,0.0,51300.0,0.0,Metric Tons
Soybeans,2026-02-26,MALAYSA,14042.0,16664.0,234105.0,115136.0,Metric Tons
Soybeans,2026-02-26,MEXICO,67831.0,137670.0,3090468.0,1045877.0,Metric Tons
Soybeans,2026-02-26,MOROCCO,0.0,0.0,12100.0,12000.0,Metric Tons
Soybeans,2026-02-26,NEPAL,2000.0,6047.0,60206.0,31785.0,Metric Tons
Soybeans,2026-02-26,NETHLDS,0.0,0.0,667187.0,0.0,Metric Tons
Soybeans,2026-02-26,PAKISTN,0.0,0.0,1092731.0,0.0,Metric Tons
Soybeans,2026-02-26,PANAMA,0.0,0.0,13755.0,13800.0,Metric Tons
Soybeans,2026-02-26,PERU,0.0,0.0,47825.0,6.0,Metric Tons
Soybeans,2026-02-26,PHIL,3110.0,3583.0,62811.0,14449.0,Metric Tons
Soybeans,2026-02-26,PORTUGL,0.0,0.0,117672.0,0.0,Metric Tons
Soybeans,2026-02-26,QATAR,0.0,0.0,0.0,413.0,Metric Tons
Soybeans,2026-02-26,S ARAB,0.0,0.0,63840.0,0.0,Metric Tons
Soybeans,2026-02-26,SENEGAL,0.0,0.0,467.0,0.0,Metric Tons
Soybeans,2026-02-26,SINGAPR,0.0,59.0,2004.0,3754.0,Metric Tons
Soybeans,2026-02-26,SPAIN,0.0,0.0,1065532.0,0.0,Metric Tons
Soybeans,2026-02-26,TAIWAN,9792.0,21037.0,1068028.0,106815.0,Metric Tons
Soybeans,2026-02-26,THAILND,3956.0,11605.0,282974.0,40391.0,Metric Tons
Soybeans,2026-02-26,TUNISIA,0.0,0.0,206849.0,0.0,Metric Tons
Soybeans,2026-02-26,TURKEY,0.0,0.0,605064.0,0.0,Metric Tons
Soybeans,2026-02-26,U KING,0.0,0.0,198541.0,0.0,Metric Tons
Soybeans,2026-02-26,UNKNOWN,-253500.0,0.0,0.0,2186440.0,Metric Tons
Soybeans,2026-02-26,VENEZ,0.0,0.0,54506.0,25500.0,Metric Tons
Soybeans,2026-02-26,VIETNAM,16036.0,8246.0,835655.0,63649.0,Metric Tons
Soybeans,2026-03-05,ALGERIA,0.0,0.0,593327.0,0.0,Metric Tons
Soybeans,2026-03-05,BANGLADH,0.0,0.0,1131821.0,1000.0,Metric Tons
Soybeans,2026-03-05,BARBADO,0.0,0.0,6546.0,3000.0,Metric Tons
Soybeans,2026-03-05,C RICA,0.0,0.0,132450.0,67000.0,Metric Tons
Soybeans,2026-03-05,CAMBODIA,0.0,137.0,5671.0,4404.0,Metric Tons
Soybeans,2026-03-05,CANADA,590.0,1906.0,26151.0,17946.0,Metric Tons
Soybeans,2026-03-05,CHINA,83086.0,477086.0,7306937.0,3593001.0,Metric Tons
Soybeans,2026-03-05,COLOMB,19468.0,31468.0,270728.0,88000.0,Metric Tons
Soybeans,2026-03-05,DOM REP,0.0,0.0,4958.0,0.0,Metric Tons
Soybeans,2026-03-05,EGYPT,107800.0,221800.0,2903606.0,1255900.0,Metric Tons
Soybeans,2026-03-05,FRANCE,0.0,0.0,202205.0,0.0,Metric Tons
Soybeans,2026-03-05,GERMANY,0.0,0.0,818497.0,0.0,Metric Tons
Soybeans,2026-03-05,GREECE,0.0,0.0,30712.0,0.0,Metric Tons
Soybeans,2026-03-05,INDNSIA,204296.0,121207.0,1222084.0,471293.0,Metric Tons
Soybeans,2026-03-05,IRAQ,0.0,0.0,226881.0,0.0,Metric Tons
Soybeans,2026-03-05,ISRAEL,0.0,0.0,30590.0,0.0,Metric Tons
Soybeans,2026-03-05,ITALY,0.0,0.0,493134.0,0.0,Metric Tons
Soybeans,2026-03-05,JAPAN,14851.0,3826.0,1283133.0,276099.0,Metric Tons
Soybeans,2026-03-05,KOR REP,447.0,1817.0,287311.0,13617.0,Metric Tons
Soybeans,2026-03-05,LAOS,-290.0,340.0,1229.0,0.0,Metric Tons
Soybeans,2026-03-05,LEBANON,0.0,0.0,51300.0,0.0,Metric Tons
Soybeans,2026-03-05,MALAYSA,3616.0,15891.0,249996.0,102861.0,Metric Tons
Soybeans,2026-03-05,MEXICO,129945.0,82750.0,3173218.0,1093072.0,Metric Tons
Soybeans,2026-03-05,MOROCCO,0.0,0.0,12100.0,12000.0,Metric Tons
Soybeans,2026-03-05,NEPAL,0.0,1572.0,61778.0,30213.0,Metric Tons
Soybeans,2026-03-05,NETHLDS,0.0,0.0,667187.0,0.0,Metric Tons
Soybeans,2026-03-05,PAKISTN,0.0,0.0,1092731.0,0.0,Metric Tons
Soybeans,2026-03-05,PANAMA,348.0,7348.0,21103.0,6800.0,Metric Tons
Soybeans,2026-03-05,PERU,0.0,0.0,47825.0,6.0,Metric Tons
Soybeans,2026-03-05,PHIL,8078.0,2982.0,65793.0,19545.0,Metric Tons
Soybeans,2026-03-05,PORTUGL,0.0,0.0,117672.0,0.0,Metric Tons
Soybeans,2026-03-05,QATAR,0.0,0.0,0.0,413.0,Metric Tons
Soybeans,2026-03-05,S ARAB,0.0,0.0,63840.0,0.0,Metric Tons
Soybeans,2026-03-05,SENEGAL,0.0,0.0,467.0,0.0,Metric Tons
Soybeans,2026-03-05,SINGAPR,0.0,0.0,2004.0,3754.0,Metric Tons
Soybeans,2026-03-05,SPAIN,0.0,0.0,1065532.0,0.0,Metric Tons
Soybeans,2026-03-05,TAIWAN,9580.0,11225.0,1079253.0,105170.0,Metric Tons
Soybeans,2026-03-05,THAILND,6934.0,2572.0,285546.0,44753.0,Metric Tons
Soybeans,2026-03-05,TUNISIA,0.0,0.0,206849.0,0.0,Metric Tons
Soybeans,2026-03-05,TURKEY,0.0,0.0,605064.0,0.0,Metric Tons
Soybeans,2026-03-05,U KING,0.0,0.0,198541.0,0.0,Metric Tons
Soybeans,2026-03-05,UNKNOWN,-178650.0,0.0,0.0,2007790.0,Metric Tons
Soybeans,2026-03-05,VENEZ,11106.0,5106.0,59612.0,31500.0,Metric Tons
Soybeans,2026-03-05,VIETNAM,35535.0,6301.0,841956.0,92883.0,Metric Tons
Soybeans,2026-03-12,ALGERIA,0.0,0.0,593327.0,0.0,Metric Tons
Soybeans,2026-03-12,BANGLADH,-1.0,312.0,1132133.0,687.0,Metric Tons
Soybeans,2026-03-12,BARBADO,0.0,0.0,6546.0,3000.0,Metric Tons
Soybeans,2026-03-12,C RICA,5000.0,0.0,132450.0,72000.0,Metric Tons
Soybeans,2026-03-12,CAMBODIA,1500.0,773.0,6444.0,5131.0,Metric Tons
Soybeans,2026-03-12,CANADA,12926.0,752.0,26903.0,30120.0,Metric Tons
Soybeans,2026-03-12,CHINA,79867.0,545867.0,7852804.0,3127001.0,Metric Tons
Soybeans,2026-03-12,COLOMB,3500.0,0.0,270728.0,91500.0,Metric Tons
Soybeans,2026-03-12,DOM REP,0.0,0.0,4958.0,0.0,Metric Tons
Soybeans,2026-03-12,EGYPT,-105.0,164895.0,3068501.0,1090900.0,Metric Tons
Soybeans,2026-03-12,FRANCE,0.0,0.0,202205.0,0.0,Metric Tons
Soybeans,2026-03-12,GERMANY,0.0,0.0,818497.0,0.0,Metric Tons
Soybeans,2026-03-12,GREECE,0.0,0.0,30712.0,0.0,Metric Tons
Soybeans,2026-03-12,INDNSIA,26897.0,24762.0,1246846.0,473428.0,Metric Tons
Soybeans,2026-03-12,IRAQ,0.0,0.0,226881.0,0.0,Metric Tons
Soybeans,2026-03-12,ISRAEL,0.0,0.0,30590.0,0.0,Metric Tons
Soybeans,2026-03-12,ITALY,0.0,0.0,493134.0,0.0,Metric Tons
Soybeans,2026-03-12,JAPAN,10553.0,13399.0,1296532.0,273253.0,Metric Tons
Soybeans,2026-03-12,KOR REP,56.0,447.0,287758.0,13226.0,Metric Tons
Soybeans,2026-03-12,LAOS,0.0,0.0,1229.0,0.0,Metric Tons
Soybeans,2026-03-12,LEBANON,0.0,0.0,51300.0,0.0,Metric Tons
Soybeans,2026-03-12,MALAYSA,6556.0,8946.0,258942.0,100471.0,Metric Tons
Soybeans,2026-03-12,MEXICO,73987.0,90493.0,3263711.0,1076566.0,Metric Tons
Soybeans,2026-03-12,MOROCCO,0.0,0.0,12100.0,12000.0,Metric Tons
Soybeans,2026-03-12,NEPAL,0.0,2500.0,64278.0,27713.0,Metric Tons
Soybeans,2026-03-12,NETHLDS,0.0,0.0,667187.0,0.0,Metric Tons
Soybeans,2026-03-12,PAKISTN,0.0,0.0,1092731.0,0.0,Metric Tons
Soybeans,2026-03-12,PANAMA,0.0,0.0,21103.0,6800.0,Metric Tons
Soybeans,2026-03-12,PERU,0.0,0.0,47825.0,6.0,Metric Tons
Soybeans,2026-03-12,PHIL,4088.0,1967.0,67760.0,21666.0,Metric Tons
Soybeans,2026-03-12,PORTUGL,0.0,0.0,117672.0,0.0,Metric Tons
Soybeans,2026-03-12,QATAR,0.0,0.0,0.0,413.0,Metric Tons
Soybeans,2026-03-12,S ARAB,20095.0,20095.0,83935.0,0.0,Metric Tons
Soybeans,2026-03-12,SENEGAL,0.0,0.0,467.0,0.0,Metric Tons
Soybeans,2026-03-12,SINGAPR,0.0,0.0,2004.0,3754.0,Metric Tons
Soybeans,2026-03-12,SPAIN,0.0,0.0,1065532.0,0.0,Metric Tons
Soybeans,2026-03-12,TAIWAN,16711.0,15387.0,1094640.0,106494.0,Metric Tons
Soybeans,2026-03-12,THAILND,1611.0,4515.0,290061.0,41849.0,Metric Tons
Soybeans,2026-03-12,TUNISIA,0.0,0.0,206849.0,0.0,Metric Tons
Soybeans,2026-03-12,TURKEY,0.0,0.0,605064.0,0.0,Metric Tons
Soybeans,2026-03-12,U KING,0.0,0.0,198541.0,0.0,Metric Tons
Soybeans,2026-03-12,UNKNOWN,30350.0,0.0,0.0,2038140.0,Metric Tons
Soybeans,2026-03-12,VENEZ,0.0,0.0,59612.0,31500.0,Metric Tons
Soybeans,2026-03-12,VIETNAM,4617.0,11436.0,853392.0,86064.0,Metric Tons
Soybeans,2026-03-19,ALGERIA,0.0,0.0,593327.0,0.0,Metric Tons
Soybeans,2026-03-19,BANGLADH,0.0,622.0,1132755.0,65.0,Metric Tons
Soybeans,2026-03-19,BARBADO,0.0,0.0,6546.0,3000.0,Metric Tons
Soybeans,2026-03-19,C RICA,0.0,0.0,132450.0,72000.0,Metric Tons
Soybeans,2026-03-19,CAMBODIA,0.0,945.0,7389.0,4186.0,Metric Tons
Soybeans,2026-03-19,CANADA,10886.0,178.0,27081.0,40828.0,Metric Tons
Soybeans,2026-03-19,CHINA,262974.0,664975.0,8517779.0,2725000.0,Metric Tons
Soybeans,2026-03-19,COLOMB,10000.0,9136.0,279864.0,92364.0,Metric Tons
Soybeans,2026-03-19,DOM REP,0.0,0.0,4958.0,0.0,Metric Tons
Soybeans,2026-03-19,EGYPT,13001.0,184001.0,3252502.0,919900.0,Metric Tons
Soybeans,2026-03-19,FRANCE,0.0,0.0,202205.0,0.0,Metric Tons
Soybeans,2026-03-19,GERMANY,201501.0,201501.0,1019998.0,0.0,Metric Tons
Soybeans,2026-03-19,GREECE,0.0,0.0,30712.0,0.0,Metric Tons
Soybeans,2026-03-19,INDNSIA,18211.0,56813.0,1303659.0,434826.0,Metric Tons
Soybeans,2026-03-19,IRAQ,0.0,0.0,226881.0,0.0,Metric Tons
Soybeans,2026-03-19,ISRAEL,0.0,0.0,30590.0,0.0,Metric Tons
Soybeans,2026-03-19,ITALY,0.0,0.0,493134.0,0.0,Metric Tons
Soybeans,2026-03-19,JAPAN,111580.0,63149.0,1359681.0,321684.0,Metric Tons
Soybeans,2026-03-19,KOR REP,14200.0,2879.0,290637.0,24547.0,Metric Tons
Soybeans,2026-03-19,LAOS,300.0,0.0,1229.0,300.0,Metric Tons
Soybeans,2026-03-19,LEBANON,0.0,0.0,51300.0,0.0,Metric Tons
Soybeans,2026-03-19,MALAYSA,18887.0,18990.0,277932.0,100368.0,Metric Tons
Soybeans,2026-03-19,MEXICO,164116.0,75274.0,3338985.0,1165408.0,Metric Tons
Soybeans,2026-03-19,MOROCCO,0.0,0.0,12100.0,12000.0,Metric Tons
Soybeans,2026-03-19,NEPAL,1000.0,7667.0,71945.0,21046.0,Metric Tons
Soybeans,2026-03-19,NETHLDS,0.0,0.0,667187.0,0.0,Metric Tons
Soybeans,2026-03-19,PAKISTN,0.0,0.0,1092731.0,0.0,Metric Tons
Soybeans,2026-03-19,PANAMA,0.0,0.0,21103.0,6800.0,Metric Tons
Soybeans,2026-03-19,PERU,0.0,0.0,47825.0,6.0,Metric Tons
Soybeans,2026-03-19,PHIL,2971.0,1440.0,69200.0,23197.0,Metric Tons
Soybeans,2026-03-19,PORTUGL,0.0,0.0,117672.0,0.0,Metric Tons
Soybeans,2026-03-19,QATAR,0.0,0.0,0.0,413.0,Metric Tons
Soybeans,2026-03-19,S ARAB,0.0,0.0,83935.0,0.0,Metric Tons
Soybeans,2026-03-19,SENEGAL,0.0,0.0,467.0,0.0,Metric Tons
Soybeans,2026-03-19,SINGAPR,0.0,0.0,2004.0,3754.0,Metric Tons
Soybeans,2026-03-19,SPAIN,0.0,0.0,1065532.0,0.0,Metric Tons
Soybeans,2026-03-19,TAIWAN,30014.0,27821.0,1122461.0,108687.0,Metric Tons
Soybeans,2026-03-19,THAILND,3835.0,3537.0,293598.0,42147.0,Metric Tons
Soybeans,2026-03-19,TUNISIA,0.0,0.0,206849.0,0.0,Metric Tons
Soybeans,2026-03-19,TURKEY,0.0,0.0,605064.0,0.0,Metric Tons
Soybeans,2026-03-19,U KING,0.0,0.0,198541.0,0.0,Metric Tons
Soybeans,2026-03-19,UNKNOWN,-205450.0,0.0,0.0,1832690.0,Metric Tons
Soybeans,2026-03-19,VENEZ,-968.0,11032.0,70644.0,19500.0,Metric Tons
Soybeans,2026-03-19,VIETNAM,11843.0,14266.0,867658.0,83641.0,Metric Tons
Soybeans,2026-03-26,ALGERIA,0.0,0.0,593327.0,0.0,Metric Tons
Soybeans,2026-03-26,BANGLADH,91400.0,0.0,1132755.0,91465.0,Metric Tons
Soybeans,2026-03-26,BARBADO,0.0,0.0,6546.0,3000.0,Metric Tons
Soybeans,2026-03-26,C RICA,-215.0,12535.0,144985.0,59250.0,Metric Tons
Soybeans,2026-03-26,CAMBODIA,256.0,642.0,8031.0,3800.0,Metric Tons
Soybeans,2026-03-26,CANADA,3854.0,432.0,27513.0,44250.0,Metric Tons
Soybeans,2026-03-26,CHINA,141023.0,341023.0,8858802.0,2525000.0,Metric Tons
Soybeans,2026-03-26,COLOMB,23854.0,34154.0,314018.0,82064.0,Metric Tons
Soybeans,2026-03-26,DOM REP,0.0,0.0,4958.0,0.0,Metric Tons
Soybeans,2026-03-26,EGYPT,53245.0,53245.0,3305747.0,919900.0,Metric Tons
Soybeans,2026-03-26,FRANCE,0.0,0.0,202205.0,0.0,Metric Tons
Soybeans,2026-03-26,GERMANY,0.0,0.0,1019998.0,0.0,Metric Tons
Soybeans,2026-03-26,GREECE,0.0,0.0,30712.0,0.0,Metric Tons
Soybeans,2026-03-26,INDNSIA,55770.0,77275.0,1380934.0,413321.0,Metric Tons
Soybeans,2026-03-26,IRAQ,0.0,0.0,226881.0,0.0,Metric Tons
Soybeans,2026-03-26,ISRAEL,0.0,0.0,30590.0,0.0,Metric Tons
Soybeans,2026-03-26,ITALY,0.0,0.0,493134.0,0.0,Metric Tons
Soybeans,2026-03-26,JAPAN,19887.0,51119.0,1410800.0,290452.0,Metric Tons
Soybeans,2026-03-26,KOR REP,24744.0,25355.0,315992.0,23936.0,Metric Tons
Soybeans,2026-03-26,LAOS,0.0,0.0,1229.0,300.0,Metric Tons
Soybeans,2026-03-26,LEBANON,0.0,0.0,51300.0,0.0,Metric Tons
Soybeans,2026-03-26,MALAYSA,2137.0,14826.0,292758.0,87679.0,Metric Tons
Soybeans,2026-03-26,MEXICO,83584.0,43800.0,3382785.0,1205192.0,Metric Tons
Soybeans,2026-03-26,MOROCCO,0.0,0.0,12100.0,12000.0,Metric Tons
Soybeans,2026-03-26,NEPAL,37.0,1059.0,73004.0,20024.0,Metric Tons
Soybeans,2026-03-26,NETHLDS,0.0,0.0,667187.0,0.0,Metric Tons
Soybeans,2026-03-26,PAKISTN,0.0,0.0,1092731.0,0.0,Metric Tons
Soybeans,2026-03-26,PANAMA,0.0,0.0,21103.0,6800.0,Metric Tons
Soybeans,2026-03-26,PERU,0.0,0.0,47825.0,6.0,Metric Tons
Soybeans,2026-03-26,PHIL,4286.0,2424.0,71624.0,25059.0,Metric Tons
Soybeans,2026-03-26,PORTUGL,0.0,0.0,117672.0,0.0,Metric Tons
Soybeans,2026-03-26,QATAR,0.0,0.0,0.0,413.0,Metric Tons
Soybeans,2026-03-26,S ARAB,0.0,0.0,83935.0,0.0,Metric Tons
Soybeans,2026-03-26,SENEGAL,0.0,0.0,467.0,0.0,Metric Tons
Soybeans,2026-03-26,SINGAPR,0.0,0.0,2004.0,3754.0,Metric Tons
Soybeans,2026-03-26,SPAIN,0.0,0.0,1065532.0,0.0,Metric Tons
Soybeans,2026-03-26,TAIWAN,8487.0,11487.0,1133948.0,105687.0,Metric Tons
Soybeans,2026-03-26,THAILND,2995.0,3833.0,297431.0,41309.0,Metric Tons
Soybeans,2026-03-26,TUNISIA,0.0,0.0,206849.0,0.0,Metric Tons
Soybeans,2026-03-26,TURKEY,0.0,0.0,605064.0,0.0,Metric Tons
Soybeans,2026-03-26,U KING,0.0,0.0,198541.0,0.0,Metric Tons
Soybeans,2026-03-26,UNKNOWN,-159800.0,0.0,0.0,1672890.0,Metric Tons
Soybeans,2026-03-26,VENEZ,-6000.0,0.0,70644.0,13500.0,Metric Tons
Soybeans,2026-03-26,VIETNAM,3715.0,8705.0,876363.0,78651.0,Metric Tons
Soybeans,2026-04-02,ALGERIA,0.0,0.0,593327.0,0.0,Metric Tons
Soybeans,2026-04-02,BANGLADH,0.0,0.0,1132755.0,91465.0,Metric Tons
Soybeans,2026-04-02,BARBADO,-392.0,2608.0,9154.0,0.0,Metric Tons
Soybeans,2026-04-02,C RICA,1300.0,14300.0,159285.0,46250.0,Metric Tons
Soybeans,2026-04-02,CAMBODIA,1000.0,870.0,8901.0,3930.0,Metric Tons
Soybeans,2026-04-02,CANADA,272.0,582.0,28095.0,43940.0,Metric Tons
Soybeans,2026-04-02,CHINA,124692.0,430692.0,9289494.0,2219000.0,Metric Tons
Soybeans,2026-04-02,COLOMB,11253.0,15953.0,329971.0,77364.0,Metric Tons
Soybeans,2026-04-02,DOM REP,4000.0,0.0,4958.0,4000.0,Metric Tons
Soybeans,2026-04-02,EGYPT,47000.0,0.0,3305747.0,966900.0,Metric Tons
Soybeans,2026-04-02,FRANCE,0.0,0.0,202205.0,0.0,Metric Tons
Soybeans,2026-04-02,GERMANY,0.0,0.0,1019998.0,0.0,Metric Tons
Soybeans,2026-04-02,GREECE,0.0,0.0,30712.0,0.0,Metric Tons
Soybeans,2026-04-02,INDNSIA,17094.0,34441.0,1415375.0,395974.0,Metric Tons
Soybeans,2026-04-02,IRAQ,0.0,0.0,226881.0,0.0,Metric Tons
Soybeans,2026-04-02,ISRAEL,0.0,0.0,30590.0,0.0,Metric Tons
Soybeans,2026-04-02,ITALY,0.0,0.0,493134.0,0.0,Metric Tons
Soybeans,2026-04-02,JAPAN,104762.0,33864.0,1444664.0,361350.0,Metric Tons
Soybeans,2026-04-02,KOR REP,0.0,2696.0,318688.0,21240.0,Metric Tons
Soybeans,2026-04-02,LAOS,0.0,0.0,1229.0,300.0,Metric Tons
Soybeans,2026-04-02,LEBANON,0.0,0.0,51300.0,0.0,Metric Tons
Soybeans,2026-04-02,MALAYSA,2645.0,8065.0,300823.0,82259.0,Metric Tons
Soybeans,2026-04-02,MEXICO,27516.0,65351.0,3448136.0,1167357.0,Metric Tons
Soybeans,2026-04-02,MOROCCO,0.0,0.0,12100.0,12000.0,Metric Tons
Soybeans,2026-04-02,NEPAL,1000.0,2258.0,75262.0,18766.0,Metric Tons
Soybeans,2026-04-02,NETHLDS,0.0,0.0,667187.0,0.0,Metric Tons
Soybeans,2026-04-02,PAKISTN,0.0,0.0,1092731.0,0.0,Metric Tons
Soybeans,2026-04-02,PANAMA,0.0,0.0,21103.0,6800.0,Metric Tons
Soybeans,2026-04-02,PERU,-6.0,0.0,47825.0,0.0,Metric Tons
Soybeans,2026-04-02,PHIL,5758.0,3924.0,75548.0,26893.0,Metric Tons
Soybeans,2026-04-02,PORTUGL,0.0,0.0,117672.0,0.0,Metric Tons
Soybeans,2026-04-02,QATAR,0.0,0.0,0.0,413.0,Metric Tons
Soybeans,2026-04-02,S ARAB,0.0,0.0,83935.0,0.0,Metric Tons
Soybeans,2026-04-02,SENEGAL,0.0,0.0,467.0,0.0,Metric Tons
Soybeans,2026-04-02,SINGAPR,0.0,42.0,2046.0,3712.0,Metric Tons
Soybeans,2026-04-02,SPAIN,0.0,0.0,1065532.0,0.0,Metric Tons
Soybeans,2026-04-02,TAIWAN,15051.0,8035.0,1141983.0,112703.0,Metric Tons
Soybeans,2026-04-02,THAILND,484.0,1074.0,298505.0,40719.0,Metric Tons
Soybeans,2026-04-02,TUNISIA,0.0,0.0,206849.0,0.0,Metric Tons
Soybeans,2026-04-02,TURKEY,0.0,0.0,605064.0,0.0,Metric Tons
Soybeans,2026-04-02,U KING,0.0,0.0,198541.0,0.0,Metric Tons
Soybeans,2026-04-02,UNKNOWN,-77400.0,0.0,0.0,1595490.0,Metric Tons
Soybeans,2026-04-02,VENEZ,2350.0,0.0,70644.0,15850.0,Metric Tons
Soybeans,2026-04-02,VIETNAM,7024.0,11211.0,887574.0,74464.0,Metric Tons
Soybeans,2026-04-09,ALGERIA,0.0,0.0,593327.0,0.0,Metric Tons
Soybeans,2026-04-09,BANGLADH,-65.0,0.0,1132755.0,91400.0,Metric Tons
Soybeans,2026-04-09,BARBADO,0.0,0.0,9154.0,0.0,Metric Tons
Soybeans,2026-04-09,C RICA,50841.0,12341.0,171626.0,84750.0,Metric Tons
Soybeans,2026-04-09,CAMBODIA,2000.0,389.0,9290.0,5541.0,Metric Tons
Soybeans,2026-04-09,CANADA,26127.0,1381.0,29476.0,68686.0,Metric Tons
Soybeans,2026-04-09,CHINA,15819.0,345819.0,9635313.0,1889000.0,Metric Tons
Soybeans,2026-04-09,COLOMB,11306.0,12306.0,342277.0,76364.0,Metric Tons
Soybeans,2026-04-09,DOM REP,-1.0,3999.0,8957.0,0.0,Metric Tons
Soybeans,2026-04-09,EGYPT,58060.0,274060.0,3579807.0,750900.0,Metric Tons
Soybeans,2026-04-09,FRANCE,0.0,0.0,202205.0,0.0,Metric Tons
Soybeans,2026-04-09,GERMANY,0.0,0.0,1019998.0,0.0,Metric Tons
Soybeans,2026-04-09,GREECE,0.0,0.0,30712.0,0.0,Metric Tons
Soybeans,2026-04-09,INDNSIA,50715.0,31227.0,1446602.0,415462.0,Metric Tons
Soybeans,2026-04-09,IRAQ,0.0,0.0,226881.0,0.0,Metric Tons
Soybeans,2026-04-09,ISRAEL,0.0,0.0,30590.0,0.0,Metric Tons
Soybeans,2026-04-09,ITALY,0.0,0.0,493134.0,0.0,Metric Tons
Soybeans,2026-04-09,JAPAN,20151.0,24357.0,1469021.0,357144.0,Metric Tons
Soybeans,2026-04-09,KOR REP,192.0,1556.0,320244.0,19876.0,Metric Tons
Soybeans,2026-04-09,LAOS,0.0,0.0,1229.0,300.0,Metric Tons
Soybeans,2026-04-09,LEBANON,0.0,0.0,51300.0,0.0,Metric Tons
Soybeans,2026-04-09,MALAYSA,20020.0,9526.0,310349.0,92753.0,Metric Tons
Soybeans,2026-04-09,MEXICO,-378.0,68397.0,3516533.0,1098582.0,Metric Tons
Soybeans,2026-04-09,MOROCCO,0.0,0.0,12100.0,12000.0,Metric Tons
Soybeans,2026-04-09,NEPAL,-40.0,3028.0,78290.0,15698.0,Metric Tons
Soybeans,2026-04-09,NETHLDS,0.0,0.0,667187.0,0.0,Metric Tons
Soybeans,2026-04-09,PAKISTN,0.0,0.0,1092731.0,0.0,Metric Tons
Soybeans,2026-04-09,PANAMA,0.0,0.0,21103.0,6800.0,Metric Tons
Soybeans,2026-04-09,PERU,0.0,0.0,47825.0,0.0,Metric Tons
Soybeans,2026-04-09,PHIL,10.0,2375.0,77923.0,24528.0,Metric Tons
Soybeans,2026-04-09,PORTUGL,0.0,0.0,117672.0,0.0,Metric Tons
Soybeans,2026-04-09,QATAR,0.0,0.0,0.0,413.0,Metric Tons
Soybeans,2026-04-09,S ARAB,0.0,0.0,83935.0,0.0,Metric Tons
Soybeans,2026-04-09,SENEGAL,0.0,0.0,467.0,0.0,Metric Tons
Soybeans,2026-04-09,SINGAPR,0.0,38.0,2084.0,3674.0,Metric Tons
Soybeans,2026-04-09,SPAIN,0.0,0.0,1065532.0,0.0,Metric Tons
Soybeans,2026-04-09,TAIWAN,4039.0,8967.0,1150950.0,107775.0,Metric Tons
Soybeans,2026-04-09,THAILND,0.0,5713.0,304218.0,35006.0,Metric Tons
Soybeans,2026-04-09,TUNISIA,0.0,0.0,206849.0,0.0,Metric Tons
Soybeans,2026-04-09,TURKEY,0.0,0.0,605064.0,0.0,Metric Tons
Soybeans,2026-04-09,U KING,0.0,0.0,198541.0,0.0,Metric Tons
Soybeans,2026-04-09,UNKNOWN,-31000.0,0.0,0.0,1564490.0,Metric Tons
Soybeans,2026-04-09,VENEZ,10000.0,0.0,70644.0,25850.0,Metric Tons
Soybeans,2026-04-09,VIETNAM,10090.0,12989.0,900563.0,71565.0,Metric Tons
Soybeans,2026-04-16,ALGERIA,44000.0,0.0,593327.0,44000.0,Metric Tons
Soybeans,2026-04-16,BANGLADH,0.0,0.0,1132755.0,91400.0,Metric Tons
Soybeans,2026-04-16,BARBADO,0.0,0.0,9154.0,0.0,Metric Tons
Soybeans,2026-04-16,C RICA,0.0,0.0,171626.0,84750.0,Metric Tons
Soybeans,2026-04-16,CAMBODIA,0.0,1283.0,10573.0,4258.0,Metric Tons
Soybeans,2026-04-16,CANADA,15883.0,2122.0,31598.0,82447.0,Metric Tons
Soybeans,2026-04-16,CHINA,11161.0,446161.0,10081474.0,1454000.0,Metric Tons
Soybeans,2026-04-16,COLOMB,0.0,0.0,342277.0,76364.0,Metric Tons
Soybeans,2026-04-16,DOM REP,0.0,0.0,8957.0,0.0,Metric Tons
Soybeans,2026-04-16,EGYPT,93566.0,117566.0,3697373.0,726900.0,Metric Tons
Soybeans,2026-04-16,FRANCE,0.0,0.0,202205.0,0.0,Metric Tons
Soybeans,2026-04-16,GERMANY,0.0,0.0,1019998.0,0.0,Metric Tons
Soybeans,2026-04-16,GREECE,0.0,0.0,30712.0,0.0,Metric Tons
Soybeans,2026-04-16,INDNSIA,20979.0,47773.0,1494375.0,388668.0,Metric Tons
Soybeans,2026-04-16,IRAQ,0.0,0.0,226881.0,0.0,Metric Tons
Soybeans,2026-04-16,ISRAEL,0.0,0.0,30590.0,0.0,Metric Tons
Soybeans,2026-04-16,ITALY,0.0,0.0,493134.0,0.0,Metric Tons
Soybeans,2026-04-16,JAPAN,78712.0,76918.0,1545939.0,358938.0,Metric Tons
Soybeans,2026-04-16,KOR REP,1515.0,180.0,320424.0,21211.0,Metric Tons
Soybeans,2026-04-16,LAOS,0.0,0.0,1229.0,300.0,Metric Tons
Soybeans,2026-04-16,LEBANON,0.0,0.0,51300.0,0.0,Metric Tons
Soybeans,2026-04-16,MALAYSA,5150.0,6022.0,316371.0,91881.0,Metric Tons
Soybeans,2026-04-16,MEXICO,12224.0,41770.0,3558303.0,1069036.0,Metric Tons
Soybeans,2026-04-16,MOROCCO,0.0,0.0,12100.0,12000.0,Metric Tons
Soybeans,2026-04-16,NEPAL,5916.0,3000.0,81290.0,18614.0,Metric Tons
Soybeans,2026-04-16,NETHLDS,0.0,0.0,667187.0,0.0,Metric Tons
Soybeans,2026-04-16,PAKISTN,0.0,0.0,1092731.0,0.0,Metric Tons
Soybeans,2026-04-16,PANAMA,0.0,0.0,21103.0,6800.0,Metric Tons
Soybeans,2026-04-16,PERU,0.0,0.0,47825.0,0.0,Metric Tons
Soybeans,2026-04-16,PHIL,8019.0,2952.0,80875.0,29595.0,Metric Tons
Soybeans,2026-04-16,PORTUGL,0.0,0.0,117672.0,0.0,Metric Tons
Soybeans,2026-04-16,QATAR,0.0,0.0,0.0,413.0,Metric Tons
Soybeans,2026-04-16,S ARAB,0.0,0.0,83935.0,0.0,Metric Tons
Soybeans,2026-04-16,SENEGAL,0.0,0.0,467.0,0.0,Metric Tons
Soybeans,2026-04-16,SINGAPR,0.0,21.0,2105.0,3653.0,Metric Tons
Soybeans,2026-04-16,SPAIN,0.0,0.0,1065532.0,0.0,Metric Tons
Soybeans,2026-04-16,TAIWAN,11649.0,5717.0,1156667.0,113707.0,Metric Tons
Soybeans,2026-04-16,THAILND,2891.0,4843.0,309061.0,33054.0,Metric Tons
Soybeans,2026-04-16,TUNISIA,0.0,0.0,206849.0,0.0,Metric Tons
Soybeans,2026-04-16,TURKEY,0.0,0.0,605064.0,0.0,Metric Tons
Soybeans,2026-04-16,U KING,0.0,0.0,198541.0,0.0,Metric Tons
Soybeans,2026-04-16,UNKNOWN,48550.0,0.0,0.0,1613040.0,Metric Tons
Soybeans,2026-04-16,VENEZ,0.0,0.0,70644.0,25850.0,Metric Tons
Soybeans,2026-04-16,VIETNAM,4418.0,11723.0,912286.0,64260.0,Metric Tons
Soybeans,2026-04-23,ALGERIA,0.0,0.0,593327.0,44000.0,Metric Tons
Soybeans,2026-04-23,BANGLADH,-43000.0,0.0,1132755.0,48400.0,Metric Tons
Soybeans,2026-04-23,BARBADO,3500.0,0.0,9154.0,3500.0,Metric Tons
Soybeans,2026-04-23,C RICA,-1268.0,19482.0,191108.0,64000.0,Metric Tons
Soybeans,2026-04-23,CAMBODIA,0.0,1031.0,11604.0,3227.0,Metric Tons
Soybeans,2026-04-23,CANADA,27567.0,4389.0,35987.0,105625.0,Metric Tons
Soybeans,2026-04-23,CHINA,199213.0,315213.0,10396687.0,1338000.0,Metric Tons
Soybeans,2026-04-23,COLOMB,49414.0,23414.0,365691.0,102364.0,Metric Tons
Soybeans,2026-04-23,DOM REP,0.0,0.0,8957.0,0.0,Metric Tons
Soybeans,2026-04-23,EGYPT,112082.0,48082.0,3745455.0,790900.0,Metric Tons
Soybeans,2026-04-23,FRANCE,60.0,0.0,202205.0,60.0,Metric Tons
Soybeans,2026-04-23,GERMANY,0.0,0.0,1019998.0,0.0,Metric Tons
Soybeans,2026-04-23,GREECE,0.0,0.0,30712.0,0.0,Metric Tons
Soybeans,2026-04-23,INDNSIA,70755.0,79806.0,1574181.0,379617.0,Metric Tons
Soybeans,2026-04-23,IRAQ,0.0,0.0,226881.0,0.0,Metric Tons
Soybeans,2026-04-23,ISRAEL,0.0,0.0,30590.0,0.0,Metric Tons
Soybeans,2026-04-23,ITALY,0.0,0.0,493134.0,0.0,Metric Tons
Soybeans,2026-04-23,JAPAN,178.0,4333.0,1550272.0,354783.0,Metric Tons
Soybeans,2026-04-23,KOR REP,68.0,1220.0,321644.0,20059.0,Metric Tons
Soybeans,2026-04-23,LAOS,0.0,0.0,1229.0,300.0,Metric Tons
Soybeans,2026-04-23,LEBANON,0.0,0.0,51300.0,0.0,Metric Tons
Soybeans,2026-04-23,MALAYSA,3969.0,6623.0,322994.0,89227.0,Metric Tons
Soybeans,2026-04-23,MEXICO,1278.0,81772.0,3640075.0,988542.0,Metric Tons
Soybeans,2026-04-23,MOROCCO,0.0,0.0,12100.0,12000.0,Metric Tons
Soybeans,2026-04-23,NEPAL,8519.0,3060.0,84350.0,24073.0,Metric Tons
Soybeans,2026-04-23,NETHLDS,0.0,0.0,667187.0,0.0,Metric Tons
Soybeans,2026-04-23,PAKISTN,0.0,0.0,1092731.0,0.0,Metric Tons
Soybeans,2026-04-23,PANAMA,600.0,0.0,21103.0,7400.0,Metric Tons
Soybeans,2026-04-23,PERU,0.0,0.0,47825.0,0.0,Metric Tons
Soybeans,2026-04-23,PHIL,905.0,2882.0,83757.0,27618.0,Metric Tons
Soybeans,2026-04-23,PORTUGL,0.0,0.0,117672.0,0.0,Metric Tons
Soybeans,2026-04-23,QATAR,0.0,0.0,0.0,413.0,Metric Tons
Soybeans,2026-04-23,S ARAB,0.0,0.0,83935.0,0.0,Metric Tons
Soybeans,2026-04-23,SENEGAL,0.0,0.0,467.0,0.0,Metric Tons
Soybeans,2026-04-23,SINGAPR,0.0,63.0,2168.0,3590.0,Metric Tons
Soybeans,2026-04-23,SPAIN,0.0,0.0,1065532.0,0.0,Metric Tons
Soybeans,2026-04-23,TAIWAN,20134.0,7702.0,1164369.0,126139.0,Metric Tons
Soybeans,2026-04-23,THAILND,2352.0,1730.0,310791.0,33676.0,Metric Tons
Soybeans,2026-04-23,TUNISIA,0.0,0.0,206849.0,0.0,Metric Tons
Soybeans,2026-04-23,TURKEY,0.0,0.0,605064.0,0.0,Metric Tons
Soybeans,2026-04-23,U KING,0.0,0.0,198541.0,0.0,Metric Tons
Soybeans,2026-04-23,UNKNOWN,-204000.0,0.0,0.0,1409040.0,Metric Tons
Soybeans,2026-04-23,VENEZ,0.0,0.0,70644.0,25850.0,Metric Tons
Soybeans,2026-04-23,VIETNAM,5740.0,9764.0,922050.0,60236.0,Metric Tons
Soybeans,2026-04-30,ALGERIA,0.0,0.0,593327.0,44000.0,Metric Tons
Soybeans,2026-04-30,BANGLADH,0.0,0.0,1132755.0,48400.0,Metric Tons
Soybeans,2026-04-30,BARBADO,0.0,0.0,9154.0,3500.0,Metric Tons
Soybeans,2026-04-30,C RICA,8000.0,0.0,191108.0,72000.0,Metric Tons
Soybeans,2026-04-30,CAMBODIA,127.0,498.0,12102.0,2856.0,Metric Tons
Soybeans,2026-04-30,CANADA,699.0,4392.0,40379.0,101932.0,Metric Tons
Soybeans,2026-04-30,CHINA,66899.0,200899.0,10597586.0,1204000.0,Metric Tons
Soybeans,2026-04-30,COLOMB,8636.0,22500.0,388191.0,88500.0,Metric Tons
Soybeans,2026-04-30,DOM REP,0.0,0.0,8957.0,0.0,Metric Tons
Soybeans,2026-04-30,EGYPT,0.0,0.0,3745455.0,790900.0,Metric Tons
Soybeans,2026-04-30,FRANCE,0.0,60.0,202265.0,0.0,Metric Tons
Soybeans,2026-04-30,GERMANY,0.0,0.0,1019998.0,0.0,Metric Tons
Soybeans,2026-04-30,GREECE,0.0,0.0,30712.0,0.0,Metric Tons
Soybeans,2026-04-30,INDNSIA,43500.0,40313.0,1614494.0,382804.0,Metric Tons
Soybeans,2026-04-30,IRAQ,0.0,0.0,226881.0,0.0,Metric Tons
Soybeans,2026-04-30,ISRAEL,0.0,0.0,30590.0,0.0,Metric Tons
Soybeans,2026-04-30,ITALY,0.0,0.0,493134.0,0.0,Metric Tons
Soybeans,2026-04-30,JAPAN,48630.0,70292.0,1620564.0,333121.0,Metric Tons
Soybeans,2026-04-30,KOR REP,193.0,462.0,322106.0,19790.0,Metric Tons
Soybeans,2026-04-30,LAOS,300.0,0.0,1229.0,600.0,Metric Tons
Soybeans,2026-04-30,LEBANON,0.0,0.0,51300.0,0.0,Metric Tons
Soybeans,2026-04-30,MALAYSA,4000.0,13054.0,336048.0,80173.0,Metric Tons
Soybeans,2026-04-30,MEXICO,7944.0,91726.0,3731801.0,904760.0,Metric Tons
Soybeans,2026-04-30,MOROCCO,-1000.0,11000.0,23100.0,0.0,Metric Tons
Soybeans,2026-04-30,NEPAL,1500.0,1650.0,86000.0,23923.0,Metric Tons
Soybeans,2026-04-30,NETHLDS,0.0,0.0,667187.0,0.0,Metric Tons
Soybeans,2026-04-30,PAKISTN,0.0,0.0,1092731.0,0.0,Metric Tons
Soybeans,2026-04-30,PANAMA,341.0,7741.0,28844.0,0.0,Metric Tons
Soybeans,2026-04-30,PERU,0.0,0.0,47825.0,0.0,Metric Tons
Soybeans,2026-04-30,PHIL,536.0,2690.0,86447.0,25464.0,Metric Tons
Soybeans,2026-04-30,PORTUGL,0.0,0.0,117672.0,0.0,Metric Tons
Soybeans,2026-04-30,QATAR,0.0,0.0,0.0,413.0,Metric Tons
Soybeans,2026-04-30,S ARAB,30887.0,30887.0,114822.0,0.0,Metric Tons
Soybeans,2026-04-30,SENEGAL,0.0,0.0,467.0,0.0,Metric Tons
Soybeans,2026-04-30,SINGAPR,0.0,42.0,2210.0,3548.0,Metric Tons
Soybeans,2026-04-30,SPAIN,0.0,0.0,1065532.0,0.0,Metric Tons
Soybeans,2026-04-30,TAIWAN,2756.0,9905.0,1174274.0,118990.0,Metric Tons
Soybeans,2026-04-30,THAILND,5026.0,1431.0,312222.0,37271.0,Metric Tons
Soybeans,2026-04-30,TUNISIA,0.0,0.0,206849.0,0.0,Metric Tons
Soybeans,2026-04-30,TURKEY,0.0,0.0,605064.0,0.0,Metric Tons
Soybeans,2026-04-30,U KING,0.0,0.0,198541.0,0.0,Metric Tons
Soybeans,2026-04-30,UNKNOWN,-96000.0,0.0,0.0,1313040.0,Metric Tons
Soybeans,2026-04-30,VENEZ,0.0,11000.0,81644.0,14850.0,Metric Tons
Soybeans,2026-04-30,VIETNAM,8966.0,10243.0,932293.0,58959.0,Metric Tons
Soybeans,2026-05-07,ALGERIA,0.0,0.0,593327.0,44000.0,Metric Tons
Soybeans,2026-05-07,BANGLADH,0.0,0.0,1132755.0,48400.0,Metric Tons
Soybeans,2026-05-07,BARBADO,0.0,0.0,9154.0,3500.0,Metric Tons
Soybeans,2026-05-07,C RICA,0.0,0.0,191108.0,72000.0,Metric Tons
Soybeans,2026-05-07,CAMBODIA,0.0,1167.0,13269.0,1689.0,Metric Tons
Soybeans,2026-05-07,CANADA,3869.0,24377.0,64756.0,81424.0,Metric Tons
Soybeans,2026-05-07,CHINA,68641.0,336641.0,10934227.0,936000.0,Metric Tons
Soybeans,2026-05-07,COLOMB,23025.0,16525.0,404716.0,95000.0,Metric Tons
Soybeans,2026-05-07,DOM REP,0.0,0.0,8957.0,0.0,Metric Tons
Soybeans,2026-05-07,EGYPT,-2980.0,105020.0,3850475.0,682900.0,Metric Tons
Soybeans,2026-05-07,FRANCE,0.0,0.0,202265.0,0.0,Metric Tons
Soybeans,2026-05-07,GERMANY,0.0,0.0,1019998.0,0.0,Metric Tons
Soybeans,2026-05-07,GREECE,0.0,0.0,30712.0,0.0,Metric Tons
Soybeans,2026-05-07,INDNSIA,72561.0,72986.0,1687480.0,382379.0,Metric Tons
Soybeans,2026-05-07,IRAQ,0.0,0.0,226881.0,0.0,Metric Tons
Soybeans,2026-05-07,ISRAEL,0.0,0.0,30590.0,0.0,Metric Tons
Soybeans,2026-05-07,ITALY,0.0,0.0,493134.0,0.0,Metric Tons
Soybeans,2026-05-07,JAPAN,203.0,5172.0,1625736.0,328152.0,Metric Tons
Soybeans,2026-05-07,KOR REP,0.0,1125.0,323231.0,18665.0,Metric Tons
Soybeans,2026-05-07,LAOS,0.0,0.0,1229.0,600.0,Metric Tons
Soybeans,2026-05-07,LEBANON,0.0,0.0,51300.0,0.0,Metric Tons
Soybeans,2026-05-07,MALAYSA,7310.0,7429.0,343477.0,80054.0,Metric Tons
Soybeans,2026-05-07,MEXICO,187.0,54198.0,3785999.0,850749.0,Metric Tons
Soybeans,2026-05-07,MOROCCO,0.0,0.0,23100.0,0.0,Metric Tons
Soybeans,2026-05-07,NEPAL,5544.0,2549.0,88549.0,26918.0,Metric Tons
Soybeans,2026-05-07,NETHLDS,0.0,0.0,667187.0,0.0,Metric Tons
Soybeans,2026-05-07,PAKISTN,0.0,0.0,1092731.0,0.0,Metric Tons
Soybeans,2026-05-07,PANAMA,0.0,0.0,28844.0,0.0,Metric Tons
Soybeans,2026-05-07,PERU,0.0,0.0,47825.0,0.0,Metric Tons
Soybeans,2026-05-07,PHIL,10654.0,3419.0,89866.0,32699.0,Metric Tons
Soybeans,2026-05-07,PORTUGL,0.0,0.0,117672.0,0.0,Metric Tons
Soybeans,2026-05-07,QATAR,0.0,0.0,0.0,413.0,Metric Tons
Soybeans,2026-05-07,S ARAB,0.0,0.0,114822.0,0.0,Metric Tons
Soybeans,2026-05-07,SENEGAL,0.0,0.0,467.0,0.0,Metric Tons
Soybeans,2026-05-07,SINGAPR,0.0,0.0,2210.0,3548.0,Metric Tons
Soybeans,2026-05-07,SPAIN,0.0,0.0,1065532.0,0.0,Metric Tons
Soybeans,2026-05-07,TAIWAN,3610.0,22928.0,1197202.0,99672.0,Metric Tons
Soybeans,2026-05-07,THAILND,2000.0,2253.0,314475.0,37018.0,Metric Tons
Soybeans,2026-05-07,TUNISIA,0.0,0.0,206849.0,0.0,Metric Tons
Soybeans,2026-05-07,TURKEY,0.0,0.0,605064.0,0.0,Metric Tons
Soybeans,2026-05-07,U KING,0.0,0.0,198541.0,0.0,Metric Tons
Soybeans,2026-05-07,UNKNOWN,-104450.0,0.0,0.0,1208590.0,Metric Tons
Soybeans,2026-05-07,VENEZ,16.0,5866.0,87510.0,9000.0,Metric Tons
Soybeans,2026-05-07,VIETNAM,11869.0,9519.0,941812.0,61309.0,Metric Tons
Soybeans,2026-05-14,ALGERIA,0.0,0.0,593327.0,44000.0,Metric Tons
Soybeans,2026-05-14,BANGLADH,0.0,0.0,1132755.0,48400.0,Metric Tons
Soybeans,2026-05-14,BARBADO,0.0,0.0,9154.0,3500.0,Metric Tons
Soybeans,2026-05-14,C RICA,0.0,0.0,191108.0,72000.0,Metric Tons
Soybeans,2026-05-14,CAMBODIA,-61.0,684.0,13953.0,944.0,Metric Tons
Soybeans,2026-05-14,CANADA,782.0,1048.0,65804.0,81158.0,Metric Tons
Soybeans,2026-05-14,CHINA,5038.0,272038.0,11206265.0,669000.0,Metric Tons
Soybeans,2026-05-14,COLOMB,0.0,0.0,404716.0,95000.0,Metric Tons
Soybeans,2026-05-14,DOM REP,0.0,0.0,8957.0,0.0,Metric Tons
Soybeans,2026-05-14,EGYPT,59766.0,93266.0,3943741.0,649400.0,Metric Tons
Soybeans,2026-05-14,FRANCE,0.0,0.0,202265.0,0.0,Metric Tons
Soybeans,2026-05-14,GERMANY,0.0,0.0,1019998.0,0.0,Metric Tons
Soybeans,2026-05-14,GREECE,0.0,0.0,30712.0,0.0,Metric Tons
Soybeans,2026-05-14,INDNSIA,44240.0,25563.0,1713043.0,401056.0,Metric Tons
Soybeans,2026-05-14,IRAQ,0.0,0.0,226881.0,0.0,Metric Tons
Soybeans,2026-05-14,ISRAEL,0.0,0.0,30590.0,0.0,Metric Tons
Soybeans,2026-05-14,ITALY,0.0,0.0,493134.0,0.0,Metric Tons
Soybeans,2026-05-14,JAPAN,15110.0,23563.0,1649299.0,319699.0,Metric Tons
Soybeans,2026-05-14,KOR REP,0.0,1182.0,324413.0,17483.0,Metric Tons
Soybeans,2026-05-14,LAOS,0.0,0.0,1229.0,600.0,Metric Tons
Soybeans,2026-05-14,LEBANON,0.0,0.0,51300.0,0.0,Metric Tons
Soybeans,2026-05-14,MALAYSA,22400.0,3698.0,347175.0,98756.0,Metric Tons
Soybeans,2026-05-14,MEXICO,23101.0,76119.0,3862118.0,797731.0,Metric Tons
Soybeans,2026-05-14,MOROCCO,0.0,0.0,23100.0,0.0,Metric Tons
Soybeans,2026-05-14,NEPAL,973.0,1600.0,90149.0,26291.0,Metric Tons
Soybeans,2026-05-14,NETHLDS,0.0,0.0,667187.0,0.0,Metric Tons
Soybeans,2026-05-14,PAKISTN,0.0,0.0,1092731.0,0.0,Metric Tons
Soybeans,2026-05-14,PANAMA,0.0,0.0,28844.0,0.0,Metric Tons
Soybeans,2026-05-14,PERU,0.0,0.0,47825.0,0.0,Metric Tons
Soybeans,2026-05-14,PHIL,2067.0,5739.0,95605.0,29027.0,Metric Tons
Soybeans,2026-05-14,PORTUGL,0.0,0.0,117672.0,0.0,Metric Tons
Soybeans,2026-05-14,QATAR,0.0,0.0,0.0,413.0,Metric Tons
Soybeans,2026-05-14,S ARAB,0.0,0.0,114822.0,0.0,Metric Tons
Soybeans,2026-05-14,SENEGAL,0.0,0.0,467.0,0.0,Metric Tons
Soybeans,2026-05-14,SINGAPR,0.0,0.0,2210.0,3548.0,Metric Tons
Soybeans,2026-05-14,SPAIN,0.0,0.0,1065532.0,0.0,Metric Tons
Soybeans,2026-05-14,TAIWAN,231.0,11525.0,1208727.0,88378.0,Metric Tons
Soybeans,2026-05-14,THAILND,82.0,6689.0,321164.0,30411.0,Metric Tons
Soybeans,2026-05-14,TUNISIA,0.0,0.0,206849.0,0.0,Metric Tons
Soybeans,2026-05-14,TURKEY,0.0,0.0,605064.0,0.0,Metric Tons
Soybeans,2026-05-14,U KING,0.0,0.0,198541.0,0.0,Metric Tons
Soybeans,2026-05-14,UNKNOWN,171900.0,0.0,0.0,1380490.0,Metric Tons
Soybeans,2026-05-14,VENEZ,0.0,0.0,87510.0,9000.0,Metric Tons
Soybeans,2026-05-14,VIETNAM,5794.0,6071.0,947883.0,61032.0,Metric Tons
Soybeans,2026-05-21,ALGERIA,-4011.0,39989.0,633316.0,0.0,Metric Tons
Soybeans,2026-05-21,BANGLADH,0.0,48400.0,1181155.0,0.0,Metric Tons
Soybeans,2026-05-21,BARBADO,0.0,0.0,9154.0,3500.0,Metric Tons
Soybeans,2026-05-21,C RICA,230.0,12980.0,204088.0,59250.0,Metric Tons
Soybeans,2026-05-21,CAMBODIA,-234.0,385.0,14338.0,325.0,Metric Tons
Soybeans,2026-05-21,CANADA,478.0,2258.0,68062.0,79378.0,Metric Tons
Soybeans,2026-05-21,CHINA,4312.0,137312.0,11343577.0,536000.0,Metric Tons
Soybeans,2026-05-21,COLOMB,29494.0,51255.0,455971.0,73239.0,Metric Tons
Soybeans,2026-05-21,DOM REP,0.0,0.0,8957.0,0.0,Metric Tons
Soybeans,2026-05-21,EGYPT,54060.0,110060.0,4053801.0,593400.0,Metric Tons
Soybeans,2026-05-21,FRANCE,0.0,0.0,202265.0,0.0,Metric Tons
Soybeans,2026-05-21,GERMANY,0.0,0.0,1019998.0,0.0,Metric Tons
Soybeans,2026-05-21,GREECE,0.0,0.0,30712.0,0.0,Metric Tons
Soybeans,2026-05-21,INDNSIA,21263.0,24707.0,1737750.0,397612.0,Metric Tons
Soybeans,2026-05-21,IRAQ,0.0,0.0,226881.0,0.0,Metric Tons
Soybeans,2026-05-21,ISRAEL,0.0,0.0,30590.0,0.0,Metric Tons
Soybeans,2026-05-21,ITALY,0.0,0.0,493134.0,0.0,Metric Tons
Soybeans,2026-05-21,JAPAN,3807.0,23472.0,1672771.0,300034.0,Metric Tons
Soybeans,2026-05-21,KOR REP,0.0,0.0,324413.0,17483.0,Metric Tons
Soybeans,2026-05-21,LAOS,0.0,0.0,1229.0,600.0,Metric Tons
Soybeans,2026-05-21,LEBANON,0.0,0.0,51300.0,0.0,Metric Tons
Soybeans,2026-05-21,MALAYSA,2076.0,12377.0,359552.0,88455.0,Metric Tons
Soybeans,2026-05-21,MEXICO,86776.0,85661.0,3947779.0,798846.0,Metric Tons
Soybeans,2026-05-21,MOROCCO,0.0,0.0,23100.0,0.0,Metric Tons
Soybeans,2026-05-21,NEPAL,0.0,2494.0,92643.0,23797.0,Metric Tons
Soybeans,2026-05-21,NETHLDS,0.0,0.0,667187.0,0.0,Metric Tons
Soybeans,2026-05-21,PAKISTN,0.0,0.0,1092731.0,0.0,Metric Tons
Soybeans,2026-05-21,PANAMA,0.0,0.0,28844.0,0.0,Metric Tons
Soybeans,2026-05-21,PERU,0.0,0.0,47825.0,0.0,Metric Tons
Soybeans,2026-05-21,PHIL,10751.0,1568.0,97173.0,38210.0,Metric Tons
Soybeans,2026-05-21,PORTUGL,0.0,0.0,117672.0,0.0,Metric Tons
Soybeans,2026-05-21,QATAR,0.0,0.0,0.0,413.0,Metric Tons
Soybeans,2026-05-21,S ARAB,0.0,0.0,114822.0,0.0,Metric Tons
Soybeans,2026-05-21,SENEGAL,0.0,0.0,467.0,0.0,Metric Tons
Soybeans,2026-05-21,SINGAPR,0.0,0.0,2210.0,3548.0,Metric Tons
Soybeans,2026-05-21,SPAIN,0.0,0.0,1065532.0,0.0,Metric Tons
Soybeans,2026-05-21,TAIWAN,18943.0,4159.0,1212886.0,103162.0,Metric Tons
Soybeans,2026-05-21,THAILND,5181.0,3738.0,324902.0,31854.0,Metric Tons
Soybeans,2026-05-21,TUNISIA,0.0,0.0,206849.0,0.0,Metric Tons
Soybeans,2026-05-21,TURKEY,0.0,0.0,605064.0,0.0,Metric Tons
Soybeans,2026-05-21,U KING,0.0,0.0,198541.0,0.0,Metric Tons
Soybeans,2026-05-21,UNKNOWN,64000.0,0.0,0.0,1444490.0,Metric Tons
Soybeans,2026-05-21,VENEZ,0.0,0.0,87510.0,9000.0,Metric Tons
Soybeans,2026-05-21,VIETNAM,2773.0,10374.0,958257.0,53431.0,Metric Tons
Soybeans,2026-05-28,ALGERIA,0.0,0.0,633316.0,0.0,Metric Tons
Soybeans,2026-05-28,BANGLADH,0.0,0.0,1181155.0,0.0,Metric Tons
Soybeans,2026-05-28,BARBADO,4000.0,0.0,9154.0,7500.0,Metric Tons
Soybeans,2026-05-28,C RICA,0.0,0.0,204088.0,59250.0,Metric Tons
Soybeans,2026-05-28,CAMBODIA,0.0,182.0,14520.0,143.0,Metric Tons
Soybeans,2026-05-28,CANADA,24070.0,14747.0,82809.0,88701.0,Metric Tons
Soybeans,2026-05-28,CHINA,74773.0,208773.0,11552350.0,402000.0,Metric Tons
Soybeans,2026-05-28,COLOMB,-1339.0,0.0,455971.0,71900.0,Metric Tons
Soybeans,2026-05-28,DOM REP,0.0,0.0,8957.0,0.0,Metric Tons
Soybeans,2026-05-28,EGYPT,4874.0,110874.0,4164675.0,487400.0,Metric Tons
Soybeans,2026-05-28,FRANCE,0.0,0.0,202265.0,0.0,Metric Tons
Soybeans,2026-05-28,GERMANY,0.0,0.0,1019998.0,0.0,Metric Tons
Soybeans,2026-05-28,GREECE,0.0,0.0,30712.0,0.0,Metric Tons
Soybeans,2026-05-28,INDNSIA,53736.0,67233.0,1804983.0,384115.0,Metric Tons
Soybeans,2026-05-28,IRAQ,0.0,0.0,226881.0,0.0,Metric Tons
Soybeans,2026-05-28,ISRAEL,0.0,0.0,30590.0,0.0,Metric Tons
Soybeans,2026-05-28,ITALY,0.0,0.0,493134.0,0.0,Metric Tons
Soybeans,2026-05-28,JAPAN,51738.0,16027.0,1688798.0,335745.0,Metric Tons
Soybeans,2026-05-28,KOR REP,0.0,398.0,324811.0,17085.0,Metric Tons
Soybeans,2026-05-28,LAOS,0.0,0.0,1229.0,600.0,Metric Tons
Soybeans,2026-05-28,LEBANON,0.0,0.0,51300.0,0.0,Metric Tons
Soybeans,2026-05-28,MALAYSA,25279.0,7782.0,367334.0,105952.0,Metric Tons
Soybeans,2026-05-28,MEXICO,67393.0,108189.0,4055968.0,758050.0,Metric Tons
Soybeans,2026-05-28,MOROCCO,0.0,0.0,23100.0,0.0,Metric Tons
Soybeans,2026-05-28,NEPAL,114.0,5658.0,98301.0,18253.0,Metric Tons
Soybeans,2026-05-28,NETHLDS,0.0,0.0,667187.0,0.0,Metric Tons
Soybeans,2026-05-28,PAKISTN,0.0,0.0,1092731.0,0.0,Metric Tons
Soybeans,2026-05-28,PANAMA,0.0,0.0,28844.0,0.0,Metric Tons
Soybeans,2026-05-28,PERU,0.0,0.0,47825.0,0.0,Metric Tons
Soybeans,2026-05-28,PHIL,1639.0,1576.0,98749.0,38273.0,Metric Tons
Soybeans,2026-05-28,PORTUGL,0.0,0.0,117672.0,0.0,Metric Tons
Soybeans,2026-05-28,QATAR,0.0,0.0,0.0,413.0,Metric Tons
Soybeans,2026-05-28,S ARAB,0.0,0.0,114822.0,0.0,Metric Tons
Soybeans,2026-05-28,SENEGAL,0.0,0.0,467.0,0.0,Metric Tons
Soybeans,2026-05-28,SINGAPR,0.0,0.0,2210.0,3548.0,Metric Tons
Soybeans,2026-05-28,SPAIN,0.0,0.0,1065532.0,0.0,Metric Tons
Soybeans,2026-05-28,TAIWAN,32562.0,13557.0,1226443.0,122167.0,Metric Tons
Soybeans,2026-05-28,THAILND,315.0,6588.0,331490.0,25581.0,Metric Tons
Soybeans,2026-05-28,TUNISIA,0.0,0.0,206849.0,0.0,Metric Tons
Soybeans,2026-05-28,TURKEY,0.0,0.0,605064.0,0.0,Metric Tons
Soybeans,2026-05-28,U KING,0.0,0.0,198541.0,0.0,Metric Tons
Soybeans,2026-05-28,UNKNOWN,-72800.0,0.0,0.0,1371690.0,Metric Tons
Soybeans,2026-05-28,VENEZ,0.0,0.0,87510.0,9000.0,Metric Tons
Soybeans,2026-05-28,VIETNAM,10498.0,7666.0,965923.0,56263.0,Metric Tons
Soybeans,2026-06-04,ALGERIA,0.0,0.0,633316.0,0.0,Metric Tons
Soybeans,2026-06-04,BANGLADH,0.0,0.0,1181155.0,0.0,Metric Tons
Soybeans,2026-06-04,BARBADO,-454.0,3046.0,12200.0,4000.0,Metric Tons
Soybeans,2026-06-04,C RICA,0.0,0.0,204088.0,59250.0,Metric Tons
Soybeans,2026-06-04,CAMBODIA,0.0,0.0,14520.0,143.0,Metric Tons
Soybeans,2026-06-04,CANADA,12745.0,7596.0,90405.0,93850.0,Metric Tons
Soybeans,2026-06-04,CHINA,2086.0,68086.0,11620436.0,336000.0,Metric Tons
Soybeans,2026-06-04,COLOMB,12500.0,0.0,455971.0,84400.0,Metric Tons
Soybeans,2026-06-04,DOM REP,0.0,0.0,8957.0,0.0,Metric Tons
Soybeans,2026-06-04,EGYPT,67600.0,118600.0,4283275.0,436400.0,Metric Tons
Soybeans,2026-06-04,FRANCE,0.0,0.0,202265.0,0.0,Metric Tons
Soybeans,2026-06-04,GERMANY,0.0,0.0,1019998.0,0.0,Metric Tons
Soybeans,2026-06-04,GREECE,0.0,0.0,30712.0,0.0,Metric Tons
Soybeans,2026-06-04,INDNSIA,11645.0,25639.0,1830622.0,370121.0,Metric Tons
Soybeans,2026-06-04,IRAQ,0.0,0.0,226881.0,0.0,Metric Tons
Soybeans,2026-06-04,ISRAEL,0.0,0.0,30590.0,0.0,Metric Tons
Soybeans,2026-06-04,ITALY,0.0,0.0,493134.0,0.0,Metric Tons
Soybeans,2026-06-04,JAPAN,56419.0,85074.0,1773872.0,307090.0,Metric Tons
Soybeans,2026-06-04,KOR REP,0.0,0.0,324811.0,17085.0,Metric Tons
Soybeans,2026-06-04,LAOS,0.0,0.0,1229.0,600.0,Metric Tons
Soybeans,2026-06-04,LEBANON,0.0,0.0,51300.0,0.0,Metric Tons
Soybeans,2026-06-04,MALAYSA,11500.0,4582.0,371916.0,112870.0,Metric Tons
Soybeans,2026-06-04,MEXICO,13640.0,82393.0,4138361.0,689297.0,Metric Tons
Soybeans,2026-06-04,MOROCCO,0.0,0.0,23100.0,0.0,Metric Tons
Soybeans,2026-06-04,NEPAL,-3.0,3797.0,102098.0,14453.0,Metric Tons
Soybeans,2026-06-04,NETHLDS,0.0,0.0,667187.0,0.0,Metric Tons
Soybeans,2026-06-04,PAKISTN,0.0,0.0,1092731.0,0.0,Metric Tons
Soybeans,2026-06-04,PANAMA,0.0,0.0,28844.0,0.0,Metric Tons
Soybeans,2026-06-04,PERU,0.0,0.0,47825.0,0.0,Metric Tons
Soybeans,2026-06-04,PHIL,3042.0,1766.0,100515.0,39549.0,Metric Tons
Soybeans,2026-06-04,PORTUGL,0.0,0.0,117672.0,0.0,Metric Tons
Soybeans,2026-06-04,QATAR,0.0,0.0,0.0,413.0,Metric Tons
Soybeans,2026-06-04,S ARAB,0.0,0.0,114822.0,0.0,Metric Tons
Soybeans,2026-06-04,SENEGAL,0.0,0.0,467.0,0.0,Metric Tons
Soybeans,2026-06-04,SINGAPR,0.0,40.0,2250.0,3508.0,Metric Tons
Soybeans,2026-06-04,SPAIN,0.0,0.0,1065532.0,0.0,Metric Tons
Soybeans,2026-06-04,TAIWAN,15237.0,6243.0,1232686.0,131161.0,Metric Tons
Soybeans,2026-06-04,THAILND,1188.0,2835.0,334325.0,23934.0,Metric Tons
Soybeans,2026-06-04,TUNISIA,0.0,0.0,206849.0,0.0,Metric Tons
Soybeans,2026-06-04,TURKEY,0.0,0.0,605064.0,0.0,Metric Tons
Soybeans,2026-06-04,U KING,0.0,0.0,198541.0,0.0,Metric Tons
Soybeans,2026-06-04,UNKNOWN,-4000.0,0.0,0.0,1367690.0,Metric Tons
Soybeans,2026-06-04,VENEZ,0.0,0.0,87510.0,9000.0,Metric Tons
Soybeans,2026-06-04,VIETNAM,8147.0,1815.0,967738.0,62595.0,Metric Tons
Soybeans,2026-06-11,ALGERIA,0.0,0.0,633316.0,0.0,Metric Tons
Soybeans,2026-06-11,BANGLADH,0.0,0.0,1181155.0,0.0,Metric Tons
Soybeans,2026-06-11,BARBADO,0.0,0.0,12200.0,4000.0,Metric Tons
Soybeans,2026-06-11,C RICA,-322.0,12428.0,216516.0,46500.0,Metric Tons
Soybeans,2026-06-11,CAMBODIA,0.0,0.0,14520.0,143.0,Metric Tons
Soybeans,2026-06-11,CANADA,2272.0,1263.0,91668.0,94859.0,Metric Tons
Soybeans,2026-06-11,CHINA,2260.0,136260.0,11756696.0,202000.0,Metric Tons
Soybeans,2026-06-11,COLOMB,0.0,0.0,455971.0,84400.0,Metric Tons
Soybeans,2026-06-11,DOM REP,4500.0,0.0,8957.0,4500.0,Metric Tons
Soybeans,2026-06-11,EGYPT,177751.0,218251.0,4501526.0,395900.0,Metric Tons
Soybeans,2026-06-11,FRANCE,60.0,0.0,202265.0,60.0,Metric Tons
Soybeans,2026-06-11,GERMANY,0.0,0.0,1019998.0,0.0,Metric Tons
Soybeans,2026-06-11,GREECE,0.0,0.0,30712.0,0.0,Metric Tons
Soybeans,2026-06-11,INDNSIA,55067.0,73943.0,1904565.0,351245.0,Metric Tons
Soybeans,2026-06-11,IRAQ,0.0,0.0,226881.0,0.0,Metric Tons
Soybeans,2026-06-11,ISRAEL,0.0,0.0,30590.0,0.0,Metric Tons
Soybeans,2026-06-11,ITALY,0.0,0.0,493134.0,0.0,Metric Tons
Soybeans,2026-06-11,JAPAN,53626.0,4748.0,1778620.0,355968.0,Metric Tons
Soybeans,2026-06-11,KOR REP,0.0,493.0,325304.0,16592.0,Metric Tons
Soybeans,2026-06-11,LAOS,263.0,563.0,1792.0,300.0,Metric Tons
Soybeans,2026-06-11,LEBANON,0.0,0.0,51300.0,0.0,Metric Tons
Soybeans,2026-06-11,MALAYSA,9550.0,12440.0,384356.0,109980.0,Metric Tons
Soybeans,2026-06-11,MEXICO,55088.0,64971.0,4203332.0,679414.0,Metric Tons
Soybeans,2026-06-11,MOROCCO,0.0,0.0,23100.0,0.0,Metric Tons
Soybeans,2026-06-11,NEPAL,0.0,3544.0,105642.0,10909.0,Metric Tons
Soybeans,2026-06-11,NETHLDS,0.0,0.0,667187.0,0.0,Metric Tons
Soybeans,2026-06-11,PAKISTN,0.0,0.0,1092731.0,0.0,Metric Tons
Soybeans,2026-06-11,PANAMA,0.0,0.0,28844.0,0.0,Metric Tons
Soybeans,2026-06-11,PERU,0.0,0.0,47825.0,0.0,Metric Tons
Soybeans,2026-06-11,PHIL,1002.0,2469.0,102984.0,38082.0,Metric Tons
Soybeans,2026-06-11,PORTUGL,0.0,0.0,117672.0,0.0,Metric Tons
Soybeans,2026-06-11,QATAR,0.0,0.0,0.0,413.0,Metric Tons
Soybeans,2026-06-11,S ARAB,0.0,0.0,114822.0,0.0,Metric Tons
Soybeans,2026-06-11,SENEGAL,0.0,0.0,467.0,0.0,Metric Tons
Soybeans,2026-06-11,SINGAPR,0.0,0.0,2250.0,3508.0,Metric Tons
Soybeans,2026-06-11,SPAIN,0.0,0.0,1065532.0,0.0,Metric Tons
Soybeans,2026-06-11,TAIWAN,19042.0,9110.0,1241796.0,141093.0,Metric Tons
Soybeans,2026-06-11,THAILND,6539.0,3681.0,338006.0,26792.0,Metric Tons
Soybeans,2026-06-11,TUNISIA,0.0,0.0,206849.0,0.0,Metric Tons
Soybeans,2026-06-11,TURKEY,0.0,0.0,605064.0,0.0,Metric Tons
Soybeans,2026-06-11,U KING,0.0,0.0,198541.0,0.0,Metric Tons
Soybeans,2026-06-11,UNKNOWN,22650.0,0.0,0.0,1390340.0,Metric Tons
Soybeans,2026-06-11,VENEZ,0.0,0.0,87510.0,9000.0,Metric Tons
Soybeans,2026-06-11,VIETNAM,15521.0,8267.0,976005.0,69849.0,Metric Tons
Soybeans,2026-06-18,ALGERIA,89000.0,0.0,633316.0,89000.0,Metric Tons
Soybeans,2026-06-18,BANGLADH,0.0,0.0,1181155.0,0.0,Metric Tons
Soybeans,2026-06-18,BARBADO,0.0,0.0,12200.0,4000.0,Metric Tons
Soybeans,2026-06-18,C RICA,0.0,0.0,216516.0,46500.0,Metric Tons
Soybeans,2026-06-18,CAMBODIA,977.0,0.0,14520.0,1120.0,Metric Tons
Soybeans,2026-06-18,CANADA,2929.0,1433.0,93101.0,96355.0,Metric Tons
Soybeans,2026-06-18,CHINA,1509.0,69509.0,11826205.0,134000.0,Metric Tons
Soybeans,2026-06-18,COLOMB,22835.0,29835.0,485806.0,77400.0,Metric Tons
Soybeans,2026-06-18,DOM REP,0.0,0.0,8957.0,4500.0,Metric Tons
Soybeans,2026-06-18,EGYPT,0.0,0.0,4501526.0,395900.0,Metric Tons
Soybeans,2026-06-18,FRANCE,0.0,0.0,202265.0,60.0,Metric Tons
Soybeans,2026-06-18,GERMANY,0.0,0.0,1019998.0,0.0,Metric Tons
Soybeans,2026-06-18,GREECE,0.0,0.0,30712.0,0.0,Metric Tons
Soybeans,2026-06-18,INDNSIA,13995.0,17788.0,1922353.0,347452.0,Metric Tons
Soybeans,2026-06-18,IRAQ,0.0,0.0,226881.0,0.0,Metric Tons
Soybeans,2026-06-18,ISRAEL,0.0,0.0,30590.0,0.0,Metric Tons
Soybeans,2026-06-18,ITALY,0.0,0.0,493134.0,0.0,Metric Tons
Soybeans,2026-06-18,JAPAN,101.0,2749.0,1781369.0,353320.0,Metric Tons
Soybeans,2026-06-18,KOR REP,0.0,0.0,325304.0,16592.0,Metric Tons
Soybeans,2026-06-18,LAOS,0.0,0.0,1792.0,300.0,Metric Tons
Soybeans,2026-06-18,LEBANON,0.0,0.0,51300.0,0.0,Metric Tons
Soybeans,2026-06-18,MALAYSA,14200.0,8497.0,392853.0,115683.0,Metric Tons
Soybeans,2026-06-18,MEXICO,34100.0,70784.0,4274116.0,642730.0,Metric Tons
Soybeans,2026-06-18,MOROCCO,0.0,0.0,23100.0,0.0,Metric Tons
Soybeans,2026-06-18,NEPAL,24.0,1226.0,106868.0,9707.0,Metric Tons
Soybeans,2026-06-18,NETHLDS,0.0,0.0,667187.0,0.0,Metric Tons
Soybeans,2026-06-18,PAKISTN,0.0,0.0,1092731.0,0.0,Metric Tons
Soybeans,2026-06-18,PANAMA,0.0,0.0,28844.0,0.0,Metric Tons
Soybeans,2026-06-18,PERU,0.0,0.0,47825.0,0.0,Metric Tons
Soybeans,2026-06-18,PHIL,106.0,2342.0,105326.0,35846.0,Metric Tons
Soybeans,2026-06-18,PORTUGL,0.0,0.0,117672.0,0.0,Metric Tons
Soybeans,2026-06-18,QATAR,0.0,0.0,0.0,413.0,Metric Tons
Soybeans,2026-06-18,S ARAB,0.0,0.0,114822.0,0.0,Metric Tons
Soybeans,2026-06-18,SENEGAL,0.0,0.0,467.0,0.0,Metric Tons
Soybeans,2026-06-18,SINGAPR,0.0,0.0,2250.0,3508.0,Metric Tons
Soybeans,2026-06-18,SPAIN,0.0,0.0,1065532.0,0.0,Metric Tons
Soybeans,2026-06-18,TAIWAN,3524.0,10513.0,1252309.0,134104.0,Metric Tons
Soybeans,2026-06-18,THAILND,-111.0,1297.0,339303.0,25384.0,Metric Tons
Soybeans,2026-06-18,TUNISIA,0.0,0.0,206849.0,0.0,Metric Tons
Soybeans,2026-06-18,TURKEY,0.0,0.0,605064.0,0.0,Metric Tons
Soybeans,2026-06-18,U KING,0.0,0.0,198541.0,0.0,Metric Tons
Soybeans,2026-06-18,UNKNOWN,263050.0,0.0,0.0,1653390.0,Metric Tons
Soybeans,2026-06-18,VENEZ,6500.0,0.0,87510.0,15500.0,Metric Tons
Soybeans,2026-06-18,VIETNAM,2666.0,1061.0,977066.0,71454.0,Metric Tons
Soybeans,2026-06-25,ALGERIA,0.0,0.0,633316.0,89000.0,Metric Tons
Soybeans,2026-06-25,BANGLADH,0.0,0.0,1181155.0,0.0,Metric Tons
Soybeans,2026-06-25,BARBADO,-212.0,3788.0,15988.0,0.0,Metric Tons
Soybeans,2026-06-25,C RICA,0.0,0.0,216516.0,46500.0,Metric Tons
Soybeans,2026-06-25,CAMBODIA,0.0,0.0,14520.0,1120.0,Metric Tons
Soybeans,2026-06-25,CANADA,529.0,6029.0,99130.0,90855.0,Metric Tons
Soybeans,2026-06-25,CHINA,65389.0,65389.0,11891594.0,134000.0,Metric Tons
Soybeans,2026-06-25,COLOMB,1500.0,0.0,485806.0,78900.0,Metric Tons
Soybeans,2026-06-25,DOM REP,0.0,0.0,8957.0,4500.0,Metric Tons
Soybeans,2026-06-25,EGYPT,-938.0,54062.0,4555588.0,340900.0,Metric Tons
Soybeans,2026-06-25,FRANCE,0.0,0.0,202265.0,60.0,Metric Tons
Soybeans,2026-06-25,GERMANY,0.0,0.0,1019998.0,0.0,Metric Tons
Soybeans,2026-06-25,GREECE,0.0,0.0,30712.0,0.0,Metric Tons
Soybeans,2026-06-25,INDNSIA,3392.0,17568.0,1939921.0,333276.0,Metric Tons
Soybeans,2026-06-25,IRAQ,0.0,0.0,226881.0,0.0,Metric Tons
Soybeans,2026-06-25,ISRAEL,0.0,0.0,30590.0,0.0,Metric Tons
Soybeans,2026-06-25,ITALY,0.0,0.0,493134.0,0.0,Metric Tons
Soybeans,2026-06-25,JAPAN,27629.0,102198.0,1883567.0,278751.0,Metric Tons
Soybeans,2026-06-25,KOR REP,500.0,526.0,325830.0,16566.0,Metric Tons
Soybeans,2026-06-25,LAOS,0.0,0.0,1792.0,300.0,Metric Tons
Soybeans,2026-06-25,LEBANON,0.0,0.0,51300.0,0.0,Metric Tons
Soybeans,2026-06-25,MALAYSA,7224.0,4696.0,397549.0,118211.0,Metric Tons
Soybeans,2026-06-25,MEXICO,725.0,118231.0,4392347.0,525224.0,Metric Tons
Soybeans,2026-06-25,MOROCCO,0.0,0.0,23100.0,0.0,Metric Tons
Soybeans,2026-06-25,NEPAL,0.0,1000.0,107868.0,8707.0,Metric Tons
Soybeans,2026-06-25,NETHLDS,0.0,0.0,667187.0,0.0,Metric Tons
Soybeans,2026-06-25,PAKISTN,0.0,0.0,1092731.0,0.0,Metric Tons
Soybeans,2026-06-25,PANAMA,0.0,0.0,28844.0,0.0,Metric Tons
Soybeans,2026-06-25,PERU,0.0,0.0,47825.0,0.0,Metric Tons
Soybeans,2026-06-25,PHIL,500.0,2848.0,108174.0,33498.0,Metric Tons
Soybeans,2026-06-25,PORTUGL,0.0,0.0,117672.0,0.0,Metric Tons
Soybeans,2026-06-25,QATAR,0.0,0.0,0.0,413.0,Metric Tons
Soybeans,2026-06-25,S ARAB,0.0,0.0,114822.0,0.0,Metric Tons
Soybeans,2026-06-25,SENEGAL,0.0,0.0,467.0,0.0,Metric Tons
Soybeans,2026-06-25,SINGAPR,0.0,20.0,2270.0,3488.0,Metric Tons
Soybeans,2026-06-25,SPAIN,0.0,0.0,1065532.0,0.0,Metric Tons
Soybeans,2026-06-25,TAIWAN,10355.0,7541.0,1259850.0,136918.0,Metric Tons
Soybeans,2026-06-25,THAILND,1000.0,1227.0,340530.0,25157.0,Metric Tons
Soybeans,2026-06-25,TUNISIA,0.0,0.0,206849.0,0.0,Metric Tons
Soybeans,2026-06-25,TURKEY,0.0,0.0,605064.0,0.0,Metric Tons
Soybeans,2026-06-25,U KING,0.0,0.0,198541.0,0.0,Metric Tons
Soybeans,2026-06-25,UNKNOWN,-88450.0,0.0,0.0,1564940.0,Metric Tons
Soybeans,2026-06-25,VENEZ,7000.0,0.0,87510.0,22500.0,Metric Tons
Soybeans,2026-06-25,VIETNAM,5643.0,2903.0,979969.0,74194.0,Metric Tons
Soybeans,2026-07-02,ALGERIA,0.0,0.0,633316.0,89000.0,Metric Tons
Soybeans,2026-07-02,BANGLADH,0.0,0.0,1181155.0,0.0,Metric Tons
Soybeans,2026-07-02,BARBADO,0.0,0.0,15988.0,0.0,Metric Tons
Soybeans,2026-07-02,C RICA,-738.0,12262.0,228778.0,33500.0,Metric Tons
Soybeans,2026-07-02,CAMBODIA,0.0,0.0,14520.0,1120.0,Metric Tons
Soybeans,2026-07-02,CANADA,489.0,15023.0,114153.0,76321.0,Metric Tons
Soybeans,2026-07-02,CHINA,202117.0,268117.0,12159711.0,68000.0,Metric Tons
Soybeans,2026-07-02,COLOMB,1736.0,31736.0,517542.0,48900.0,Metric Tons
Soybeans,2026-07-02,DOM REP,0.0,0.0,8957.0,4500.0,Metric Tons
Soybeans,2026-07-02,EGYPT,0.0,0.0,4555588.0,340900.0,Metric Tons
Soybeans,2026-07-02,FRANCE,0.0,0.0,202265.0,60.0,Metric Tons
Soybeans,2026-07-02,GERMANY,0.0,0.0,1019998.0,0.0,Metric Tons
Soybeans,2026-07-02,GREECE,0.0,0.0,30712.0,0.0,Metric Tons
Soybeans,2026-07-02,INDNSIA,45765.0,48044.0,1987965.0,330997.0,Metric Tons
Soybeans,2026-07-02,IRAQ,0.0,0.0,226881.0,0.0,Metric Tons
Soybeans,2026-07-02,ISRAEL,0.0,0.0,30590.0,0.0,Metric Tons
Soybeans,2026-07-02,ITALY,41.0,41.0,493175.0,0.0,Metric Tons
Soybeans,2026-07-02,JAPAN,60480.0,51570.0,1935137.0,287661.0,Metric Tons
Soybeans,2026-07-02,KOR REP,0.0,0.0,325830.0,16566.0,Metric Tons
Soybeans,2026-07-02,LAOS,0.0,0.0,1792.0,300.0,Metric Tons
Soybeans,2026-07-02,LEBANON,0.0,0.0,51300.0,0.0,Metric Tons
Soybeans,2026-07-02,MALAYSA,1513.0,13638.0,411187.0,106086.0,Metric Tons
Soybeans,2026-07-02,MEXICO,55481.0,92177.0,4484524.0,488528.0,Metric Tons
Soybeans,2026-07-02,MOROCCO,0.0,0.0,23100.0,0.0,Metric Tons
Soybeans,2026-07-02,NEPAL,0.0,4000.0,111868.0,4707.0,Metric Tons
Soybeans,2026-07-02,NETHLDS,0.0,0.0,667187.0,0.0,Metric Tons
Soybeans,2026-07-02,PAKISTN,0.0,0.0,1092731.0,0.0,Metric Tons
Soybeans,2026-07-02,PANAMA,7200.0,7200.0,36044.0,0.0,Metric Tons
Soybeans,2026-07-02,PERU,0.0,0.0,47825.0,0.0,Metric Tons
Soybeans,2026-07-02,PHIL,1876.0,4144.0,112318.0,31230.0,Metric Tons
Soybeans,2026-07-02,PORTUGL,0.0,0.0,117672.0,0.0,Metric Tons
Soybeans,2026-07-02,QATAR,0.0,0.0,0.0,413.0,Metric Tons
Soybeans,2026-07-02,S ARAB,0.0,0.0,114822.0,0.0,Metric Tons
Soybeans,2026-07-02,SENEGAL,0.0,0.0,467.0,0.0,Metric Tons
Soybeans,2026-07-02,SINGAPR,0.0,102.0,2372.0,3386.0,Metric Tons
Soybeans,2026-07-02,SPAIN,0.0,0.0,1065532.0,0.0,Metric Tons
Soybeans,2026-07-02,TAIWAN,15896.0,8662.0,1268512.0,144152.0,Metric Tons
Soybeans,2026-07-02,THAILND,3432.0,4537.0,345067.0,24052.0,Metric Tons
Soybeans,2026-07-02,TUNISIA,0.0,0.0,206849.0,0.0,Metric Tons
Soybeans,2026-07-02,TURKEY,0.0,0.0,605064.0,0.0,Metric Tons
Soybeans,2026-07-02,U KING,0.0,0.0,198541.0,0.0,Metric Tons
Soybeans,2026-07-02,UNKNOWN,-351340.0,0.0,0.0,1213600.0,Metric Tons
Soybeans,2026-07-02,VENEZ,-3500.0,5500.0,93010.0,13500.0,Metric Tons
Soybeans,2026-07-02,VIETNAM,13901.0,8125.0,988094.0,79970.0,Metric Tons
Soybeans,2026-07-09,ALGERIA,0.0,0.0,633316.0,89000.0,Metric Tons
Soybeans,2026-07-09,BANGLADH,0.0,0.0,1181155.0,0.0,Metric Tons
Soybeans,2026-07-09,BARBADO,3096.0,0.0,15988.0,3096.0,Metric Tons
Soybeans,2026-07-09,C RICA,5842.0,13842.0,242620.0,25500.0,Metric Tons
Soybeans,2026-07-09,CAMBODIA,0.0,0.0,14520.0,1120.0,Metric Tons
Soybeans,2026-07-09,CANADA,935.0,14557.0,128710.0,62699.0,Metric Tons
Soybeans,2026-07-09,CHINA,133870.0,65870.0,12225581.0,136000.0,Metric Tons
Soybeans,2026-07-09,COLOMB,-7000.0,0.0,517542.0,41900.0,Metric Tons
Soybeans,2026-07-09,DOM REP,0.0,0.0,8957.0,4500.0,Metric Tons
Soybeans,2026-07-09,EGYPT,51050.0,108550.0,4664138.0,283400.0,Metric Tons
Soybeans,2026-07-09,FRANCE,0.0,0.0,202265.0,60.0,Metric Tons
Soybeans,2026-07-09,GERMANY,0.0,0.0,1019998.0,0.0,Metric Tons
Soybeans,2026-07-09,GREECE,0.0,0.0,30712.0,0.0,Metric Tons
Soybeans,2026-07-09,HG KONG,0.0,0.0,0.0,0.0,Metric Tons
Soybeans,2026-07-09,INDNSIA,36963.0,46128.0,2034093.0,321832.0,Metric Tons
Soybeans,2026-07-09,IRAQ,0.0,0.0,226881.0,0.0,Metric Tons
Soybeans,2026-07-09,ISRAEL,0.0,0.0,30590.0,0.0,Metric Tons
Soybeans,2026-07-09,ITALY,0.0,0.0,493175.0,0.0,Metric Tons
Soybeans,2026-07-09,JAPAN,40873.0,52163.0,1987300.0,276371.0,Metric Tons
Soybeans,2026-07-09,KOR REP,26099.0,26801.0,352631.0,15864.0,Metric Tons
Soybeans,2026-07-09,LAOS,19.0,319.0,2111.0,0.0,Metric Tons
Soybeans,2026-07-09,LEBANON,0.0,0.0,51300.0,0.0,Metric Tons
Soybeans,2026-07-09,MALAYSA,8400.0,4936.0,416123.0,109550.0,Metric Tons
Soybeans,2026-07-09,MEXICO,32735.0,79322.0,4563846.0,441941.0,Metric Tons
Soybeans,2026-07-09,MOROCCO,0.0,0.0,23100.0,0.0,Metric Tons
Soybeans,2026-07-09,NEPAL,0.0,0.0,111868.0,4707.0,Metric Tons
Soybeans,2026-07-09,NETHLDS,0.0,0.0,667187.0,0.0,Metric Tons
Soybeans,2026-07-09,PAKISTN,0.0,0.0,1092731.0,0.0,Metric Tons
Soybeans,2026-07-09,PANAMA,0.0,0.0,36044.0,0.0,Metric Tons
Soybeans,2026-07-09,PERU,0.0,0.0,47825.0,0.0,Metric Tons
Soybeans,2026-07-09,PHIL,-538.0,2630.0,114948.0,28062.0,Metric Tons
Soybeans,2026-07-09,PORTUGL,0.0,0.0,117672.0,0.0,Metric Tons
Soybeans,2026-07-09,QATAR,0.0,0.0,0.0,413.0,Metric Tons
Soybeans,2026-07-09,S ARAB,21573.0,21573.0,136395.0,0.0,Metric Tons
Soybeans,2026-07-09,SENEGAL,0.0,0.0,467.0,0.0,Metric Tons
Soybeans,2026-07-09,SINGAPR,0.0,0.0,2372.0,3386.0,Metric Tons
Soybeans,2026-07-09,SPAIN,0.0,0.0,1065532.0,0.0,Metric Tons
Soybeans,2026-07-09,TAIWAN,10000.0,9855.0,1278367.0,144297.0,Metric Tons
Soybeans,2026-07-09,THAILND,-3530.0,2163.0,347230.0,18359.0,Metric Tons
Soybeans,2026-07-09,TUNISIA,0.0,0.0,206849.0,0.0,Metric Tons
Soybeans,2026-07-09,TURKEY,0.0,0.0,605064.0,0.0,Metric Tons
Soybeans,2026-07-09,U KING,0.0,0.0,198541.0,0.0,Metric Tons
Soybeans,2026-07-09,UNKNOWN,-174600.0,0.0,0.0,1039000.0,Metric Tons
Soybeans,2026-07-09,VENEZ,0.0,0.0,93010.0,13500.0,Metric Tons
Soybeans,2026-07-09,VIETNAM,2487.0,5178.0,993272.0,77279.0,Metric Tons
Soybeans,2026-07-16,ALGERIA,0.0,0.0,633316.0,89000.0,Metric Tons
Soybeans,2026-07-16,BANGLADH,0.0,0.0,1181155.0,0.0,Metric Tons
Soybeans,2026-07-16,BARBADO,0.0,0.0,15988.0,3096.0,Metric Tons
Soybeans,2026-07-16,C RICA,0.0,0.0,242620.0,25500.0,Metric Tons
Soybeans,2026-07-16,CAMBODIA,0.0,0.0,14520.0,1120.0,Metric Tons
Soybeans,2026-07-16,CANADA,48.0,26682.0,155392.0,36065.0,Metric Tons
Soybeans,2026-07-16,CHINA,70628.0,65628.0,12291209.0,141000.0,Metric Tons
Soybeans,2026-07-16,COLOMB,10850.0,10850.0,528392.0,41900.0,Metric Tons
Soybeans,2026-07-16,DOM REP,0.0,0.0,8957.0,4500.0,Metric Tons
Soybeans,2026-07-16,EGYPT,-53000.0,0.0,4664138.0,230400.0,Metric Tons
Soybeans,2026-07-16,FRANCE,0.0,0.0,202265.0,60.0,Metric Tons
Soybeans,2026-07-16,GERMANY,0.0,0.0,1019998.0,0.0,Metric Tons
Soybeans,2026-07-16,GREECE,0.0,0.0,30712.0,0.0,Metric Tons
Soybeans,2026-07-16,HG KONG,0.0,0.0,0.0,0.0,Metric Tons
Soybeans,2026-07-16,INDNSIA,4179.0,11703.0,2045796.0,314308.0,Metric Tons
Soybeans,2026-07-16,IRAQ,0.0,0.0,226881.0,0.0,Metric Tons
Soybeans,2026-07-16,ISRAEL,0.0,0.0,30590.0,0.0,Metric Tons
Soybeans,2026-07-16,ITALY,41.0,41.0,493216.0,0.0,Metric Tons
Soybeans,2026-07-16,JAPAN,-1447.0,30155.0,2017455.0,244769.0,Metric Tons
Soybeans,2026-07-16,KOR REP,0.0,560.0,353191.0,15304.0,Metric Tons
Soybeans,2026-07-16,LAOS,0.0,0.0,2111.0,0.0,Metric Tons
Soybeans,2026-07-16,LEBANON,0.0,0.0,51300.0,0.0,Metric Tons
Soybeans,2026-07-16,MALAYSA,16558.0,6455.0,422578.0,119653.0,Metric Tons
Soybeans,2026-07-16,MEXICO,32578.0,65445.0,4629291.0,409074.0,Metric Tons
Soybeans,2026-07-16,MOROCCO,0.0,0.0,23100.0,0.0,Metric Tons
Soybeans,2026-07-16,NEPAL,8.0,508.0,112376.0,4207.0,Metric Tons
Soybeans,2026-07-16,NETHLDS,58667.0,58667.0,725854.0,0.0,Metric Tons
Soybeans,2026-07-16,PAKISTN,0.0,0.0,1092731.0,0.0,Metric Tons
Soybeans,2026-07-16,PANAMA,0.0,0.0,36044.0,0.0,Metric Tons
Soybeans,2026-07-16,PERU,0.0,0.0,47825.0,0.0,Metric Tons
Soybeans,2026-07-16,PHIL,1501.0,3059.0,118007.0,26504.0,Metric Tons
Soybeans,2026-07-16,PORTUGL,0.0,0.0,117672.0,0.0,Metric Tons
Soybeans,2026-07-16,QATAR,0.0,0.0,0.0,413.0,Metric Tons
Soybeans,2026-07-16,S ARAB,0.0,0.0,136395.0,0.0,Metric Tons
Soybeans,2026-07-16,SENEGAL,0.0,0.0,467.0,0.0,Metric Tons
Soybeans,2026-07-16,SINGAPR,0.0,0.0,2372.0,3386.0,Metric Tons
Soybeans,2026-07-16,SPAIN,0.0,0.0,1065532.0,0.0,Metric Tons
Soybeans,2026-07-16,TAIWAN,18000.0,10408.0,1288775.0,151889.0,Metric Tons
Soybeans,2026-07-16,THAILND,10500.0,1162.0,348392.0,27697.0,Metric Tons
Soybeans,2026-07-16,TUNISIA,0.0,0.0,206849.0,0.0,Metric Tons
Soybeans,2026-07-16,TURKEY,0.0,0.0,605064.0,0.0,Metric Tons
Soybeans,2026-07-16,U KING,0.0,0.0,198541.0,0.0,Metric Tons
Soybeans,2026-07-16,UNKNOWN,-117300.0,0.0,0.0,921700.0,Metric Tons
Soybeans,2026-07-16,VENEZ,0.0,0.0,93010.0,13500.0,Metric Tons
Soybeans,2026-07-16,VIETNAM,4540.0,7400.0,1000672.0,74419.0,Metric Tons
Soybeans,2026-07-23,ALGERIA,49500.0,49500.0,682816.0,89000.0,Metric Tons
Soybeans,2026-07-23,BANGLADH,0.0,0.0,1181155.0,0.0,Metric Tons
Soybeans,2026-07-23,BARBADO,0.0,0.0,15988.0,3096.0,Metric Tons
Soybeans,2026-07-23,C RICA,0.0,0.0,242620.0,25500.0,Metric Tons
Soybeans,2026-07-23,CAMBODIA,0.0,0.0,14520.0,1120.0,Metric Tons
Soybeans,2026-07-23,CANADA,17.0,859.0,156251.0,35223.0,Metric Tons
Soybeans,2026-07-23,CHINA,0.0,0.0,12291209.0,141000.0,Metric Tons
Soybeans,2026-07-23,COLOMB,21485.0,32885.0,561277.0,30500.0,Metric Tons
Soybeans,2026-07-23,DOM REP,0.0,0.0,8957.0,4500.0,Metric Tons
Soybeans,2026-07-23,EGYPT,62654.0,65154.0,4729292.0,227900.0,Metric Tons
Soybeans,2026-07-23,FRANCE,0.0,0.0,202265.0,60.0,Metric Tons
Soybeans,2026-07-23,GERMANY,0.0,0.0,1019998.0,0.0,Metric Tons
Soybeans,2026-07-23,GREECE,0.0,0.0,30712.0,0.0,Metric Tons
Soybeans,2026-07-23,HG KONG,0.0,0.0,0.0,0.0,Metric Tons
Soybeans,2026-07-23,INDNSIA,49517.0,98887.0,2144683.0,264938.0,Metric Tons
Soybeans,2026-07-23,IRAQ,0.0,0.0,226881.0,0.0,Metric Tons
Soybeans,2026-07-23,ISRAEL,0.0,0.0,30590.0,0.0,Metric Tons
Soybeans,2026-07-23,ITALY,21.0,21.0,493237.0,0.0,Metric Tons
Soybeans,2026-07-23,JAPAN,58892.0,65824.0,2083279.0,237837.0,Metric Tons
Soybeans,2026-07-23,KOR REP,-32.0,200.0,353391.0,15072.0,Metric Tons
Soybeans,2026-07-23,LAOS,0.0,0.0,2111.0,0.0,Metric Tons
Soybeans,2026-07-23,LEBANON,0.0,0.0,51300.0,0.0,Metric Tons
Soybeans,2026-07-23,LW WW I,0.0,0.0,0.0,0.0,Metric Tons
Soybeans,2026-07-23,MALAYSA,11338.0,13453.0,436031.0,117538.0,Metric Tons
Soybeans,2026-07-23,MEXICO,53067.0,108603.0,4737894.0,353538.0,Metric Tons
Soybeans,2026-07-23,MOROCCO,0.0,0.0,23100.0,0.0,Metric Tons
Soybeans,2026-07-23,NEPAL,500.0,3189.0,115565.0,1518.0,Metric Tons
Soybeans,2026-07-23,NETHLDS,0.0,0.0,725854.0,0.0,Metric Tons
Soybeans,2026-07-23,NICARAG,195.0,0.0,0.0,195.0,Metric Tons
Soybeans,2026-07-23,PAKISTN,0.0,0.0,1092731.0,0.0,Metric Tons
Soybeans,2026-07-23,PANAMA,0.0,0.0,36044.0,0.0,Metric Tons
Soybeans,2026-07-23,PERU,0.0,0.0,47825.0,0.0,Metric Tons
Soybeans,2026-07-23,PHIL,2357.0,6147.0,124154.0,22714.0,Metric Tons
Soybeans,2026-07-23,PORTUGL,0.0,0.0,117672.0,0.0,Metric Tons
Soybeans,2026-07-23,QATAR,0.0,0.0,0.0,413.0,Metric Tons
Soybeans,2026-07-23,S ARAB,0.0,0.0,136395.0,0.0,Metric Tons
Soybeans,2026-07-23,SENEGAL,0.0,0.0,467.0,0.0,Metric Tons
Soybeans,2026-07-23,SINGAPR,0.0,42.0,2414.0,3344.0,Metric Tons
Soybeans,2026-07-23,SPAIN,0.0,0.0,1065532.0,0.0,Metric Tons
Soybeans,2026-07-23,TAIWAN,27915.0,20848.0,1309623.0,158956.0,Metric Tons
Soybeans,2026-07-23,THAILND,4193.0,3271.0,351663.0,28619.0,Metric Tons
Soybeans,2026-07-23,TUNISIA,0.0,0.0,206849.0,0.0,Metric Tons
Soybeans,2026-07-23,TURKEY,0.0,0.0,605064.0,0.0,Metric Tons
Soybeans,2026-07-23,U KING,0.0,0.0,198541.0,0.0,Metric Tons
Soybeans,2026-07-23,UNKNOWN,-74500.0,0.0,0.0,847200.0,Metric Tons
Soybeans,2026-07-23,VENEZ,-567.0,5933.0,98943.0,7000.0,Metric Tons
Soybeans,2026-07-23,VIETNAM,35708.0,15514.0,1016186.0,94613.0,Metric Tons
Soybeans,2026-07-30,ALGERIA,0.0,0.0,682816.0,89000.0,Metric Tons
Soybeans,2026-07-30,BANGLADH,0.0,0.0,1181155.0,0.0,Metric Tons
Soybeans,2026-07-30,BARBADO,-95.0,3001.0,18989.0,0.0,Metric Tons
Soybeans,2026-07-30,C RICA,-563.0,12437.0,255057.0,12500.0,Metric Tons
Soybeans,2026-07-30,CAMBODIA,0.0,893.0,15413.0,227.0,Metric Tons
Soybeans,2026-07-30,CANADA,4153.0,4719.0,160970.0,34657.0,Metric Tons
Soybeans,2026-07-30,CHINA,0.0,0.0,12291209.0,141000.0,Metric Tons
Soybeans,2026-07-30,COLOMB,411.0,7411.0,568688.0,23500.0,Metric Tons
Soybeans,2026-07-30,DOM REP,0.0,0.0,8957.0,4500.0,Metric Tons
Soybeans,2026-07-30,EGYPT,56945.0,56945.0,4786237.0,227900.0,Metric Tons
Soybeans,2026-07-30,FRANCE,0.0,0.0,202265.0,60.0,Metric Tons
Soybeans,2026-07-30,GERMANY,0.0,0.0,1019998.0,0.0,Metric Tons
Soybeans,2026-07-30,GREECE,0.0,0.0,30712.0,0.0,Metric Tons
Soybeans,2026-07-30,HG KONG,0.0,0.0,0.0,0.0,Metric Tons
Soybeans,2026-07-30,INDNSIA,60047.0,83504.0,2228187.0,241481.0,Metric Tons
Soybeans,2026-07-30,IRAQ,0.0,0.0,226881.0,0.0,Metric Tons
Soybeans,2026-07-30,ISRAEL,0.0,0.0,30590.0,0.0,Metric Tons
Soybeans,2026-07-30,ITALY,0.0,0.0,493237.0,0.0,Metric Tons
Soybeans,2026-07-30,JAPAN,-84.0,3277.0,2086556.0,234476.0,Metric Tons
Soybeans,2026-07-30,KOR REP,1000.0,302.0,353693.0,15770.0,Metric Tons
Soybeans,2026-07-30,LAOS,0.0,0.0,2111.0,0.0,Metric Tons
Soybeans,2026-07-30,LEBANON,0.0,0.0,51300.0,0.0,Metric Tons
Soybeans,2026-07-30,LW WW I,0.0,0.0,0.0,0.0,Metric Tons
Soybeans,2026-07-30,MALAYSA,7242.0,12080.0,448111.0,112700.0,Metric Tons
Soybeans,2026-07-30,MEXICO,-371.0,62309.0,4800203.0,290858.0,Metric Tons
Soybeans,2026-07-30,MOROCCO,0.0,0.0,23100.0,0.0,Metric Tons
Soybeans,2026-07-30,NEPAL,0.0,0.0,115565.0,1518.0,Metric Tons
Soybeans,2026-07-30,NETHLDS,58127.0,58127.0,783981.0,0.0,Metric Tons
Soybeans,2026-07-30,NICARAG,0.0,0.0,0.0,195.0,Metric Tons
Soybeans,2026-07-30,PAKISTN,0.0,0.0,1092731.0,0.0,Metric Tons
Soybeans,2026-07-30,PANAMA,0.0,0.0,36044.0,0.0,Metric Tons
Soybeans,2026-07-30,PERU,0.0,0.0,47825.0,0.0,Metric Tons
Soybeans,2026-07-30,PHIL,3209.0,5639.0,129793.0,20284.0,Metric Tons
Soybeans,2026-07-30,PORTUGL,0.0,0.0,117672.0,0.0,Metric Tons
Soybeans,2026-07-30,QATAR,0.0,0.0,0.0,413.0,Metric Tons
Soybeans,2026-07-30,S ARAB,0.0,0.0,136395.0,0.0,Metric Tons
Soybeans,2026-07-30,SENEGAL,0.0,0.0,467.0,0.0,Metric Tons
Soybeans,2026-07-30,SINGAPR,0.0,1.0,2415.0,3343.0,Metric Tons
Soybeans,2026-07-30,SPAIN,0.0,0.0,1065532.0,0.0,Metric Tons
Soybeans,2026-07-30,TAIWAN,6305.0,19518.0,1329141.0,145743.0,Metric Tons
Soybeans,2026-07-30,THAILND,-1592.0,2236.0,353899.0,24791.0,Metric Tons
Soybeans,2026-07-30,TUNISIA,0.0,0.0,206849.0,0.0,Metric Tons
Soybeans,2026-07-30,TURKEY,0.0,0.0,605064.0,0.0,Metric Tons
Soybeans,2026-07-30,U KING,0.0,0.0,198541.0,0.0,Metric Tons
Soybeans,2026-07-30,UNKNOWN,-178000.0,0.0,0.0,669200.0,Metric Tons
Soybeans,2026-07-30,VENEZ,0.0,0.0,98943.0,7000.0,Metric Tons
Soybeans,2026-07-30,VIETNAM,15423.0,13613.0,1029799.0,96423.0,Metric Tons
Wheat,2026-06-04,BURMA,-6300.0,18700.0,18700.0,0.0,Metric Tons
Wheat,2026-06-04,C RICA,0.0,0.0,0.0,22000.0,Metric Tons
Wheat,2026-06-04,CANADA,5012.0,491.0,491.0,5651.0,Metric Tons
Wheat,2026-06-04,COLOMB,0.0,0.0,0.0,79700.0,Metric Tons
Wheat,2026-06-04,CYPRUS,0.0,0.0,0.0,2996.0,Metric Tons
Wheat,2026-06-04,DOM REP,0.0,0.0,0.0,51814.0,Metric Tons
Wheat,2026-06-04,EGYPT,0.0,0.0,0.0,35000.0,Metric Tons
Wheat,2026-06-04,GUATMAL,4066.0,4066.0,4066.0,0.0,Metric Tons
Wheat,2026-06-04,GUYANA,8427.0,8427.0,8427.0,0.0,Metric Tons
Wheat,2026-06-04,HAITI,0.0,0.0,0.0,67500.0,Metric Tons
Wheat,2026-06-04,HONDURA,2000.0,0.0,0.0,91723.0,Metric Tons
Wheat,2026-06-04,INDNSIA,65105.0,44105.0,44105.0,21000.0,Metric Tons
Wheat,2026-06-04,ITALY,1976.0,22976.0,22976.0,29200.0,Metric Tons
Wheat,2026-06-04,JAMAICA,8833.0,8833.0,8833.0,22500.0,Metric Tons
Wheat,2026-06-04,JAPAN,71031.0,0.0,0.0,495745.0,Metric Tons
Wheat,2026-06-04,KOR REP,59394.0,0.0,0.0,586224.0,Metric Tons
Wheat,2026-06-04,MALAYSA,5709.0,0.0,0.0,6509.0,Metric Tons
Wheat,2026-06-04,MEXICO,143149.0,67362.0,67362.0,817447.0,Metric Tons
Wheat,2026-06-04,NICARAG,0.0,0.0,0.0,17350.0,Metric Tons
Wheat,2026-06-04,NIGERIA,12100.0,12100.0,12100.0,39400.0,Metric Tons
Wheat,2026-06-04,PANAMA,0.0,0.0,0.0,116050.0,Metric Tons
Wheat,2026-06-04,PERU,0.0,0.0,0.0,16873.0,Metric Tons
Wheat,2026-06-04,PHIL,116940.0,35940.0,35940.0,717200.0,Metric Tons
Wheat,2026-06-04,SALVADR,-11958.0,0.0,0.0,14280.0,Metric Tons
Wheat,2026-06-04,SINGAPR,0.0,0.0,0.0,19000.0,Metric Tons
Wheat,2026-06-04,SPAIN,0.0,0.0,0.0,14351.0,Metric Tons
Wheat,2026-06-04,TAIWAN,118488.0,12338.0,12338.0,263400.0,Metric Tons
Wheat,2026-06-04,THAILND,500.0,0.0,0.0,118500.0,Metric Tons
Wheat,2026-06-04,TRINID,0.0,0.0,0.0,9000.0,Metric Tons
Wheat,2026-06-04,UNKNOWN,63572.0,0.0,0.0,603650.0,Metric Tons
Wheat,2026-06-04,VENEZ,-11785.0,30735.0,30735.0,31800.0,Metric Tons
Wheat,2026-06-04,VIETNAM,10000.0,0.0,0.0,10000.0,Metric Tons
Wheat,2026-06-11,BURMA,0.0,0.0,18700.0,0.0,Metric Tons
Wheat,2026-06-11,C RICA,0.0,0.0,0.0,22000.0,Metric Tons
Wheat,2026-06-11,CANADA,756.0,633.0,1124.0,5774.0,Metric Tons
Wheat,2026-06-11,COLOMB,6314.0,11814.0,11814.0,74200.0,Metric Tons
Wheat,2026-06-11,CYPRUS,0.0,2901.0,2901.0,95.0,Metric Tons
Wheat,2026-06-11,DOM REP,1600.0,0.0,0.0,53414.0,Metric Tons
Wheat,2026-06-11,EGYPT,0.0,0.0,0.0,35000.0,Metric Tons
Wheat,2026-06-11,GUATMAL,0.0,0.0,4066.0,0.0,Metric Tons
Wheat,2026-06-11,GUYANA,0.0,0.0,8427.0,0.0,Metric Tons
Wheat,2026-06-11,HAITI,0.0,0.0,0.0,67500.0,Metric Tons
Wheat,2026-06-11,HONDURA,0.0,0.0,0.0,91723.0,Metric Tons
Wheat,2026-06-11,INDNSIA,904.0,20904.0,65009.0,1000.0,Metric Tons
Wheat,2026-06-11,ITALY,10000.0,0.0,22976.0,39200.0,Metric Tons
Wheat,2026-06-11,JAMAICA,0.0,0.0,8833.0,22500.0,Metric Tons
Wheat,2026-06-11,JAPAN,167365.0,0.0,0.0,663110.0,Metric Tons
Wheat,2026-06-11,KOR REP,5567.0,68567.0,68567.0,523224.0,Metric Tons
Wheat,2026-06-11,MALAYSA,1.0,710.0,710.0,5800.0,Metric Tons
Wheat,2026-06-11,MEXICO,80282.0,66365.0,133727.0,831364.0,Metric Tons
Wheat,2026-06-11,NICARAG,222.0,9100.0,9100.0,8472.0,Metric Tons
Wheat,2026-06-11,NIGERIA,41431.0,40981.0,53081.0,39850.0,Metric Tons
Wheat,2026-06-11,PANAMA,0.0,0.0,0.0,116050.0,Metric Tons
Wheat,2026-06-11,PERU,8300.0,0.0,0.0,25173.0,Metric Tons
Wheat,2026-06-11,PHIL,34402.0,53302.0,89242.0,698300.0,Metric Tons
Wheat,2026-06-11,SALVADR,0.0,0.0,0.0,14280.0,Metric Tons
Wheat,2026-06-11,SINGAPR,0.0,0.0,0.0,19000.0,Metric Tons
Wheat,2026-06-11,SPAIN,0.0,0.0,0.0,14351.0,Metric Tons
Wheat,2026-06-11,TAIWAN,-650.0,38900.0,51238.0,223850.0,Metric Tons
Wheat,2026-06-11,THAILND,56500.0,150.0,150.0,174850.0,Metric Tons
Wheat,2026-06-11,TRINID,0.0,0.0,0.0,9000.0,Metric Tons
Wheat,2026-06-11,UNKNOWN,-12150.0,0.0,0.0,591500.0,Metric Tons
Wheat,2026-06-11,VENEZ,0.0,0.0,30735.0,31800.0,Metric Tons
Wheat,2026-06-11,VIETNAM,0.0,0.0,0.0,10000.0,Metric Tons
Wheat,2026-06-18,BANGLADH,55000.0,0.0,0.0,55000.0,Metric Tons
Wheat,2026-06-18,BURMA,0.0,0.0,18700.0,0.0,Metric Tons
Wheat,2026-06-18,C RICA,0.0,0.0,0.0,22000.0,Metric Tons
Wheat,2026-06-18,CANADA,0.0,471.0,1595.0,5303.0,Metric Tons
Wheat,2026-06-18,CHILE,55000.0,0.0,0.0,55000.0,Metric Tons
Wheat,2026-06-18,COLOMB,0.0,0.0,11814.0,74200.0,Metric Tons
Wheat,2026-06-18,CYPRUS,0.0,0.0,2901.0,95.0,Metric Tons
Wheat,2026-06-18,DOM REP,0.0,0.0,0.0,53414.0,Metric Tons
Wheat,2026-06-18,EGYPT,0.0,0.0,0.0,35000.0,Metric Tons
Wheat,2026-06-18,GUATMAL,4216.0,0.0,4066.0,4216.0,Metric Tons
Wheat,2026-06-18,GUYANA,0.0,0.0,8427.0,0.0,Metric Tons
Wheat,2026-06-18,HAITI,0.0,0.0,0.0,67500.0,Metric Tons
Wheat,2026-06-18,HONDURA,430.0,0.0,0.0,92153.0,Metric Tons
Wheat,2026-06-18,INDNSIA,0.0,0.0,65009.0,1000.0,Metric Tons
Wheat,2026-06-18,ITALY,-747.0,9253.0,32229.0,29200.0,Metric Tons
Wheat,2026-06-18,JAMAICA,-7500.0,0.0,8833.0,15000.0,Metric Tons
Wheat,2026-06-18,JAPAN,118738.0,128758.0,128758.0,653090.0,Metric Tons
Wheat,2026-06-18,KOR REP,23687.0,78293.0,146860.0,468618.0,Metric Tons
Wheat,2026-06-18,LW WW I,7554.0,7554.0,7554.0,0.0,Metric Tons
Wheat,2026-06-18,MALAYSA,200.0,0.0,710.0,6000.0,Metric Tons
Wheat,2026-06-18,MEXICO,204366.0,31482.0,165209.0,1004248.0,Metric Tons
Wheat,2026-06-18,NICARAG,0.0,0.0,9100.0,8472.0,Metric Tons
Wheat,2026-06-18,NIGERIA,2346.0,42196.0,95277.0,0.0,Metric Tons
Wheat,2026-06-18,PANAMA,2401.0,26401.0,26401.0,92050.0,Metric Tons
Wheat,2026-06-18,PERU,0.0,0.0,0.0,25173.0,Metric Tons
Wheat,2026-06-18,PHIL,5033.0,115933.0,205175.0,587400.0,Metric Tons
Wheat,2026-06-18,SALVADR,0.0,0.0,0.0,14280.0,Metric Tons
Wheat,2026-06-18,SINGAPR,0.0,0.0,0.0,19000.0,Metric Tons
Wheat,2026-06-18,SOM REP,9200.0,9200.0,9200.0,0.0,Metric Tons
Wheat,2026-06-18,SPAIN,1200.0,0.0,0.0,15551.0,Metric Tons
Wheat,2026-06-18,TAIWAN,0.0,0.0,51238.0,223850.0,Metric Tons
Wheat,2026-06-18,THAILND,0.0,200.0,350.0,174650.0,Metric Tons
Wheat,2026-06-18,TRINID,0.0,0.0,0.0,9000.0,Metric Tons
Wheat,2026-06-18,UNKNOWN,23397.0,0.0,0.0,614897.0,Metric Tons
Wheat,2026-06-18,VENEZ,-32.0,31768.0,62503.0,0.0,Metric Tons
Wheat,2026-06-18,VIETNAM,0.0,0.0,0.0,10000.0,Metric Tons
Wheat,2026-06-25,BANGLADH,0.0,0.0,0.0,55000.0,Metric Tons
Wheat,2026-06-25,BURMA,0.0,0.0,18700.0,0.0,Metric Tons
Wheat,2026-06-25,C RICA,0.0,0.0,0.0,22000.0,Metric Tons
Wheat,2026-06-25,CANADA,-193.0,761.0,2356.0,4349.0,Metric Tons
Wheat,2026-06-25,CHILE,0.0,0.0,0.0,55000.0,Metric Tons
Wheat,2026-06-25,COLOMB,31243.0,31243.0,43057.0,74200.0,Metric Tons
Wheat,2026-06-25,CYPRUS,0.0,0.0,2901.0,95.0,Metric Tons
Wheat,2026-06-25,DOM REP,12378.0,12378.0,12378.0,53414.0,Metric Tons
Wheat,2026-06-25,EGYPT,0.0,0.0,0.0,35000.0,Metric Tons
Wheat,2026-06-25,GUATMAL,24545.0,28761.0,32827.0,0.0,Metric Tons
Wheat,2026-06-25,GUYANA,0.0,0.0,8427.0,0.0,Metric Tons
Wheat,2026-06-25,HAITI,13200.0,13200.0,13200.0,67500.0,Metric Tons
Wheat,2026-06-25,HONDURA,591.0,7521.0,7521.0,85223.0,Metric Tons
Wheat,2026-06-25,INDNSIA,0.0,0.0,65009.0,1000.0,Metric Tons
Wheat,2026-06-25,ITALY,30000.0,0.0,32229.0,59200.0,Metric Tons
Wheat,2026-06-25,JAMAICA,0.0,0.0,8833.0,15000.0,Metric Tons
Wheat,2026-06-25,JAPAN,686.0,43685.0,172443.0,610091.0,Metric Tons
Wheat,2026-06-25,KOR REP,7397.0,88396.0,235256.0,387619.0,Metric Tons
Wheat,2026-06-25,LW WW I,0.0,0.0,7554.0,0.0,Metric Tons
Wheat,2026-06-25,MALAYSA,1723.0,23.0,733.0,7700.0,Metric Tons
Wheat,2026-06-25,MEXICO,79692.0,72785.0,237994.0,1011155.0,Metric Tons
Wheat,2026-06-25,NICARAG,1000.0,0.0,9100.0,9472.0,Metric Tons
Wheat,2026-06-25,NIGERIA,0.0,0.0,95277.0,0.0,Metric Tons
Wheat,2026-06-25,PANAMA,23400.0,0.0,26401.0,115450.0,Metric Tons
Wheat,2026-06-25,PERU,0.0,0.0,0.0,25173.0,Metric Tons
Wheat,2026-06-25,PHIL,5977.0,65977.0,271152.0,527400.0,Metric Tons
Wheat,2026-06-25,SALVADR,-572.0,0.0,0.0,13708.0,Metric Tons
Wheat,2026-06-25,SINGAPR,0.0,0.0,0.0,19000.0,Metric Tons
Wheat,2026-06-25,SOM REP,0.0,0.0,9200.0,0.0,Metric Tons
Wheat,2026-06-25,SPAIN,0.0,0.0,0.0,15551.0,Metric Tons
Wheat,2026-06-25,TAIWAN,0.0,0.0,51238.0,223850.0,Metric Tons
Wheat,2026-06-25,THAILND,0.0,100.0,450.0,174550.0,Metric Tons
Wheat,2026-06-25,TRINID,800.0,0.0,0.0,9800.0,Metric Tons
Wheat,2026-06-25,UNKNOWN,68193.0,0.0,0.0,683090.0,Metric Tons
Wheat,2026-06-25,VENEZ,0.0,0.0,62503.0,0.0,Metric Tons
Wheat,2026-06-25,VIETNAM,0.0,0.0,0.0,10000.0,Metric Tons
Wheat,2026-07-02,BANGLADH,0.0,0.0,0.0,55000.0,Metric Tons
Wheat,2026-07-02,BURMA,0.0,0.0,18700.0,0.0,Metric Tons
Wheat,2026-07-02,C RICA,0.0,0.0,0.0,22000.0,Metric Tons
Wheat,2026-07-02,CANADA,0.0,613.0,2969.0,3736.0,Metric Tons
Wheat,2026-07-02,CHILE,0.0,0.0,0.0,55000.0,Metric Tons
Wheat,2026-07-02,COLOMB,1682.0,27832.0,70889.0,48050.0,Metric Tons
Wheat,2026-07-02,CYPRUS,0.0,0.0,2901.0,95.0,Metric Tons
Wheat,2026-07-02,DOM REP,2192.0,32020.0,44398.0,23586.0,Metric Tons
Wheat,2026-07-02,ECUADOR,35225.0,35225.0,35225.0,0.0,Metric Tons
Wheat,2026-07-02,EGYPT,0.0,0.0,0.0,35000.0,Metric Tons
Wheat,2026-07-02,GUATMAL,0.0,0.0,32827.0,0.0,Metric Tons
Wheat,2026-07-02,GUYANA,0.0,0.0,8427.0,0.0,Metric Tons
Wheat,2026-07-02,HAITI,0.0,0.0,13200.0,67500.0,Metric Tons
Wheat,2026-07-02,HONDURA,470.0,0.0,7521.0,85693.0,Metric Tons
Wheat,2026-07-02,INDNSIA,1300.0,0.0,65009.0,2300.0,Metric Tons
Wheat,2026-07-02,ITALY,-14200.0,0.0,32229.0,45000.0,Metric Tons
Wheat,2026-07-02,JAMAICA,0.0,0.0,8833.0,15000.0,Metric Tons
Wheat,2026-07-02,JAPAN,47870.0,0.0,172443.0,657961.0,Metric Tons
Wheat,2026-07-02,KOR REP,100980.0,0.0,235256.0,488599.0,Metric Tons
Wheat,2026-07-02,LW WW I,0.0,0.0,7554.0,0.0,Metric Tons
Wheat,2026-07-02,MALAYSA,1000.0,0.0,733.0,8700.0,Metric Tons
Wheat,2026-07-02,MEXICO,68584.0,98496.0,336490.0,981243.0,Metric Tons
Wheat,2026-07-02,NICARAG,0.0,0.0,9100.0,9472.0,Metric Tons
Wheat,2026-07-02,NIGERIA,100000.0,0.0,95277.0,100000.0,Metric Tons
Wheat,2026-07-02,PANAMA,0.0,0.0,26401.0,115450.0,Metric Tons
Wheat,2026-07-02,PERU,0.0,0.0,0.0,25173.0,Metric Tons
Wheat,2026-07-02,PHIL,0.0,0.0,271152.0,527400.0,Metric Tons
Wheat,2026-07-02,SALVADR,0.0,0.0,0.0,13708.0,Metric Tons
Wheat,2026-07-02,SINGAPR,0.0,0.0,0.0,19000.0,Metric Tons
Wheat,2026-07-02,SOM REP,0.0,0.0,9200.0,0.0,Metric Tons
Wheat,2026-07-02,SPAIN,0.0,0.0,0.0,15551.0,Metric Tons
Wheat,2026-07-02,TAIWAN,0.0,0.0,51238.0,223850.0,Metric Tons
Wheat,2026-07-02,THAILND,0.0,0.0,450.0,174550.0,Metric Tons
Wheat,2026-07-02,TRINID,0.0,0.0,0.0,9800.0,Metric Tons
Wheat,2026-07-02,UNKNOWN,-32000.0,0.0,0.0,651090.0,Metric Tons
Wheat,2026-07-02,VENEZ,0.0,0.0,62503.0,0.0,Metric Tons
Wheat,2026-07-02,VIETNAM,0.0,0.0,0.0,10000.0,Metric Tons
Wheat,2026-07-09,BANGLADH,0.0,0.0,0.0,55000.0,Metric Tons
Wheat,2026-07-09,BARBADO,3550.0,0.0,0.0,3550.0,Metric Tons
Wheat,2026-07-09,BURMA,0.0,0.0,18700.0,0.0,Metric Tons
Wheat,2026-07-09,C RICA,-374.0,7626.0,7626.0,14000.0,Metric Tons
Wheat,2026-07-09,CANADA,855.0,146.0,3115.0,4445.0,Metric Tons
Wheat,2026-07-09,CHILE,0.0,0.0,0.0,55000.0,Metric Tons
Wheat,2026-07-09,COLOMB,10850.0,10850.0,81739.0,48050.0,Metric Tons
Wheat,2026-07-09,CYPRUS,0.0,0.0,2901.0,95.0,Metric Tons
Wheat,2026-07-09,DOM REP,0.0,0.0,44398.0,23586.0,Metric Tons
Wheat,2026-07-09,ECUADOR,0.0,0.0,35225.0,0.0,Metric Tons
Wheat,2026-07-09,EGYPT,0.0,0.0,0.0,35000.0,Metric Tons
Wheat,2026-07-09,GUATMAL,23120.0,0.0,32827.0,23120.0,Metric Tons
Wheat,2026-07-09,GUYANA,0.0,0.0,8427.0,0.0,Metric Tons
Wheat,2026-07-09,HAITI,0.0,0.0,13200.0,67500.0,Metric Tons
Wheat,2026-07-09,HONDURA,448.0,39901.0,47422.0,46240.0,Metric Tons
Wheat,2026-07-09,INDNSIA,0.0,0.0,65009.0,2300.0,Metric Tons
Wheat,2026-07-09,ITALY,0.0,0.0,32229.0,45000.0,Metric Tons
Wheat,2026-07-09,JAMAICA,39332.0,15132.0,23965.0,39200.0,Metric Tons
Wheat,2026-07-09,JAPAN,66592.0,62221.0,234664.0,662332.0,Metric Tons
Wheat,2026-07-09,KOR REP,704.0,0.0,235256.0,489303.0,Metric Tons
Wheat,2026-07-09,LW WW I,2992.0,0.0,7554.0,2992.0,Metric Tons
Wheat,2026-07-09,MALAYSA,0.0,0.0,733.0,8700.0,Metric Tons
Wheat,2026-07-09,MEXICO,45110.0,152733.0,489223.0,873620.0,Metric Tons
Wheat,2026-07-09,NICARAG,0.0,0.0,9100.0,9472.0,Metric Tons
Wheat,2026-07-09,NIGERIA,0.0,0.0,95277.0,100000.0,Metric Tons
Wheat,2026-07-09,PANAMA,0.0,0.0,26401.0,115450.0,Metric Tons
Wheat,2026-07-09,PERU,34000.0,0.0,0.0,59173.0,Metric Tons
Wheat,2026-07-09,PHIL,7129.0,79129.0,350281.0,455400.0,Metric Tons
Wheat,2026-07-09,SALVADR,0.0,0.0,0.0,13708.0,Metric Tons
Wheat,2026-07-09,SINGAPR,0.0,0.0,0.0,19000.0,Metric Tons
Wheat,2026-07-09,SOM REP,0.0,0.0,9200.0,0.0,Metric Tons
Wheat,2026-07-09,SPAIN,0.0,0.0,0.0,15551.0,Metric Tons
Wheat,2026-07-09,TAIWAN,1794.0,54319.0,105557.0,171325.0,Metric Tons
Wheat,2026-07-09,THAILND,0.0,0.0,450.0,174550.0,Metric Tons
Wheat,2026-07-09,TRINID,0.0,0.0,0.0,9800.0,Metric Tons
Wheat,2026-07-09,UNKNOWN,-10000.0,0.0,0.0,641090.0,Metric Tons
Wheat,2026-07-09,VENEZ,6000.0,0.0,62503.0,6000.0,Metric Tons
Wheat,2026-07-09,VIETNAM,3000.0,0.0,0.0,13000.0,Metric Tons
Wheat,2026-07-16,BANGLADH,0.0,0.0,0.0,55000.0,Metric Tons
Wheat,2026-07-16,BARBADO,0.0,0.0,0.0,3550.0,Metric Tons
Wheat,2026-07-16,BELIZE,8975.0,0.0,0.0,8975.0,Metric Tons
Wheat,2026-07-16,BURMA,0.0,0.0,18700.0,0.0,Metric Tons
Wheat,2026-07-16,C RICA,0.0,0.0,7626.0,14000.0,Metric Tons
Wheat,2026-07-16,CANADA,0.0,390.0,3505.0,4055.0,Metric Tons
Wheat,2026-07-16,CHILE,-2963.0,52037.0,52037.0,0.0,Metric Tons
Wheat,2026-07-16,COLOMB,0.0,0.0,81739.0,48050.0,Metric Tons
Wheat,2026-07-16,CYPRUS,0.0,0.0,2901.0,95.0,Metric Tons
Wheat,2026-07-16,DOM REP,0.0,0.0,44398.0,23586.0,Metric Tons
Wheat,2026-07-16,ECUADOR,0.0,0.0,35225.0,0.0,Metric Tons
Wheat,2026-07-16,EGYPT,0.0,0.0,0.0,35000.0,Metric Tons
Wheat,2026-07-16,GUATMAL,6934.0,6934.0,39761.0,23120.0,Metric Tons
Wheat,2026-07-16,GUYANA,4900.0,4900.0,13327.0,0.0,Metric Tons
Wheat,2026-07-16,HAITI,-154.0,7346.0,20546.0,60000.0,Metric Tons
Wheat,2026-07-16,HONDURA,0.0,0.0,47422.0,46240.0,Metric Tons
Wheat,2026-07-16,INDNSIA,-300.0,0.0,65009.0,2000.0,Metric Tons
Wheat,2026-07-16,ITALY,0.0,0.0,32229.0,45000.0,Metric Tons
Wheat,2026-07-16,JAMAICA,9585.0,9585.0,33550.0,39200.0,Metric Tons
Wheat,2026-07-16,JAPAN,0.0,0.0,234664.0,662332.0,Metric Tons
Wheat,2026-07-16,KOR REP,0.0,0.0,235256.0,489303.0,Metric Tons
Wheat,2026-07-16,LW WW I,1000.0,1000.0,8554.0,2992.0,Metric Tons
Wheat,2026-07-16,MALAYSA,1000.0,0.0,733.0,9700.0,Metric Tons
Wheat,2026-07-16,MEXICO,137597.0,120678.0,609901.0,890539.0,Metric Tons
Wheat,2026-07-16,NICARAG,600.0,0.0,9100.0,10072.0,Metric Tons
Wheat,2026-07-16,NIGERIA,0.0,0.0,95277.0,100000.0,Metric Tons
Wheat,2026-07-16,PANAMA,-1000.0,0.0,26401.0,114450.0,Metric Tons
Wheat,2026-07-16,PERU,0.0,0.0,0.0,59173.0,Metric Tons
Wheat,2026-07-16,PHIL,-1000.0,0.0,350281.0,454400.0,Metric Tons
Wheat,2026-07-16,SALVADR,14164.0,7772.0,7772.0,20100.0,Metric Tons
Wheat,2026-07-16,SINGAPR,0.0,0.0,0.0,19000.0,Metric Tons
Wheat,2026-07-16,SOM REP,0.0,0.0,9200.0,0.0,Metric Tons
Wheat,2026-07-16,SPAIN,-1200.0,0.0,0.0,14351.0,Metric Tons
Wheat,2026-07-16,SURINAM,4500.0,0.0,0.0,4500.0,Metric Tons
Wheat,2026-07-16,TAIWAN,98150.0,0.0,105557.0,269475.0,Metric Tons
Wheat,2026-07-16,THAILND,3000.0,0.0,450.0,177550.0,Metric Tons
Wheat,2026-07-16,TRINID,0.0,0.0,0.0,9800.0,Metric Tons
Wheat,2026-07-16,UNKNOWN,-35772.0,0.0,0.0,605318.0,Metric Tons
Wheat,2026-07-16,VENEZ,0.0,0.0,62503.0,6000.0,Metric Tons
Wheat,2026-07-16,VIETNAM,42000.0,0.0,0.0,55000.0,Metric Tons
Wheat,2026-07-23,BANGLADH,58342.0,58342.0,58342.0,55000.0,Metric Tons
Wheat,2026-07-23,BARBADO,5500.0,0.0,0.0,9050.0,Metric Tons
Wheat,2026-07-23,BELIZE,0.0,0.0,0.0,8975.0,Metric Tons
Wheat,2026-07-23,BRAZIL,15000.0,15000.0,15000.0,0.0,Metric Tons
Wheat,2026-07-23,BURMA,0.0,0.0,18700.0,0.0,Metric Tons
Wheat,2026-07-23,C RICA,0.0,0.0,7626.0,14000.0,Metric Tons
Wheat,2026-07-23,CANADA,-562.0,114.0,3619.0,3379.0,Metric Tons
Wheat,2026-07-23,CHILE,0.0,0.0,52037.0,0.0,Metric Tons
Wheat,2026-07-23,COLOMB,35431.0,35031.0,116770.0,48450.0,Metric Tons
Wheat,2026-07-23,CYPRUS,0.0,95.0,2996.0,0.0,Metric Tons
Wheat,2026-07-23,DOM REP,9620.0,26270.0,70668.0,6936.0,Metric Tons
Wheat,2026-07-23,ECUADOR,0.0,0.0,35225.0,0.0,Metric Tons
Wheat,2026-07-23,EGYPT,0.0,0.0,0.0,35000.0,Metric Tons
Wheat,2026-07-23,GUATMAL,0.0,0.0,39761.0,23120.0,Metric Tons
Wheat,2026-07-23,GUYANA,0.0,0.0,13327.0,0.0,Metric Tons
Wheat,2026-07-23,HAITI,0.0,0.0,20546.0,60000.0,Metric Tons
Wheat,2026-07-23,HONDURA,0.0,0.0,47422.0,46240.0,Metric Tons
Wheat,2026-07-23,INDNSIA,70000.0,0.0,65009.0,72000.0,Metric Tons
Wheat,2026-07-23,ITALY,18630.0,18630.0,50859.0,45000.0,Metric Tons
Wheat,2026-07-23,JAMAICA,300.0,0.0,33550.0,39500.0,Metric Tons
Wheat,2026-07-23,JAPAN,0.0,0.0,234664.0,662332.0,Metric Tons
Wheat,2026-07-23,KOR REP,-10900.0,45100.0,280356.0,433303.0,Metric Tons
Wheat,2026-07-23,LW WW I,4209.0,1759.0,10313.0,5442.0,Metric Tons
Wheat,2026-07-23,MALAYSA,500.0,1484.0,2217.0,8716.0,Metric Tons
Wheat,2026-07-23,MEXICO,46337.0,56416.0,666317.0,880460.0,Metric Tons
Wheat,2026-07-23,NICARAG,0.0,0.0,9100.0,10072.0,Metric Tons
Wheat,2026-07-23,NIGERIA,0.0,0.0,95277.0,100000.0,Metric Tons
Wheat,2026-07-23,PANAMA,16096.0,0.0,26401.0,130546.0,Metric Tons
Wheat,2026-07-23,PERU,1454.0,26627.0,26627.0,34000.0,Metric Tons
Wheat,2026-07-23,PHIL,60000.0,0.0,350281.0,514400.0,Metric Tons
Wheat,2026-07-23,SALVADR,0.0,0.0,7772.0,20100.0,Metric Tons
Wheat,2026-07-23,SINGAPR,0.0,0.0,0.0,19000.0,Metric Tons
Wheat,2026-07-23,SOM REP,0.0,0.0,9200.0,0.0,Metric Tons
Wheat,2026-07-23,SPAIN,-1800.0,0.0,0.0,12551.0,Metric Tons
Wheat,2026-07-23,SURINAM,0.0,0.0,0.0,4500.0,Metric Tons
Wheat,2026-07-23,TAIWAN,693.0,16029.0,121586.0,254139.0,Metric Tons
Wheat,2026-07-23,THAILND,0.0,0.0,450.0,177550.0,Metric Tons
Wheat,2026-07-23,TRINID,18315.0,18315.0,18315.0,9800.0,Metric Tons
Wheat,2026-07-23,UNKNOWN,-62000.0,0.0,0.0,543318.0,Metric Tons
Wheat,2026-07-23,VENEZ,0.0,0.0,62503.0,6000.0,Metric Tons
Wheat,2026-07-23,VIETNAM,0.0,0.0,0.0,55000.0,Metric Tons
Wheat,2026-07-30,BANGLADH,0.0,0.0,58342.0,55000.0,Metric Tons
Wheat,2026-07-30,BARBADO,29.0,3579.0,3579.0,5500.0,Metric Tons
Wheat,2026-07-30,BELIZE,0.0,0.0,0.0,8975.0,Metric Tons
Wheat,2026-07-30,BRAZIL,0.0,0.0,15000.0,0.0,Metric Tons
Wheat,2026-07-30,BURMA,0.0,0.0,18700.0,0.0,Metric Tons
Wheat,2026-07-30,C RICA,0.0,0.0,7626.0,14000.0,Metric Tons
Wheat,2026-07-30,CANADA,0.0,328.0,3947.0,3051.0,Metric Tons
Wheat,2026-07-30,CHILE,0.0,0.0,52037.0,0.0,Metric Tons
Wheat,2026-07-30,COLOMB,5400.0,0.0,116770.0,53850.0,Metric Tons
Wheat,2026-07-30,CYPRUS,0.0,0.0,2996.0,0.0,Metric Tons
Wheat,2026-07-30,DOM REP,192.0,7128.0,77796.0,0.0,Metric Tons
Wheat,2026-07-30,ECUADOR,0.0,0.0,35225.0,0.0,Metric Tons
Wheat,2026-07-30,EGYPT,-845.0,34155.0,34155.0,0.0,Metric Tons
Wheat,2026-07-30,GUATMAL,0.0,0.0,39761.0,23120.0,Metric Tons
Wheat,2026-07-30,GUYANA,0.0,0.0,13327.0,0.0,Metric Tons
Wheat,2026-07-30,HAITI,-1219.0,0.0,20546.0,58781.0,Metric Tons
Wheat,2026-07-30,HONDURA,0.0,0.0,47422.0,46240.0,Metric Tons
Wheat,2026-07-30,INDNSIA,0.0,0.0,65009.0,72000.0,Metric Tons
Wheat,2026-07-30,ITALY,6000.0,0.0,50859.0,51000.0,Metric Tons
Wheat,2026-07-30,JAMAICA,0.0,0.0,33550.0,39500.0,Metric Tons
Wheat,2026-07-30,JAPAN,1945.0,56445.0,291109.0,607832.0,Metric Tons
Wheat,2026-07-30,KOR REP,9944.0,90724.0,371080.0,352523.0,Metric Tons
Wheat,2026-07-30,LW WW I,-20.0,1372.0,11685.0,4050.0,Metric Tons
Wheat,2026-07-30,MALAYSA,700.0,1184.0,3401.0,8232.0,Metric Tons
Wheat,2026-07-30,MEXICO,68681.0,52661.0,718978.0,896480.0,Metric Tons
Wheat,2026-07-30,NICARAG,0.0,0.0,9100.0,10072.0,Metric Tons
Wheat,2026-07-30,NIGERIA,0.0,0.0,95277.0,100000.0,Metric Tons
Wheat,2026-07-30,PANAMA,0.0,0.0,26401.0,130546.0,Metric Tons
Wheat,2026-07-30,PERU,0.0,0.0,26627.0,34000.0,Metric Tons
Wheat,2026-07-30,PHIL,87815.0,57815.0,408096.0,544400.0,Metric Tons
Wheat,2026-07-30,SALVADR,0.0,0.0,7772.0,20100.0,Metric Tons
Wheat,2026-07-30,SINGAPR,0.0,0.0,0.0,19000.0,Metric Tons
Wheat,2026-07-30,SOM REP,0.0,0.0,9200.0,0.0,Metric Tons
Wheat,2026-07-30,SPAIN,0.0,0.0,0.0,12551.0,Metric Tons
Wheat,2026-07-30,SURINAM,0.0,4500.0,4500.0,0.0,Metric Tons
Wheat,2026-07-30,TAIWAN,1916.0,41491.0,163077.0,214564.0,Metric Tons
Wheat,2026-07-30,THAILND,43589.0,67589.0,68039.0,153550.0,Metric Tons
Wheat,2026-07-30,TRINID,-700.0,0.0,18315.0,9100.0,Metric Tons
Wheat,2026-07-30,UNKNOWN,11000.0,0.0,0.0,554318.0,Metric Tons
Wheat,2026-07-30,VENEZ,0.0,0.0,62503.0,6000.0,Metric Tons
Wheat,2026-07-30,VIETNAM,62000.0,0.0,0.0,117000.0,Metric Tons
