gauge,Date,stage,unit,is_forecast,source,attribution
Mississippi at Memphis,2026-07-22,7.05,ft,0,nwps,NOAA/NWS National Water Prediction Service — stage courtesy of USACE and USGS
Mississippi at Memphis,2026-07-23,6.59,ft,0,nwps,NOAA/NWS National Water Prediction Service — stage courtesy of USACE and USGS
Mississippi at Memphis,2026-07-24,6.04,ft,0,nwps,NOAA/NWS National Water Prediction Service — stage courtesy of USACE and USGS
Mississippi at Memphis,2026-07-25,5.74,ft,0,nwps,NOAA/NWS National Water Prediction Service — stage courtesy of USACE and USGS
Mississippi at Memphis,2026-07-26,5.77,ft,0,nwps,NOAA/NWS National Water Prediction Service — stage courtesy of USACE and USGS
Mississippi at Memphis,2026-07-27,5.95,ft,0,nwps,NOAA/NWS National Water Prediction Service — stage courtesy of USACE and USGS
Mississippi at Memphis,2026-07-28,5.77,ft,0,nwps,NOAA/NWS National Water Prediction Service — stage courtesy of USACE and USGS
Mississippi at Memphis,2026-07-29,5.05,ft,0,nwps,NOAA/NWS National Water Prediction Service — stage courtesy of USACE and USGS
Mississippi at Memphis,2026-07-30,3.71,ft,0,nwps,NOAA/NWS National Water Prediction Service — stage courtesy of USACE and USGS
Mississippi at Memphis,2026-07-31,2.64,ft,0,nwps,NOAA/NWS National Water Prediction Service — stage courtesy of USACE and USGS
Mississippi at Memphis,2026-08-01,1.46,ft,0,nwps,NOAA/NWS National Water Prediction Service — stage courtesy of USACE and USGS
Mississippi at Memphis,2026-08-02,0.21,ft,0,nwps,NOAA/NWS National Water Prediction Service — stage courtesy of USACE and USGS
Mississippi at Memphis,2026-08-03,-0.6,ft,0,nwps,NOAA/NWS National Water Prediction Service — stage courtesy of USACE and USGS
Mississippi at Memphis,2026-08-04,-0.93,ft,0,nwps,NOAA/NWS National Water Prediction Service — stage courtesy of USACE and USGS
Mississippi at Memphis,2026-08-05,-0.97,ft,0,nwps,NOAA/NWS National Water Prediction Service — stage courtesy of USACE and USGS
Mississippi at Memphis,2026-08-06,-0.91,ft,0,nwps,NOAA/NWS National Water Prediction Service — stage courtesy of USACE and USGS
Mississippi at Memphis,2026-08-07,-0.53,ft,0,nwps,NOAA/NWS National Water Prediction Service — stage courtesy of USACE and USGS
Mississippi at Memphis,2026-08-08,-0.17,ft,0,nwps,NOAA/NWS National Water Prediction Service — stage courtesy of USACE and USGS
Mississippi at Memphis,2026-08-09,0.01,ft,0,nwps,NOAA/NWS National Water Prediction Service — stage courtesy of USACE and USGS
Mississippi at Memphis,2026-08-10,0.25,ft,0,nwps,NOAA/NWS National Water Prediction Service — stage courtesy of USACE and USGS
Mississippi at Memphis,2026-08-11,0.9,ft,0,nwps,NOAA/NWS National Water Prediction Service — stage courtesy of USACE and USGS
Mississippi at Memphis,2026-08-12,1.56,ft,0,nwps,NOAA/NWS National Water Prediction Service — stage courtesy of USACE and USGS
Mississippi at Memphis,2026-08-13,1.41,ft,0,nwps,NOAA/NWS National Water Prediction Service — stage courtesy of USACE and USGS
Mississippi at Memphis,2026-08-14,1.18,ft,0,nwps,NOAA/NWS National Water Prediction Service — stage courtesy of USACE and USGS
Mississippi at Memphis,2026-08-15,1.81,ft,0,nwps,NOAA/NWS National Water Prediction Service — stage courtesy of USACE and USGS
Mississippi at Memphis,2026-08-16,4.01,ft,0,nwps,NOAA/NWS National Water Prediction Service — stage courtesy of USACE and USGS
Mississippi at Memphis,2026-08-17,6.18,ft,0,nwps,NOAA/NWS National Water Prediction Service — stage courtesy of USACE and USGS
Mississippi at Memphis,2026-08-18,8.15,ft,0,nwps,NOAA/NWS National Water Prediction Service — stage courtesy of USACE and USGS
Mississippi at Memphis,2026-08-19,9.91,ft,0,nwps,NOAA/NWS National Water Prediction Service — stage courtesy of USACE and USGS
Mississippi at Memphis,2026-08-20,11.07,ft,0,nwps,NOAA/NWS National Water Prediction Service — stage courtesy of USACE and USGS
Mississippi at Memphis,2026-08-21,11.91,ft,0,nwps,NOAA/NWS National Water Prediction Service — stage courtesy of USACE and USGS
Mississippi at Memphis,2026-08-22,12.75,ft,0,nwps,NOAA/NWS National Water Prediction Service — stage courtesy of USACE and USGS
Mississippi at Memphis,2026-08-23,13.41,ft,0,nwps,NOAA/NWS National Water Prediction Service — stage courtesy of USACE and USGS
Mississippi at Memphis,2026-08-24,14.11,ft,0,nwps,NOAA/NWS National Water Prediction Service — stage courtesy of USACE and USGS
Mississippi at Memphis,2026-08-25,14.04,ft,0,nwps,NOAA/NWS National Water Prediction Service — stage courtesy of USACE and USGS
Mississippi at Memphis,2026-08-26,13.41,ft,0,nwps,NOAA/NWS National Water Prediction Service — stage courtesy of USACE and USGS
Mississippi at Memphis,2026-08-27,12.32,ft,0,nwps,NOAA/NWS National Water Prediction Service — stage courtesy of USACE and USGS
Mississippi at Memphis,2026-08-28,10.91,ft,0,nwps,NOAA/NWS National Water Prediction Service — stage courtesy of USACE and USGS
Mississippi at Memphis,2026-08-29,9.16,ft,0,nwps,NOAA/NWS National Water Prediction Service — stage courtesy of USACE and USGS
Mississippi at Memphis,2026-08-30,7.45,ft,0,nwps,NOAA/NWS National Water Prediction Service — stage courtesy of USACE and USGS
Mississippi at Memphis,2026-08-31,5.41,ft,0,nwps,NOAA/NWS National Water Prediction Service — stage courtesy of USACE and USGS
Mississippi at Memphis,2026-09-01,3.53,ft,0,nwps,NOAA/NWS National Water Prediction Service — stage courtesy of USACE and USGS
Mississippi at Memphis,2026-09-02,2.1,ft,0,nwps,NOAA/NWS National Water Prediction Service — stage courtesy of USACE and USGS
Mississippi at Memphis,2026-09-03,1.2,ft,1,nwps,NOAA/NWS National Water Prediction Service — stage courtesy of USACE and USGS
Mississippi at Memphis,2026-09-04,-0.3,ft,1,nwps,NOAA/NWS National Water Prediction Service — stage courtesy of USACE and USGS
Mississippi at Memphis,2026-09-05,-1.1,ft,1,nwps,NOAA/NWS National Water Prediction Service — stage courtesy of USACE and USGS
Mississippi at Memphis,2026-09-06,-1.9,ft,1,nwps,NOAA/NWS National Water Prediction Service — stage courtesy of USACE and USGS
Mississippi at Memphis,2026-09-07,-2.4,ft,1,nwps,NOAA/NWS National Water Prediction Service — stage courtesy of USACE and USGS
Mississippi at Memphis,2026-09-08,-2.8,ft,1,nwps,NOAA/NWS National Water Prediction Service — stage courtesy of USACE and USGS
Mississippi at Memphis,2026-09-09,-3.3,ft,1,nwps,NOAA/NWS National Water Prediction Service — stage courtesy of USACE and USGS
Mississippi at Memphis,2026-09-10,-3.7,ft,1,nwps,NOAA/NWS National Water Prediction Service — stage courtesy of USACE and USGS
Mississippi at Memphis,2026-09-11,-4.0,ft,1,nwps,NOAA/NWS National Water Prediction Service — stage courtesy of USACE and USGS
Mississippi at Memphis,2026-09-12,-4.2,ft,1,nwps,NOAA/NWS National Water Prediction Service — stage courtesy of USACE and USGS
Mississippi at Memphis,2026-09-13,-4.5,ft,1,nwps,NOAA/NWS National Water Prediction Service — stage courtesy of USACE and USGS
Mississippi at Memphis,2026-09-14,-4.7,ft,1,nwps,NOAA/NWS National Water Prediction Service — stage courtesy of USACE and USGS
Mississippi at Memphis,2026-09-15,-4.8,ft,1,nwps,NOAA/NWS National Water Prediction Service — stage courtesy of USACE and USGS
Mississippi at Memphis,2026-09-16,-5.0,ft,1,nwps,NOAA/NWS National Water Prediction Service — stage courtesy of USACE and USGS
Mississippi at Memphis,2026-09-17,-5.1,ft,1,nwps,NOAA/NWS National Water Prediction Service — stage courtesy of USACE and USGS
Mississippi at St. Louis,2026-07-22,8.25,ft,0,nwps,NOAA/NWS National Water Prediction Service — stage courtesy of USACE and USGS
Mississippi at St. Louis,2026-07-23,8.26,ft,0,nwps,NOAA/NWS National Water Prediction Service — stage courtesy of USACE and USGS
Mississippi at St. Louis,2026-07-24,5.89,ft,0,nwps,NOAA/NWS National Water Prediction Service — stage courtesy of USACE and USGS
Mississippi at St. Louis,2026-07-25,5.44,ft,0,nwps,NOAA/NWS National Water Prediction Service — stage courtesy of USACE and USGS
Mississippi at St. Louis,2026-07-26,4.43,ft,0,nwps,NOAA/NWS National Water Prediction Service — stage courtesy of USACE and USGS
Mississippi at St. Louis,2026-07-27,3.93,ft,0,nwps,NOAA/NWS National Water Prediction Service — stage courtesy of USACE and USGS
Mississippi at St. Louis,2026-07-28,3.27,ft,0,nwps,NOAA/NWS National Water Prediction Service — stage courtesy of USACE and USGS
Mississippi at St. Louis,2026-07-29,2.43,ft,0,nwps,NOAA/NWS National Water Prediction Service — stage courtesy of USACE and USGS
Mississippi at St. Louis,2026-07-30,2.68,ft,0,nwps,NOAA/NWS National Water Prediction Service — stage courtesy of USACE and USGS
Mississippi at St. Louis,2026-07-31,3.84,ft,0,nwps,NOAA/NWS National Water Prediction Service — stage courtesy of USACE and USGS
Mississippi at St. Louis,2026-08-01,3.09,ft,0,nwps,NOAA/NWS National Water Prediction Service — stage courtesy of USACE and USGS
Mississippi at St. Louis,2026-08-02,2.95,ft,0,nwps,NOAA/NWS National Water Prediction Service — stage courtesy of USACE and USGS
Mississippi at St. Louis,2026-08-03,3.7,ft,0,nwps,NOAA/NWS National Water Prediction Service — stage courtesy of USACE and USGS
Mississippi at St. Louis,2026-08-04,4.83,ft,0,nwps,NOAA/NWS National Water Prediction Service — stage courtesy of USACE and USGS
Mississippi at St. Louis,2026-08-05,6.26,ft,0,nwps,NOAA/NWS National Water Prediction Service — stage courtesy of USACE and USGS
Mississippi at St. Louis,2026-08-06,7.26,ft,0,nwps,NOAA/NWS National Water Prediction Service — stage courtesy of USACE and USGS
Mississippi at St. Louis,2026-08-07,7.53,ft,0,nwps,NOAA/NWS National Water Prediction Service — stage courtesy of USACE and USGS
Mississippi at St. Louis,2026-08-08,8.03,ft,0,nwps,NOAA/NWS National Water Prediction Service — stage courtesy of USACE and USGS
Mississippi at St. Louis,2026-08-09,6.79,ft,0,nwps,NOAA/NWS National Water Prediction Service — stage courtesy of USACE and USGS
Mississippi at St. Louis,2026-08-10,4.86,ft,0,nwps,NOAA/NWS National Water Prediction Service — stage courtesy of USACE and USGS
Mississippi at St. Louis,2026-08-11,5.71,ft,0,nwps,NOAA/NWS National Water Prediction Service — stage courtesy of USACE and USGS
Mississippi at St. Louis,2026-08-12,5.72,ft,0,nwps,NOAA/NWS National Water Prediction Service — stage courtesy of USACE and USGS
Mississippi at St. Louis,2026-08-13,5.76,ft,0,nwps,NOAA/NWS National Water Prediction Service — stage courtesy of USACE and USGS
Mississippi at St. Louis,2026-08-14,6.2,ft,0,nwps,NOAA/NWS National Water Prediction Service — stage courtesy of USACE and USGS
Mississippi at St. Louis,2026-08-15,9.39,ft,0,nwps,NOAA/NWS National Water Prediction Service — stage courtesy of USACE and USGS
Mississippi at St. Louis,2026-08-16,12.12,ft,0,nwps,NOAA/NWS National Water Prediction Service — stage courtesy of USACE and USGS
Mississippi at St. Louis,2026-08-17,13.35,ft,0,nwps,NOAA/NWS National Water Prediction Service — stage courtesy of USACE and USGS
Mississippi at St. Louis,2026-08-18,13.1,ft,0,nwps,NOAA/NWS National Water Prediction Service — stage courtesy of USACE and USGS
Mississippi at St. Louis,2026-08-19,11.18,ft,0,nwps,NOAA/NWS National Water Prediction Service — stage courtesy of USACE and USGS
Mississippi at St. Louis,2026-08-20,10.64,ft,0,nwps,NOAA/NWS National Water Prediction Service — stage courtesy of USACE and USGS
Mississippi at St. Louis,2026-08-21,10.03,ft,0,nwps,NOAA/NWS National Water Prediction Service — stage courtesy of USACE and USGS
Mississippi at St. Louis,2026-08-22,8.14,ft,0,nwps,NOAA/NWS National Water Prediction Service — stage courtesy of USACE and USGS
Mississippi at St. Louis,2026-08-23,7.87,ft,0,nwps,NOAA/NWS National Water Prediction Service — stage courtesy of USACE and USGS
Mississippi at St. Louis,2026-08-24,6.98,ft,0,nwps,NOAA/NWS National Water Prediction Service — stage courtesy of USACE and USGS
Mississippi at St. Louis,2026-08-25,6.63,ft,0,nwps,NOAA/NWS National Water Prediction Service — stage courtesy of USACE and USGS
Mississippi at St. Louis,2026-08-26,4.55,ft,0,nwps,NOAA/NWS National Water Prediction Service — stage courtesy of USACE and USGS
Mississippi at St. Louis,2026-08-27,4.51,ft,0,nwps,NOAA/NWS National Water Prediction Service — stage courtesy of USACE and USGS
Mississippi at St. Louis,2026-08-28,4.87,ft,0,nwps,NOAA/NWS National Water Prediction Service — stage courtesy of USACE and USGS
Mississippi at St. Louis,2026-08-29,4.48,ft,0,nwps,NOAA/NWS National Water Prediction Service — stage courtesy of USACE and USGS
Mississippi at St. Louis,2026-08-30,2.87,ft,0,nwps,NOAA/NWS National Water Prediction Service — stage courtesy of USACE and USGS
Mississippi at St. Louis,2026-08-31,2.94,ft,0,nwps,NOAA/NWS National Water Prediction Service — stage courtesy of USACE and USGS
Mississippi at St. Louis,2026-09-01,3.61,ft,0,nwps,NOAA/NWS National Water Prediction Service — stage courtesy of USACE and USGS
Mississippi at St. Louis,2026-09-02,2.65,ft,0,nwps,NOAA/NWS National Water Prediction Service — stage courtesy of USACE and USGS
Mississippi at St. Louis,2026-09-03,2.2,ft,1,nwps,NOAA/NWS National Water Prediction Service — stage courtesy of USACE and USGS
Mississippi at St. Louis,2026-09-04,2.0,ft,1,nwps,NOAA/NWS National Water Prediction Service — stage courtesy of USACE and USGS
Mississippi at St. Louis,2026-09-05,1.7,ft,1,nwps,NOAA/NWS National Water Prediction Service — stage courtesy of USACE and USGS
Mississippi at St. Louis,2026-09-06,1.2,ft,1,nwps,NOAA/NWS National Water Prediction Service — stage courtesy of USACE and USGS
Mississippi at St. Louis,2026-09-07,0.5,ft,1,nwps,NOAA/NWS National Water Prediction Service — stage courtesy of USACE and USGS
Mississippi at St. Louis,2026-09-08,-0.3,ft,1,nwps,NOAA/NWS National Water Prediction Service — stage courtesy of USACE and USGS
Mississippi at St. Louis,2026-09-09,-0.8,ft,1,nwps,NOAA/NWS National Water Prediction Service — stage courtesy of USACE and USGS
Mississippi at St. Louis,2026-09-10,-1.1,ft,1,nwps,NOAA/NWS National Water Prediction Service — stage courtesy of USACE and USGS
Mississippi at St. Louis,2026-09-11,-1.3,ft,1,nwps,NOAA/NWS National Water Prediction Service — stage courtesy of USACE and USGS
Mississippi at St. Louis,2026-09-12,-1.5,ft,1,nwps,NOAA/NWS National Water Prediction Service — stage courtesy of USACE and USGS
Mississippi at St. Louis,2026-09-13,-1.7,ft,1,nwps,NOAA/NWS National Water Prediction Service — stage courtesy of USACE and USGS
Mississippi at St. Louis,2026-09-14,-1.9,ft,1,nwps,NOAA/NWS National Water Prediction Service — stage courtesy of USACE and USGS
Mississippi at St. Louis,2026-09-15,-2.0,ft,1,nwps,NOAA/NWS National Water Prediction Service — stage courtesy of USACE and USGS
Mississippi at St. Louis,2026-09-16,-2.1,ft,1,nwps,NOAA/NWS National Water Prediction Service — stage courtesy of USACE and USGS
Mississippi at St. Louis,2026-09-17,-2.2,ft,1,nwps,NOAA/NWS National Water Prediction Service — stage courtesy of USACE and USGS
Paraná at Rosario,2024-08-21,0.93,m,0,ina,Instituto Nacional del Agua (INA) — reading by Prefectura Naval Argentina
Paraná at Rosario,2024-08-22,1.11,m,0,ina,Instituto Nacional del Agua (INA) — reading by Prefectura Naval Argentina
Paraná at Rosario,2024-08-23,0.97,m,0,ina,Instituto Nacional del Agua (INA) — reading by Prefectura Naval Argentina
Paraná at Rosario,2024-08-24,0.86,m,0,ina,Instituto Nacional del Agua (INA) — reading by Prefectura Naval Argentina
Paraná at Rosario,2024-08-25,0.82,m,0,ina,Instituto Nacional del Agua (INA) — reading by Prefectura Naval Argentina
Paraná at Rosario,2024-08-26,0.72,m,0,ina,Instituto Nacional del Agua (INA) — reading by Prefectura Naval Argentina
Paraná at Rosario,2024-08-27,0.67,m,0,ina,Instituto Nacional del Agua (INA) — reading by Prefectura Naval Argentina
Paraná at Rosario,2024-08-28,0.6,m,0,ina,Instituto Nacional del Agua (INA) — reading by Prefectura Naval Argentina
Paraná at Rosario,2024-08-29,0.54,m,0,ina,Instituto Nacional del Agua (INA) — reading by Prefectura Naval Argentina
Paraná at Rosario,2024-08-30,0.59,m,0,ina,Instituto Nacional del Agua (INA) — reading by Prefectura Naval Argentina
Paraná at Rosario,2024-08-31,0.67,m,0,ina,Instituto Nacional del Agua (INA) — reading by Prefectura Naval Argentina
Paraná at Rosario,2024-09-01,1.02,m,0,ina,Instituto Nacional del Agua (INA) — reading by Prefectura Naval Argentina
Paraná at Rosario,2024-09-02,1.08,m,0,ina,Instituto Nacional del Agua (INA) — reading by Prefectura Naval Argentina
Paraná at Rosario,2024-09-03,1.09,m,0,ina,Instituto Nacional del Agua (INA) — reading by Prefectura Naval Argentina
Paraná at Rosario,2024-09-04,0.83,m,0,ina,Instituto Nacional del Agua (INA) — reading by Prefectura Naval Argentina
Paraná at Rosario,2024-09-05,0.84,m,0,ina,Instituto Nacional del Agua (INA) — reading by Prefectura Naval Argentina
Paraná at Rosario,2024-09-06,0.68,m,0,ina,Instituto Nacional del Agua (INA) — reading by Prefectura Naval Argentina
Paraná at Rosario,2024-09-07,0.77,m,0,ina,Instituto Nacional del Agua (INA) — reading by Prefectura Naval Argentina
Paraná at Rosario,2024-09-08,0.66,m,0,ina,Instituto Nacional del Agua (INA) — reading by Prefectura Naval Argentina
Paraná at Rosario,2024-09-09,0.6,m,0,ina,Instituto Nacional del Agua (INA) — reading by Prefectura Naval Argentina
Paraná at Rosario,2024-09-10,0.57,m,0,ina,Instituto Nacional del Agua (INA) — reading by Prefectura Naval Argentina
Paraná at Rosario,2024-09-11,0.54,m,0,ina,Instituto Nacional del Agua (INA) — reading by Prefectura Naval Argentina
Paraná at Rosario,2024-09-12,0.47,m,0,ina,Instituto Nacional del Agua (INA) — reading by Prefectura Naval Argentina
Paraná at Rosario,2024-09-13,0.57,m,0,ina,Instituto Nacional del Agua (INA) — reading by Prefectura Naval Argentina
Paraná at Rosario,2024-09-14,0.61,m,0,ina,Instituto Nacional del Agua (INA) — reading by Prefectura Naval Argentina
Paraná at Rosario,2024-09-15,0.56,m,0,ina,Instituto Nacional del Agua (INA) — reading by Prefectura Naval Argentina
Paraná at Rosario,2024-09-16,0.61,m,0,ina,Instituto Nacional del Agua (INA) — reading by Prefectura Naval Argentina
Paraná at Rosario,2024-09-17,0.55,m,0,ina,Instituto Nacional del Agua (INA) — reading by Prefectura Naval Argentina
Paraná at Rosario,2024-09-18,0.38,m,0,ina,Instituto Nacional del Agua (INA) — reading by Prefectura Naval Argentina
Paraná at Rosario,2024-09-19,0.37,m,0,ina,Instituto Nacional del Agua (INA) — reading by Prefectura Naval Argentina
Paraná at Rosario,2024-09-20,0.35,m,0,ina,Instituto Nacional del Agua (INA) — reading by Prefectura Naval Argentina
Paraná at Rosario,2024-09-21,0.4,m,0,ina,Instituto Nacional del Agua (INA) — reading by Prefectura Naval Argentina
Paraná at Rosario,2024-09-22,0.42,m,0,ina,Instituto Nacional del Agua (INA) — reading by Prefectura Naval Argentina
Paraná at Rosario,2024-09-23,0.47,m,0,ina,Instituto Nacional del Agua (INA) — reading by Prefectura Naval Argentina
Paraná at Rosario,2024-09-24,0.34,m,0,ina,Instituto Nacional del Agua (INA) — reading by Prefectura Naval Argentina
Paraná at Rosario,2024-09-25,0.48,m,0,ina,Instituto Nacional del Agua (INA) — reading by Prefectura Naval Argentina
Paraná at Rosario,2024-09-26,0.63,m,0,ina,Instituto Nacional del Agua (INA) — reading by Prefectura Naval Argentina
Paraná at Rosario,2024-09-27,0.6,m,0,ina,Instituto Nacional del Agua (INA) — reading by Prefectura Naval Argentina
Paraná at Rosario,2024-09-28,0.79,m,0,ina,Instituto Nacional del Agua (INA) — reading by Prefectura Naval Argentina
Paraná at Rosario,2024-09-29,0.68,m,0,ina,Instituto Nacional del Agua (INA) — reading by Prefectura Naval Argentina
Paraná at Rosario,2024-09-30,0.5,m,0,ina,Instituto Nacional del Agua (INA) — reading by Prefectura Naval Argentina
Paraná at Rosario,2024-10-01,0.68,m,0,ina,Instituto Nacional del Agua (INA) — reading by Prefectura Naval Argentina
Paraná at Rosario,2024-10-02,0.33,m,0,ina,Instituto Nacional del Agua (INA) — reading by Prefectura Naval Argentina
Paraná at Rosario,2024-10-03,0.33,m,0,ina,Instituto Nacional del Agua (INA) — reading by Prefectura Naval Argentina
Paraná at Rosario,2024-10-04,0.59,m,0,ina,Instituto Nacional del Agua (INA) — reading by Prefectura Naval Argentina
Paraná at Rosario,2024-10-05,0.68,m,0,ina,Instituto Nacional del Agua (INA) — reading by Prefectura Naval Argentina
Paraná at Rosario,2024-10-06,0.68,m,0,ina,Instituto Nacional del Agua (INA) — reading by Prefectura Naval Argentina
Paraná at Rosario,2024-10-07,0.61,m,0,ina,Instituto Nacional del Agua (INA) — reading by Prefectura Naval Argentina
Paraná at Rosario,2024-10-08,0.84,m,0,ina,Instituto Nacional del Agua (INA) — reading by Prefectura Naval Argentina
Paraná at Rosario,2024-10-09,0.79,m,0,ina,Instituto Nacional del Agua (INA) — reading by Prefectura Naval Argentina
Paraná at Rosario,2024-10-10,0.92,m,0,ina,Instituto Nacional del Agua (INA) — reading by Prefectura Naval Argentina
Paraná at Rosario,2024-10-11,1.02,m,0,ina,Instituto Nacional del Agua (INA) — reading by Prefectura Naval Argentina
Paraná at Rosario,2024-10-12,0.95,m,0,ina,Instituto Nacional del Agua (INA) — reading by Prefectura Naval Argentina
Paraná at Rosario,2024-10-13,0.88,m,0,ina,Instituto Nacional del Agua (INA) — reading by Prefectura Naval Argentina
Paraná at Rosario,2024-10-14,0.9,m,0,ina,Instituto Nacional del Agua (INA) — reading by Prefectura Naval Argentina
Paraná at Rosario,2024-10-15,0.77,m,0,ina,Instituto Nacional del Agua (INA) — reading by Prefectura Naval Argentina
Paraná at Rosario,2024-10-16,0.72,m,0,ina,Instituto Nacional del Agua (INA) — reading by Prefectura Naval Argentina
Paraná at Rosario,2024-10-17,0.7,m,0,ina,Instituto Nacional del Agua (INA) — reading by Prefectura Naval Argentina
Paraná at Rosario,2024-10-18,0.78,m,0,ina,Instituto Nacional del Agua (INA) — reading by Prefectura Naval Argentina
Paraná at Rosario,2024-10-19,0.78,m,0,ina,Instituto Nacional del Agua (INA) — reading by Prefectura Naval Argentina
Paraná at Rosario,2024-10-20,0.87,m,0,ina,Instituto Nacional del Agua (INA) — reading by Prefectura Naval Argentina
Paraná at Rosario,2024-10-21,0.76,m,0,ina,Instituto Nacional del Agua (INA) — reading by Prefectura Naval Argentina
Paraná at Rosario,2024-10-22,0.76,m,0,ina,Instituto Nacional del Agua (INA) — reading by Prefectura Naval Argentina
Paraná at Rosario,2024-10-23,0.77,m,0,ina,Instituto Nacional del Agua (INA) — reading by Prefectura Naval Argentina
Paraná at Rosario,2024-10-24,0.77,m,0,ina,Instituto Nacional del Agua (INA) — reading by Prefectura Naval Argentina
Paraná at Rosario,2024-10-25,0.93,m,0,ina,Instituto Nacional del Agua (INA) — reading by Prefectura Naval Argentina
Paraná at Rosario,2024-10-26,0.93,m,0,ina,Instituto Nacional del Agua (INA) — reading by Prefectura Naval Argentina
Paraná at Rosario,2024-10-27,0.95,m,0,ina,Instituto Nacional del Agua (INA) — reading by Prefectura Naval Argentina
Paraná at Rosario,2024-10-28,0.94,m,0,ina,Instituto Nacional del Agua (INA) — reading by Prefectura Naval Argentina
Paraná at Rosario,2024-10-29,0.86,m,0,ina,Instituto Nacional del Agua (INA) — reading by Prefectura Naval Argentina
Paraná at Rosario,2024-10-30,0.79,m,0,ina,Instituto Nacional del Agua (INA) — reading by Prefectura Naval Argentina
Paraná at Rosario,2024-10-31,0.79,m,0,ina,Instituto Nacional del Agua (INA) — reading by Prefectura Naval Argentina
Paraná at Rosario,2024-11-01,0.79,m,0,ina,Instituto Nacional del Agua (INA) — reading by Prefectura Naval Argentina
Paraná at Rosario,2024-11-02,0.77,m,0,ina,Instituto Nacional del Agua (INA) — reading by Prefectura Naval Argentina
Paraná at Rosario,2024-11-03,0.52,m,0,ina,Instituto Nacional del Agua (INA) — reading by Prefectura Naval Argentina
Paraná at Rosario,2024-11-04,0.52,m,0,ina,Instituto Nacional del Agua (INA) — reading by Prefectura Naval Argentina
Paraná at Rosario,2024-11-05,0.65,m,0,ina,Instituto Nacional del Agua (INA) — reading by Prefectura Naval Argentina
Paraná at Rosario,2024-11-06,0.6,m,0,ina,Instituto Nacional del Agua (INA) — reading by Prefectura Naval Argentina
Paraná at Rosario,2024-11-07,0.56,m,0,ina,Instituto Nacional del Agua (INA) — reading by Prefectura Naval Argentina
Paraná at Rosario,2024-11-08,0.56,m,0,ina,Instituto Nacional del Agua (INA) — reading by Prefectura Naval Argentina
Paraná at Rosario,2024-11-09,0.92,m,0,ina,Instituto Nacional del Agua (INA) — reading by Prefectura Naval Argentina
Paraná at Rosario,2024-11-10,0.89,m,0,ina,Instituto Nacional del Agua (INA) — reading by Prefectura Naval Argentina
Paraná at Rosario,2024-11-11,0.62,m,0,ina,Instituto Nacional del Agua (INA) — reading by Prefectura Naval Argentina
Paraná at Rosario,2024-11-12,0.48,m,0,ina,Instituto Nacional del Agua (INA) — reading by Prefectura Naval Argentina
Paraná at Rosario,2024-11-13,0.46,m,0,ina,Instituto Nacional del Agua (INA) — reading by Prefectura Naval Argentina
Paraná at Rosario,2024-11-14,0.5,m,0,ina,Instituto Nacional del Agua (INA) — reading by Prefectura Naval Argentina
Paraná at Rosario,2024-11-15,0.53,m,0,ina,Instituto Nacional del Agua (INA) — reading by Prefectura Naval Argentina
Paraná at Rosario,2024-11-16,0.58,m,0,ina,Instituto Nacional del Agua (INA) — reading by Prefectura Naval Argentina
Paraná at Rosario,2024-11-17,0.57,m,0,ina,Instituto Nacional del Agua (INA) — reading by Prefectura Naval Argentina
Paraná at Rosario,2024-11-18,0.52,m,0,ina,Instituto Nacional del Agua (INA) — reading by Prefectura Naval Argentina
Paraná at Rosario,2024-11-19,1.01,m,0,ina,Instituto Nacional del Agua (INA) — reading by Prefectura Naval Argentina
Paraná at Rosario,2024-11-20,1.02,m,0,ina,Instituto Nacional del Agua (INA) — reading by Prefectura Naval Argentina
Paraná at Rosario,2024-11-21,1.02,m,0,ina,Instituto Nacional del Agua (INA) — reading by Prefectura Naval Argentina
Paraná at Rosario,2024-11-22,0.92,m,0,ina,Instituto Nacional del Agua (INA) — reading by Prefectura Naval Argentina
Paraná at Rosario,2024-11-23,0.86,m,0,ina,Instituto Nacional del Agua (INA) — reading by Prefectura Naval Argentina
Paraná at Rosario,2024-11-24,0.86,m,0,ina,Instituto Nacional del Agua (INA) — reading by Prefectura Naval Argentina
Paraná at Rosario,2024-11-25,0.8,m,0,ina,Instituto Nacional del Agua (INA) — reading by Prefectura Naval Argentina
Paraná at Rosario,2024-11-26,0.73,m,0,ina,Instituto Nacional del Agua (INA) — reading by Prefectura Naval Argentina
Paraná at Rosario,2024-11-27,0.8,m,0,ina,Instituto Nacional del Agua (INA) — reading by Prefectura Naval Argentina
Paraná at Rosario,2024-11-28,1.0,m,0,ina,Instituto Nacional del Agua (INA) — reading by Prefectura Naval Argentina
Paraná at Rosario,2024-11-29,1.11,m,0,ina,Instituto Nacional del Agua (INA) — reading by Prefectura Naval Argentina
Paraná at Rosario,2024-11-30,1.26,m,0,ina,Instituto Nacional del Agua (INA) — reading by Prefectura Naval Argentina
Paraná at Rosario,2024-12-01,1.26,m,0,ina,Instituto Nacional del Agua (INA) — reading by Prefectura Naval Argentina
Paraná at Rosario,2024-12-02,1.37,m,0,ina,Instituto Nacional del Agua (INA) — reading by Prefectura Naval Argentina
Paraná at Rosario,2024-12-03,1.32,m,0,ina,Instituto Nacional del Agua (INA) — reading by Prefectura Naval Argentina
Paraná at Rosario,2024-12-04,1.48,m,0,ina,Instituto Nacional del Agua (INA) — reading by Prefectura Naval Argentina
Paraná at Rosario,2024-12-05,1.6,m,0,ina,Instituto Nacional del Agua (INA) — reading by Prefectura Naval Argentina
Paraná at Rosario,2024-12-06,1.53,m,0,ina,Instituto Nacional del Agua (INA) — reading by Prefectura Naval Argentina
Paraná at Rosario,2024-12-07,1.59,m,0,ina,Instituto Nacional del Agua (INA) — reading by Prefectura Naval Argentina
Paraná at Rosario,2024-12-08,1.69,m,0,ina,Instituto Nacional del Agua (INA) — reading by Prefectura Naval Argentina
Paraná at Rosario,2024-12-09,1.81,m,0,ina,Instituto Nacional del Agua (INA) — reading by Prefectura Naval Argentina
Paraná at Rosario,2024-12-10,1.82,m,0,ina,Instituto Nacional del Agua (INA) — reading by Prefectura Naval Argentina
Paraná at Rosario,2024-12-11,1.79,m,0,ina,Instituto Nacional del Agua (INA) — reading by Prefectura Naval Argentina
Paraná at Rosario,2024-12-12,1.81,m,0,ina,Instituto Nacional del Agua (INA) — reading by Prefectura Naval Argentina
Paraná at Rosario,2024-12-13,1.85,m,0,ina,Instituto Nacional del Agua (INA) — reading by Prefectura Naval Argentina
Paraná at Rosario,2024-12-14,1.88,m,0,ina,Instituto Nacional del Agua (INA) — reading by Prefectura Naval Argentina
Paraná at Rosario,2024-12-15,2.0,m,0,ina,Instituto Nacional del Agua (INA) — reading by Prefectura Naval Argentina
Paraná at Rosario,2024-12-16,2.14,m,0,ina,Instituto Nacional del Agua (INA) — reading by Prefectura Naval Argentina
Paraná at Rosario,2024-12-17,2.35,m,0,ina,Instituto Nacional del Agua (INA) — reading by Prefectura Naval Argentina
Paraná at Rosario,2024-12-18,2.52,m,0,ina,Instituto Nacional del Agua (INA) — reading by Prefectura Naval Argentina
Paraná at Rosario,2024-12-19,2.54,m,0,ina,Instituto Nacional del Agua (INA) — reading by Prefectura Naval Argentina
Paraná at Rosario,2024-12-20,2.54,m,0,ina,Instituto Nacional del Agua (INA) — reading by Prefectura Naval Argentina
Paraná at Rosario,2024-12-21,2.62,m,0,ina,Instituto Nacional del Agua (INA) — reading by Prefectura Naval Argentina
Paraná at Rosario,2024-12-22,2.82,m,0,ina,Instituto Nacional del Agua (INA) — reading by Prefectura Naval Argentina
Paraná at Rosario,2024-12-23,2.82,m,0,ina,Instituto Nacional del Agua (INA) — reading by Prefectura Naval Argentina
Paraná at Rosario,2024-12-24,2.83,m,0,ina,Instituto Nacional del Agua (INA) — reading by Prefectura Naval Argentina
Paraná at Rosario,2024-12-25,2.77,m,0,ina,Instituto Nacional del Agua (INA) — reading by Prefectura Naval Argentina
Paraná at Rosario,2024-12-26,2.74,m,0,ina,Instituto Nacional del Agua (INA) — reading by Prefectura Naval Argentina
Paraná at Rosario,2024-12-27,2.82,m,0,ina,Instituto Nacional del Agua (INA) — reading by Prefectura Naval Argentina
Paraná at Rosario,2024-12-28,2.85,m,0,ina,Instituto Nacional del Agua (INA) — reading by Prefectura Naval Argentina
Paraná at Rosario,2024-12-29,2.82,m,0,ina,Instituto Nacional del Agua (INA) — reading by Prefectura Naval Argentina
Paraná at Rosario,2024-12-30,2.81,m,0,ina,Instituto Nacional del Agua (INA) — reading by Prefectura Naval Argentina
Paraná at Rosario,2024-12-31,2.75,m,0,ina,Instituto Nacional del Agua (INA) — reading by Prefectura Naval Argentina
Paraná at Rosario,2025-01-01,2.67,m,0,ina,Instituto Nacional del Agua (INA) — reading by Prefectura Naval Argentina
Paraná at Rosario,2025-01-02,2.67,m,0,ina,Instituto Nacional del Agua (INA) — reading by Prefectura Naval Argentina
Paraná at Rosario,2025-01-03,2.57,m,0,ina,Instituto Nacional del Agua (INA) — reading by Prefectura Naval Argentina
Paraná at Rosario,2025-01-04,2.51,m,0,ina,Instituto Nacional del Agua (INA) — reading by Prefectura Naval Argentina
Paraná at Rosario,2025-01-05,2.49,m,0,ina,Instituto Nacional del Agua (INA) — reading by Prefectura Naval Argentina
Paraná at Rosario,2025-01-06,2.47,m,0,ina,Instituto Nacional del Agua (INA) — reading by Prefectura Naval Argentina
Paraná at Rosario,2025-01-07,2.38,m,0,ina,Instituto Nacional del Agua (INA) — reading by Prefectura Naval Argentina
Paraná at Rosario,2025-01-08,2.29,m,0,ina,Instituto Nacional del Agua (INA) — reading by Prefectura Naval Argentina
Paraná at Rosario,2025-01-09,2.17,m,0,ina,Instituto Nacional del Agua (INA) — reading by Prefectura Naval Argentina
Paraná at Rosario,2025-01-10,2.08,m,0,ina,Instituto Nacional del Agua (INA) — reading by Prefectura Naval Argentina
Paraná at Rosario,2025-01-11,1.93,m,0,ina,Instituto Nacional del Agua (INA) — reading by Prefectura Naval Argentina
Paraná at Rosario,2025-01-12,1.82,m,0,ina,Instituto Nacional del Agua (INA) — reading by Prefectura Naval Argentina
Paraná at Rosario,2025-01-13,1.72,m,0,ina,Instituto Nacional del Agua (INA) — reading by Prefectura Naval Argentina
Paraná at Rosario,2025-01-14,1.56,m,0,ina,Instituto Nacional del Agua (INA) — reading by Prefectura Naval Argentina
Paraná at Rosario,2025-01-15,1.37,m,0,ina,Instituto Nacional del Agua (INA) — reading by Prefectura Naval Argentina
Paraná at Rosario,2025-01-16,1.25,m,0,ina,Instituto Nacional del Agua (INA) — reading by Prefectura Naval Argentina
Paraná at Rosario,2025-01-17,1.17,m,0,ina,Instituto Nacional del Agua (INA) — reading by Prefectura Naval Argentina
Paraná at Rosario,2025-01-18,1.13,m,0,ina,Instituto Nacional del Agua (INA) — reading by Prefectura Naval Argentina
Paraná at Rosario,2025-01-19,1.22,m,0,ina,Instituto Nacional del Agua (INA) — reading by Prefectura Naval Argentina
Paraná at Rosario,2025-01-20,1.27,m,0,ina,Instituto Nacional del Agua (INA) — reading by Prefectura Naval Argentina
Paraná at Rosario,2025-01-21,1.28,m,0,ina,Instituto Nacional del Agua (INA) — reading by Prefectura Naval Argentina
Paraná at Rosario,2025-01-22,1.36,m,0,ina,Instituto Nacional del Agua (INA) — reading by Prefectura Naval Argentina
Paraná at Rosario,2025-01-23,1.31,m,0,ina,Instituto Nacional del Agua (INA) — reading by Prefectura Naval Argentina
Paraná at Rosario,2025-01-24,1.3,m,0,ina,Instituto Nacional del Agua (INA) — reading by Prefectura Naval Argentina
Paraná at Rosario,2025-01-25,1.28,m,0,ina,Instituto Nacional del Agua (INA) — reading by Prefectura Naval Argentina
Paraná at Rosario,2025-01-26,1.28,m,0,ina,Instituto Nacional del Agua (INA) — reading by Prefectura Naval Argentina
Paraná at Rosario,2025-01-27,1.33,m,0,ina,Instituto Nacional del Agua (INA) — reading by Prefectura Naval Argentina
Paraná at Rosario,2025-01-28,1.28,m,0,ina,Instituto Nacional del Agua (INA) — reading by Prefectura Naval Argentina
Paraná at Rosario,2025-01-29,1.18,m,0,ina,Instituto Nacional del Agua (INA) — reading by Prefectura Naval Argentina
Paraná at Rosario,2025-01-30,1.27,m,0,ina,Instituto Nacional del Agua (INA) — reading by Prefectura Naval Argentina
Paraná at Rosario,2025-01-31,1.41,m,0,ina,Instituto Nacional del Agua (INA) — reading by Prefectura Naval Argentina
Paraná at Rosario,2025-02-01,1.48,m,0,ina,Instituto Nacional del Agua (INA) — reading by Prefectura Naval Argentina
Paraná at Rosario,2025-02-02,1.5,m,0,ina,Instituto Nacional del Agua (INA) — reading by Prefectura Naval Argentina
Paraná at Rosario,2025-02-03,1.53,m,0,ina,Instituto Nacional del Agua (INA) — reading by Prefectura Naval Argentina
Paraná at Rosario,2025-02-04,1.57,m,0,ina,Instituto Nacional del Agua (INA) — reading by Prefectura Naval Argentina
Paraná at Rosario,2025-02-05,1.53,m,0,ina,Instituto Nacional del Agua (INA) — reading by Prefectura Naval Argentina
Paraná at Rosario,2025-02-06,1.63,m,0,ina,Instituto Nacional del Agua (INA) — reading by Prefectura Naval Argentina
Paraná at Rosario,2025-02-07,1.83,m,0,ina,Instituto Nacional del Agua (INA) — reading by Prefectura Naval Argentina
Paraná at Rosario,2025-02-08,1.83,m,0,ina,Instituto Nacional del Agua (INA) — reading by Prefectura Naval Argentina
Paraná at Rosario,2025-02-09,1.77,m,0,ina,Instituto Nacional del Agua (INA) — reading by Prefectura Naval Argentina
Paraná at Rosario,2025-02-10,1.65,m,0,ina,Instituto Nacional del Agua (INA) — reading by Prefectura Naval Argentina
Paraná at Rosario,2025-02-11,1.78,m,0,ina,Instituto Nacional del Agua (INA) — reading by Prefectura Naval Argentina
Paraná at Rosario,2025-02-12,1.66,m,0,ina,Instituto Nacional del Agua (INA) — reading by Prefectura Naval Argentina
Paraná at Rosario,2025-02-13,1.73,m,0,ina,Instituto Nacional del Agua (INA) — reading by Prefectura Naval Argentina
Paraná at Rosario,2025-02-14,1.74,m,0,ina,Instituto Nacional del Agua (INA) — reading by Prefectura Naval Argentina
Paraná at Rosario,2025-02-15,1.74,m,0,ina,Instituto Nacional del Agua (INA) — reading by Prefectura Naval Argentina
Paraná at Rosario,2025-02-16,1.69,m,0,ina,Instituto Nacional del Agua (INA) — reading by Prefectura Naval Argentina
Paraná at Rosario,2025-02-17,1.62,m,0,ina,Instituto Nacional del Agua (INA) — reading by Prefectura Naval Argentina
Paraná at Rosario,2025-02-18,1.57,m,0,ina,Instituto Nacional del Agua (INA) — reading by Prefectura Naval Argentina
Paraná at Rosario,2025-02-19,1.55,m,0,ina,Instituto Nacional del Agua (INA) — reading by Prefectura Naval Argentina
Paraná at Rosario,2025-02-20,1.74,m,0,ina,Instituto Nacional del Agua (INA) — reading by Prefectura Naval Argentina
Paraná at Rosario,2025-02-21,1.62,m,0,ina,Instituto Nacional del Agua (INA) — reading by Prefectura Naval Argentina
Paraná at Rosario,2025-02-22,1.54,m,0,ina,Instituto Nacional del Agua (INA) — reading by Prefectura Naval Argentina
Paraná at Rosario,2025-02-23,1.48,m,0,ina,Instituto Nacional del Agua (INA) — reading by Prefectura Naval Argentina
Paraná at Rosario,2025-02-24,1.47,m,0,ina,Instituto Nacional del Agua (INA) — reading by Prefectura Naval Argentina
Paraná at Rosario,2025-02-25,1.4,m,0,ina,Instituto Nacional del Agua (INA) — reading by Prefectura Naval Argentina
Paraná at Rosario,2025-02-26,1.37,m,0,ina,Instituto Nacional del Agua (INA) — reading by Prefectura Naval Argentina
Paraná at Rosario,2025-02-27,1.36,m,0,ina,Instituto Nacional del Agua (INA) — reading by Prefectura Naval Argentina
Paraná at Rosario,2025-02-28,1.63,m,0,ina,Instituto Nacional del Agua (INA) — reading by Prefectura Naval Argentina
Paraná at Rosario,2025-03-01,1.66,m,0,ina,Instituto Nacional del Agua (INA) — reading by Prefectura Naval Argentina
Paraná at Rosario,2025-03-02,1.59,m,0,ina,Instituto Nacional del Agua (INA) — reading by Prefectura Naval Argentina
Paraná at Rosario,2025-03-03,1.55,m,0,ina,Instituto Nacional del Agua (INA) — reading by Prefectura Naval Argentina
Paraná at Rosario,2025-03-04,1.57,m,0,ina,Instituto Nacional del Agua (INA) — reading by Prefectura Naval Argentina
Paraná at Rosario,2025-03-05,1.64,m,0,ina,Instituto Nacional del Agua (INA) — reading by Prefectura Naval Argentina
Paraná at Rosario,2025-03-06,1.62,m,0,ina,Instituto Nacional del Agua (INA) — reading by Prefectura Naval Argentina
Paraná at Rosario,2025-03-07,1.58,m,0,ina,Instituto Nacional del Agua (INA) — reading by Prefectura Naval Argentina
Paraná at Rosario,2025-03-08,1.57,m,0,ina,Instituto Nacional del Agua (INA) — reading by Prefectura Naval Argentina
Paraná at Rosario,2025-03-09,1.54,m,0,ina,Instituto Nacional del Agua (INA) — reading by Prefectura Naval Argentina
Paraná at Rosario,2025-03-10,1.52,m,0,ina,Instituto Nacional del Agua (INA) — reading by Prefectura Naval Argentina
Paraná at Rosario,2025-03-11,1.68,m,0,ina,Instituto Nacional del Agua (INA) — reading by Prefectura Naval Argentina
Paraná at Rosario,2025-03-12,1.5,m,0,ina,Instituto Nacional del Agua (INA) — reading by Prefectura Naval Argentina
Paraná at Rosario,2025-03-13,1.43,m,0,ina,Instituto Nacional del Agua (INA) — reading by Prefectura Naval Argentina
Paraná at Rosario,2025-03-14,1.58,m,0,ina,Instituto Nacional del Agua (INA) — reading by Prefectura Naval Argentina
Paraná at Rosario,2025-03-15,1.52,m,0,ina,Instituto Nacional del Agua (INA) — reading by Prefectura Naval Argentina
Paraná at Rosario,2025-03-16,1.45,m,0,ina,Instituto Nacional del Agua (INA) — reading by Prefectura Naval Argentina
Paraná at Rosario,2025-03-17,1.37,m,0,ina,Instituto Nacional del Agua (INA) — reading by Prefectura Naval Argentina
Paraná at Rosario,2025-03-18,1.25,m,0,ina,Instituto Nacional del Agua (INA) — reading by Prefectura Naval Argentina
Paraná at Rosario,2025-03-19,1.11,m,0,ina,Instituto Nacional del Agua (INA) — reading by Prefectura Naval Argentina
Paraná at Rosario,2025-03-20,0.96,m,0,ina,Instituto Nacional del Agua (INA) — reading by Prefectura Naval Argentina
Paraná at Rosario,2025-03-21,0.94,m,0,ina,Instituto Nacional del Agua (INA) — reading by Prefectura Naval Argentina
Paraná at Rosario,2025-03-22,0.79,m,0,ina,Instituto Nacional del Agua (INA) — reading by Prefectura Naval Argentina
Paraná at Rosario,2025-03-23,0.73,m,0,ina,Instituto Nacional del Agua (INA) — reading by Prefectura Naval Argentina
Paraná at Rosario,2025-03-24,0.7,m,0,ina,Instituto Nacional del Agua (INA) — reading by Prefectura Naval Argentina
Paraná at Rosario,2025-03-25,0.76,m,0,ina,Instituto Nacional del Agua (INA) — reading by Prefectura Naval Argentina
Paraná at Rosario,2025-03-26,0.78,m,0,ina,Instituto Nacional del Agua (INA) — reading by Prefectura Naval Argentina
Paraná at Rosario,2025-03-27,0.91,m,0,ina,Instituto Nacional del Agua (INA) — reading by Prefectura Naval Argentina
Paraná at Rosario,2025-03-28,0.96,m,0,ina,Instituto Nacional del Agua (INA) — reading by Prefectura Naval Argentina
Paraná at Rosario,2025-03-29,0.98,m,0,ina,Instituto Nacional del Agua (INA) — reading by Prefectura Naval Argentina
Paraná at Rosario,2025-03-30,1.08,m,0,ina,Instituto Nacional del Agua (INA) — reading by Prefectura Naval Argentina
Paraná at Rosario,2025-03-31,1.15,m,0,ina,Instituto Nacional del Agua (INA) — reading by Prefectura Naval Argentina
Paraná at Rosario,2025-04-01,0.99,m,0,ina,Instituto Nacional del Agua (INA) — reading by Prefectura Naval Argentina
Paraná at Rosario,2025-04-02,0.99,m,0,ina,Instituto Nacional del Agua (INA) — reading by Prefectura Naval Argentina
Paraná at Rosario,2025-04-03,1.14,m,0,ina,Instituto Nacional del Agua (INA) — reading by Prefectura Naval Argentina
Paraná at Rosario,2025-04-04,1.07,m,0,ina,Instituto Nacional del Agua (INA) — reading by Prefectura Naval Argentina
Paraná at Rosario,2025-04-05,1.03,m,0,ina,Instituto Nacional del Agua (INA) — reading by Prefectura Naval Argentina
Paraná at Rosario,2025-04-06,1.37,m,0,ina,Instituto Nacional del Agua (INA) — reading by Prefectura Naval Argentina
Paraná at Rosario,2025-04-07,1.33,m,0,ina,Instituto Nacional del Agua (INA) — reading by Prefectura Naval Argentina
Paraná at Rosario,2025-04-08,1.22,m,0,ina,Instituto Nacional del Agua (INA) — reading by Prefectura Naval Argentina
Paraná at Rosario,2025-04-09,1.29,m,0,ina,Instituto Nacional del Agua (INA) — reading by Prefectura Naval Argentina
Paraná at Rosario,2025-04-10,1.39,m,0,ina,Instituto Nacional del Agua (INA) — reading by Prefectura Naval Argentina
Paraná at Rosario,2025-04-11,1.41,m,0,ina,Instituto Nacional del Agua (INA) — reading by Prefectura Naval Argentina
Paraná at Rosario,2025-04-12,1.28,m,0,ina,Instituto Nacional del Agua (INA) — reading by Prefectura Naval Argentina
Paraná at Rosario,2025-04-13,1.28,m,0,ina,Instituto Nacional del Agua (INA) — reading by Prefectura Naval Argentina
Paraná at Rosario,2025-04-14,1.15,m,0,ina,Instituto Nacional del Agua (INA) — reading by Prefectura Naval Argentina
Paraná at Rosario,2025-04-15,1.11,m,0,ina,Instituto Nacional del Agua (INA) — reading by Prefectura Naval Argentina
Paraná at Rosario,2025-04-16,1.14,m,0,ina,Instituto Nacional del Agua (INA) — reading by Prefectura Naval Argentina
Paraná at Rosario,2025-04-17,1.05,m,0,ina,Instituto Nacional del Agua (INA) — reading by Prefectura Naval Argentina
Paraná at Rosario,2025-04-18,0.97,m,0,ina,Instituto Nacional del Agua (INA) — reading by Prefectura Naval Argentina
Paraná at Rosario,2025-04-19,0.94,m,0,ina,Instituto Nacional del Agua (INA) — reading by Prefectura Naval Argentina
Paraná at Rosario,2025-04-20,0.81,m,0,ina,Instituto Nacional del Agua (INA) — reading by Prefectura Naval Argentina
Paraná at Rosario,2025-04-21,0.92,m,0,ina,Instituto Nacional del Agua (INA) — reading by Prefectura Naval Argentina
Paraná at Rosario,2025-04-22,0.87,m,0,ina,Instituto Nacional del Agua (INA) — reading by Prefectura Naval Argentina
Paraná at Rosario,2025-04-23,0.78,m,0,ina,Instituto Nacional del Agua (INA) — reading by Prefectura Naval Argentina
Paraná at Rosario,2025-04-24,0.75,m,0,ina,Instituto Nacional del Agua (INA) — reading by Prefectura Naval Argentina
Paraná at Rosario,2025-04-25,0.8,m,0,ina,Instituto Nacional del Agua (INA) — reading by Prefectura Naval Argentina
Paraná at Rosario,2025-04-26,0.89,m,0,ina,Instituto Nacional del Agua (INA) — reading by Prefectura Naval Argentina
Paraná at Rosario,2025-04-27,0.77,m,0,ina,Instituto Nacional del Agua (INA) — reading by Prefectura Naval Argentina
Paraná at Rosario,2025-04-28,0.72,m,0,ina,Instituto Nacional del Agua (INA) — reading by Prefectura Naval Argentina
Paraná at Rosario,2025-04-29,0.71,m,0,ina,Instituto Nacional del Agua (INA) — reading by Prefectura Naval Argentina
Paraná at Rosario,2025-04-30,0.71,m,0,ina,Instituto Nacional del Agua (INA) — reading by Prefectura Naval Argentina
Paraná at Rosario,2025-05-01,0.65,m,0,ina,Instituto Nacional del Agua (INA) — reading by Prefectura Naval Argentina
Paraná at Rosario,2025-05-02,0.6,m,0,ina,Instituto Nacional del Agua (INA) — reading by Prefectura Naval Argentina
Paraná at Rosario,2025-05-03,0.7,m,0,ina,Instituto Nacional del Agua (INA) — reading by Prefectura Naval Argentina
Paraná at Rosario,2025-05-04,0.7,m,0,ina,Instituto Nacional del Agua (INA) — reading by Prefectura Naval Argentina
Paraná at Rosario,2025-05-05,0.82,m,0,ina,Instituto Nacional del Agua (INA) — reading by Prefectura Naval Argentina
Paraná at Rosario,2025-05-06,0.85,m,0,ina,Instituto Nacional del Agua (INA) — reading by Prefectura Naval Argentina
Paraná at Rosario,2025-05-07,1.1,m,0,ina,Instituto Nacional del Agua (INA) — reading by Prefectura Naval Argentina
Paraná at Rosario,2025-05-08,1.11,m,0,ina,Instituto Nacional del Agua (INA) — reading by Prefectura Naval Argentina
Paraná at Rosario,2025-05-09,1.17,m,0,ina,Instituto Nacional del Agua (INA) — reading by Prefectura Naval Argentina
Paraná at Rosario,2025-05-10,1.2,m,0,ina,Instituto Nacional del Agua (INA) — reading by Prefectura Naval Argentina
Paraná at Rosario,2025-05-11,1.2,m,0,ina,Instituto Nacional del Agua (INA) — reading by Prefectura Naval Argentina
Paraná at Rosario,2025-05-12,1.17,m,0,ina,Instituto Nacional del Agua (INA) — reading by Prefectura Naval Argentina
Paraná at Rosario,2025-05-13,1.14,m,0,ina,Instituto Nacional del Agua (INA) — reading by Prefectura Naval Argentina
Paraná at Rosario,2025-05-14,1.1,m,0,ina,Instituto Nacional del Agua (INA) — reading by Prefectura Naval Argentina
Paraná at Rosario,2025-05-15,1.12,m,0,ina,Instituto Nacional del Agua (INA) — reading by Prefectura Naval Argentina
Paraná at Rosario,2025-05-16,1.24,m,0,ina,Instituto Nacional del Agua (INA) — reading by Prefectura Naval Argentina
Paraná at Rosario,2025-05-17,1.42,m,0,ina,Instituto Nacional del Agua (INA) — reading by Prefectura Naval Argentina
Paraná at Rosario,2025-05-18,1.52,m,0,ina,Instituto Nacional del Agua (INA) — reading by Prefectura Naval Argentina
Paraná at Rosario,2025-05-19,1.7,m,0,ina,Instituto Nacional del Agua (INA) — reading by Prefectura Naval Argentina
Paraná at Rosario,2025-05-20,1.86,m,0,ina,Instituto Nacional del Agua (INA) — reading by Prefectura Naval Argentina
Paraná at Rosario,2025-05-21,1.93,m,0,ina,Instituto Nacional del Agua (INA) — reading by Prefectura Naval Argentina
Paraná at Rosario,2025-05-22,1.88,m,0,ina,Instituto Nacional del Agua (INA) — reading by Prefectura Naval Argentina
Paraná at Rosario,2025-05-23,1.96,m,0,ina,Instituto Nacional del Agua (INA) — reading by Prefectura Naval Argentina
Paraná at Rosario,2025-05-24,1.91,m,0,ina,Instituto Nacional del Agua (INA) — reading by Prefectura Naval Argentina
Paraná at Rosario,2025-05-25,1.81,m,0,ina,Instituto Nacional del Agua (INA) — reading by Prefectura Naval Argentina
Paraná at Rosario,2025-05-26,1.69,m,0,ina,Instituto Nacional del Agua (INA) — reading by Prefectura Naval Argentina
Paraná at Rosario,2025-05-27,1.66,m,0,ina,Instituto Nacional del Agua (INA) — reading by Prefectura Naval Argentina
Paraná at Rosario,2025-05-28,1.53,m,0,ina,Instituto Nacional del Agua (INA) — reading by Prefectura Naval Argentina
Paraná at Rosario,2025-05-29,1.57,m,0,ina,Instituto Nacional del Agua (INA) — reading by Prefectura Naval Argentina
Paraná at Rosario,2025-05-30,1.93,m,0,ina,Instituto Nacional del Agua (INA) — reading by Prefectura Naval Argentina
Paraná at Rosario,2025-05-31,1.99,m,0,ina,Instituto Nacional del Agua (INA) — reading by Prefectura Naval Argentina
Paraná at Rosario,2025-06-01,1.92,m,0,ina,Instituto Nacional del Agua (INA) — reading by Prefectura Naval Argentina
Paraná at Rosario,2025-06-02,1.85,m,0,ina,Instituto Nacional del Agua (INA) — reading by Prefectura Naval Argentina
Paraná at Rosario,2025-06-03,1.86,m,0,ina,Instituto Nacional del Agua (INA) — reading by Prefectura Naval Argentina
Paraná at Rosario,2025-06-04,1.85,m,0,ina,Instituto Nacional del Agua (INA) — reading by Prefectura Naval Argentina
Paraná at Rosario,2025-06-05,1.89,m,0,ina,Instituto Nacional del Agua (INA) — reading by Prefectura Naval Argentina
Paraná at Rosario,2025-06-06,1.88,m,0,ina,Instituto Nacional del Agua (INA) — reading by Prefectura Naval Argentina
Paraná at Rosario,2025-06-07,2.05,m,0,ina,Instituto Nacional del Agua (INA) — reading by Prefectura Naval Argentina
Paraná at Rosario,2025-06-08,2.09,m,0,ina,Instituto Nacional del Agua (INA) — reading by Prefectura Naval Argentina
Paraná at Rosario,2025-06-09,2.1,m,0,ina,Instituto Nacional del Agua (INA) — reading by Prefectura Naval Argentina
Paraná at Rosario,2025-06-10,2.1,m,0,ina,Instituto Nacional del Agua (INA) — reading by Prefectura Naval Argentina
Paraná at Rosario,2025-06-11,2.14,m,0,ina,Instituto Nacional del Agua (INA) — reading by Prefectura Naval Argentina
Paraná at Rosario,2025-06-12,2.11,m,0,ina,Instituto Nacional del Agua (INA) — reading by Prefectura Naval Argentina
Paraná at Rosario,2025-06-13,2.08,m,0,ina,Instituto Nacional del Agua (INA) — reading by Prefectura Naval Argentina
Paraná at Rosario,2025-06-14,2.04,m,0,ina,Instituto Nacional del Agua (INA) — reading by Prefectura Naval Argentina
Paraná at Rosario,2025-06-15,1.97,m,0,ina,Instituto Nacional del Agua (INA) — reading by Prefectura Naval Argentina
Paraná at Rosario,2025-06-16,1.97,m,0,ina,Instituto Nacional del Agua (INA) — reading by Prefectura Naval Argentina
Paraná at Rosario,2025-06-17,2.04,m,0,ina,Instituto Nacional del Agua (INA) — reading by Prefectura Naval Argentina
Paraná at Rosario,2025-06-18,1.94,m,0,ina,Instituto Nacional del Agua (INA) — reading by Prefectura Naval Argentina
Paraná at Rosario,2025-06-19,1.97,m,0,ina,Instituto Nacional del Agua (INA) — reading by Prefectura Naval Argentina
Paraná at Rosario,2025-06-20,2.03,m,0,ina,Instituto Nacional del Agua (INA) — reading by Prefectura Naval Argentina
Paraná at Rosario,2025-06-21,2.07,m,0,ina,Instituto Nacional del Agua (INA) — reading by Prefectura Naval Argentina
Paraná at Rosario,2025-06-22,2.07,m,0,ina,Instituto Nacional del Agua (INA) — reading by Prefectura Naval Argentina
Paraná at Rosario,2025-06-23,2.08,m,0,ina,Instituto Nacional del Agua (INA) — reading by Prefectura Naval Argentina
Paraná at Rosario,2025-06-24,2.05,m,0,ina,Instituto Nacional del Agua (INA) — reading by Prefectura Naval Argentina
Paraná at Rosario,2025-06-25,2.13,m,0,ina,Instituto Nacional del Agua (INA) — reading by Prefectura Naval Argentina
Paraná at Rosario,2025-06-26,2.13,m,0,ina,Instituto Nacional del Agua (INA) — reading by Prefectura Naval Argentina
Paraná at Rosario,2025-06-27,2.13,m,0,ina,Instituto Nacional del Agua (INA) — reading by Prefectura Naval Argentina
Paraná at Rosario,2025-06-28,2.23,m,0,ina,Instituto Nacional del Agua (INA) — reading by Prefectura Naval Argentina
Paraná at Rosario,2025-06-29,2.3,m,0,ina,Instituto Nacional del Agua (INA) — reading by Prefectura Naval Argentina
Paraná at Rosario,2025-06-30,2.3,m,0,ina,Instituto Nacional del Agua (INA) — reading by Prefectura Naval Argentina
Paraná at Rosario,2025-07-01,2.33,m,0,ina,Instituto Nacional del Agua (INA) — reading by Prefectura Naval Argentina
Paraná at Rosario,2025-07-02,2.3,m,0,ina,Instituto Nacional del Agua (INA) — reading by Prefectura Naval Argentina
Paraná at Rosario,2025-07-03,2.3,m,0,ina,Instituto Nacional del Agua (INA) — reading by Prefectura Naval Argentina
Paraná at Rosario,2025-07-04,2.33,m,0,ina,Instituto Nacional del Agua (INA) — reading by Prefectura Naval Argentina
Paraná at Rosario,2025-07-05,2.33,m,0,ina,Instituto Nacional del Agua (INA) — reading by Prefectura Naval Argentina
Paraná at Rosario,2025-07-06,2.34,m,0,ina,Instituto Nacional del Agua (INA) — reading by Prefectura Naval Argentina
Paraná at Rosario,2025-07-07,2.48,m,0,ina,Instituto Nacional del Agua (INA) — reading by Prefectura Naval Argentina
Paraná at Rosario,2025-07-08,2.48,m,0,ina,Instituto Nacional del Agua (INA) — reading by Prefectura Naval Argentina
Paraná at Rosario,2025-07-09,2.48,m,0,ina,Instituto Nacional del Agua (INA) — reading by Prefectura Naval Argentina
Paraná at Rosario,2025-07-10,2.54,m,0,ina,Instituto Nacional del Agua (INA) — reading by Prefectura Naval Argentina
Paraná at Rosario,2025-07-11,2.54,m,0,ina,Instituto Nacional del Agua (INA) — reading by Prefectura Naval Argentina
Paraná at Rosario,2025-07-12,2.54,m,0,ina,Instituto Nacional del Agua (INA) — reading by Prefectura Naval Argentina
Paraná at Rosario,2025-07-13,2.48,m,0,ina,Instituto Nacional del Agua (INA) — reading by Prefectura Naval Argentina
Paraná at Rosario,2025-07-14,2.48,m,0,ina,Instituto Nacional del Agua (INA) — reading by Prefectura Naval Argentina
Paraná at Rosario,2025-07-15,2.41,m,0,ina,Instituto Nacional del Agua (INA) — reading by Prefectura Naval Argentina
Paraná at Rosario,2025-07-16,2.41,m,0,ina,Instituto Nacional del Agua (INA) — reading by Prefectura Naval Argentina
Paraná at Rosario,2025-07-17,2.31,m,0,ina,Instituto Nacional del Agua (INA) — reading by Prefectura Naval Argentina
Paraná at Rosario,2025-07-18,2.31,m,0,ina,Instituto Nacional del Agua (INA) — reading by Prefectura Naval Argentina
Paraná at Rosario,2025-07-19,2.31,m,0,ina,Instituto Nacional del Agua (INA) — reading by Prefectura Naval Argentina
Paraná at Rosario,2025-07-20,2.21,m,0,ina,Instituto Nacional del Agua (INA) — reading by Prefectura Naval Argentina
Paraná at Rosario,2025-07-21,2.06,m,0,ina,Instituto Nacional del Agua (INA) — reading by Prefectura Naval Argentina
Paraná at Rosario,2025-07-22,1.86,m,0,ina,Instituto Nacional del Agua (INA) — reading by Prefectura Naval Argentina
Paraná at Rosario,2025-07-23,1.86,m,0,ina,Instituto Nacional del Agua (INA) — reading by Prefectura Naval Argentina
Paraná at Rosario,2025-07-24,1.84,m,0,ina,Instituto Nacional del Agua (INA) — reading by Prefectura Naval Argentina
Paraná at Rosario,2025-07-25,1.86,m,0,ina,Instituto Nacional del Agua (INA) — reading by Prefectura Naval Argentina
Paraná at Rosario,2025-07-26,1.79,m,0,ina,Instituto Nacional del Agua (INA) — reading by Prefectura Naval Argentina
Paraná at Rosario,2025-07-27,1.68,m,0,ina,Instituto Nacional del Agua (INA) — reading by Prefectura Naval Argentina
Paraná at Rosario,2025-07-28,1.84,m,0,ina,Instituto Nacional del Agua (INA) — reading by Prefectura Naval Argentina
Paraná at Rosario,2025-07-29,1.92,m,0,ina,Instituto Nacional del Agua (INA) — reading by Prefectura Naval Argentina
Paraná at Rosario,2025-07-30,1.88,m,0,ina,Instituto Nacional del Agua (INA) — reading by Prefectura Naval Argentina
Paraná at Rosario,2025-07-31,1.72,m,0,ina,Instituto Nacional del Agua (INA) — reading by Prefectura Naval Argentina
Paraná at Rosario,2025-08-01,1.59,m,0,ina,Instituto Nacional del Agua (INA) — reading by Prefectura Naval Argentina
Paraná at Rosario,2025-08-02,1.53,m,0,ina,Instituto Nacional del Agua (INA) — reading by Prefectura Naval Argentina
Paraná at Rosario,2025-08-03,1.44,m,0,ina,Instituto Nacional del Agua (INA) — reading by Prefectura Naval Argentina
Paraná at Rosario,2025-08-04,1.44,m,0,ina,Instituto Nacional del Agua (INA) — reading by Prefectura Naval Argentina
Paraná at Rosario,2025-08-05,1.43,m,0,ina,Instituto Nacional del Agua (INA) — reading by Prefectura Naval Argentina
Paraná at Rosario,2025-08-06,1.45,m,0,ina,Instituto Nacional del Agua (INA) — reading by Prefectura Naval Argentina
Paraná at Rosario,2025-08-07,1.46,m,0,ina,Instituto Nacional del Agua (INA) — reading by Prefectura Naval Argentina
Paraná at Rosario,2025-08-08,1.4,m,0,ina,Instituto Nacional del Agua (INA) — reading by Prefectura Naval Argentina
Paraná at Rosario,2025-08-09,1.42,m,0,ina,Instituto Nacional del Agua (INA) — reading by Prefectura Naval Argentina
Paraná at Rosario,2025-08-10,1.5,m,0,ina,Instituto Nacional del Agua (INA) — reading by Prefectura Naval Argentina
Paraná at Rosario,2025-08-11,1.5,m,0,ina,Instituto Nacional del Agua (INA) — reading by Prefectura Naval Argentina
Paraná at Rosario,2025-08-12,1.44,m,0,ina,Instituto Nacional del Agua (INA) — reading by Prefectura Naval Argentina
Paraná at Rosario,2025-08-13,1.38,m,0,ina,Instituto Nacional del Agua (INA) — reading by Prefectura Naval Argentina
Paraná at Rosario,2025-08-14,1.35,m,0,ina,Instituto Nacional del Agua (INA) — reading by Prefectura Naval Argentina
Paraná at Rosario,2025-08-15,1.49,m,0,ina,Instituto Nacional del Agua (INA) — reading by Prefectura Naval Argentina
Paraná at Rosario,2025-08-16,1.59,m,0,ina,Instituto Nacional del Agua (INA) — reading by Prefectura Naval Argentina
Paraná at Rosario,2025-08-17,1.59,m,0,ina,Instituto Nacional del Agua (INA) — reading by Prefectura Naval Argentina
Paraná at Rosario,2025-08-18,1.51,m,0,ina,Instituto Nacional del Agua (INA) — reading by Prefectura Naval Argentina
Paraná at Rosario,2025-08-19,1.42,m,0,ina,Instituto Nacional del Agua (INA) — reading by Prefectura Naval Argentina
Paraná at Rosario,2025-08-20,1.41,m,0,ina,Instituto Nacional del Agua (INA) — reading by Prefectura Naval Argentina
Paraná at Rosario,2025-08-21,1.6,m,0,ina,Instituto Nacional del Agua (INA) — reading by Prefectura Naval Argentina
Paraná at Rosario,2025-08-22,1.8,m,0,ina,Instituto Nacional del Agua (INA) — reading by Prefectura Naval Argentina
Paraná at Rosario,2025-08-23,1.83,m,0,ina,Instituto Nacional del Agua (INA) — reading by Prefectura Naval Argentina
Paraná at Rosario,2025-08-24,1.71,m,0,ina,Instituto Nacional del Agua (INA) — reading by Prefectura Naval Argentina
Paraná at Rosario,2025-08-25,1.71,m,0,ina,Instituto Nacional del Agua (INA) — reading by Prefectura Naval Argentina
Paraná at Rosario,2025-08-26,1.58,m,0,ina,Instituto Nacional del Agua (INA) — reading by Prefectura Naval Argentina
Paraná at Rosario,2025-08-27,1.43,m,0,ina,Instituto Nacional del Agua (INA) — reading by Prefectura Naval Argentina
Paraná at Rosario,2025-08-28,1.43,m,0,ina,Instituto Nacional del Agua (INA) — reading by Prefectura Naval Argentina
Paraná at Rosario,2025-08-29,1.42,m,0,ina,Instituto Nacional del Agua (INA) — reading by Prefectura Naval Argentina
Paraná at Rosario,2025-08-30,1.37,m,0,ina,Instituto Nacional del Agua (INA) — reading by Prefectura Naval Argentina
Paraná at Rosario,2025-08-31,1.37,m,0,ina,Instituto Nacional del Agua (INA) — reading by Prefectura Naval Argentina
Paraná at Rosario,2025-09-01,1.45,m,0,ina,Instituto Nacional del Agua (INA) — reading by Prefectura Naval Argentina
Paraná at Rosario,2025-09-02,1.75,m,0,ina,Instituto Nacional del Agua (INA) — reading by Prefectura Naval Argentina
Paraná at Rosario,2025-09-03,1.86,m,0,ina,Instituto Nacional del Agua (INA) — reading by Prefectura Naval Argentina
Paraná at Rosario,2025-09-04,1.8,m,0,ina,Instituto Nacional del Agua (INA) — reading by Prefectura Naval Argentina
Paraná at Rosario,2025-09-05,1.74,m,0,ina,Instituto Nacional del Agua (INA) — reading by Prefectura Naval Argentina
Paraná at Rosario,2025-09-06,1.72,m,0,ina,Instituto Nacional del Agua (INA) — reading by Prefectura Naval Argentina
Paraná at Rosario,2025-09-07,1.58,m,0,ina,Instituto Nacional del Agua (INA) — reading by Prefectura Naval Argentina
Paraná at Rosario,2025-09-08,1.47,m,0,ina,Instituto Nacional del Agua (INA) — reading by Prefectura Naval Argentina
Paraná at Rosario,2025-09-09,1.47,m,0,ina,Instituto Nacional del Agua (INA) — reading by Prefectura Naval Argentina
Paraná at Rosario,2025-09-10,1.39,m,0,ina,Instituto Nacional del Agua (INA) — reading by Prefectura Naval Argentina
Paraná at Rosario,2025-09-11,1.38,m,0,ina,Instituto Nacional del Agua (INA) — reading by Prefectura Naval Argentina
Paraná at Rosario,2025-09-12,1.4,m,0,ina,Instituto Nacional del Agua (INA) — reading by Prefectura Naval Argentina
Paraná at Rosario,2025-09-13,1.38,m,0,ina,Instituto Nacional del Agua (INA) — reading by Prefectura Naval Argentina
Paraná at Rosario,2025-09-14,1.44,m,0,ina,Instituto Nacional del Agua (INA) — reading by Prefectura Naval Argentina
Paraná at Rosario,2025-09-15,1.4,m,0,ina,Instituto Nacional del Agua (INA) — reading by Prefectura Naval Argentina
Paraná at Rosario,2025-09-16,1.31,m,0,ina,Instituto Nacional del Agua (INA) — reading by Prefectura Naval Argentina
Paraná at Rosario,2025-09-17,1.32,m,0,ina,Instituto Nacional del Agua (INA) — reading by Prefectura Naval Argentina
Paraná at Rosario,2025-09-18,1.33,m,0,ina,Instituto Nacional del Agua (INA) — reading by Prefectura Naval Argentina
Paraná at Rosario,2025-09-19,1.33,m,0,ina,Instituto Nacional del Agua (INA) — reading by Prefectura Naval Argentina
Paraná at Rosario,2025-09-20,1.38,m,0,ina,Instituto Nacional del Agua (INA) — reading by Prefectura Naval Argentina
Paraná at Rosario,2025-09-21,1.43,m,0,ina,Instituto Nacional del Agua (INA) — reading by Prefectura Naval Argentina
Paraná at Rosario,2025-09-22,1.43,m,0,ina,Instituto Nacional del Agua (INA) — reading by Prefectura Naval Argentina
Paraná at Rosario,2025-09-23,1.34,m,0,ina,Instituto Nacional del Agua (INA) — reading by Prefectura Naval Argentina
Paraná at Rosario,2025-09-24,1.35,m,0,ina,Instituto Nacional del Agua (INA) — reading by Prefectura Naval Argentina
Paraná at Rosario,2025-09-25,1.44,m,0,ina,Instituto Nacional del Agua (INA) — reading by Prefectura Naval Argentina
Paraná at Rosario,2025-09-26,1.64,m,0,ina,Instituto Nacional del Agua (INA) — reading by Prefectura Naval Argentina
Paraná at Rosario,2025-09-27,1.62,m,0,ina,Instituto Nacional del Agua (INA) — reading by Prefectura Naval Argentina
Paraná at Rosario,2025-09-28,1.34,m,0,ina,Instituto Nacional del Agua (INA) — reading by Prefectura Naval Argentina
Paraná at Rosario,2025-09-29,1.34,m,0,ina,Instituto Nacional del Agua (INA) — reading by Prefectura Naval Argentina
Paraná at Rosario,2025-09-30,1.32,m,0,ina,Instituto Nacional del Agua (INA) — reading by Prefectura Naval Argentina
Paraná at Rosario,2025-10-01,1.31,m,0,ina,Instituto Nacional del Agua (INA) — reading by Prefectura Naval Argentina
Paraná at Rosario,2025-10-02,1.31,m,0,ina,Instituto Nacional del Agua (INA) — reading by Prefectura Naval Argentina
Paraná at Rosario,2025-10-03,1.35,m,0,ina,Instituto Nacional del Agua (INA) — reading by Prefectura Naval Argentina
Paraná at Rosario,2025-10-04,1.36,m,0,ina,Instituto Nacional del Agua (INA) — reading by Prefectura Naval Argentina
Paraná at Rosario,2025-10-05,1.36,m,0,ina,Instituto Nacional del Agua (INA) — reading by Prefectura Naval Argentina
Paraná at Rosario,2025-10-06,1.39,m,0,ina,Instituto Nacional del Agua (INA) — reading by Prefectura Naval Argentina
Paraná at Rosario,2025-10-07,1.45,m,0,ina,Instituto Nacional del Agua (INA) — reading by Prefectura Naval Argentina
Paraná at Rosario,2025-10-08,1.56,m,0,ina,Instituto Nacional del Agua (INA) — reading by Prefectura Naval Argentina
Paraná at Rosario,2025-10-09,1.49,m,0,ina,Instituto Nacional del Agua (INA) — reading by Prefectura Naval Argentina
Paraná at Rosario,2025-10-10,1.44,m,0,ina,Instituto Nacional del Agua (INA) — reading by Prefectura Naval Argentina
Paraná at Rosario,2025-10-11,1.48,m,0,ina,Instituto Nacional del Agua (INA) — reading by Prefectura Naval Argentina
Paraná at Rosario,2025-10-12,1.48,m,0,ina,Instituto Nacional del Agua (INA) — reading by Prefectura Naval Argentina
Paraná at Rosario,2025-10-13,1.46,m,0,ina,Instituto Nacional del Agua (INA) — reading by Prefectura Naval Argentina
Paraná at Rosario,2025-10-14,1.38,m,0,ina,Instituto Nacional del Agua (INA) — reading by Prefectura Naval Argentina
Paraná at Rosario,2025-10-15,1.4,m,0,ina,Instituto Nacional del Agua (INA) — reading by Prefectura Naval Argentina
Paraná at Rosario,2025-10-16,1.45,m,0,ina,Instituto Nacional del Agua (INA) — reading by Prefectura Naval Argentina
Paraná at Rosario,2025-10-17,1.41,m,0,ina,Instituto Nacional del Agua (INA) — reading by Prefectura Naval Argentina
Paraná at Rosario,2025-10-18,1.33,m,0,ina,Instituto Nacional del Agua (INA) — reading by Prefectura Naval Argentina
Paraná at Rosario,2025-10-19,1.33,m,0,ina,Instituto Nacional del Agua (INA) — reading by Prefectura Naval Argentina
Paraná at Rosario,2025-10-20,1.4,m,0,ina,Instituto Nacional del Agua (INA) — reading by Prefectura Naval Argentina
Paraná at Rosario,2025-10-21,1.42,m,0,ina,Instituto Nacional del Agua (INA) — reading by Prefectura Naval Argentina
Paraná at Rosario,2025-10-22,1.44,m,0,ina,Instituto Nacional del Agua (INA) — reading by Prefectura Naval Argentina
Paraná at Rosario,2025-10-23,1.55,m,0,ina,Instituto Nacional del Agua (INA) — reading by Prefectura Naval Argentina
Paraná at Rosario,2025-10-24,1.76,m,0,ina,Instituto Nacional del Agua (INA) — reading by Prefectura Naval Argentina
Paraná at Rosario,2025-10-25,1.98,m,0,ina,Instituto Nacional del Agua (INA) — reading by Prefectura Naval Argentina
Paraná at Rosario,2025-10-26,2.2,m,0,ina,Instituto Nacional del Agua (INA) — reading by Prefectura Naval Argentina
Paraná at Rosario,2025-10-27,2.2,m,0,ina,Instituto Nacional del Agua (INA) — reading by Prefectura Naval Argentina
Paraná at Rosario,2025-10-28,2.32,m,0,ina,Instituto Nacional del Agua (INA) — reading by Prefectura Naval Argentina
Paraná at Rosario,2025-10-29,2.4,m,0,ina,Instituto Nacional del Agua (INA) — reading by Prefectura Naval Argentina
Paraná at Rosario,2025-10-30,2.48,m,0,ina,Instituto Nacional del Agua (INA) — reading by Prefectura Naval Argentina
Paraná at Rosario,2025-10-31,2.48,m,0,ina,Instituto Nacional del Agua (INA) — reading by Prefectura Naval Argentina
Paraná at Rosario,2025-11-01,2.44,m,0,ina,Instituto Nacional del Agua (INA) — reading by Prefectura Naval Argentina
Paraná at Rosario,2025-11-02,2.36,m,0,ina,Instituto Nacional del Agua (INA) — reading by Prefectura Naval Argentina
Paraná at Rosario,2025-11-03,2.28,m,0,ina,Instituto Nacional del Agua (INA) — reading by Prefectura Naval Argentina
Paraná at Rosario,2025-11-04,2.25,m,0,ina,Instituto Nacional del Agua (INA) — reading by Prefectura Naval Argentina
Paraná at Rosario,2025-11-05,2.24,m,0,ina,Instituto Nacional del Agua (INA) — reading by Prefectura Naval Argentina
Paraná at Rosario,2025-11-06,2.24,m,0,ina,Instituto Nacional del Agua (INA) — reading by Prefectura Naval Argentina
Paraná at Rosario,2025-11-07,2.31,m,0,ina,Instituto Nacional del Agua (INA) — reading by Prefectura Naval Argentina
Paraná at Rosario,2025-11-08,2.3,m,0,ina,Instituto Nacional del Agua (INA) — reading by Prefectura Naval Argentina
Paraná at Rosario,2025-11-09,2.3,m,0,ina,Instituto Nacional del Agua (INA) — reading by Prefectura Naval Argentina
Paraná at Rosario,2025-11-10,2.3,m,0,ina,Instituto Nacional del Agua (INA) — reading by Prefectura Naval Argentina
Paraná at Rosario,2025-11-11,2.29,m,0,ina,Instituto Nacional del Agua (INA) — reading by Prefectura Naval Argentina
Paraná at Rosario,2025-11-12,2.3,m,0,ina,Instituto Nacional del Agua (INA) — reading by Prefectura Naval Argentina
Paraná at Rosario,2025-11-13,2.34,m,0,ina,Instituto Nacional del Agua (INA) — reading by Prefectura Naval Argentina
Paraná at Rosario,2025-11-14,2.34,m,0,ina,Instituto Nacional del Agua (INA) — reading by Prefectura Naval Argentina
Paraná at Rosario,2025-11-15,2.4,m,0,ina,Instituto Nacional del Agua (INA) — reading by Prefectura Naval Argentina
Paraná at Rosario,2025-11-16,2.41,m,0,ina,Instituto Nacional del Agua (INA) — reading by Prefectura Naval Argentina
Paraná at Rosario,2025-11-17,2.45,m,0,ina,Instituto Nacional del Agua (INA) — reading by Prefectura Naval Argentina
Paraná at Rosario,2025-11-18,2.45,m,0,ina,Instituto Nacional del Agua (INA) — reading by Prefectura Naval Argentina
Paraná at Rosario,2025-11-19,2.6,m,0,ina,Instituto Nacional del Agua (INA) — reading by Prefectura Naval Argentina
Paraná at Rosario,2025-11-20,2.53,m,0,ina,Instituto Nacional del Agua (INA) — reading by Prefectura Naval Argentina
Paraná at Rosario,2025-11-21,2.63,m,0,ina,Instituto Nacional del Agua (INA) — reading by Prefectura Naval Argentina
Paraná at Rosario,2025-11-22,2.61,m,0,ina,Instituto Nacional del Agua (INA) — reading by Prefectura Naval Argentina
Paraná at Rosario,2025-11-23,2.61,m,0,ina,Instituto Nacional del Agua (INA) — reading by Prefectura Naval Argentina
Paraná at Rosario,2025-11-24,2.59,m,0,ina,Instituto Nacional del Agua (INA) — reading by Prefectura Naval Argentina
Paraná at Rosario,2025-11-25,2.52,m,0,ina,Instituto Nacional del Agua (INA) — reading by Prefectura Naval Argentina
Paraná at Rosario,2025-11-26,2.43,m,0,ina,Instituto Nacional del Agua (INA) — reading by Prefectura Naval Argentina
Paraná at Rosario,2025-11-27,2.39,m,0,ina,Instituto Nacional del Agua (INA) — reading by Prefectura Naval Argentina
Paraná at Rosario,2025-11-28,2.39,m,0,ina,Instituto Nacional del Agua (INA) — reading by Prefectura Naval Argentina
Paraná at Rosario,2025-11-29,2.35,m,0,ina,Instituto Nacional del Agua (INA) — reading by Prefectura Naval Argentina
Paraná at Rosario,2025-11-30,2.53,m,0,ina,Instituto Nacional del Agua (INA) — reading by Prefectura Naval Argentina
Paraná at Rosario,2025-12-01,2.53,m,0,ina,Instituto Nacional del Agua (INA) — reading by Prefectura Naval Argentina
Paraná at Rosario,2025-12-02,2.52,m,0,ina,Instituto Nacional del Agua (INA) — reading by Prefectura Naval Argentina
Paraná at Rosario,2025-12-03,2.48,m,0,ina,Instituto Nacional del Agua (INA) — reading by Prefectura Naval Argentina
Paraná at Rosario,2025-12-04,2.42,m,0,ina,Instituto Nacional del Agua (INA) — reading by Prefectura Naval Argentina
Paraná at Rosario,2025-12-05,2.39,m,0,ina,Instituto Nacional del Agua (INA) — reading by Prefectura Naval Argentina
Paraná at Rosario,2025-12-06,2.38,m,0,ina,Instituto Nacional del Agua (INA) — reading by Prefectura Naval Argentina
Paraná at Rosario,2025-12-07,2.38,m,0,ina,Instituto Nacional del Agua (INA) — reading by Prefectura Naval Argentina
Paraná at Rosario,2025-12-08,2.4,m,0,ina,Instituto Nacional del Agua (INA) — reading by Prefectura Naval Argentina
Paraná at Rosario,2025-12-09,2.44,m,0,ina,Instituto Nacional del Agua (INA) — reading by Prefectura Naval Argentina
Paraná at Rosario,2025-12-10,2.42,m,0,ina,Instituto Nacional del Agua (INA) — reading by Prefectura Naval Argentina
Paraná at Rosario,2025-12-11,2.38,m,0,ina,Instituto Nacional del Agua (INA) — reading by Prefectura Naval Argentina
Paraná at Rosario,2025-12-12,2.37,m,0,ina,Instituto Nacional del Agua (INA) — reading by Prefectura Naval Argentina
Paraná at Rosario,2025-12-13,2.3,m,0,ina,Instituto Nacional del Agua (INA) — reading by Prefectura Naval Argentina
Paraná at Rosario,2025-12-14,2.27,m,0,ina,Instituto Nacional del Agua (INA) — reading by Prefectura Naval Argentina
Paraná at Rosario,2025-12-15,2.27,m,0,ina,Instituto Nacional del Agua (INA) — reading by Prefectura Naval Argentina
Paraná at Rosario,2025-12-16,2.29,m,0,ina,Instituto Nacional del Agua (INA) — reading by Prefectura Naval Argentina
Paraná at Rosario,2025-12-17,2.26,m,0,ina,Instituto Nacional del Agua (INA) — reading by Prefectura Naval Argentina
Paraná at Rosario,2025-12-18,2.3,m,0,ina,Instituto Nacional del Agua (INA) — reading by Prefectura Naval Argentina
Paraná at Rosario,2025-12-19,2.34,m,0,ina,Instituto Nacional del Agua (INA) — reading by Prefectura Naval Argentina
Paraná at Rosario,2025-12-20,2.3,m,0,ina,Instituto Nacional del Agua (INA) — reading by Prefectura Naval Argentina
Paraná at Rosario,2025-12-21,2.42,m,0,ina,Instituto Nacional del Agua (INA) — reading by Prefectura Naval Argentina
Paraná at Rosario,2025-12-22,2.42,m,0,ina,Instituto Nacional del Agua (INA) — reading by Prefectura Naval Argentina
Paraná at Rosario,2025-12-23,2.44,m,0,ina,Instituto Nacional del Agua (INA) — reading by Prefectura Naval Argentina
Paraná at Rosario,2025-12-24,2.46,m,0,ina,Instituto Nacional del Agua (INA) — reading by Prefectura Naval Argentina
Paraná at Rosario,2025-12-25,2.46,m,0,ina,Instituto Nacional del Agua (INA) — reading by Prefectura Naval Argentina
Paraná at Rosario,2025-12-26,2.46,m,0,ina,Instituto Nacional del Agua (INA) — reading by Prefectura Naval Argentina
Paraná at Rosario,2025-12-27,2.59,m,0,ina,Instituto Nacional del Agua (INA) — reading by Prefectura Naval Argentina
Paraná at Rosario,2025-12-28,2.59,m,0,ina,Instituto Nacional del Agua (INA) — reading by Prefectura Naval Argentina
Paraná at Rosario,2025-12-29,2.6,m,0,ina,Instituto Nacional del Agua (INA) — reading by Prefectura Naval Argentina
Paraná at Rosario,2025-12-30,2.68,m,0,ina,Instituto Nacional del Agua (INA) — reading by Prefectura Naval Argentina
Paraná at Rosario,2025-12-31,2.67,m,0,ina,Instituto Nacional del Agua (INA) — reading by Prefectura Naval Argentina
Paraná at Rosario,2026-01-01,2.7,m,0,ina,Instituto Nacional del Agua (INA) — reading by Prefectura Naval Argentina
Paraná at Rosario,2026-01-02,2.7,m,0,ina,Instituto Nacional del Agua (INA) — reading by Prefectura Naval Argentina
Paraná at Rosario,2026-01-03,2.84,m,0,ina,Instituto Nacional del Agua (INA) — reading by Prefectura Naval Argentina
Paraná at Rosario,2026-01-04,2.84,m,0,ina,Instituto Nacional del Agua (INA) — reading by Prefectura Naval Argentina
Paraná at Rosario,2026-01-05,2.84,m,0,ina,Instituto Nacional del Agua (INA) — reading by Prefectura Naval Argentina
Paraná at Rosario,2026-01-06,2.91,m,0,ina,Instituto Nacional del Agua (INA) — reading by Prefectura Naval Argentina
Paraná at Rosario,2026-01-07,2.87,m,0,ina,Instituto Nacional del Agua (INA) — reading by Prefectura Naval Argentina
Paraná at Rosario,2026-01-08,2.81,m,0,ina,Instituto Nacional del Agua (INA) — reading by Prefectura Naval Argentina
Paraná at Rosario,2026-01-09,2.81,m,0,ina,Instituto Nacional del Agua (INA) — reading by Prefectura Naval Argentina
Paraná at Rosario,2026-01-10,2.89,m,0,ina,Instituto Nacional del Agua (INA) — reading by Prefectura Naval Argentina
Paraná at Rosario,2026-01-11,2.89,m,0,ina,Instituto Nacional del Agua (INA) — reading by Prefectura Naval Argentina
Paraná at Rosario,2026-01-12,2.85,m,0,ina,Instituto Nacional del Agua (INA) — reading by Prefectura Naval Argentina
Paraná at Rosario,2026-01-13,2.85,m,0,ina,Instituto Nacional del Agua (INA) — reading by Prefectura Naval Argentina
Paraná at Rosario,2026-01-14,2.8,m,0,ina,Instituto Nacional del Agua (INA) — reading by Prefectura Naval Argentina
Paraná at Rosario,2026-01-15,2.78,m,0,ina,Instituto Nacional del Agua (INA) — reading by Prefectura Naval Argentina
Paraná at Rosario,2026-01-16,2.77,m,0,ina,Instituto Nacional del Agua (INA) — reading by Prefectura Naval Argentina
Paraná at Rosario,2026-01-17,2.75,m,0,ina,Instituto Nacional del Agua (INA) — reading by Prefectura Naval Argentina
Paraná at Rosario,2026-01-18,2.77,m,0,ina,Instituto Nacional del Agua (INA) — reading by Prefectura Naval Argentina
Paraná at Rosario,2026-01-19,2.77,m,0,ina,Instituto Nacional del Agua (INA) — reading by Prefectura Naval Argentina
Paraná at Rosario,2026-01-20,2.83,m,0,ina,Instituto Nacional del Agua (INA) — reading by Prefectura Naval Argentina
Paraná at Rosario,2026-01-21,2.85,m,0,ina,Instituto Nacional del Agua (INA) — reading by Prefectura Naval Argentina
Paraná at Rosario,2026-01-22,2.79,m,0,ina,Instituto Nacional del Agua (INA) — reading by Prefectura Naval Argentina
Paraná at Rosario,2026-01-23,2.69,m,0,ina,Instituto Nacional del Agua (INA) — reading by Prefectura Naval Argentina
Paraná at Rosario,2026-01-24,2.66,m,0,ina,Instituto Nacional del Agua (INA) — reading by Prefectura Naval Argentina
Paraná at Rosario,2026-01-25,2.66,m,0,ina,Instituto Nacional del Agua (INA) — reading by Prefectura Naval Argentina
Paraná at Rosario,2026-01-26,2.64,m,0,ina,Instituto Nacional del Agua (INA) — reading by Prefectura Naval Argentina
Paraná at Rosario,2026-01-27,2.58,m,0,ina,Instituto Nacional del Agua (INA) — reading by Prefectura Naval Argentina
Paraná at Rosario,2026-01-28,2.51,m,0,ina,Instituto Nacional del Agua (INA) — reading by Prefectura Naval Argentina
Paraná at Rosario,2026-01-29,2.55,m,0,ina,Instituto Nacional del Agua (INA) — reading by Prefectura Naval Argentina
Paraná at Rosario,2026-01-30,2.51,m,0,ina,Instituto Nacional del Agua (INA) — reading by Prefectura Naval Argentina
Paraná at Rosario,2026-01-31,2.44,m,0,ina,Instituto Nacional del Agua (INA) — reading by Prefectura Naval Argentina
Paraná at Rosario,2026-02-01,2.42,m,0,ina,Instituto Nacional del Agua (INA) — reading by Prefectura Naval Argentina
Paraná at Rosario,2026-02-02,2.32,m,0,ina,Instituto Nacional del Agua (INA) — reading by Prefectura Naval Argentina
Paraná at Rosario,2026-02-03,2.2,m,0,ina,Instituto Nacional del Agua (INA) — reading by Prefectura Naval Argentina
Paraná at Rosario,2026-02-04,2.11,m,0,ina,Instituto Nacional del Agua (INA) — reading by Prefectura Naval Argentina
Paraná at Rosario,2026-02-05,2.04,m,0,ina,Instituto Nacional del Agua (INA) — reading by Prefectura Naval Argentina
Paraná at Rosario,2026-02-06,2.01,m,0,ina,Instituto Nacional del Agua (INA) — reading by Prefectura Naval Argentina
Paraná at Rosario,2026-02-07,1.96,m,0,ina,Instituto Nacional del Agua (INA) — reading by Prefectura Naval Argentina
Paraná at Rosario,2026-02-08,1.97,m,0,ina,Instituto Nacional del Agua (INA) — reading by Prefectura Naval Argentina
Paraná at Rosario,2026-02-09,1.87,m,0,ina,Instituto Nacional del Agua (INA) — reading by Prefectura Naval Argentina
Paraná at Rosario,2026-02-10,1.79,m,0,ina,Instituto Nacional del Agua (INA) — reading by Prefectura Naval Argentina
Paraná at Rosario,2026-02-11,1.96,m,0,ina,Instituto Nacional del Agua (INA) — reading by Prefectura Naval Argentina
Paraná at Rosario,2026-02-12,1.57,m,0,ina,Instituto Nacional del Agua (INA) — reading by Prefectura Naval Argentina
Paraná at Rosario,2026-02-13,1.52,m,0,ina,Instituto Nacional del Agua (INA) — reading by Prefectura Naval Argentina
Paraná at Rosario,2026-02-14,1.68,m,0,ina,Instituto Nacional del Agua (INA) — reading by Prefectura Naval Argentina
Paraná at Rosario,2026-02-15,1.82,m,0,ina,Instituto Nacional del Agua (INA) — reading by Prefectura Naval Argentina
Paraná at Rosario,2026-02-16,1.71,m,0,ina,Instituto Nacional del Agua (INA) — reading by Prefectura Naval Argentina
Paraná at Rosario,2026-02-17,1.72,m,0,ina,Instituto Nacional del Agua (INA) — reading by Prefectura Naval Argentina
Paraná at Rosario,2026-02-18,1.72,m,0,ina,Instituto Nacional del Agua (INA) — reading by Prefectura Naval Argentina
Paraná at Rosario,2026-02-19,1.72,m,0,ina,Instituto Nacional del Agua (INA) — reading by Prefectura Naval Argentina
Paraná at Rosario,2026-02-20,1.78,m,0,ina,Instituto Nacional del Agua (INA) — reading by Prefectura Naval Argentina
Paraná at Rosario,2026-02-21,2.02,m,0,ina,Instituto Nacional del Agua (INA) — reading by Prefectura Naval Argentina
Paraná at Rosario,2026-02-22,2.05,m,0,ina,Instituto Nacional del Agua (INA) — reading by Prefectura Naval Argentina
Paraná at Rosario,2026-02-23,2.05,m,0,ina,Instituto Nacional del Agua (INA) — reading by Prefectura Naval Argentina
Paraná at Rosario,2026-02-24,1.94,m,0,ina,Instituto Nacional del Agua (INA) — reading by Prefectura Naval Argentina
Paraná at Rosario,2026-02-25,1.82,m,0,ina,Instituto Nacional del Agua (INA) — reading by Prefectura Naval Argentina
Paraná at Rosario,2026-02-26,1.69,m,0,ina,Instituto Nacional del Agua (INA) — reading by Prefectura Naval Argentina
Paraná at Rosario,2026-02-27,1.82,m,0,ina,Instituto Nacional del Agua (INA) — reading by Prefectura Naval Argentina
Paraná at Rosario,2026-02-28,1.78,m,0,ina,Instituto Nacional del Agua (INA) — reading by Prefectura Naval Argentina
Paraná at Rosario,2026-03-01,1.56,m,0,ina,Instituto Nacional del Agua (INA) — reading by Prefectura Naval Argentina
Paraná at Rosario,2026-03-02,1.56,m,0,ina,Instituto Nacional del Agua (INA) — reading by Prefectura Naval Argentina
Paraná at Rosario,2026-03-03,1.47,m,0,ina,Instituto Nacional del Agua (INA) — reading by Prefectura Naval Argentina
Paraná at Rosario,2026-03-04,1.42,m,0,ina,Instituto Nacional del Agua (INA) — reading by Prefectura Naval Argentina
Paraná at Rosario,2026-03-05,1.36,m,0,ina,Instituto Nacional del Agua (INA) — reading by Prefectura Naval Argentina
Paraná at Rosario,2026-03-06,1.41,m,0,ina,Instituto Nacional del Agua (INA) — reading by Prefectura Naval Argentina
Paraná at Rosario,2026-03-07,1.59,m,0,ina,Instituto Nacional del Agua (INA) — reading by Prefectura Naval Argentina
Paraná at Rosario,2026-03-08,1.67,m,0,ina,Instituto Nacional del Agua (INA) — reading by Prefectura Naval Argentina
Paraná at Rosario,2026-03-09,1.68,m,0,ina,Instituto Nacional del Agua (INA) — reading by Prefectura Naval Argentina
Paraná at Rosario,2026-03-10,1.61,m,0,ina,Instituto Nacional del Agua (INA) — reading by Prefectura Naval Argentina
Paraná at Rosario,2026-03-11,1.53,m,0,ina,Instituto Nacional del Agua (INA) — reading by Prefectura Naval Argentina
Paraná at Rosario,2026-03-12,1.41,m,0,ina,Instituto Nacional del Agua (INA) — reading by Prefectura Naval Argentina
Paraná at Rosario,2026-03-13,1.34,m,0,ina,Instituto Nacional del Agua (INA) — reading by Prefectura Naval Argentina
Paraná at Rosario,2026-03-14,1.34,m,0,ina,Instituto Nacional del Agua (INA) — reading by Prefectura Naval Argentina
Paraná at Rosario,2026-03-15,1.24,m,0,ina,Instituto Nacional del Agua (INA) — reading by Prefectura Naval Argentina
Paraná at Rosario,2026-03-16,1.24,m,0,ina,Instituto Nacional del Agua (INA) — reading by Prefectura Naval Argentina
Paraná at Rosario,2026-03-17,1.08,m,0,ina,Instituto Nacional del Agua (INA) — reading by Prefectura Naval Argentina
Paraná at Rosario,2026-03-18,1.08,m,0,ina,Instituto Nacional del Agua (INA) — reading by Prefectura Naval Argentina
Paraná at Rosario,2026-03-19,1.11,m,0,ina,Instituto Nacional del Agua (INA) — reading by Prefectura Naval Argentina
Paraná at Rosario,2026-03-20,1.27,m,0,ina,Instituto Nacional del Agua (INA) — reading by Prefectura Naval Argentina
Paraná at Rosario,2026-03-21,1.35,m,0,ina,Instituto Nacional del Agua (INA) — reading by Prefectura Naval Argentina
Paraná at Rosario,2026-03-22,1.35,m,0,ina,Instituto Nacional del Agua (INA) — reading by Prefectura Naval Argentina
Paraná at Rosario,2026-03-23,1.43,m,0,ina,Instituto Nacional del Agua (INA) — reading by Prefectura Naval Argentina
Paraná at Rosario,2026-03-24,1.4,m,0,ina,Instituto Nacional del Agua (INA) — reading by Prefectura Naval Argentina
Paraná at Rosario,2026-03-25,1.4,m,0,ina,Instituto Nacional del Agua (INA) — reading by Prefectura Naval Argentina
Paraná at Rosario,2026-03-26,1.44,m,0,ina,Instituto Nacional del Agua (INA) — reading by Prefectura Naval Argentina
Paraná at Rosario,2026-03-27,1.44,m,0,ina,Instituto Nacional del Agua (INA) — reading by Prefectura Naval Argentina
Paraná at Rosario,2026-03-28,1.51,m,0,ina,Instituto Nacional del Agua (INA) — reading by Prefectura Naval Argentina
Paraná at Rosario,2026-03-29,1.6,m,0,ina,Instituto Nacional del Agua (INA) — reading by Prefectura Naval Argentina
Paraná at Rosario,2026-03-30,1.6,m,0,ina,Instituto Nacional del Agua (INA) — reading by Prefectura Naval Argentina
Paraná at Rosario,2026-03-31,1.6,m,0,ina,Instituto Nacional del Agua (INA) — reading by Prefectura Naval Argentina
Paraná at Rosario,2026-04-01,1.54,m,0,ina,Instituto Nacional del Agua (INA) — reading by Prefectura Naval Argentina
Paraná at Rosario,2026-04-02,1.48,m,0,ina,Instituto Nacional del Agua (INA) — reading by Prefectura Naval Argentina
Paraná at Rosario,2026-04-03,1.5,m,0,ina,Instituto Nacional del Agua (INA) — reading by Prefectura Naval Argentina
Paraná at Rosario,2026-04-04,1.5,m,0,ina,Instituto Nacional del Agua (INA) — reading by Prefectura Naval Argentina
Paraná at Rosario,2026-04-05,1.71,m,0,ina,Instituto Nacional del Agua (INA) — reading by Prefectura Naval Argentina
Paraná at Rosario,2026-04-06,2.04,m,0,ina,Instituto Nacional del Agua (INA) — reading by Prefectura Naval Argentina
Paraná at Rosario,2026-04-07,2.14,m,0,ina,Instituto Nacional del Agua (INA) — reading by Prefectura Naval Argentina
Paraná at Rosario,2026-04-08,2.21,m,0,ina,Instituto Nacional del Agua (INA) — reading by Prefectura Naval Argentina
Paraná at Rosario,2026-04-09,2.27,m,0,ina,Instituto Nacional del Agua (INA) — reading by Prefectura Naval Argentina
Paraná at Rosario,2026-04-10,2.34,m,0,ina,Instituto Nacional del Agua (INA) — reading by Prefectura Naval Argentina
Paraná at Rosario,2026-04-11,2.28,m,0,ina,Instituto Nacional del Agua (INA) — reading by Prefectura Naval Argentina
Paraná at Rosario,2026-04-12,2.03,m,0,ina,Instituto Nacional del Agua (INA) — reading by Prefectura Naval Argentina
Paraná at Rosario,2026-04-13,2.03,m,0,ina,Instituto Nacional del Agua (INA) — reading by Prefectura Naval Argentina
Paraná at Rosario,2026-04-14,1.91,m,0,ina,Instituto Nacional del Agua (INA) — reading by Prefectura Naval Argentina
Paraná at Rosario,2026-04-15,1.9,m,0,ina,Instituto Nacional del Agua (INA) — reading by Prefectura Naval Argentina
Paraná at Rosario,2026-04-16,1.81,m,0,ina,Instituto Nacional del Agua (INA) — reading by Prefectura Naval Argentina
Paraná at Rosario,2026-04-17,1.92,m,0,ina,Instituto Nacional del Agua (INA) — reading by Prefectura Naval Argentina
Paraná at Rosario,2026-04-18,2.24,m,0,ina,Instituto Nacional del Agua (INA) — reading by Prefectura Naval Argentina
Paraná at Rosario,2026-04-19,2.38,m,0,ina,Instituto Nacional del Agua (INA) — reading by Prefectura Naval Argentina
Paraná at Rosario,2026-04-20,2.38,m,0,ina,Instituto Nacional del Agua (INA) — reading by Prefectura Naval Argentina
Paraná at Rosario,2026-04-21,2.39,m,0,ina,Instituto Nacional del Agua (INA) — reading by Prefectura Naval Argentina
Paraná at Rosario,2026-04-22,2.5,m,0,ina,Instituto Nacional del Agua (INA) — reading by Prefectura Naval Argentina
Paraná at Rosario,2026-04-23,2.52,m,0,ina,Instituto Nacional del Agua (INA) — reading by Prefectura Naval Argentina
Paraná at Rosario,2026-04-24,2.46,m,0,ina,Instituto Nacional del Agua (INA) — reading by Prefectura Naval Argentina
Paraná at Rosario,2026-04-25,2.4,m,0,ina,Instituto Nacional del Agua (INA) — reading by Prefectura Naval Argentina
Paraná at Rosario,2026-04-26,2.4,m,0,ina,Instituto Nacional del Agua (INA) — reading by Prefectura Naval Argentina
Paraná at Rosario,2026-04-27,2.37,m,0,ina,Instituto Nacional del Agua (INA) — reading by Prefectura Naval Argentina
Paraná at Rosario,2026-04-28,2.27,m,0,ina,Instituto Nacional del Agua (INA) — reading by Prefectura Naval Argentina
Paraná at Rosario,2026-04-29,2.24,m,0,ina,Instituto Nacional del Agua (INA) — reading by Prefectura Naval Argentina
Paraná at Rosario,2026-04-30,2.23,m,0,ina,Instituto Nacional del Agua (INA) — reading by Prefectura Naval Argentina
Paraná at Rosario,2026-05-01,2.17,m,0,ina,Instituto Nacional del Agua (INA) — reading by Prefectura Naval Argentina
Paraná at Rosario,2026-05-02,2.21,m,0,ina,Instituto Nacional del Agua (INA) — reading by Prefectura Naval Argentina
Paraná at Rosario,2026-05-03,2.24,m,0,ina,Instituto Nacional del Agua (INA) — reading by Prefectura Naval Argentina
Paraná at Rosario,2026-05-04,2.24,m,0,ina,Instituto Nacional del Agua (INA) — reading by Prefectura Naval Argentina
Paraná at Rosario,2026-05-05,2.27,m,0,ina,Instituto Nacional del Agua (INA) — reading by Prefectura Naval Argentina
Paraná at Rosario,2026-05-06,2.19,m,0,ina,Instituto Nacional del Agua (INA) — reading by Prefectura Naval Argentina
Paraná at Rosario,2026-05-07,2.18,m,0,ina,Instituto Nacional del Agua (INA) — reading by Prefectura Naval Argentina
Paraná at Rosario,2026-05-08,2.24,m,0,ina,Instituto Nacional del Agua (INA) — reading by Prefectura Naval Argentina
Paraná at Rosario,2026-05-09,2.16,m,0,ina,Instituto Nacional del Agua (INA) — reading by Prefectura Naval Argentina
Paraná at Rosario,2026-05-10,2.1,m,0,ina,Instituto Nacional del Agua (INA) — reading by Prefectura Naval Argentina
Paraná at Rosario,2026-05-11,2.1,m,0,ina,Instituto Nacional del Agua (INA) — reading by Prefectura Naval Argentina
Paraná at Rosario,2026-05-12,2.21,m,0,ina,Instituto Nacional del Agua (INA) — reading by Prefectura Naval Argentina
Paraná at Rosario,2026-05-13,2.22,m,0,ina,Instituto Nacional del Agua (INA) — reading by Prefectura Naval Argentina
Paraná at Rosario,2026-05-14,2.21,m,0,ina,Instituto Nacional del Agua (INA) — reading by Prefectura Naval Argentina
Paraná at Rosario,2026-05-15,2.32,m,0,ina,Instituto Nacional del Agua (INA) — reading by Prefectura Naval Argentina
Paraná at Rosario,2026-05-16,2.35,m,0,ina,Instituto Nacional del Agua (INA) — reading by Prefectura Naval Argentina
Paraná at Rosario,2026-05-17,2.32,m,0,ina,Instituto Nacional del Agua (INA) — reading by Prefectura Naval Argentina
Paraná at Rosario,2026-05-18,2.26,m,0,ina,Instituto Nacional del Agua (INA) — reading by Prefectura Naval Argentina
Paraná at Rosario,2026-05-19,2.3,m,0,ina,Instituto Nacional del Agua (INA) — reading by Prefectura Naval Argentina
Paraná at Rosario,2026-05-20,2.26,m,0,ina,Instituto Nacional del Agua (INA) — reading by Prefectura Naval Argentina
Paraná at Rosario,2026-05-21,2.2,m,0,ina,Instituto Nacional del Agua (INA) — reading by Prefectura Naval Argentina
Paraná at Rosario,2026-05-22,2.21,m,0,ina,Instituto Nacional del Agua (INA) — reading by Prefectura Naval Argentina
Paraná at Rosario,2026-05-23,2.19,m,0,ina,Instituto Nacional del Agua (INA) — reading by Prefectura Naval Argentina
Paraná at Rosario,2026-05-24,2.19,m,0,ina,Instituto Nacional del Agua (INA) — reading by Prefectura Naval Argentina
Paraná at Rosario,2026-05-25,2.19,m,0,ina,Instituto Nacional del Agua (INA) — reading by Prefectura Naval Argentina
Paraná at Rosario,2026-05-26,2.06,m,0,ina,Instituto Nacional del Agua (INA) — reading by Prefectura Naval Argentina
Paraná at Rosario,2026-05-27,2.0,m,0,ina,Instituto Nacional del Agua (INA) — reading by Prefectura Naval Argentina
Paraná at Rosario,2026-05-28,1.99,m,0,ina,Instituto Nacional del Agua (INA) — reading by Prefectura Naval Argentina
Paraná at Rosario,2026-05-29,2.02,m,0,ina,Instituto Nacional del Agua (INA) — reading by Prefectura Naval Argentina
Paraná at Rosario,2026-05-30,2.05,m,0,ina,Instituto Nacional del Agua (INA) — reading by Prefectura Naval Argentina
Paraná at Rosario,2026-05-31,2.0,m,0,ina,Instituto Nacional del Agua (INA) — reading by Prefectura Naval Argentina
Paraná at Rosario,2026-06-01,2.0,m,0,ina,Instituto Nacional del Agua (INA) — reading by Prefectura Naval Argentina
Paraná at Rosario,2026-06-02,1.96,m,0,ina,Instituto Nacional del Agua (INA) — reading by Prefectura Naval Argentina
Paraná at Rosario,2026-06-03,1.99,m,0,ina,Instituto Nacional del Agua (INA) — reading by Prefectura Naval Argentina
Paraná at Rosario,2026-06-04,1.97,m,0,ina,Instituto Nacional del Agua (INA) — reading by Prefectura Naval Argentina
Paraná at Rosario,2026-06-05,1.93,m,0,ina,Instituto Nacional del Agua (INA) — reading by Prefectura Naval Argentina
Paraná at Rosario,2026-06-06,1.9,m,0,ina,Instituto Nacional del Agua (INA) — reading by Prefectura Naval Argentina
Paraná at Rosario,2026-06-07,1.87,m,0,ina,Instituto Nacional del Agua (INA) — reading by Prefectura Naval Argentina
Paraná at Rosario,2026-06-08,1.9,m,0,ina,Instituto Nacional del Agua (INA) — reading by Prefectura Naval Argentina
Paraná at Rosario,2026-06-09,1.97,m,0,ina,Instituto Nacional del Agua (INA) — reading by Prefectura Naval Argentina
Paraná at Rosario,2026-06-10,1.92,m,0,ina,Instituto Nacional del Agua (INA) — reading by Prefectura Naval Argentina
Paraná at Rosario,2026-06-11,1.9,m,0,ina,Instituto Nacional del Agua (INA) — reading by Prefectura Naval Argentina
Paraná at Rosario,2026-06-12,1.84,m,0,ina,Instituto Nacional del Agua (INA) — reading by Prefectura Naval Argentina
Paraná at Rosario,2026-06-13,1.83,m,0,ina,Instituto Nacional del Agua (INA) — reading by Prefectura Naval Argentina
Paraná at Rosario,2026-06-14,1.83,m,0,ina,Instituto Nacional del Agua (INA) — reading by Prefectura Naval Argentina
Paraná at Rosario,2026-06-15,1.8,m,0,ina,Instituto Nacional del Agua (INA) — reading by Prefectura Naval Argentina
Paraná at Rosario,2026-06-16,1.9,m,0,ina,Instituto Nacional del Agua (INA) — reading by Prefectura Naval Argentina
Paraná at Rosario,2026-06-17,1.79,m,0,ina,Instituto Nacional del Agua (INA) — reading by Prefectura Naval Argentina
Paraná at Rosario,2026-06-18,1.71,m,0,ina,Instituto Nacional del Agua (INA) — reading by Prefectura Naval Argentina
Paraná at Rosario,2026-06-19,1.81,m,0,ina,Instituto Nacional del Agua (INA) — reading by Prefectura Naval Argentina
Paraná at Rosario,2026-06-20,1.89,m,0,ina,Instituto Nacional del Agua (INA) — reading by Prefectura Naval Argentina
Paraná at Rosario,2026-06-21,1.88,m,0,ina,Instituto Nacional del Agua (INA) — reading by Prefectura Naval Argentina
Paraná at Rosario,2026-06-22,1.96,m,0,ina,Instituto Nacional del Agua (INA) — reading by Prefectura Naval Argentina
Paraná at Rosario,2026-06-23,1.93,m,0,ina,Instituto Nacional del Agua (INA) — reading by Prefectura Naval Argentina
Paraná at Rosario,2026-06-24,1.91,m,0,ina,Instituto Nacional del Agua (INA) — reading by Prefectura Naval Argentina
Paraná at Rosario,2026-06-25,1.93,m,0,ina,Instituto Nacional del Agua (INA) — reading by Prefectura Naval Argentina
Paraná at Rosario,2026-06-26,1.98,m,0,ina,Instituto Nacional del Agua (INA) — reading by Prefectura Naval Argentina
Paraná at Rosario,2026-06-27,1.99,m,0,ina,Instituto Nacional del Agua (INA) — reading by Prefectura Naval Argentina
Paraná at Rosario,2026-06-28,1.99,m,0,ina,Instituto Nacional del Agua (INA) — reading by Prefectura Naval Argentina
Paraná at Rosario,2026-06-29,1.99,m,0,ina,Instituto Nacional del Agua (INA) — reading by Prefectura Naval Argentina
Paraná at Rosario,2026-06-30,2.01,m,0,ina,Instituto Nacional del Agua (INA) — reading by Prefectura Naval Argentina
Paraná at Rosario,2026-07-01,2.06,m,0,ina,Instituto Nacional del Agua (INA) — reading by Prefectura Naval Argentina
Paraná at Rosario,2026-07-02,2.06,m,0,ina,Instituto Nacional del Agua (INA) — reading by Prefectura Naval Argentina
Paraná at Rosario,2026-07-03,2.09,m,0,ina,Instituto Nacional del Agua (INA) — reading by Prefectura Naval Argentina
Paraná at Rosario,2026-07-04,2.27,m,0,ina,Instituto Nacional del Agua (INA) — reading by Prefectura Naval Argentina
Paraná at Rosario,2026-07-05,2.27,m,0,ina,Instituto Nacional del Agua (INA) — reading by Prefectura Naval Argentina
Paraná at Rosario,2026-07-06,2.27,m,0,ina,Instituto Nacional del Agua (INA) — reading by Prefectura Naval Argentina
Paraná at Rosario,2026-07-07,2.27,m,0,ina,Instituto Nacional del Agua (INA) — reading by Prefectura Naval Argentina
Paraná at Rosario,2026-07-08,2.31,m,0,ina,Instituto Nacional del Agua (INA) — reading by Prefectura Naval Argentina
Paraná at Rosario,2026-07-09,2.38,m,0,ina,Instituto Nacional del Agua (INA) — reading by Prefectura Naval Argentina
Paraná at Rosario,2026-07-10,2.44,m,0,ina,Instituto Nacional del Agua (INA) — reading by Prefectura Naval Argentina
Paraná at Rosario,2026-07-11,2.52,m,0,ina,Instituto Nacional del Agua (INA) — reading by Prefectura Naval Argentina
Paraná at Rosario,2026-07-12,2.67,m,0,ina,Instituto Nacional del Agua (INA) — reading by Prefectura Naval Argentina
Paraná at Rosario,2026-07-13,2.67,m,0,ina,Instituto Nacional del Agua (INA) — reading by Prefectura Naval Argentina
Paraná at Rosario,2026-07-14,2.75,m,0,ina,Instituto Nacional del Agua (INA) — reading by Prefectura Naval Argentina
Paraná at Rosario,2026-07-15,2.79,m,0,ina,Instituto Nacional del Agua (INA) — reading by Prefectura Naval Argentina
Paraná at Rosario,2026-07-16,2.78,m,0,ina,Instituto Nacional del Agua (INA) — reading by Prefectura Naval Argentina
Paraná at Rosario,2026-07-17,2.79,m,0,ina,Instituto Nacional del Agua (INA) — reading by Prefectura Naval Argentina
Paraná at Rosario,2026-07-18,2.82,m,0,ina,Instituto Nacional del Agua (INA) — reading by Prefectura Naval Argentina
Paraná at Rosario,2026-07-19,2.81,m,0,ina,Instituto Nacional del Agua (INA) — reading by Prefectura Naval Argentina
Paraná at Rosario,2026-07-20,2.81,m,0,ina,Instituto Nacional del Agua (INA) — reading by Prefectura Naval Argentina
Paraná at Rosario,2026-07-21,2.89,m,0,ina,Instituto Nacional del Agua (INA) — reading by Prefectura Naval Argentina
Paraná at Rosario,2026-07-22,2.9,m,0,ina,Instituto Nacional del Agua (INA) — reading by Prefectura Naval Argentina
Paraná at Rosario,2026-07-23,2.88,m,0,ina,Instituto Nacional del Agua (INA) — reading by Prefectura Naval Argentina
Paraná at Rosario,2026-07-24,2.88,m,0,ina,Instituto Nacional del Agua (INA) — reading by Prefectura Naval Argentina
Paraná at Rosario,2026-07-25,2.85,m,0,ina,Instituto Nacional del Agua (INA) — reading by Prefectura Naval Argentina
Paraná at Rosario,2026-07-26,2.76,m,0,ina,Instituto Nacional del Agua (INA) — reading by Prefectura Naval Argentina
Paraná at Rosario,2026-07-27,2.73,m,0,ina,Instituto Nacional del Agua (INA) — reading by Prefectura Naval Argentina
Paraná at Rosario,2026-07-28,2.71,m,0,ina,Instituto Nacional del Agua (INA) — reading by Prefectura Naval Argentina
Paraná at Rosario,2026-07-29,2.71,m,0,ina,Instituto Nacional del Agua (INA) — reading by Prefectura Naval Argentina
Paraná at Rosario,2026-07-30,2.72,m,0,ina,Instituto Nacional del Agua (INA) — reading by Prefectura Naval Argentina
Paraná at Rosario,2026-07-31,2.78,m,0,ina,Instituto Nacional del Agua (INA) — reading by Prefectura Naval Argentina
Paraná at Rosario,2026-08-01,2.81,m,0,ina,Instituto Nacional del Agua (INA) — reading by Prefectura Naval Argentina
Paraná at Rosario,2026-08-02,2.87,m,0,ina,Instituto Nacional del Agua (INA) — reading by Prefectura Naval Argentina
Paraná at Rosario,2026-08-03,2.89,m,0,ina,Instituto Nacional del Agua (INA) — reading by Prefectura Naval Argentina
Paraná at Rosario,2026-08-04,2.97,m,0,ina,Instituto Nacional del Agua (INA) — reading by Prefectura Naval Argentina
Paraná at Rosario,2026-08-05,2.96,m,0,ina,Instituto Nacional del Agua (INA) — reading by Prefectura Naval Argentina
Paraná at Rosario,2026-08-06,3.0,m,0,ina,Instituto Nacional del Agua (INA) — reading by Prefectura Naval Argentina
Paraná at Rosario,2026-08-07,3.01,m,0,ina,Instituto Nacional del Agua (INA) — reading by Prefectura Naval Argentina
Paraná at Rosario,2026-08-08,3.0,m,0,ina,Instituto Nacional del Agua (INA) — reading by Prefectura Naval Argentina
Paraná at Rosario,2026-08-09,3.01,m,0,ina,Instituto Nacional del Agua (INA) — reading by Prefectura Naval Argentina
Paraná at Rosario,2026-08-10,3.01,m,0,ina,Instituto Nacional del Agua (INA) — reading by Prefectura Naval Argentina
Paraná at Rosario,2026-08-11,2.99,m,0,ina,Instituto Nacional del Agua (INA) — reading by Prefectura Naval Argentina
Paraná at Rosario,2026-08-12,3.03,m,0,ina,Instituto Nacional del Agua (INA) — reading by Prefectura Naval Argentina
Paraná at Rosario,2026-08-13,3.02,m,0,ina,Instituto Nacional del Agua (INA) — reading by Prefectura Naval Argentina
Paraná at Rosario,2026-08-14,3.0,m,0,ina,Instituto Nacional del Agua (INA) — reading by Prefectura Naval Argentina
Paraná at Rosario,2026-08-15,3.0,m,0,ina,Instituto Nacional del Agua (INA) — reading by Prefectura Naval Argentina
Paraná at Rosario,2026-08-16,2.97,m,0,ina,Instituto Nacional del Agua (INA) — reading by Prefectura Naval Argentina
Paraná at Rosario,2026-08-17,2.93,m,0,ina,Instituto Nacional del Agua (INA) — reading by Prefectura Naval Argentina
Paraná at Rosario,2026-08-18,2.93,m,0,ina,Instituto Nacional del Agua (INA) — reading by Prefectura Naval Argentina
Paraná at Rosario,2026-08-19,2.91,m,0,ina,Instituto Nacional del Agua (INA) — reading by Prefectura Naval Argentina
Paraná at Rosario,2026-08-20,2.97,m,0,ina,Instituto Nacional del Agua (INA) — reading by Prefectura Naval Argentina
Paraná at Rosario,2026-08-21,2.97,m,0,ina,Instituto Nacional del Agua (INA) — reading by Prefectura Naval Argentina
Paraná at Rosario,2026-08-22,2.97,m,0,ina,Instituto Nacional del Agua (INA) — reading by Prefectura Naval Argentina
Paraná at Rosario,2026-08-23,2.97,m,0,ina,Instituto Nacional del Agua (INA) — reading by Prefectura Naval Argentina
Paraná at Rosario,2026-08-24,2.95,m,0,ina,Instituto Nacional del Agua (INA) — reading by Prefectura Naval Argentina
Paraná at Rosario,2026-08-25,2.93,m,0,ina,Instituto Nacional del Agua (INA) — reading by Prefectura Naval Argentina
Paraná at Rosario,2026-08-26,2.91,m,0,ina,Instituto Nacional del Agua (INA) — reading by Prefectura Naval Argentina
Paraná at Rosario,2026-08-27,2.87,m,0,ina,Instituto Nacional del Agua (INA) — reading by Prefectura Naval Argentina
Paraná at Rosario,2026-08-28,2.82,m,0,ina,Instituto Nacional del Agua (INA) — reading by Prefectura Naval Argentina
Paraná at Rosario,2026-08-29,2.77,m,0,ina,Instituto Nacional del Agua (INA) — reading by Prefectura Naval Argentina
Paraná at Rosario,2026-08-30,2.77,m,0,ina,Instituto Nacional del Agua (INA) — reading by Prefectura Naval Argentina
Paraná at Rosario,2026-08-31,2.74,m,0,ina,Instituto Nacional del Agua (INA) — reading by Prefectura Naval Argentina
Paraná at Rosario,2026-09-01,2.72,m,0,ina,Instituto Nacional del Agua (INA) — reading by Prefectura Naval Argentina
Paraná at Rosario,2026-09-02,2.66,m,0,ina,Instituto Nacional del Agua (INA) — reading by Prefectura Naval Argentina
