commodity,year,attribute,value,unit,reference_period
CORN,2023/24,Area Harvested,86.5,Million Acres,2025-08-15
CORN,2023/24,Area Harvested,86.5,Million Acres,2025-09-15
CORN,2023/24,Area Harvested,86.5,Million Acres,2025-11-15
CORN,2023/24,Area Harvested,86.5,Million Acres,2025-12-15
CORN,2023/24,Area Harvested,86.5,Million Acres,2026-01-15
CORN,2023/24,Area Harvested,86.5,Million Acres,2026-02-15
CORN,2023/24,Area Harvested,86.5,Million Acres,2026-03-15
CORN,2023/24,Area Harvested,86.5,Million Acres,2026-04-15
CORN,2023/24,Area Planted,94.6,Million Acres,2025-08-15
CORN,2023/24,Area Planted,94.6,Million Acres,2025-09-15
CORN,2023/24,Area Planted,94.6,Million Acres,2025-11-15
CORN,2023/24,Area Planted,94.6,Million Acres,2025-12-15
CORN,2023/24,Area Planted,94.6,Million Acres,2026-01-15
CORN,2023/24,Area Planted,94.6,Million Acres,2026-02-15
CORN,2023/24,Area Planted,94.6,Million Acres,2026-03-15
CORN,2023/24,Area Planted,94.6,Million Acres,2026-04-15
CORN,2023/24,Avg. Farm Price ($/bu),4.55,$/bu,2025-08-15
CORN,2023/24,Avg. Farm Price ($/bu),4.55,$/bu,2025-09-15
CORN,2023/24,Avg. Farm Price ($/bu),4.55,$/bu,2025-11-15
CORN,2023/24,Avg. Farm Price ($/bu),4.55,$/bu,2025-12-15
CORN,2023/24,Avg. Farm Price ($/bu),4.55,$/bu,2026-01-15
CORN,2023/24,Avg. Farm Price ($/bu),4.55,$/bu,2026-02-15
CORN,2023/24,Avg. Farm Price ($/bu),4.55,$/bu,2026-03-15
CORN,2023/24,Avg. Farm Price ($/bu),4.55,$/bu,2026-04-15
CORN,2023/24,Beginning Stocks,1360.0,Million Bushels,2025-08-15
CORN,2023/24,Beginning Stocks,1360.0,Million Bushels,2025-09-15
CORN,2023/24,Beginning Stocks,1360.0,Million Bushels,2025-11-15
CORN,2023/24,Beginning Stocks,1360.0,Million Bushels,2025-12-15
CORN,2023/24,Beginning Stocks,1360.0,Million Bushels,2026-01-15
CORN,2023/24,Beginning Stocks,1360.0,Million Bushels,2026-02-15
CORN,2023/24,Beginning Stocks,1360.0,Million Bushels,2026-03-15
CORN,2023/24,Beginning Stocks,1360.0,Million Bushels,2026-04-15
CORN,2023/24,"Domestic, Total",12711.0,Million Bushels,2025-08-15
CORN,2023/24,"Domestic, Total",12711.0,Million Bushels,2025-09-15
CORN,2023/24,"Domestic, Total",12711.0,Million Bushels,2025-11-15
CORN,2023/24,"Domestic, Total",12711.0,Million Bushels,2025-12-15
CORN,2023/24,"Domestic, Total",12711.0,Million Bushels,2026-01-15
CORN,2023/24,"Domestic, Total",12711.0,Million Bushels,2026-02-15
CORN,2023/24,"Domestic, Total",12711.0,Million Bushels,2026-03-15
CORN,2023/24,"Domestic, Total",12711.0,Million Bushels,2026-04-15
CORN,2023/24,Ending Stocks,1763.0,Million Bushels,2025-08-15
CORN,2023/24,Ending Stocks,1763.0,Million Bushels,2025-09-15
CORN,2023/24,Ending Stocks,1763.0,Million Bushels,2025-11-15
CORN,2023/24,Ending Stocks,1763.0,Million Bushels,2025-12-15
CORN,2023/24,Ending Stocks,1763.0,Million Bushels,2026-01-15
CORN,2023/24,Ending Stocks,1763.0,Million Bushels,2026-02-15
CORN,2023/24,Ending Stocks,1763.0,Million Bushels,2026-03-15
CORN,2023/24,Ending Stocks,1763.0,Million Bushels,2026-04-15
CORN,2023/24,Ethanol & by-products,5478.0,Million Bushels,2025-08-15
CORN,2023/24,Ethanol & by-products,5489.0,Million Bushels,2025-09-15
CORN,2023/24,Ethanol & by-products,5489.0,Million Bushels,2025-11-15
CORN,2023/24,Ethanol & by-products,5489.0,Million Bushels,2025-12-15
CORN,2023/24,Ethanol & by-products,5489.0,Million Bushels,2026-01-15
CORN,2023/24,Ethanol & by-products,5489.0,Million Bushels,2026-02-15
CORN,2023/24,Ethanol & by-products,5489.0,Million Bushels,2026-03-15
CORN,2023/24,Ethanol & by-products,5489.0,Million Bushels,2026-04-15
CORN,2023/24,Exports,2255.0,Million Bushels,2025-08-15
CORN,2023/24,Exports,2255.0,Million Bushels,2025-09-15
CORN,2023/24,Exports,2255.0,Million Bushels,2025-11-15
CORN,2023/24,Exports,2255.0,Million Bushels,2025-12-15
CORN,2023/24,Exports,2255.0,Million Bushels,2026-01-15
CORN,2023/24,Exports,2255.0,Million Bushels,2026-02-15
CORN,2023/24,Exports,2255.0,Million Bushels,2026-03-15
CORN,2023/24,Exports,2255.0,Million Bushels,2026-04-15
CORN,2023/24,Feed and Residual,5842.0,Million Bushels,2025-08-15
CORN,2023/24,Feed and Residual,5832.0,Million Bushels,2025-09-15
CORN,2023/24,Feed and Residual,5832.0,Million Bushels,2025-11-15
CORN,2023/24,Feed and Residual,5832.0,Million Bushels,2025-12-15
CORN,2023/24,Feed and Residual,5831.0,Million Bushels,2026-01-15
CORN,2023/24,Feed and Residual,5831.0,Million Bushels,2026-02-15
CORN,2023/24,Feed and Residual,5831.0,Million Bushels,2026-03-15
CORN,2023/24,Feed and Residual,5831.0,Million Bushels,2026-04-15
CORN,2023/24,"Food, Seed & Industrial",6869.0,Million Bushels,2025-08-15
CORN,2023/24,"Food, Seed & Industrial",6879.0,Million Bushels,2025-09-15
CORN,2023/24,"Food, Seed & Industrial",6879.0,Million Bushels,2025-11-15
CORN,2023/24,"Food, Seed & Industrial",6879.0,Million Bushels,2025-12-15
CORN,2023/24,"Food, Seed & Industrial",6880.0,Million Bushels,2026-01-15
CORN,2023/24,"Food, Seed & Industrial",6880.0,Million Bushels,2026-02-15
CORN,2023/24,"Food, Seed & Industrial",6880.0,Million Bushels,2026-03-15
CORN,2023/24,"Food, Seed & Industrial",6880.0,Million Bushels,2026-04-15
CORN,2023/24,Imports,28.0,Million Bushels,2025-08-15
CORN,2023/24,Imports,28.0,Million Bushels,2025-09-15
CORN,2023/24,Imports,28.0,Million Bushels,2025-11-15
CORN,2023/24,Imports,28.0,Million Bushels,2025-12-15
CORN,2023/24,Imports,28.0,Million Bushels,2026-01-15
CORN,2023/24,Imports,28.0,Million Bushels,2026-02-15
CORN,2023/24,Imports,28.0,Million Bushels,2026-03-15
CORN,2023/24,Imports,28.0,Million Bushels,2026-04-15
CORN,2023/24,Production,15341.0,Million Bushels,2025-08-15
CORN,2023/24,Production,15341.0,Million Bushels,2025-09-15
CORN,2023/24,Production,15341.0,Million Bushels,2025-11-15
CORN,2023/24,Production,15341.0,Million Bushels,2025-12-15
CORN,2023/24,Production,15341.0,Million Bushels,2026-01-15
CORN,2023/24,Production,15341.0,Million Bushels,2026-02-15
CORN,2023/24,Production,15341.0,Million Bushels,2026-03-15
CORN,2023/24,Production,15341.0,Million Bushels,2026-04-15
CORN,2023/24,"Supply, Total",16729.0,Million Bushels,2025-08-15
CORN,2023/24,"Supply, Total",16729.0,Million Bushels,2025-09-15
CORN,2023/24,"Supply, Total",16729.0,Million Bushels,2025-11-15
CORN,2023/24,"Supply, Total",16729.0,Million Bushels,2025-12-15
CORN,2023/24,"Supply, Total",16729.0,Million Bushels,2026-01-15
CORN,2023/24,"Supply, Total",16729.0,Million Bushels,2026-02-15
CORN,2023/24,"Supply, Total",16729.0,Million Bushels,2026-03-15
CORN,2023/24,"Supply, Total",16729.0,Million Bushels,2026-04-15
CORN,2023/24,"Use, Total",14966.0,Million Bushels,2025-08-15
CORN,2023/24,"Use, Total",14966.0,Million Bushels,2025-09-15
CORN,2023/24,"Use, Total",14966.0,Million Bushels,2025-11-15
CORN,2023/24,"Use, Total",14966.0,Million Bushels,2025-12-15
CORN,2023/24,"Use, Total",14966.0,Million Bushels,2026-01-15
CORN,2023/24,"Use, Total",14966.0,Million Bushels,2026-02-15
CORN,2023/24,"Use, Total",14966.0,Million Bushels,2026-03-15
CORN,2023/24,"Use, Total",14966.0,Million Bushels,2026-04-15
CORN,2023/24,Yield per Harvested Acre,177.3,Bushels,2025-08-15
CORN,2023/24,Yield per Harvested Acre,177.3,Bushels,2025-09-15
CORN,2023/24,Yield per Harvested Acre,177.3,Bushels,2025-11-15
CORN,2023/24,Yield per Harvested Acre,177.3,Bushels,2025-12-15
CORN,2023/24,Yield per Harvested Acre,177.3,Bushels,2026-01-15
CORN,2023/24,Yield per Harvested Acre,177.3,Bushels,2026-02-15
CORN,2023/24,Yield per Harvested Acre,177.3,Bushels,2026-03-15
CORN,2023/24,Yield per Harvested Acre,177.3,Bushels,2026-04-15
CORN,2024/25,Area Harvested,82.9,Million Acres,2025-08-15
CORN,2024/25,Area Harvested,82.9,Million Acres,2025-09-15
CORN,2024/25,Area Harvested,83.0,Million Acres,2025-11-15
CORN,2024/25,Area Harvested,83.0,Million Acres,2025-12-15
CORN,2024/25,Area Harvested,83.0,Million Acres,2026-01-15
CORN,2024/25,Area Harvested,83.0,Million Acres,2026-02-15
CORN,2024/25,Area Harvested,83.0,Million Acres,2026-03-15
CORN,2024/25,Area Harvested,83.0,Million Acres,2026-04-15
CORN,2024/25,Area Harvested,83.0,Million Acres,2026-05-15
CORN,2024/25,Area Harvested,83.0,Million Acres,2026-06-15
CORN,2024/25,Area Harvested,83.0,Million Acres,2026-07-15
CORN,2024/25,Area Planted,90.6,Million Acres,2025-08-15
CORN,2024/25,Area Planted,90.6,Million Acres,2025-09-15
CORN,2024/25,Area Planted,90.9,Million Acres,2025-11-15
CORN,2024/25,Area Planted,90.9,Million Acres,2025-12-15
CORN,2024/25,Area Planted,90.9,Million Acres,2026-01-15
CORN,2024/25,Area Planted,90.9,Million Acres,2026-02-15
CORN,2024/25,Area Planted,90.9,Million Acres,2026-03-15
CORN,2024/25,Area Planted,90.9,Million Acres,2026-04-15
CORN,2024/25,Area Planted,90.9,Million Acres,2026-05-15
CORN,2024/25,Area Planted,90.9,Million Acres,2026-06-15
CORN,2024/25,Area Planted,90.9,Million Acres,2026-07-15
CORN,2024/25,Avg. Farm Price ($/bu),4.3,$/bu,2025-08-15
CORN,2024/25,Avg. Farm Price ($/bu),4.3,$/bu,2025-09-15
CORN,2024/25,Avg. Farm Price ($/bu),4.24,$/bu,2025-11-15
CORN,2024/25,Avg. Farm Price ($/bu),4.24,$/bu,2025-12-15
CORN,2024/25,Avg. Farm Price ($/bu),4.24,$/bu,2026-01-15
CORN,2024/25,Avg. Farm Price ($/bu),4.24,$/bu,2026-02-15
CORN,2024/25,Avg. Farm Price ($/bu),4.24,$/bu,2026-03-15
CORN,2024/25,Avg. Farm Price ($/bu),4.24,$/bu,2026-04-15
CORN,2024/25,Avg. Farm Price ($/bu),4.24,$/bu,2026-05-15
CORN,2024/25,Avg. Farm Price ($/bu),4.24,$/bu,2026-06-15
CORN,2024/25,Avg. Farm Price ($/bu),4.24,$/bu,2026-07-15
CORN,2024/25,Beginning Stocks,1763.0,Million Bushels,2025-08-15
CORN,2024/25,Beginning Stocks,1763.0,Million Bushels,2025-09-15
CORN,2024/25,Beginning Stocks,1763.0,Million Bushels,2025-11-15
CORN,2024/25,Beginning Stocks,1763.0,Million Bushels,2025-12-15
CORN,2024/25,Beginning Stocks,1763.0,Million Bushels,2026-01-15
CORN,2024/25,Beginning Stocks,1763.0,Million Bushels,2026-02-15
CORN,2024/25,Beginning Stocks,1763.0,Million Bushels,2026-03-15
CORN,2024/25,Beginning Stocks,1763.0,Million Bushels,2026-04-15
CORN,2024/25,Beginning Stocks,1763.0,Million Bushels,2026-05-15
CORN,2024/25,Beginning Stocks,1763.0,Million Bushels,2026-06-15
CORN,2024/25,Beginning Stocks,1763.0,Million Bushels,2026-07-15
CORN,2024/25,"Domestic, Total",12530.0,Million Bushels,2025-08-15
CORN,2024/25,"Domestic, Total",12495.0,Million Bushels,2025-09-15
CORN,2024/25,"Domestic, Total",12314.0,Million Bushels,2025-11-15
CORN,2024/25,"Domestic, Total",12287.0,Million Bushels,2025-12-15
CORN,2024/25,"Domestic, Total",12267.0,Million Bushels,2026-01-15
CORN,2024/25,"Domestic, Total",12267.0,Million Bushels,2026-02-15
CORN,2024/25,"Domestic, Total",12267.0,Million Bushels,2026-03-15
CORN,2024/25,"Domestic, Total",12267.0,Million Bushels,2026-04-15
CORN,2024/25,"Domestic, Total",12267.0,Million Bushels,2026-05-15
CORN,2024/25,"Domestic, Total",12267.0,Million Bushels,2026-06-15
CORN,2024/25,"Domestic, Total",12253.0,Million Bushels,2026-07-15
CORN,2024/25,Ending Stocks,1305.0,Million Bushels,2025-08-15
CORN,2024/25,Ending Stocks,1325.0,Million Bushels,2025-09-15
CORN,2024/25,Ending Stocks,1532.0,Million Bushels,2025-11-15
CORN,2024/25,Ending Stocks,1532.0,Million Bushels,2025-12-15
CORN,2024/25,Ending Stocks,1551.0,Million Bushels,2026-01-15
CORN,2024/25,Ending Stocks,1551.0,Million Bushels,2026-02-15
CORN,2024/25,Ending Stocks,1551.0,Million Bushels,2026-03-15
CORN,2024/25,Ending Stocks,1551.0,Million Bushels,2026-04-15
CORN,2024/25,Ending Stocks,1551.0,Million Bushels,2026-05-15
CORN,2024/25,Ending Stocks,1551.0,Million Bushels,2026-06-15
CORN,2024/25,Ending Stocks,1551.0,Million Bushels,2026-07-15
CORN,2024/25,Ethanol & by-products,5470.0,Million Bushels,2025-08-15
CORN,2024/25,Ethanol & by-products,5435.0,Million Bushels,2025-09-15
CORN,2024/25,Ethanol & by-products,5436.0,Million Bushels,2025-11-15
CORN,2024/25,Ethanol & by-products,5436.0,Million Bushels,2025-12-15
CORN,2024/25,Ethanol & by-products,5436.0,Million Bushels,2026-01-15
CORN,2024/25,Ethanol & by-products,5436.0,Million Bushels,2026-02-15
CORN,2024/25,Ethanol & by-products,5436.0,Million Bushels,2026-03-15
CORN,2024/25,Ethanol & by-products,5436.0,Million Bushels,2026-04-15
CORN,2024/25,Ethanol & by-products,5436.0,Million Bushels,2026-05-15
CORN,2024/25,Ethanol & by-products,5436.0,Million Bushels,2026-06-15
CORN,2024/25,Ethanol & by-products,5436.0,Million Bushels,2026-07-15
CORN,2024/25,Exports,2820.0,Million Bushels,2025-08-15
CORN,2024/25,Exports,2830.0,Million Bushels,2025-09-15
CORN,2024/25,Exports,2830.0,Million Bushels,2025-11-15
CORN,2024/25,Exports,2858.0,Million Bushels,2025-12-15
CORN,2024/25,Exports,2858.0,Million Bushels,2026-01-15
CORN,2024/25,Exports,2858.0,Million Bushels,2026-02-15
CORN,2024/25,Exports,2858.0,Million Bushels,2026-03-15
CORN,2024/25,Exports,2858.0,Million Bushels,2026-04-15
CORN,2024/25,Exports,2858.0,Million Bushels,2026-05-15
CORN,2024/25,Exports,2858.0,Million Bushels,2026-06-15
CORN,2024/25,Exports,2873.0,Million Bushels,2026-07-15
CORN,2024/25,Feed and Residual,5675.0,Million Bushels,2025-08-15
CORN,2024/25,Feed and Residual,5675.0,Million Bushels,2025-09-15
CORN,2024/25,Feed and Residual,5492.0,Million Bushels,2025-11-15
CORN,2024/25,Feed and Residual,5466.0,Million Bushels,2025-12-15
CORN,2024/25,Feed and Residual,5454.0,Million Bushels,2026-01-15
CORN,2024/25,Feed and Residual,5454.0,Million Bushels,2026-02-15
CORN,2024/25,Feed and Residual,5454.0,Million Bushels,2026-03-15
CORN,2024/25,Feed and Residual,5454.0,Million Bushels,2026-04-15
CORN,2024/25,Feed and Residual,5454.0,Million Bushels,2026-05-15
CORN,2024/25,Feed and Residual,5454.0,Million Bushels,2026-06-15
CORN,2024/25,Feed and Residual,5438.0,Million Bushels,2026-07-15
CORN,2024/25,"Food, Seed & Industrial",6855.0,Million Bushels,2025-08-15
CORN,2024/25,"Food, Seed & Industrial",6820.0,Million Bushels,2025-09-15
CORN,2024/25,"Food, Seed & Industrial",6821.0,Million Bushels,2025-11-15
CORN,2024/25,"Food, Seed & Industrial",6821.0,Million Bushels,2025-12-15
CORN,2024/25,"Food, Seed & Industrial",6813.0,Million Bushels,2026-01-15
CORN,2024/25,"Food, Seed & Industrial",6813.0,Million Bushels,2026-02-15
CORN,2024/25,"Food, Seed & Industrial",6813.0,Million Bushels,2026-03-15
CORN,2024/25,"Food, Seed & Industrial",6813.0,Million Bushels,2026-04-15
CORN,2024/25,"Food, Seed & Industrial",6814.0,Million Bushels,2026-05-15
CORN,2024/25,"Food, Seed & Industrial",6814.0,Million Bushels,2026-06-15
CORN,2024/25,"Food, Seed & Industrial",6815.0,Million Bushels,2026-07-15
CORN,2024/25,Imports,25.0,Million Bushels,2025-08-15
CORN,2024/25,Imports,20.0,Million Bushels,2025-09-15
CORN,2024/25,Imports,20.0,Million Bushels,2025-11-15
CORN,2024/25,Imports,22.0,Million Bushels,2025-12-15
CORN,2024/25,Imports,22.0,Million Bushels,2026-01-15
CORN,2024/25,Imports,22.0,Million Bushels,2026-02-15
CORN,2024/25,Imports,22.0,Million Bushels,2026-03-15
CORN,2024/25,Imports,22.0,Million Bushels,2026-04-15
CORN,2024/25,Imports,22.0,Million Bushels,2026-05-15
CORN,2024/25,Imports,22.0,Million Bushels,2026-06-15
CORN,2024/25,Imports,22.0,Million Bushels,2026-07-15
CORN,2024/25,Production,14867.0,Million Bushels,2025-08-15
CORN,2024/25,Production,14867.0,Million Bushels,2025-09-15
CORN,2024/25,Production,14892.0,Million Bushels,2025-11-15
CORN,2024/25,Production,14892.0,Million Bushels,2025-12-15
CORN,2024/25,Production,14892.0,Million Bushels,2026-01-15
CORN,2024/25,Production,14892.0,Million Bushels,2026-02-15
CORN,2024/25,Production,14892.0,Million Bushels,2026-03-15
CORN,2024/25,Production,14892.0,Million Bushels,2026-04-15
CORN,2024/25,Production,14892.0,Million Bushels,2026-05-15
CORN,2024/25,Production,14892.0,Million Bushels,2026-06-15
CORN,2024/25,Production,14892.0,Million Bushels,2026-07-15
CORN,2024/25,"Supply, Total",16655.0,Million Bushels,2025-08-15
CORN,2024/25,"Supply, Total",16650.0,Million Bushels,2025-09-15
CORN,2024/25,"Supply, Total",16675.0,Million Bushels,2025-11-15
CORN,2024/25,"Supply, Total",16677.0,Million Bushels,2025-12-15
CORN,2024/25,"Supply, Total",16677.0,Million Bushels,2026-01-15
CORN,2024/25,"Supply, Total",16677.0,Million Bushels,2026-02-15
CORN,2024/25,"Supply, Total",16677.0,Million Bushels,2026-03-15
CORN,2024/25,"Supply, Total",16677.0,Million Bushels,2026-04-15
CORN,2024/25,"Supply, Total",16677.0,Million Bushels,2026-05-15
CORN,2024/25,"Supply, Total",16677.0,Million Bushels,2026-06-15
CORN,2024/25,"Supply, Total",16677.0,Million Bushels,2026-07-15
CORN,2024/25,"Use, Total",15350.0,Million Bushels,2025-08-15
CORN,2024/25,"Use, Total",15325.0,Million Bushels,2025-09-15
CORN,2024/25,"Use, Total",15144.0,Million Bushels,2025-11-15
CORN,2024/25,"Use, Total",15145.0,Million Bushels,2025-12-15
CORN,2024/25,"Use, Total",15126.0,Million Bushels,2026-01-15
CORN,2024/25,"Use, Total",15126.0,Million Bushels,2026-02-15
CORN,2024/25,"Use, Total",15126.0,Million Bushels,2026-03-15
CORN,2024/25,"Use, Total",15126.0,Million Bushels,2026-04-15
CORN,2024/25,"Use, Total",15126.0,Million Bushels,2026-05-15
CORN,2024/25,"Use, Total",15126.0,Million Bushels,2026-06-15
CORN,2024/25,"Use, Total",15126.0,Million Bushels,2026-07-15
CORN,2024/25,Yield per Harvested Acre,179.3,Bushels,2025-08-15
CORN,2024/25,Yield per Harvested Acre,179.3,Bushels,2025-09-15
CORN,2024/25,Yield per Harvested Acre,179.3,Bushels,2025-11-15
CORN,2024/25,Yield per Harvested Acre,179.3,Bushels,2025-12-15
CORN,2024/25,Yield per Harvested Acre,179.3,Bushels,2026-01-15
CORN,2024/25,Yield per Harvested Acre,179.3,Bushels,2026-02-15
CORN,2024/25,Yield per Harvested Acre,179.3,Bushels,2026-03-15
CORN,2024/25,Yield per Harvested Acre,179.3,Bushels,2026-04-15
CORN,2024/25,Yield per Harvested Acre,179.3,Bushels,2026-05-15
CORN,2024/25,Yield per Harvested Acre,179.3,Bushels,2026-06-15
CORN,2024/25,Yield per Harvested Acre,179.3,Bushels,2026-07-15
CORN,2025/26,Area Harvested,88.7,Million Acres,2025-08-15
CORN,2025/26,Area Harvested,90.0,Million Acres,2025-09-15
CORN,2025/26,Area Harvested,90.0,Million Acres,2025-10-15
CORN,2025/26,Area Harvested,90.0,Million Acres,2025-11-15
CORN,2025/26,Area Harvested,90.0,Million Acres,2025-12-15
CORN,2025/26,Area Harvested,91.3,Million Acres,2026-01-15
CORN,2025/26,Area Harvested,91.3,Million Acres,2026-02-15
CORN,2025/26,Area Harvested,91.3,Million Acres,2026-03-15
CORN,2025/26,Area Harvested,91.3,Million Acres,2026-04-15
CORN,2025/26,Area Harvested,91.3,Million Acres,2026-05-15
CORN,2025/26,Area Harvested,91.3,Million Acres,2026-06-15
CORN,2025/26,Area Harvested,91.3,Million Acres,2026-07-15
CORN,2025/26,Area Planted,97.3,Million Acres,2025-08-15
CORN,2025/26,Area Planted,98.7,Million Acres,2025-09-15
CORN,2025/26,Area Planted,98.7,Million Acres,2025-10-15
CORN,2025/26,Area Planted,98.7,Million Acres,2025-11-15
CORN,2025/26,Area Planted,98.7,Million Acres,2025-12-15
CORN,2025/26,Area Planted,98.8,Million Acres,2026-01-15
CORN,2025/26,Area Planted,98.8,Million Acres,2026-02-15
CORN,2025/26,Area Planted,98.8,Million Acres,2026-03-15
CORN,2025/26,Area Planted,98.8,Million Acres,2026-04-15
CORN,2025/26,Area Planted,98.8,Million Acres,2026-05-15
CORN,2025/26,Area Planted,98.8,Million Acres,2026-06-15
CORN,2025/26,Area Planted,98.8,Million Acres,2026-07-15
CORN,2025/26,Avg. Farm Price ($/bu),4.2,$/bu,2025-07-15
CORN,2025/26,Avg. Farm Price ($/bu),3.9,$/bu,2025-08-15
CORN,2025/26,Avg. Farm Price ($/bu),3.9,$/bu,2025-09-15
CORN,2025/26,Avg. Farm Price ($/bu),3.9,$/bu,2025-10-15
CORN,2025/26,Avg. Farm Price ($/bu),4.0,$/bu,2025-11-15
CORN,2025/26,Avg. Farm Price ($/bu),4.0,$/bu,2025-12-15
CORN,2025/26,Avg. Farm Price ($/bu),4.1,$/bu,2026-01-15
CORN,2025/26,Avg. Farm Price ($/bu),4.1,$/bu,2026-02-15
CORN,2025/26,Avg. Farm Price ($/bu),4.1,$/bu,2026-03-15
CORN,2025/26,Avg. Farm Price ($/bu),4.15,$/bu,2026-04-15
CORN,2025/26,Avg. Farm Price ($/bu),4.15,$/bu,2026-05-15
CORN,2025/26,Avg. Farm Price ($/bu),4.15,$/bu,2026-06-15
CORN,2025/26,Avg. Farm Price ($/bu),4.15,$/bu,2026-07-15
CORN,2025/26,Beginning Stocks,1340.0,Million Bushels,2025-07-15
CORN,2025/26,Beginning Stocks,1305.0,Million Bushels,2025-08-15
CORN,2025/26,Beginning Stocks,1325.0,Million Bushels,2025-09-15
CORN,2025/26,Beginning Stocks,1325.0,Million Bushels,2025-10-15
CORN,2025/26,Beginning Stocks,1532.0,Million Bushels,2025-11-15
CORN,2025/26,Beginning Stocks,1532.0,Million Bushels,2025-12-15
CORN,2025/26,Beginning Stocks,1551.0,Million Bushels,2026-01-15
CORN,2025/26,Beginning Stocks,1551.0,Million Bushels,2026-02-15
CORN,2025/26,Beginning Stocks,1551.0,Million Bushels,2026-03-15
CORN,2025/26,Beginning Stocks,1551.0,Million Bushels,2026-04-15
CORN,2025/26,Beginning Stocks,1551.0,Million Bushels,2026-05-15
CORN,2025/26,Beginning Stocks,1551.0,Million Bushels,2026-06-15
CORN,2025/26,Beginning Stocks,1551.0,Million Bushels,2026-07-15
CORN,2025/26,"Domestic, Total",12735.0,Million Bushels,2025-07-15
CORN,2025/26,"Domestic, Total",13080.0,Million Bushels,2025-08-15
CORN,2025/26,"Domestic, Total",13080.0,Million Bushels,2025-09-15
CORN,2025/26,"Domestic, Total",13080.0,Million Bushels,2025-10-15
CORN,2025/26,"Domestic, Total",13080.0,Million Bushels,2025-11-15
CORN,2025/26,"Domestic, Total",13080.0,Million Bushels,2025-12-15
CORN,2025/26,"Domestic, Total",13170.0,Million Bushels,2026-01-15
CORN,2025/26,"Domestic, Total",13170.0,Million Bushels,2026-02-15
CORN,2025/26,"Domestic, Total",13170.0,Million Bushels,2026-03-15
CORN,2025/26,"Domestic, Total",13170.0,Million Bushels,2026-04-15
CORN,2025/26,"Domestic, Total",13155.0,Million Bushels,2026-05-15
CORN,2025/26,"Domestic, Total",13130.0,Million Bushels,2026-06-15
CORN,2025/26,"Domestic, Total",13255.0,Million Bushels,2026-07-15
CORN,2025/26,Ending Stocks,1660.0,Million Bushels,2025-07-15
CORN,2025/26,Ending Stocks,2117.0,Million Bushels,2025-08-15
CORN,2025/26,Ending Stocks,2110.0,Million Bushels,2025-09-15
CORN,2025/26,Ending Stocks,2110.0,Million Bushels,2025-10-15
CORN,2025/26,Ending Stocks,2154.0,Million Bushels,2025-11-15
CORN,2025/26,Ending Stocks,2029.0,Million Bushels,2025-12-15
CORN,2025/26,Ending Stocks,2227.0,Million Bushels,2026-01-15
CORN,2025/26,Ending Stocks,2127.0,Million Bushels,2026-02-15
CORN,2025/26,Ending Stocks,2127.0,Million Bushels,2026-03-15
CORN,2025/26,Ending Stocks,2127.0,Million Bushels,2026-04-15
CORN,2025/26,Ending Stocks,2142.0,Million Bushels,2026-05-15
CORN,2025/26,Ending Stocks,2145.0,Million Bushels,2026-06-15
CORN,2025/26,Ending Stocks,2020.0,Million Bushels,2026-07-15
CORN,2025/26,Ethanol & by-products,5500.0,Million Bushels,2025-07-15
CORN,2025/26,Ethanol & by-products,5600.0,Million Bushels,2025-08-15
CORN,2025/26,Ethanol & by-products,5600.0,Million Bushels,2025-09-15
CORN,2025/26,Ethanol & by-products,5600.0,Million Bushels,2025-10-15
CORN,2025/26,Ethanol & by-products,5600.0,Million Bushels,2025-11-15
CORN,2025/26,Ethanol & by-products,5600.0,Million Bushels,2025-12-15
CORN,2025/26,Ethanol & by-products,5600.0,Million Bushels,2026-01-15
CORN,2025/26,Ethanol & by-products,5600.0,Million Bushels,2026-02-15
CORN,2025/26,Ethanol & by-products,5600.0,Million Bushels,2026-03-15
CORN,2025/26,Ethanol & by-products,5600.0,Million Bushels,2026-04-15
CORN,2025/26,Ethanol & by-products,5600.0,Million Bushels,2026-05-15
CORN,2025/26,Ethanol & by-products,5575.0,Million Bushels,2026-06-15
CORN,2025/26,Ethanol & by-products,5550.0,Million Bushels,2026-07-15
CORN,2025/26,Exports,2675.0,Million Bushels,2025-07-15
CORN,2025/26,Exports,2875.0,Million Bushels,2025-08-15
CORN,2025/26,Exports,2975.0,Million Bushels,2025-09-15
CORN,2025/26,Exports,2975.0,Million Bushels,2025-10-15
CORN,2025/26,Exports,3075.0,Million Bushels,2025-11-15
CORN,2025/26,Exports,3200.0,Million Bushels,2025-12-15
CORN,2025/26,Exports,3200.0,Million Bushels,2026-01-15
CORN,2025/26,Exports,3300.0,Million Bushels,2026-02-15
CORN,2025/26,Exports,3300.0,Million Bushels,2026-03-15
CORN,2025/26,Exports,3300.0,Million Bushels,2026-04-15
CORN,2025/26,Exports,3300.0,Million Bushels,2026-05-15
CORN,2025/26,Exports,3325.0,Million Bushels,2026-06-15
CORN,2025/26,Exports,3325.0,Million Bushels,2026-07-15
CORN,2025/26,Feed and Residual,5850.0,Million Bushels,2025-07-15
CORN,2025/26,Feed and Residual,6100.0,Million Bushels,2025-08-15
CORN,2025/26,Feed and Residual,6100.0,Million Bushels,2025-09-15
CORN,2025/26,Feed and Residual,6100.0,Million Bushels,2025-10-15
CORN,2025/26,Feed and Residual,6100.0,Million Bushels,2025-11-15
CORN,2025/26,Feed and Residual,6100.0,Million Bushels,2025-12-15
CORN,2025/26,Feed and Residual,6200.0,Million Bushels,2026-01-15
CORN,2025/26,Feed and Residual,6200.0,Million Bushels,2026-02-15
CORN,2025/26,Feed and Residual,6200.0,Million Bushels,2026-03-15
CORN,2025/26,Feed and Residual,6200.0,Million Bushels,2026-04-15
CORN,2025/26,Feed and Residual,6200.0,Million Bushels,2026-05-15
CORN,2025/26,Feed and Residual,6200.0,Million Bushels,2026-06-15
CORN,2025/26,Feed and Residual,6350.0,Million Bushels,2026-07-15
CORN,2025/26,"Food, Seed & Industrial",6885.0,Million Bushels,2025-07-15
CORN,2025/26,"Food, Seed & Industrial",6980.0,Million Bushels,2025-08-15
CORN,2025/26,"Food, Seed & Industrial",6980.0,Million Bushels,2025-09-15
CORN,2025/26,"Food, Seed & Industrial",6980.0,Million Bushels,2025-10-15
CORN,2025/26,"Food, Seed & Industrial",6980.0,Million Bushels,2025-11-15
CORN,2025/26,"Food, Seed & Industrial",6980.0,Million Bushels,2025-12-15
CORN,2025/26,"Food, Seed & Industrial",6970.0,Million Bushels,2026-01-15
CORN,2025/26,"Food, Seed & Industrial",6970.0,Million Bushels,2026-02-15
CORN,2025/26,"Food, Seed & Industrial",6970.0,Million Bushels,2026-03-15
CORN,2025/26,"Food, Seed & Industrial",6970.0,Million Bushels,2026-04-15
CORN,2025/26,"Food, Seed & Industrial",6955.0,Million Bushels,2026-05-15
CORN,2025/26,"Food, Seed & Industrial",6930.0,Million Bushels,2026-06-15
CORN,2025/26,"Food, Seed & Industrial",6905.0,Million Bushels,2026-07-15
CORN,2025/26,Imports,25.0,Million Bushels,2025-07-15
CORN,2025/26,Imports,25.0,Million Bushels,2025-08-15
CORN,2025/26,Imports,25.0,Million Bushels,2025-09-15
CORN,2025/26,Imports,25.0,Million Bushels,2025-10-15
CORN,2025/26,Imports,25.0,Million Bushels,2025-11-15
CORN,2025/26,Imports,25.0,Million Bushels,2025-12-15
CORN,2025/26,Imports,25.0,Million Bushels,2026-01-15
CORN,2025/26,Imports,25.0,Million Bushels,2026-02-15
CORN,2025/26,Imports,25.0,Million Bushels,2026-03-15
CORN,2025/26,Imports,25.0,Million Bushels,2026-04-15
CORN,2025/26,Imports,25.0,Million Bushels,2026-05-15
CORN,2025/26,Imports,28.0,Million Bushels,2026-06-15
CORN,2025/26,Imports,28.0,Million Bushels,2026-07-15
CORN,2025/26,Production,15705.0,Million Bushels,2025-07-15
CORN,2025/26,Production,16742.0,Million Bushels,2025-08-15
CORN,2025/26,Production,16814.0,Million Bushels,2025-09-15
CORN,2025/26,Production,16814.0,Million Bushels,2025-10-15
CORN,2025/26,Production,16752.0,Million Bushels,2025-11-15
CORN,2025/26,Production,16752.0,Million Bushels,2025-12-15
CORN,2025/26,Production,17021.0,Million Bushels,2026-01-15
CORN,2025/26,Production,17021.0,Million Bushels,2026-02-15
CORN,2025/26,Production,17021.0,Million Bushels,2026-03-15
CORN,2025/26,Production,17021.0,Million Bushels,2026-04-15
CORN,2025/26,Production,17021.0,Million Bushels,2026-05-15
CORN,2025/26,Production,17021.0,Million Bushels,2026-06-15
CORN,2025/26,Production,17021.0,Million Bushels,2026-07-15
CORN,2025/26,"Supply, Total",17070.0,Million Bushels,2025-07-15
CORN,2025/26,"Supply, Total",18072.0,Million Bushels,2025-08-15
CORN,2025/26,"Supply, Total",18165.0,Million Bushels,2025-09-15
CORN,2025/26,"Supply, Total",18165.0,Million Bushels,2025-10-15
CORN,2025/26,"Supply, Total",18309.0,Million Bushels,2025-11-15
CORN,2025/26,"Supply, Total",18309.0,Million Bushels,2025-12-15
CORN,2025/26,"Supply, Total",18597.0,Million Bushels,2026-01-15
CORN,2025/26,"Supply, Total",18597.0,Million Bushels,2026-02-15
CORN,2025/26,"Supply, Total",18597.0,Million Bushels,2026-03-15
CORN,2025/26,"Supply, Total",18597.0,Million Bushels,2026-04-15
CORN,2025/26,"Supply, Total",18597.0,Million Bushels,2026-05-15
CORN,2025/26,"Supply, Total",18600.0,Million Bushels,2026-06-15
CORN,2025/26,"Supply, Total",18600.0,Million Bushels,2026-07-15
CORN,2025/26,"Use, Total",15410.0,Million Bushels,2025-07-15
CORN,2025/26,"Use, Total",15955.0,Million Bushels,2025-08-15
CORN,2025/26,"Use, Total",16055.0,Million Bushels,2025-09-15
CORN,2025/26,"Use, Total",16055.0,Million Bushels,2025-10-15
CORN,2025/26,"Use, Total",16155.0,Million Bushels,2025-11-15
CORN,2025/26,"Use, Total",16280.0,Million Bushels,2025-12-15
CORN,2025/26,"Use, Total",16370.0,Million Bushels,2026-01-15
CORN,2025/26,"Use, Total",16470.0,Million Bushels,2026-02-15
CORN,2025/26,"Use, Total",16470.0,Million Bushels,2026-03-15
CORN,2025/26,"Use, Total",16470.0,Million Bushels,2026-04-15
CORN,2025/26,"Use, Total",16455.0,Million Bushels,2026-05-15
CORN,2025/26,"Use, Total",16455.0,Million Bushels,2026-06-15
CORN,2025/26,"Use, Total",16580.0,Million Bushels,2026-07-15
CORN,2025/26,Yield per Harvested Acre,188.8,Bushels,2025-08-15
CORN,2025/26,Yield per Harvested Acre,186.7,Bushels,2025-09-15
CORN,2025/26,Yield per Harvested Acre,186.7,Bushels,2025-10-15
CORN,2025/26,Yield per Harvested Acre,186.0,Bushels,2025-11-15
CORN,2025/26,Yield per Harvested Acre,186.0,Bushels,2025-12-15
CORN,2025/26,Yield per Harvested Acre,186.5,Bushels,2026-01-15
CORN,2025/26,Yield per Harvested Acre,186.5,Bushels,2026-02-15
CORN,2025/26,Yield per Harvested Acre,186.5,Bushels,2026-03-15
CORN,2025/26,Yield per Harvested Acre,186.5,Bushels,2026-04-15
CORN,2025/26,Yield per Harvested Acre,186.5,Bushels,2026-05-15
CORN,2025/26,Yield per Harvested Acre,186.5,Bushels,2026-06-15
CORN,2025/26,Yield per Harvested Acre,186.5,Bushels,2026-07-15
CORN,2026/27,Avg. Farm Price ($/bu),4.4,$/bu,2026-05-15
CORN,2026/27,Avg. Farm Price ($/bu),4.4,$/bu,2026-06-15
CORN,2026/27,Avg. Farm Price ($/bu),4.4,$/bu,2026-07-15
CORN,2026/27,Beginning Stocks,2142.0,Million Bushels,2026-05-15
CORN,2026/27,Beginning Stocks,2145.0,Million Bushels,2026-06-15
CORN,2026/27,Beginning Stocks,2020.0,Million Bushels,2026-07-15
CORN,2026/27,"Domestic, Total",13055.0,Million Bushels,2026-05-15
CORN,2026/27,"Domestic, Total",13055.0,Million Bushels,2026-06-15
CORN,2026/27,"Domestic, Total",13055.0,Million Bushels,2026-07-15
CORN,2026/27,Ending Stocks,1957.0,Million Bushels,2026-05-15
CORN,2026/27,Ending Stocks,1960.0,Million Bushels,2026-06-15
CORN,2026/27,Ending Stocks,1790.0,Million Bushels,2026-07-15
CORN,2026/27,Ethanol & by-products,5600.0,Million Bushels,2026-05-15
CORN,2026/27,Ethanol & by-products,5600.0,Million Bushels,2026-06-15
CORN,2026/27,Ethanol & by-products,5600.0,Million Bushels,2026-07-15
CORN,2026/27,Exports,3150.0,Million Bushels,2026-05-15
CORN,2026/27,Exports,3150.0,Million Bushels,2026-06-15
CORN,2026/27,Exports,3200.0,Million Bushels,2026-07-15
CORN,2026/27,Feed and Residual,6100.0,Million Bushels,2026-05-15
CORN,2026/27,Feed and Residual,6100.0,Million Bushels,2026-06-15
CORN,2026/27,Feed and Residual,6100.0,Million Bushels,2026-07-15
CORN,2026/27,"Food, Seed & Industrial",6955.0,Million Bushels,2026-05-15
CORN,2026/27,"Food, Seed & Industrial",6955.0,Million Bushels,2026-06-15
CORN,2026/27,"Food, Seed & Industrial",6955.0,Million Bushels,2026-07-15
CORN,2026/27,Imports,25.0,Million Bushels,2026-05-15
CORN,2026/27,Imports,25.0,Million Bushels,2026-06-15
CORN,2026/27,Imports,25.0,Million Bushels,2026-07-15
CORN,2026/27,Production,15995.0,Million Bushels,2026-05-15
CORN,2026/27,Production,15995.0,Million Bushels,2026-06-15
CORN,2026/27,Production,16000.0,Million Bushels,2026-07-15
CORN,2026/27,"Supply, Total",18162.0,Million Bushels,2026-05-15
CORN,2026/27,"Supply, Total",18165.0,Million Bushels,2026-06-15
CORN,2026/27,"Supply, Total",18045.0,Million Bushels,2026-07-15
CORN,2026/27,"Use, Total",16205.0,Million Bushels,2026-05-15
CORN,2026/27,"Use, Total",16205.0,Million Bushels,2026-06-15
CORN,2026/27,"Use, Total",16255.0,Million Bushels,2026-07-15
COTTON,2023/24,Avg. Farm Price,76.1,,2025-08-15
COTTON,2023/24,Avg. Farm Price,76.1,,2025-09-15
COTTON,2023/24,Avg. Farm Price,76.1,,2025-11-15
COTTON,2023/24,Avg. Farm Price,76.1,,2025-12-15
COTTON,2023/24,Avg. Farm Price,76.1,,2026-01-15
COTTON,2023/24,Avg. Farm Price,76.1,,2026-02-15
COTTON,2023/24,Avg. Farm Price,76.1,,2026-03-15
COTTON,2023/24,Avg. Farm Price,76.1,,2026-04-15
COTTON,2023/24,Beginning Stocks,4.65,Million 480 Pound Bales,2025-08-15
COTTON,2023/24,Beginning Stocks,4.65,Million 480 Pound Bales,2025-09-15
COTTON,2023/24,Beginning Stocks,4.65,Million 480 Pound Bales,2025-11-15
COTTON,2023/24,Beginning Stocks,4.65,Million 480 Pound Bales,2025-12-15
COTTON,2023/24,Beginning Stocks,4.65,Million 480 Pound Bales,2026-01-15
COTTON,2023/24,Beginning Stocks,4.65,Million 480 Pound Bales,2026-02-15
COTTON,2023/24,Beginning Stocks,4.65,Million 480 Pound Bales,2026-03-15
COTTON,2023/24,Beginning Stocks,4.65,Million 480 Pound Bales,2026-04-15
COTTON,2023/24,Domestic Use,1.85,Million 480 Pound Bales,2025-08-15
COTTON,2023/24,Domestic Use,1.85,Million 480 Pound Bales,2025-09-15
COTTON,2023/24,Domestic Use,1.85,Million 480 Pound Bales,2025-11-15
COTTON,2023/24,Domestic Use,1.85,Million 480 Pound Bales,2025-12-15
COTTON,2023/24,Domestic Use,1.85,Million 480 Pound Bales,2026-01-15
COTTON,2023/24,Domestic Use,1.85,Million 480 Pound Bales,2026-02-15
COTTON,2023/24,Domestic Use,1.85,Million 480 Pound Bales,2026-03-15
COTTON,2023/24,Domestic Use,1.85,Million 480 Pound Bales,2026-04-15
COTTON,2023/24,Ending Stocks,3.15,Million 480 Pound Bales,2025-08-15
COTTON,2023/24,Ending Stocks,3.15,Million 480 Pound Bales,2025-09-15
COTTON,2023/24,Ending Stocks,3.15,Million 480 Pound Bales,2025-11-15
COTTON,2023/24,Ending Stocks,3.15,Million 480 Pound Bales,2025-12-15
COTTON,2023/24,Ending Stocks,3.15,Million 480 Pound Bales,2026-01-15
COTTON,2023/24,Ending Stocks,3.15,Million 480 Pound Bales,2026-02-15
COTTON,2023/24,Ending Stocks,3.15,Million 480 Pound Bales,2026-03-15
COTTON,2023/24,Ending Stocks,3.15,Million 480 Pound Bales,2026-04-15
COTTON,2023/24,"Exports, Total",11.75,Million 480 Pound Bales,2025-08-15
COTTON,2023/24,"Exports, Total",11.75,Million 480 Pound Bales,2025-09-15
COTTON,2023/24,"Exports, Total",11.75,Million 480 Pound Bales,2025-11-15
COTTON,2023/24,"Exports, Total",11.75,Million 480 Pound Bales,2025-12-15
COTTON,2023/24,"Exports, Total",11.75,Million 480 Pound Bales,2026-01-15
COTTON,2023/24,"Exports, Total",11.75,Million 480 Pound Bales,2026-02-15
COTTON,2023/24,"Exports, Total",11.75,Million 480 Pound Bales,2026-03-15
COTTON,2023/24,"Exports, Total",11.75,Million 480 Pound Bales,2026-04-15
COTTON,2023/24,Harvested,6.44,Million Acres,2025-08-15
COTTON,2023/24,Harvested,6.44,Million Acres,2025-09-15
COTTON,2023/24,Harvested,6.44,Million Acres,2025-11-15
COTTON,2023/24,Harvested,6.44,Million Acres,2025-12-15
COTTON,2023/24,Harvested,6.44,Million Acres,2026-01-15
COTTON,2023/24,Harvested,6.44,Million Acres,2026-02-15
COTTON,2023/24,Harvested,6.44,Million Acres,2026-03-15
COTTON,2023/24,Harvested,6.44,Million Acres,2026-04-15
COTTON,2023/24,Imports,0.0,Million 480 Pound Bales,2025-08-15
COTTON,2023/24,Imports,0.0,Million 480 Pound Bales,2025-09-15
COTTON,2023/24,Imports,0.0,Million 480 Pound Bales,2025-11-15
COTTON,2023/24,Imports,0.0,Million 480 Pound Bales,2025-12-15
COTTON,2023/24,Imports,0.0,Million 480 Pound Bales,2026-01-15
COTTON,2023/24,Imports,0.0,Million 480 Pound Bales,2026-02-15
COTTON,2023/24,Imports,0.0,Million 480 Pound Bales,2026-03-15
COTTON,2023/24,Imports,0.0,Million 480 Pound Bales,2026-04-15
COTTON,2023/24,Planted,10.23,Million Acres,2025-08-15
COTTON,2023/24,Planted,10.23,Million Acres,2025-09-15
COTTON,2023/24,Planted,10.23,Million Acres,2025-11-15
COTTON,2023/24,Planted,10.23,Million Acres,2025-12-15
COTTON,2023/24,Planted,10.23,Million Acres,2026-01-15
COTTON,2023/24,Planted,10.23,Million Acres,2026-02-15
COTTON,2023/24,Planted,10.23,Million Acres,2026-03-15
COTTON,2023/24,Planted,10.23,Million Acres,2026-04-15
COTTON,2023/24,Production,12.07,Million 480 Pound Bales,2025-08-15
COTTON,2023/24,Production,12.07,Million 480 Pound Bales,2025-09-15
COTTON,2023/24,Production,12.07,Million 480 Pound Bales,2025-11-15
COTTON,2023/24,Production,12.07,Million 480 Pound Bales,2025-12-15
COTTON,2023/24,Production,12.07,Million 480 Pound Bales,2026-01-15
COTTON,2023/24,Production,12.07,Million 480 Pound Bales,2026-02-15
COTTON,2023/24,Production,12.07,Million 480 Pound Bales,2026-03-15
COTTON,2023/24,Production,12.07,Million 480 Pound Bales,2026-04-15
COTTON,2023/24,"Supply, Total",16.72,Million 480 Pound Bales,2025-08-15
COTTON,2023/24,"Supply, Total",16.72,Million 480 Pound Bales,2025-09-15
COTTON,2023/24,"Supply, Total",16.72,Million 480 Pound Bales,2025-11-15
COTTON,2023/24,"Supply, Total",16.72,Million 480 Pound Bales,2025-12-15
COTTON,2023/24,"Supply, Total",16.72,Million 480 Pound Bales,2026-01-15
COTTON,2023/24,"Supply, Total",16.72,Million 480 Pound Bales,2026-02-15
COTTON,2023/24,"Supply, Total",16.72,Million 480 Pound Bales,2026-03-15
COTTON,2023/24,"Supply, Total",16.72,Million 480 Pound Bales,2026-04-15
COTTON,2023/24,Unaccounted,-0.03,Million 480 Pound Bales,2025-08-15
COTTON,2023/24,Unaccounted,-0.03,Million 480 Pound Bales,2025-09-15
COTTON,2023/24,Unaccounted,-0.03,Million 480 Pound Bales,2025-11-15
COTTON,2023/24,Unaccounted,-0.03,Million 480 Pound Bales,2025-12-15
COTTON,2023/24,Unaccounted,-0.03,Million 480 Pound Bales,2026-01-15
COTTON,2023/24,Unaccounted,-0.03,Million 480 Pound Bales,2026-02-15
COTTON,2023/24,Unaccounted,-0.03,Million 480 Pound Bales,2026-03-15
COTTON,2023/24,Unaccounted,-0.03,Million 480 Pound Bales,2026-04-15
COTTON,2023/24,"Use, Total",13.6,Million 480 Pound Bales,2025-08-15
COTTON,2023/24,"Use, Total",13.6,Million 480 Pound Bales,2025-09-15
COTTON,2023/24,"Use, Total",13.6,Million 480 Pound Bales,2025-11-15
COTTON,2023/24,"Use, Total",13.6,Million 480 Pound Bales,2025-12-15
COTTON,2023/24,"Use, Total",13.6,Million 480 Pound Bales,2026-01-15
COTTON,2023/24,"Use, Total",13.6,Million 480 Pound Bales,2026-02-15
COTTON,2023/24,"Use, Total",13.6,Million 480 Pound Bales,2026-03-15
COTTON,2023/24,"Use, Total",13.6,Million 480 Pound Bales,2026-04-15
COTTON,2023/24,Yield per Harvested Acre,899.0,Pounds,2025-08-15
COTTON,2023/24,Yield per Harvested Acre,899.0,Pounds,2025-09-15
COTTON,2023/24,Yield per Harvested Acre,899.0,Pounds,2025-11-15
COTTON,2023/24,Yield per Harvested Acre,899.0,Pounds,2025-12-15
COTTON,2023/24,Yield per Harvested Acre,899.0,Pounds,2026-01-15
COTTON,2023/24,Yield per Harvested Acre,899.0,Pounds,2026-02-15
COTTON,2023/24,Yield per Harvested Acre,899.0,Pounds,2026-03-15
COTTON,2023/24,Yield per Harvested Acre,899.0,Pounds,2026-04-15
COTTON,2024/25,Avg. Farm Price,63.0,,2025-08-15
COTTON,2024/25,Avg. Farm Price,63.0,,2025-09-15
COTTON,2024/25,Avg. Farm Price,63.0,,2025-11-15
COTTON,2024/25,Avg. Farm Price,63.0,,2025-12-15
COTTON,2024/25,Avg. Farm Price,63.0,,2026-01-15
COTTON,2024/25,Avg. Farm Price,63.0,,2026-02-15
COTTON,2024/25,Avg. Farm Price,63.2,,2026-03-15
COTTON,2024/25,Avg. Farm Price,63.2,,2026-04-15
COTTON,2024/25,Avg. Farm Price,63.2,,2026-05-15
COTTON,2024/25,Avg. Farm Price,63.2,,2026-06-15
COTTON,2024/25,Avg. Farm Price,63.2,,2026-07-15
COTTON,2024/25,Beginning Stocks,3.15,Million 480 Pound Bales,2025-08-15
COTTON,2024/25,Beginning Stocks,3.15,Million 480 Pound Bales,2025-09-15
COTTON,2024/25,Beginning Stocks,3.15,Million 480 Pound Bales,2025-11-15
COTTON,2024/25,Beginning Stocks,3.15,Million 480 Pound Bales,2025-12-15
COTTON,2024/25,Beginning Stocks,3.15,Million 480 Pound Bales,2026-01-15
COTTON,2024/25,Beginning Stocks,3.15,Million 480 Pound Bales,2026-02-15
COTTON,2024/25,Beginning Stocks,3.15,Million 480 Pound Bales,2026-03-15
COTTON,2024/25,Beginning Stocks,3.15,Million 480 Pound Bales,2026-04-15
COTTON,2024/25,Beginning Stocks,3.15,Million 480 Pound Bales,2026-05-15
COTTON,2024/25,Beginning Stocks,3.15,Million 480 Pound Bales,2026-06-15
COTTON,2024/25,Beginning Stocks,3.15,Million 480 Pound Bales,2026-07-15
COTTON,2024/25,Domestic Use,1.7,Million 480 Pound Bales,2025-08-15
COTTON,2024/25,Domestic Use,1.7,Million 480 Pound Bales,2025-09-15
COTTON,2024/25,Domestic Use,1.7,Million 480 Pound Bales,2025-11-15
COTTON,2024/25,Domestic Use,1.7,Million 480 Pound Bales,2025-12-15
COTTON,2024/25,Domestic Use,1.7,Million 480 Pound Bales,2026-01-15
COTTON,2024/25,Domestic Use,1.7,Million 480 Pound Bales,2026-02-15
COTTON,2024/25,Domestic Use,1.7,Million 480 Pound Bales,2026-03-15
COTTON,2024/25,Domestic Use,1.7,Million 480 Pound Bales,2026-04-15
COTTON,2024/25,Domestic Use,1.7,Million 480 Pound Bales,2026-05-15
COTTON,2024/25,Domestic Use,1.7,Million 480 Pound Bales,2026-06-15
COTTON,2024/25,Domestic Use,1.7,Million 480 Pound Bales,2026-07-15
COTTON,2024/25,Ending Stocks,4.0,Million 480 Pound Bales,2025-08-15
COTTON,2024/25,Ending Stocks,4.0,Million 480 Pound Bales,2025-09-15
COTTON,2024/25,Ending Stocks,4.0,Million 480 Pound Bales,2025-11-15
COTTON,2024/25,Ending Stocks,4.0,Million 480 Pound Bales,2025-12-15
COTTON,2024/25,Ending Stocks,4.0,Million 480 Pound Bales,2026-01-15
COTTON,2024/25,Ending Stocks,4.0,Million 480 Pound Bales,2026-02-15
COTTON,2024/25,Ending Stocks,4.0,Million 480 Pound Bales,2026-03-15
COTTON,2024/25,Ending Stocks,4.0,Million 480 Pound Bales,2026-04-15
COTTON,2024/25,Ending Stocks,4.0,Million 480 Pound Bales,2026-05-15
COTTON,2024/25,Ending Stocks,4.0,Million 480 Pound Bales,2026-06-15
COTTON,2024/25,Ending Stocks,4.0,Million 480 Pound Bales,2026-07-15
COTTON,2024/25,"Exports, Total",11.9,Million 480 Pound Bales,2025-08-15
COTTON,2024/25,"Exports, Total",11.9,Million 480 Pound Bales,2025-09-15
COTTON,2024/25,"Exports, Total",11.9,Million 480 Pound Bales,2025-11-15
COTTON,2024/25,"Exports, Total",11.9,Million 480 Pound Bales,2025-12-15
COTTON,2024/25,"Exports, Total",11.9,Million 480 Pound Bales,2026-01-15
COTTON,2024/25,"Exports, Total",11.9,Million 480 Pound Bales,2026-02-15
COTTON,2024/25,"Exports, Total",11.9,Million 480 Pound Bales,2026-03-15
COTTON,2024/25,"Exports, Total",11.9,Million 480 Pound Bales,2026-04-15
COTTON,2024/25,"Exports, Total",11.9,Million 480 Pound Bales,2026-05-15
COTTON,2024/25,"Exports, Total",11.9,Million 480 Pound Bales,2026-06-15
COTTON,2024/25,"Exports, Total",11.9,Million 480 Pound Bales,2026-07-15
COTTON,2024/25,Harvested,7.81,Million Acres,2025-08-15
COTTON,2024/25,Harvested,7.81,Million Acres,2025-09-15
COTTON,2024/25,Harvested,7.81,Million Acres,2025-11-15
COTTON,2024/25,Harvested,7.81,Million Acres,2025-12-15
COTTON,2024/25,Harvested,7.81,Million Acres,2026-01-15
COTTON,2024/25,Harvested,7.81,Million Acres,2026-02-15
COTTON,2024/25,Harvested,7.81,Million Acres,2026-03-15
COTTON,2024/25,Harvested,7.81,Million Acres,2026-04-15
COTTON,2024/25,Harvested,7.76,Million Acres,2026-05-15
COTTON,2024/25,Harvested,7.76,Million Acres,2026-06-15
COTTON,2024/25,Harvested,7.76,Million Acres,2026-07-15
COTTON,2024/25,Imports,0.0,Million 480 Pound Bales,2025-08-15
COTTON,2024/25,Imports,0.0,Million 480 Pound Bales,2025-09-15
COTTON,2024/25,Imports,0.0,Million 480 Pound Bales,2025-11-15
COTTON,2024/25,Imports,0.0,Million 480 Pound Bales,2025-12-15
COTTON,2024/25,Imports,0.0,Million 480 Pound Bales,2026-01-15
COTTON,2024/25,Imports,0.0,Million 480 Pound Bales,2026-02-15
COTTON,2024/25,Imports,0.0,Million 480 Pound Bales,2026-03-15
COTTON,2024/25,Imports,0.0,Million 480 Pound Bales,2026-04-15
COTTON,2024/25,Imports,0.0,Million 480 Pound Bales,2026-05-15
COTTON,2024/25,Imports,0.0,Million 480 Pound Bales,2026-06-15
COTTON,2024/25,Imports,0.0,Million 480 Pound Bales,2026-07-15
COTTON,2024/25,Planted,11.18,Million Acres,2025-08-15
COTTON,2024/25,Planted,11.18,Million Acres,2025-09-15
COTTON,2024/25,Planted,11.18,Million Acres,2025-11-15
COTTON,2024/25,Planted,11.18,Million Acres,2025-12-15
COTTON,2024/25,Planted,11.18,Million Acres,2026-01-15
COTTON,2024/25,Planted,11.18,Million Acres,2026-02-15
COTTON,2024/25,Planted,11.18,Million Acres,2026-03-15
COTTON,2024/25,Planted,11.18,Million Acres,2026-04-15
COTTON,2024/25,Planted,11.18,Million Acres,2026-05-15
COTTON,2024/25,Planted,11.18,Million Acres,2026-06-15
COTTON,2024/25,Planted,11.18,Million Acres,2026-07-15
COTTON,2024/25,Production,14.41,Million 480 Pound Bales,2025-08-15
COTTON,2024/25,Production,14.41,Million 480 Pound Bales,2025-09-15
COTTON,2024/25,Production,14.41,Million 480 Pound Bales,2025-11-15
COTTON,2024/25,Production,14.41,Million 480 Pound Bales,2025-12-15
COTTON,2024/25,Production,14.41,Million 480 Pound Bales,2026-01-15
COTTON,2024/25,Production,14.41,Million 480 Pound Bales,2026-02-15
COTTON,2024/25,Production,14.41,Million 480 Pound Bales,2026-03-15
COTTON,2024/25,Production,14.41,Million 480 Pound Bales,2026-04-15
COTTON,2024/25,Production,14.41,Million 480 Pound Bales,2026-05-15
COTTON,2024/25,Production,14.41,Million 480 Pound Bales,2026-06-15
COTTON,2024/25,Production,14.41,Million 480 Pound Bales,2026-07-15
COTTON,2024/25,"Supply, Total",17.57,Million 480 Pound Bales,2025-08-15
COTTON,2024/25,"Supply, Total",17.57,Million 480 Pound Bales,2025-09-15
COTTON,2024/25,"Supply, Total",17.57,Million 480 Pound Bales,2025-11-15
COTTON,2024/25,"Supply, Total",17.57,Million 480 Pound Bales,2025-12-15
COTTON,2024/25,"Supply, Total",17.57,Million 480 Pound Bales,2026-01-15
COTTON,2024/25,"Supply, Total",17.57,Million 480 Pound Bales,2026-02-15
COTTON,2024/25,"Supply, Total",17.57,Million 480 Pound Bales,2026-03-15
COTTON,2024/25,"Supply, Total",17.57,Million 480 Pound Bales,2026-04-15
COTTON,2024/25,"Supply, Total",17.56,Million 480 Pound Bales,2026-05-15
COTTON,2024/25,"Supply, Total",17.56,Million 480 Pound Bales,2026-06-15
COTTON,2024/25,"Supply, Total",17.56,Million 480 Pound Bales,2026-07-15
COTTON,2024/25,Unaccounted,-0.03,Million 480 Pound Bales,2025-08-15
COTTON,2024/25,Unaccounted,-0.03,Million 480 Pound Bales,2025-09-15
COTTON,2024/25,Unaccounted,-0.03,Million 480 Pound Bales,2025-11-15
COTTON,2024/25,Unaccounted,-0.03,Million 480 Pound Bales,2025-12-15
COTTON,2024/25,Unaccounted,-0.03,Million 480 Pound Bales,2026-01-15
COTTON,2024/25,Unaccounted,-0.03,Million 480 Pound Bales,2026-02-15
COTTON,2024/25,Unaccounted,-0.03,Million 480 Pound Bales,2026-03-15
COTTON,2024/25,Unaccounted,-0.03,Million 480 Pound Bales,2026-04-15
COTTON,2024/25,Unaccounted,-0.04,Million 480 Pound Bales,2026-05-15
COTTON,2024/25,Unaccounted,-0.04,Million 480 Pound Bales,2026-06-15
COTTON,2024/25,Unaccounted,-0.04,Million 480 Pound Bales,2026-07-15
COTTON,2024/25,"Use, Total",13.6,Million 480 Pound Bales,2025-08-15
COTTON,2024/25,"Use, Total",13.6,Million 480 Pound Bales,2025-09-15
COTTON,2024/25,"Use, Total",13.6,Million 480 Pound Bales,2025-11-15
COTTON,2024/25,"Use, Total",13.6,Million 480 Pound Bales,2025-12-15
COTTON,2024/25,"Use, Total",13.6,Million 480 Pound Bales,2026-01-15
COTTON,2024/25,"Use, Total",13.6,Million 480 Pound Bales,2026-02-15
COTTON,2024/25,"Use, Total",13.6,Million 480 Pound Bales,2026-03-15
COTTON,2024/25,"Use, Total",13.6,Million 480 Pound Bales,2026-04-15
COTTON,2024/25,"Use, Total",13.6,Million 480 Pound Bales,2026-05-15
COTTON,2024/25,"Use, Total",13.6,Million 480 Pound Bales,2026-06-15
COTTON,2024/25,"Use, Total",13.6,Million 480 Pound Bales,2026-07-15
COTTON,2024/25,Yield per Harvested Acre,886.0,Pounds,2025-08-15
COTTON,2024/25,Yield per Harvested Acre,886.0,Pounds,2025-09-15
COTTON,2024/25,Yield per Harvested Acre,886.0,Pounds,2025-11-15
COTTON,2024/25,Yield per Harvested Acre,886.0,Pounds,2025-12-15
COTTON,2024/25,Yield per Harvested Acre,886.0,Pounds,2026-01-15
COTTON,2024/25,Yield per Harvested Acre,886.0,Pounds,2026-02-15
COTTON,2024/25,Yield per Harvested Acre,886.0,Pounds,2026-03-15
COTTON,2024/25,Yield per Harvested Acre,886.0,Pounds,2026-04-15
COTTON,2024/25,Yield per Harvested Acre,892.0,Pounds,2026-05-15
COTTON,2024/25,Yield per Harvested Acre,892.0,Pounds,2026-06-15
COTTON,2024/25,Yield per Harvested Acre,892.0,Pounds,2026-07-15
COTTON,2025/26,Avg. Farm Price,62.0,,2025-07-15
COTTON,2025/26,Avg. Farm Price,64.0,,2025-08-15
COTTON,2025/26,Avg. Farm Price,64.0,,2025-09-15
COTTON,2025/26,Avg. Farm Price,64.0,,2025-10-15
COTTON,2025/26,Avg. Farm Price,62.0,,2025-11-15
COTTON,2025/26,Avg. Farm Price,60.0,,2025-12-15
COTTON,2025/26,Avg. Farm Price,61.0,,2026-01-15
COTTON,2025/26,Avg. Farm Price,60.0,,2026-02-15
COTTON,2025/26,Avg. Farm Price,60.0,,2026-03-15
COTTON,2025/26,Avg. Farm Price,61.0,,2026-04-15
COTTON,2025/26,Avg. Farm Price,63.0,,2026-05-15
COTTON,2025/26,Avg. Farm Price,63.0,,2026-06-15
COTTON,2025/26,Avg. Farm Price,62.5,,2026-07-15
COTTON,2025/26,Beginning Stocks,4.1,Million 480 Pound Bales,2025-07-15
COTTON,2025/26,Beginning Stocks,4.0,Million 480 Pound Bales,2025-08-15
COTTON,2025/26,Beginning Stocks,4.0,Million 480 Pound Bales,2025-09-15
COTTON,2025/26,Beginning Stocks,4.0,Million 480 Pound Bales,2025-10-15
COTTON,2025/26,Beginning Stocks,4.0,Million 480 Pound Bales,2025-11-15
COTTON,2025/26,Beginning Stocks,4.0,Million 480 Pound Bales,2025-12-15
COTTON,2025/26,Beginning Stocks,4.0,Million 480 Pound Bales,2026-01-15
COTTON,2025/26,Beginning Stocks,4.0,Million 480 Pound Bales,2026-02-15
COTTON,2025/26,Beginning Stocks,4.0,Million 480 Pound Bales,2026-03-15
COTTON,2025/26,Beginning Stocks,4.0,Million 480 Pound Bales,2026-04-15
COTTON,2025/26,Beginning Stocks,4.0,Million 480 Pound Bales,2026-05-15
COTTON,2025/26,Beginning Stocks,4.0,Million 480 Pound Bales,2026-06-15
COTTON,2025/26,Beginning Stocks,4.0,Million 480 Pound Bales,2026-07-15
COTTON,2025/26,Domestic Use,1.7,Million 480 Pound Bales,2025-07-15
COTTON,2025/26,Domestic Use,1.7,Million 480 Pound Bales,2025-08-15
COTTON,2025/26,Domestic Use,1.7,Million 480 Pound Bales,2025-09-15
COTTON,2025/26,Domestic Use,1.7,Million 480 Pound Bales,2025-10-15
COTTON,2025/26,Domestic Use,1.7,Million 480 Pound Bales,2025-11-15
COTTON,2025/26,Domestic Use,1.6,Million 480 Pound Bales,2025-12-15
COTTON,2025/26,Domestic Use,1.6,Million 480 Pound Bales,2026-01-15
COTTON,2025/26,Domestic Use,1.6,Million 480 Pound Bales,2026-02-15
COTTON,2025/26,Domestic Use,1.6,Million 480 Pound Bales,2026-03-15
COTTON,2025/26,Domestic Use,1.6,Million 480 Pound Bales,2026-04-15
COTTON,2025/26,Domestic Use,1.6,Million 480 Pound Bales,2026-05-15
COTTON,2025/26,Domestic Use,1.55,Million 480 Pound Bales,2026-06-15
COTTON,2025/26,Domestic Use,1.55,Million 480 Pound Bales,2026-07-15
COTTON,2025/26,Ending Stocks,4.6,Million 480 Pound Bales,2025-07-15
COTTON,2025/26,Ending Stocks,3.6,Million 480 Pound Bales,2025-08-15
COTTON,2025/26,Ending Stocks,3.6,Million 480 Pound Bales,2025-09-15
COTTON,2025/26,Ending Stocks,3.6,Million 480 Pound Bales,2025-10-15
COTTON,2025/26,Ending Stocks,4.3,Million 480 Pound Bales,2025-11-15
COTTON,2025/26,Ending Stocks,4.5,Million 480 Pound Bales,2025-12-15
COTTON,2025/26,Ending Stocks,4.2,Million 480 Pound Bales,2026-01-15
COTTON,2025/26,Ending Stocks,4.4,Million 480 Pound Bales,2026-02-15
COTTON,2025/26,Ending Stocks,4.4,Million 480 Pound Bales,2026-03-15
COTTON,2025/26,Ending Stocks,4.4,Million 480 Pound Bales,2026-04-15
COTTON,2025/26,Ending Stocks,4.4,Million 480 Pound Bales,2026-05-15
COTTON,2025/26,Ending Stocks,4.2,Million 480 Pound Bales,2026-06-15
COTTON,2025/26,Ending Stocks,4.2,Million 480 Pound Bales,2026-07-15
COTTON,2025/26,"Exports, Total",12.5,Million 480 Pound Bales,2025-07-15
COTTON,2025/26,"Exports, Total",12.0,Million 480 Pound Bales,2025-08-15
COTTON,2025/26,"Exports, Total",12.0,Million 480 Pound Bales,2025-09-15
COTTON,2025/26,"Exports, Total",12.0,Million 480 Pound Bales,2025-10-15
COTTON,2025/26,"Exports, Total",12.2,Million 480 Pound Bales,2025-11-15
COTTON,2025/26,"Exports, Total",12.2,Million 480 Pound Bales,2025-12-15
COTTON,2025/26,"Exports, Total",12.2,Million 480 Pound Bales,2026-01-15
COTTON,2025/26,"Exports, Total",12.0,Million 480 Pound Bales,2026-02-15
COTTON,2025/26,"Exports, Total",12.0,Million 480 Pound Bales,2026-03-15
COTTON,2025/26,"Exports, Total",12.0,Million 480 Pound Bales,2026-04-15
COTTON,2025/26,"Exports, Total",12.0,Million 480 Pound Bales,2026-05-15
COTTON,2025/26,"Exports, Total",12.2,Million 480 Pound Bales,2026-06-15
COTTON,2025/26,"Exports, Total",12.2,Million 480 Pound Bales,2026-07-15
COTTON,2025/26,Harvested,7.36,Million Acres,2025-08-15
COTTON,2025/26,Harvested,7.37,Million Acres,2025-09-15
COTTON,2025/26,Harvested,7.37,Million Acres,2025-10-15
COTTON,2025/26,Harvested,7.37,Million Acres,2025-11-15
COTTON,2025/26,Harvested,7.37,Million Acres,2025-12-15
COTTON,2025/26,Harvested,7.8,Million Acres,2026-01-15
COTTON,2025/26,Harvested,7.8,Million Acres,2026-02-15
COTTON,2025/26,Harvested,7.8,Million Acres,2026-03-15
COTTON,2025/26,Harvested,7.8,Million Acres,2026-04-15
COTTON,2025/26,Harvested,7.83,Million Acres,2026-05-15
COTTON,2025/26,Harvested,7.83,Million Acres,2026-06-15
COTTON,2025/26,Harvested,7.83,Million Acres,2026-07-15
COTTON,2025/26,Imports,0.01,Million 480 Pound Bales,2025-07-15
COTTON,2025/26,Imports,0.01,Million 480 Pound Bales,2025-08-15
COTTON,2025/26,Imports,0.01,Million 480 Pound Bales,2025-09-15
COTTON,2025/26,Imports,0.01,Million 480 Pound Bales,2025-10-15
COTTON,2025/26,Imports,0.01,Million 480 Pound Bales,2025-11-15
COTTON,2025/26,Imports,0.01,Million 480 Pound Bales,2025-12-15
COTTON,2025/26,Imports,0.01,Million 480 Pound Bales,2026-01-15
COTTON,2025/26,Imports,0.01,Million 480 Pound Bales,2026-02-15
COTTON,2025/26,Imports,0.01,Million 480 Pound Bales,2026-03-15
COTTON,2025/26,Imports,0.01,Million 480 Pound Bales,2026-04-15
COTTON,2025/26,Imports,0.01,Million 480 Pound Bales,2026-05-15
COTTON,2025/26,Imports,0.01,Million 480 Pound Bales,2026-06-15
COTTON,2025/26,Imports,0.01,Million 480 Pound Bales,2026-07-15
COTTON,2025/26,Planted,9.28,Million Acres,2025-08-15
COTTON,2025/26,Planted,9.3,Million Acres,2025-09-15
COTTON,2025/26,Planted,9.3,Million Acres,2025-10-15
COTTON,2025/26,Planted,9.3,Million Acres,2025-11-15
COTTON,2025/26,Planted,9.3,Million Acres,2025-12-15
COTTON,2025/26,Planted,9.28,Million Acres,2026-01-15
COTTON,2025/26,Planted,9.28,Million Acres,2026-02-15
COTTON,2025/26,Planted,9.28,Million Acres,2026-03-15
COTTON,2025/26,Planted,9.28,Million Acres,2026-04-15
COTTON,2025/26,Planted,9.28,Million Acres,2026-05-15
COTTON,2025/26,Planted,9.28,Million Acres,2026-06-15
COTTON,2025/26,Planted,9.28,Million Acres,2026-07-15
COTTON,2025/26,Production,14.6,Million 480 Pound Bales,2025-07-15
COTTON,2025/26,Production,13.21,Million 480 Pound Bales,2025-08-15
COTTON,2025/26,Production,13.22,Million 480 Pound Bales,2025-09-15
COTTON,2025/26,Production,13.22,Million 480 Pound Bales,2025-10-15
COTTON,2025/26,Production,14.12,Million 480 Pound Bales,2025-11-15
COTTON,2025/26,Production,14.27,Million 480 Pound Bales,2025-12-15
COTTON,2025/26,Production,13.92,Million 480 Pound Bales,2026-01-15
COTTON,2025/26,Production,13.92,Million 480 Pound Bales,2026-02-15
COTTON,2025/26,Production,13.92,Million 480 Pound Bales,2026-03-15
COTTON,2025/26,Production,13.92,Million 480 Pound Bales,2026-04-15
COTTON,2025/26,Production,13.9,Million 480 Pound Bales,2026-05-15
COTTON,2025/26,Production,13.9,Million 480 Pound Bales,2026-06-15
COTTON,2025/26,Production,13.9,Million 480 Pound Bales,2026-07-15
COTTON,2025/26,"Supply, Total",18.71,Million 480 Pound Bales,2025-07-15
COTTON,2025/26,"Supply, Total",17.22,Million 480 Pound Bales,2025-08-15
COTTON,2025/26,"Supply, Total",17.23,Million 480 Pound Bales,2025-09-15
COTTON,2025/26,"Supply, Total",17.23,Million 480 Pound Bales,2025-10-15
COTTON,2025/26,"Supply, Total",18.12,Million 480 Pound Bales,2025-11-15
COTTON,2025/26,"Supply, Total",18.27,Million 480 Pound Bales,2025-12-15
COTTON,2025/26,"Supply, Total",17.92,Million 480 Pound Bales,2026-01-15
COTTON,2025/26,"Supply, Total",17.92,Million 480 Pound Bales,2026-02-15
COTTON,2025/26,"Supply, Total",17.92,Million 480 Pound Bales,2026-03-15
COTTON,2025/26,"Supply, Total",17.92,Million 480 Pound Bales,2026-04-15
COTTON,2025/26,"Supply, Total",17.9,Million 480 Pound Bales,2026-05-15
COTTON,2025/26,"Supply, Total",17.9,Million 480 Pound Bales,2026-06-15
COTTON,2025/26,"Supply, Total",17.9,Million 480 Pound Bales,2026-07-15
COTTON,2025/26,Unaccounted,-0.1,Million 480 Pound Bales,2025-07-15
COTTON,2025/26,Unaccounted,-0.08,Million 480 Pound Bales,2025-08-15
COTTON,2025/26,Unaccounted,-0.07,Million 480 Pound Bales,2025-09-15
COTTON,2025/26,Unaccounted,-0.07,Million 480 Pound Bales,2025-10-15
COTTON,2025/26,Unaccounted,-0.08,Million 480 Pound Bales,2025-11-15
COTTON,2025/26,Unaccounted,-0.03,Million 480 Pound Bales,2025-12-15
COTTON,2025/26,Unaccounted,-0.08,Million 480 Pound Bales,2026-01-15
COTTON,2025/26,Unaccounted,-0.08,Million 480 Pound Bales,2026-02-15
COTTON,2025/26,Unaccounted,-0.08,Million 480 Pound Bales,2026-03-15
COTTON,2025/26,Unaccounted,-0.08,Million 480 Pound Bales,2026-04-15
COTTON,2025/26,Unaccounted,-0.1,Million 480 Pound Bales,2026-05-15
COTTON,2025/26,Unaccounted,-0.05,Million 480 Pound Bales,2026-06-15
COTTON,2025/26,Unaccounted,-0.05,Million 480 Pound Bales,2026-07-15
COTTON,2025/26,"Use, Total",14.2,Million 480 Pound Bales,2025-07-15
COTTON,2025/26,"Use, Total",13.7,Million 480 Pound Bales,2025-08-15
COTTON,2025/26,"Use, Total",13.7,Million 480 Pound Bales,2025-09-15
COTTON,2025/26,"Use, Total",13.7,Million 480 Pound Bales,2025-10-15
COTTON,2025/26,"Use, Total",13.9,Million 480 Pound Bales,2025-11-15
COTTON,2025/26,"Use, Total",13.8,Million 480 Pound Bales,2025-12-15
COTTON,2025/26,"Use, Total",13.8,Million 480 Pound Bales,2026-01-15
COTTON,2025/26,"Use, Total",13.6,Million 480 Pound Bales,2026-02-15
COTTON,2025/26,"Use, Total",13.6,Million 480 Pound Bales,2026-03-15
COTTON,2025/26,"Use, Total",13.6,Million 480 Pound Bales,2026-04-15
COTTON,2025/26,"Use, Total",13.6,Million 480 Pound Bales,2026-05-15
COTTON,2025/26,"Use, Total",13.75,Million 480 Pound Bales,2026-06-15
COTTON,2025/26,"Use, Total",13.75,Million 480 Pound Bales,2026-07-15
COTTON,2025/26,Yield per Harvested Acre,862.0,Pounds,2025-08-15
COTTON,2025/26,Yield per Harvested Acre,861.0,Pounds,2025-09-15
COTTON,2025/26,Yield per Harvested Acre,861.0,Pounds,2025-10-15
COTTON,2025/26,Yield per Harvested Acre,919.0,Pounds,2025-11-15
COTTON,2025/26,Yield per Harvested Acre,929.0,Pounds,2025-12-15
COTTON,2025/26,Yield per Harvested Acre,856.0,Pounds,2026-01-15
COTTON,2025/26,Yield per Harvested Acre,856.0,Pounds,2026-02-15
COTTON,2025/26,Yield per Harvested Acre,856.0,Pounds,2026-03-15
COTTON,2025/26,Yield per Harvested Acre,856.0,Pounds,2026-04-15
COTTON,2025/26,Yield per Harvested Acre,852.0,Pounds,2026-05-15
COTTON,2025/26,Yield per Harvested Acre,852.0,Pounds,2026-06-15
COTTON,2025/26,Yield per Harvested Acre,852.0,Pounds,2026-07-15
COTTON,2026/27,Avg. Farm Price,73.0,,2026-05-15
COTTON,2026/27,Avg. Farm Price,73.0,,2026-06-15
COTTON,2026/27,Avg. Farm Price,73.0,,2026-07-15
COTTON,2026/27,Beginning Stocks,4.4,Million 480 Pound Bales,2026-05-15
COTTON,2026/27,Beginning Stocks,4.2,Million 480 Pound Bales,2026-06-15
COTTON,2026/27,Beginning Stocks,4.2,Million 480 Pound Bales,2026-07-15
COTTON,2026/27,Domestic Use,1.6,Million 480 Pound Bales,2026-05-15
COTTON,2026/27,Domestic Use,1.6,Million 480 Pound Bales,2026-06-15
COTTON,2026/27,Domestic Use,1.6,Million 480 Pound Bales,2026-07-15
COTTON,2026/27,Ending Stocks,3.9,Million 480 Pound Bales,2026-05-15
COTTON,2026/27,Ending Stocks,3.7,Million 480 Pound Bales,2026-06-15
COTTON,2026/27,Ending Stocks,4.1,Million 480 Pound Bales,2026-07-15
COTTON,2026/27,"Exports, Total",12.3,Million 480 Pound Bales,2026-05-15
COTTON,2026/27,"Exports, Total",12.3,Million 480 Pound Bales,2026-06-15
COTTON,2026/27,"Exports, Total",12.3,Million 480 Pound Bales,2026-07-15
COTTON,2026/27,Imports,0.01,Million 480 Pound Bales,2026-05-15
COTTON,2026/27,Imports,0.01,Million 480 Pound Bales,2026-06-15
COTTON,2026/27,Imports,0.01,Million 480 Pound Bales,2026-07-15
COTTON,2026/27,Production,13.3,Million 480 Pound Bales,2026-05-15
COTTON,2026/27,Production,13.3,Million 480 Pound Bales,2026-06-15
COTTON,2026/27,Production,13.7,Million 480 Pound Bales,2026-07-15
COTTON,2026/27,"Supply, Total",17.71,Million 480 Pound Bales,2026-05-15
COTTON,2026/27,"Supply, Total",17.51,Million 480 Pound Bales,2026-06-15
COTTON,2026/27,"Supply, Total",17.91,Million 480 Pound Bales,2026-07-15
COTTON,2026/27,Unaccounted,-0.1,Million 480 Pound Bales,2026-05-15
COTTON,2026/27,Unaccounted,-0.1,Million 480 Pound Bales,2026-06-15
COTTON,2026/27,Unaccounted,-0.1,Million 480 Pound Bales,2026-07-15
COTTON,2026/27,"Use, Total",13.9,Million 480 Pound Bales,2026-05-15
COTTON,2026/27,"Use, Total",13.9,Million 480 Pound Bales,2026-06-15
COTTON,2026/27,"Use, Total",13.9,Million 480 Pound Bales,2026-07-15
SOYBEANS,2023/24,Area Harvested,82.3,Million Acres,2025-08-15
SOYBEANS,2023/24,Area Harvested,82.3,Million Acres,2025-09-15
SOYBEANS,2023/24,Area Harvested,82.3,Million Acres,2025-11-15
SOYBEANS,2023/24,Area Harvested,82.3,Million Acres,2025-12-15
SOYBEANS,2023/24,Area Harvested,82.3,Million Acres,2026-01-15
SOYBEANS,2023/24,Area Harvested,82.3,Million Acres,2026-02-15
SOYBEANS,2023/24,Area Harvested,82.3,Million Acres,2026-03-15
SOYBEANS,2023/24,Area Harvested,82.3,Million Acres,2026-04-15
SOYBEANS,2023/24,Area Planted,83.6,Million Acres,2025-08-15
SOYBEANS,2023/24,Area Planted,83.6,Million Acres,2025-09-15
SOYBEANS,2023/24,Area Planted,83.6,Million Acres,2025-11-15
SOYBEANS,2023/24,Area Planted,83.6,Million Acres,2025-12-15
SOYBEANS,2023/24,Area Planted,83.6,Million Acres,2026-01-15
SOYBEANS,2023/24,Area Planted,83.6,Million Acres,2026-02-15
SOYBEANS,2023/24,Area Planted,83.6,Million Acres,2026-03-15
SOYBEANS,2023/24,Area Planted,83.6,Million Acres,2026-04-15
SOYBEANS,2023/24,Avg. Farm Price ($/bu),12.4,$/bu,2025-08-15
SOYBEANS,2023/24,Avg. Farm Price ($/bu),12.4,$/bu,2025-09-15
SOYBEANS,2023/24,Avg. Farm Price ($/bu),12.4,$/bu,2025-11-15
SOYBEANS,2023/24,Avg. Farm Price ($/bu),12.4,$/bu,2025-12-15
SOYBEANS,2023/24,Avg. Farm Price ($/bu),12.4,$/bu,2026-01-15
SOYBEANS,2023/24,Avg. Farm Price ($/bu),12.4,$/bu,2026-02-15
SOYBEANS,2023/24,Avg. Farm Price ($/bu),12.4,$/bu,2026-03-15
SOYBEANS,2023/24,Avg. Farm Price ($/bu),12.4,$/bu,2026-04-15
SOYBEANS,2023/24,Beginning Stocks,264.0,Million Bushels,2025-08-15
SOYBEANS,2023/24,Beginning Stocks,264.0,Million Bushels,2025-09-15
SOYBEANS,2023/24,Beginning Stocks,264.0,Million Bushels,2025-11-15
SOYBEANS,2023/24,Beginning Stocks,264.0,Million Bushels,2025-12-15
SOYBEANS,2023/24,Beginning Stocks,264.0,Million Bushels,2026-01-15
SOYBEANS,2023/24,Beginning Stocks,264.0,Million Bushels,2026-02-15
SOYBEANS,2023/24,Beginning Stocks,264.0,Million Bushels,2026-03-15
SOYBEANS,2023/24,Beginning Stocks,264.0,Million Bushels,2026-04-15
SOYBEANS,2023/24,Crushings,2285.0,Million Bushels,2025-08-15
SOYBEANS,2023/24,Crushings,2285.0,Million Bushels,2025-09-15
SOYBEANS,2023/24,Crushings,2285.0,Million Bushels,2025-11-15
SOYBEANS,2023/24,Crushings,2285.0,Million Bushels,2025-12-15
SOYBEANS,2023/24,Crushings,2285.0,Million Bushels,2026-01-15
SOYBEANS,2023/24,Crushings,2285.0,Million Bushels,2026-02-15
SOYBEANS,2023/24,Crushings,2285.0,Million Bushels,2026-03-15
SOYBEANS,2023/24,Crushings,2285.0,Million Bushels,2026-04-15
SOYBEANS,2023/24,Ending Stocks,342.0,Million Bushels,2025-08-15
SOYBEANS,2023/24,Ending Stocks,342.0,Million Bushels,2025-09-15
SOYBEANS,2023/24,Ending Stocks,342.0,Million Bushels,2025-11-15
SOYBEANS,2023/24,Ending Stocks,342.0,Million Bushels,2025-12-15
SOYBEANS,2023/24,Ending Stocks,342.0,Million Bushels,2026-01-15
SOYBEANS,2023/24,Ending Stocks,342.0,Million Bushels,2026-02-15
SOYBEANS,2023/24,Ending Stocks,342.0,Million Bushels,2026-03-15
SOYBEANS,2023/24,Ending Stocks,342.0,Million Bushels,2026-04-15
SOYBEANS,2023/24,Exports,1700.0,Million Bushels,2025-08-15
SOYBEANS,2023/24,Exports,1700.0,Million Bushels,2025-09-15
SOYBEANS,2023/24,Exports,1700.0,Million Bushels,2025-11-15
SOYBEANS,2023/24,Exports,1700.0,Million Bushels,2025-12-15
SOYBEANS,2023/24,Exports,1700.0,Million Bushels,2026-01-15
SOYBEANS,2023/24,Exports,1700.0,Million Bushels,2026-02-15
SOYBEANS,2023/24,Exports,1700.0,Million Bushels,2026-03-15
SOYBEANS,2023/24,Exports,1700.0,Million Bushels,2026-04-15
SOYBEANS,2023/24,Imports,21.0,Million Bushels,2025-08-15
SOYBEANS,2023/24,Imports,21.0,Million Bushels,2025-09-15
SOYBEANS,2023/24,Imports,21.0,Million Bushels,2025-11-15
SOYBEANS,2023/24,Imports,21.0,Million Bushels,2025-12-15
SOYBEANS,2023/24,Imports,21.0,Million Bushels,2026-01-15
SOYBEANS,2023/24,Imports,21.0,Million Bushels,2026-02-15
SOYBEANS,2023/24,Imports,21.0,Million Bushels,2026-03-15
SOYBEANS,2023/24,Imports,21.0,Million Bushels,2026-04-15
SOYBEANS,2023/24,Production,4162.0,Million Bushels,2025-08-15
SOYBEANS,2023/24,Production,4162.0,Million Bushels,2025-09-15
SOYBEANS,2023/24,Production,4162.0,Million Bushels,2025-11-15
SOYBEANS,2023/24,Production,4162.0,Million Bushels,2025-12-15
SOYBEANS,2023/24,Production,4162.0,Million Bushels,2026-01-15
SOYBEANS,2023/24,Production,4162.0,Million Bushels,2026-02-15
SOYBEANS,2023/24,Production,4162.0,Million Bushels,2026-03-15
SOYBEANS,2023/24,Production,4162.0,Million Bushels,2026-04-15
SOYBEANS,2023/24,Residual,44.0,Million Bushels,2025-08-15
SOYBEANS,2023/24,Residual,44.0,Million Bushels,2025-09-15
SOYBEANS,2023/24,Residual,44.0,Million Bushels,2025-11-15
SOYBEANS,2023/24,Residual,44.0,Million Bushels,2025-12-15
SOYBEANS,2023/24,Residual,44.0,Million Bushels,2026-01-15
SOYBEANS,2023/24,Residual,44.0,Million Bushels,2026-02-15
SOYBEANS,2023/24,Residual,44.0,Million Bushels,2026-03-15
SOYBEANS,2023/24,Residual,44.0,Million Bushels,2026-04-15
SOYBEANS,2023/24,Seed,75.0,Million Bushels,2025-08-15
SOYBEANS,2023/24,Seed,75.0,Million Bushels,2025-09-15
SOYBEANS,2023/24,Seed,75.0,Million Bushels,2025-11-15
SOYBEANS,2023/24,Seed,75.0,Million Bushels,2025-12-15
SOYBEANS,2023/24,Seed,75.0,Million Bushels,2026-01-15
SOYBEANS,2023/24,Seed,75.0,Million Bushels,2026-02-15
SOYBEANS,2023/24,Seed,75.0,Million Bushels,2026-03-15
SOYBEANS,2023/24,Seed,75.0,Million Bushels,2026-04-15
SOYBEANS,2023/24,"Supply, Total",4447.0,Million Bushels,2025-08-15
SOYBEANS,2023/24,"Supply, Total",4447.0,Million Bushels,2025-09-15
SOYBEANS,2023/24,"Supply, Total",4447.0,Million Bushels,2025-11-15
SOYBEANS,2023/24,"Supply, Total",4447.0,Million Bushels,2025-12-15
SOYBEANS,2023/24,"Supply, Total",4447.0,Million Bushels,2026-01-15
SOYBEANS,2023/24,"Supply, Total",4447.0,Million Bushels,2026-02-15
SOYBEANS,2023/24,"Supply, Total",4447.0,Million Bushels,2026-03-15
SOYBEANS,2023/24,"Supply, Total",4447.0,Million Bushels,2026-04-15
SOYBEANS,2023/24,"Use, Total",4105.0,Million Bushels,2025-08-15
SOYBEANS,2023/24,"Use, Total",4105.0,Million Bushels,2025-09-15
SOYBEANS,2023/24,"Use, Total",4105.0,Million Bushels,2025-11-15
SOYBEANS,2023/24,"Use, Total",4105.0,Million Bushels,2025-12-15
SOYBEANS,2023/24,"Use, Total",4105.0,Million Bushels,2026-01-15
SOYBEANS,2023/24,"Use, Total",4105.0,Million Bushels,2026-02-15
SOYBEANS,2023/24,"Use, Total",4105.0,Million Bushels,2026-03-15
SOYBEANS,2023/24,"Use, Total",4105.0,Million Bushels,2026-04-15
SOYBEANS,2023/24,Yield per Harvested Acre,50.6,Bushels,2025-08-15
SOYBEANS,2023/24,Yield per Harvested Acre,50.6,Bushels,2025-09-15
SOYBEANS,2023/24,Yield per Harvested Acre,50.6,Bushels,2025-11-15
SOYBEANS,2023/24,Yield per Harvested Acre,50.6,Bushels,2025-12-15
SOYBEANS,2023/24,Yield per Harvested Acre,50.6,Bushels,2026-01-15
SOYBEANS,2023/24,Yield per Harvested Acre,50.6,Bushels,2026-02-15
SOYBEANS,2023/24,Yield per Harvested Acre,50.6,Bushels,2026-03-15
SOYBEANS,2023/24,Yield per Harvested Acre,50.6,Bushels,2026-04-15
SOYBEANS,2024/25,Area Harvested,86.1,Million Acres,2025-08-15
SOYBEANS,2024/25,Area Harvested,86.1,Million Acres,2025-09-15
SOYBEANS,2024/25,Area Harvested,86.2,Million Acres,2025-11-15
SOYBEANS,2024/25,Area Harvested,86.2,Million Acres,2025-12-15
SOYBEANS,2024/25,Area Harvested,86.2,Million Acres,2026-01-15
SOYBEANS,2024/25,Area Harvested,86.2,Million Acres,2026-02-15
SOYBEANS,2024/25,Area Harvested,86.2,Million Acres,2026-03-15
SOYBEANS,2024/25,Area Harvested,86.2,Million Acres,2026-04-15
SOYBEANS,2024/25,Area Harvested,86.2,Million Acres,2026-05-15
SOYBEANS,2024/25,Area Harvested,86.2,Million Acres,2026-06-15
SOYBEANS,2024/25,Area Harvested,86.2,Million Acres,2026-07-15
SOYBEANS,2024/25,Area Planted,87.1,Million Acres,2025-08-15
SOYBEANS,2024/25,Area Planted,87.1,Million Acres,2025-09-15
SOYBEANS,2024/25,Area Planted,87.3,Million Acres,2025-11-15
SOYBEANS,2024/25,Area Planted,87.3,Million Acres,2025-12-15
SOYBEANS,2024/25,Area Planted,87.3,Million Acres,2026-01-15
SOYBEANS,2024/25,Area Planted,87.3,Million Acres,2026-02-15
SOYBEANS,2024/25,Area Planted,87.3,Million Acres,2026-03-15
SOYBEANS,2024/25,Area Planted,87.3,Million Acres,2026-04-15
SOYBEANS,2024/25,Area Planted,87.3,Million Acres,2026-05-15
SOYBEANS,2024/25,Area Planted,87.3,Million Acres,2026-06-15
SOYBEANS,2024/25,Area Planted,87.3,Million Acres,2026-07-15
SOYBEANS,2024/25,Avg. Farm Price ($/bu),10.0,$/bu,2025-08-15
SOYBEANS,2024/25,Avg. Farm Price ($/bu),10.0,$/bu,2025-09-15
SOYBEANS,2024/25,Avg. Farm Price ($/bu),10.0,$/bu,2025-11-15
SOYBEANS,2024/25,Avg. Farm Price ($/bu),10.0,$/bu,2025-12-15
SOYBEANS,2024/25,Avg. Farm Price ($/bu),10.0,$/bu,2026-01-15
SOYBEANS,2024/25,Avg. Farm Price ($/bu),10.0,$/bu,2026-02-15
SOYBEANS,2024/25,Avg. Farm Price ($/bu),10.0,$/bu,2026-03-15
SOYBEANS,2024/25,Avg. Farm Price ($/bu),10.0,$/bu,2026-04-15
SOYBEANS,2024/25,Avg. Farm Price ($/bu),10.0,$/bu,2026-05-15
SOYBEANS,2024/25,Avg. Farm Price ($/bu),10.0,$/bu,2026-06-15
SOYBEANS,2024/25,Avg. Farm Price ($/bu),10.0,$/bu,2026-07-15
SOYBEANS,2024/25,Beginning Stocks,342.0,Million Bushels,2025-08-15
SOYBEANS,2024/25,Beginning Stocks,342.0,Million Bushels,2025-09-15
SOYBEANS,2024/25,Beginning Stocks,342.0,Million Bushels,2025-11-15
SOYBEANS,2024/25,Beginning Stocks,342.0,Million Bushels,2025-12-15
SOYBEANS,2024/25,Beginning Stocks,342.0,Million Bushels,2026-01-15
SOYBEANS,2024/25,Beginning Stocks,342.0,Million Bushels,2026-02-15
SOYBEANS,2024/25,Beginning Stocks,342.0,Million Bushels,2026-03-15
SOYBEANS,2024/25,Beginning Stocks,342.0,Million Bushels,2026-04-15
SOYBEANS,2024/25,Beginning Stocks,342.0,Million Bushels,2026-05-15
SOYBEANS,2024/25,Beginning Stocks,342.0,Million Bushels,2026-06-15
SOYBEANS,2024/25,Beginning Stocks,342.0,Million Bushels,2026-07-15
SOYBEANS,2024/25,Crushings,2430.0,Million Bushels,2025-08-15
SOYBEANS,2024/25,Crushings,2430.0,Million Bushels,2025-09-15
SOYBEANS,2024/25,Crushings,2445.0,Million Bushels,2025-11-15
SOYBEANS,2024/25,Crushings,2445.0,Million Bushels,2025-12-15
SOYBEANS,2024/25,Crushings,2445.0,Million Bushels,2026-01-15
SOYBEANS,2024/25,Crushings,2445.0,Million Bushels,2026-02-15
SOYBEANS,2024/25,Crushings,2445.0,Million Bushels,2026-03-15
SOYBEANS,2024/25,Crushings,2445.0,Million Bushels,2026-04-15
SOYBEANS,2024/25,Crushings,2445.0,Million Bushels,2026-05-15
SOYBEANS,2024/25,Crushings,2445.0,Million Bushels,2026-06-15
SOYBEANS,2024/25,Crushings,2445.0,Million Bushels,2026-07-15
SOYBEANS,2024/25,Ending Stocks,330.0,Million Bushels,2025-08-15
SOYBEANS,2024/25,Ending Stocks,330.0,Million Bushels,2025-09-15
SOYBEANS,2024/25,Ending Stocks,316.0,Million Bushels,2025-11-15
SOYBEANS,2024/25,Ending Stocks,316.0,Million Bushels,2025-12-15
SOYBEANS,2024/25,Ending Stocks,325.0,Million Bushels,2026-01-15
SOYBEANS,2024/25,Ending Stocks,325.0,Million Bushels,2026-02-15
SOYBEANS,2024/25,Ending Stocks,325.0,Million Bushels,2026-03-15
SOYBEANS,2024/25,Ending Stocks,325.0,Million Bushels,2026-04-15
SOYBEANS,2024/25,Ending Stocks,325.0,Million Bushels,2026-05-15
SOYBEANS,2024/25,Ending Stocks,325.0,Million Bushels,2026-06-15
SOYBEANS,2024/25,Ending Stocks,325.0,Million Bushels,2026-07-15
SOYBEANS,2024/25,Exports,1875.0,Million Bushels,2025-08-15
SOYBEANS,2024/25,Exports,1875.0,Million Bushels,2025-09-15
SOYBEANS,2024/25,Exports,1875.0,Million Bushels,2025-11-15
SOYBEANS,2024/25,Exports,1882.0,Million Bushels,2025-12-15
SOYBEANS,2024/25,Exports,1882.0,Million Bushels,2026-01-15
SOYBEANS,2024/25,Exports,1882.0,Million Bushels,2026-02-15
SOYBEANS,2024/25,Exports,1882.0,Million Bushels,2026-03-15
SOYBEANS,2024/25,Exports,1882.0,Million Bushels,2026-04-15
SOYBEANS,2024/25,Exports,1882.0,Million Bushels,2026-05-15
SOYBEANS,2024/25,Exports,1882.0,Million Bushels,2026-06-15
SOYBEANS,2024/25,Exports,1892.0,Million Bushels,2026-07-15
SOYBEANS,2024/25,Imports,25.0,Million Bushels,2025-08-15
SOYBEANS,2024/25,Imports,27.0,Million Bushels,2025-09-15
SOYBEANS,2024/25,Imports,27.0,Million Bushels,2025-11-15
SOYBEANS,2024/25,Imports,29.0,Million Bushels,2025-12-15
SOYBEANS,2024/25,Imports,29.0,Million Bushels,2026-01-15
SOYBEANS,2024/25,Imports,29.0,Million Bushels,2026-02-15
SOYBEANS,2024/25,Imports,29.0,Million Bushels,2026-03-15
SOYBEANS,2024/25,Imports,29.0,Million Bushels,2026-04-15
SOYBEANS,2024/25,Imports,29.0,Million Bushels,2026-05-15
SOYBEANS,2024/25,Imports,29.0,Million Bushels,2026-06-15
SOYBEANS,2024/25,Imports,30.0,Million Bushels,2026-07-15
SOYBEANS,2024/25,Production,4366.0,Million Bushels,2025-08-15
SOYBEANS,2024/25,Production,4366.0,Million Bushels,2025-09-15
SOYBEANS,2024/25,Production,4374.0,Million Bushels,2025-11-15
SOYBEANS,2024/25,Production,4374.0,Million Bushels,2025-12-15
SOYBEANS,2024/25,Production,4374.0,Million Bushels,2026-01-15
SOYBEANS,2024/25,Production,4374.0,Million Bushels,2026-02-15
SOYBEANS,2024/25,Production,4374.0,Million Bushels,2026-03-15
SOYBEANS,2024/25,Production,4374.0,Million Bushels,2026-04-15
SOYBEANS,2024/25,Production,4374.0,Million Bushels,2026-05-15
SOYBEANS,2024/25,Production,4374.0,Million Bushels,2026-06-15
SOYBEANS,2024/25,Production,4374.0,Million Bushels,2026-07-15
SOYBEANS,2024/25,Residual,29.0,Million Bushels,2025-08-15
SOYBEANS,2024/25,Residual,31.0,Million Bushels,2025-09-15
SOYBEANS,2024/25,Residual,37.0,Million Bushels,2025-11-15
SOYBEANS,2024/25,Residual,32.0,Million Bushels,2025-12-15
SOYBEANS,2024/25,Residual,23.0,Million Bushels,2026-01-15
SOYBEANS,2024/25,Residual,23.0,Million Bushels,2026-02-15
SOYBEANS,2024/25,Residual,23.0,Million Bushels,2026-03-15
SOYBEANS,2024/25,Residual,23.0,Million Bushels,2026-04-15
SOYBEANS,2024/25,Residual,23.0,Million Bushels,2026-05-15
SOYBEANS,2024/25,Residual,23.0,Million Bushels,2026-06-15
SOYBEANS,2024/25,Residual,14.0,Million Bushels,2026-07-15
SOYBEANS,2024/25,Seed,70.0,Million Bushels,2025-08-15
SOYBEANS,2024/25,Seed,70.0,Million Bushels,2025-09-15
SOYBEANS,2024/25,Seed,70.0,Million Bushels,2025-11-15
SOYBEANS,2024/25,Seed,70.0,Million Bushels,2025-12-15
SOYBEANS,2024/25,Seed,70.0,Million Bushels,2026-01-15
SOYBEANS,2024/25,Seed,70.0,Million Bushels,2026-02-15
SOYBEANS,2024/25,Seed,70.0,Million Bushels,2026-03-15
SOYBEANS,2024/25,Seed,70.0,Million Bushels,2026-04-15
SOYBEANS,2024/25,Seed,70.0,Million Bushels,2026-05-15
SOYBEANS,2024/25,Seed,70.0,Million Bushels,2026-06-15
SOYBEANS,2024/25,Seed,70.0,Million Bushels,2026-07-15
SOYBEANS,2024/25,"Supply, Total",4734.0,Million Bushels,2025-08-15
SOYBEANS,2024/25,"Supply, Total",4736.0,Million Bushels,2025-09-15
SOYBEANS,2024/25,"Supply, Total",4744.0,Million Bushels,2025-11-15
SOYBEANS,2024/25,"Supply, Total",4746.0,Million Bushels,2025-12-15
SOYBEANS,2024/25,"Supply, Total",4746.0,Million Bushels,2026-01-15
SOYBEANS,2024/25,"Supply, Total",4746.0,Million Bushels,2026-02-15
SOYBEANS,2024/25,"Supply, Total",4746.0,Million Bushels,2026-03-15
SOYBEANS,2024/25,"Supply, Total",4746.0,Million Bushels,2026-04-15
SOYBEANS,2024/25,"Supply, Total",4746.0,Million Bushels,2026-05-15
SOYBEANS,2024/25,"Supply, Total",4746.0,Million Bushels,2026-06-15
SOYBEANS,2024/25,"Supply, Total",4746.0,Million Bushels,2026-07-15
SOYBEANS,2024/25,"Use, Total",4404.0,Million Bushels,2025-08-15
SOYBEANS,2024/25,"Use, Total",4406.0,Million Bushels,2025-09-15
SOYBEANS,2024/25,"Use, Total",4427.0,Million Bushels,2025-11-15
SOYBEANS,2024/25,"Use, Total",4429.0,Million Bushels,2025-12-15
SOYBEANS,2024/25,"Use, Total",4421.0,Million Bushels,2026-01-15
SOYBEANS,2024/25,"Use, Total",4421.0,Million Bushels,2026-02-15
SOYBEANS,2024/25,"Use, Total",4421.0,Million Bushels,2026-03-15
SOYBEANS,2024/25,"Use, Total",4421.0,Million Bushels,2026-04-15
SOYBEANS,2024/25,"Use, Total",4421.0,Million Bushels,2026-05-15
SOYBEANS,2024/25,"Use, Total",4421.0,Million Bushels,2026-06-15
SOYBEANS,2024/25,"Use, Total",4421.0,Million Bushels,2026-07-15
SOYBEANS,2024/25,Yield per Harvested Acre,50.7,Bushels,2025-08-15
SOYBEANS,2024/25,Yield per Harvested Acre,50.7,Bushels,2025-09-15
SOYBEANS,2024/25,Yield per Harvested Acre,50.7,Bushels,2025-11-15
SOYBEANS,2024/25,Yield per Harvested Acre,50.7,Bushels,2025-12-15
SOYBEANS,2024/25,Yield per Harvested Acre,50.7,Bushels,2026-01-15
SOYBEANS,2024/25,Yield per Harvested Acre,50.7,Bushels,2026-02-15
SOYBEANS,2024/25,Yield per Harvested Acre,50.7,Bushels,2026-03-15
SOYBEANS,2024/25,Yield per Harvested Acre,50.7,Bushels,2026-04-15
SOYBEANS,2024/25,Yield per Harvested Acre,50.7,Bushels,2026-05-15
SOYBEANS,2024/25,Yield per Harvested Acre,50.7,Bushels,2026-06-15
SOYBEANS,2024/25,Yield per Harvested Acre,50.7,Bushels,2026-07-15
SOYBEANS,2025/26,Area Harvested,80.1,Million Acres,2025-08-15
SOYBEANS,2025/26,Area Harvested,80.3,Million Acres,2025-09-15
SOYBEANS,2025/26,Area Harvested,80.3,Million Acres,2025-10-15
SOYBEANS,2025/26,Area Harvested,80.3,Million Acres,2025-11-15
SOYBEANS,2025/26,Area Harvested,80.3,Million Acres,2025-12-15
SOYBEANS,2025/26,Area Harvested,80.4,Million Acres,2026-01-15
SOYBEANS,2025/26,Area Harvested,80.4,Million Acres,2026-02-15
SOYBEANS,2025/26,Area Harvested,80.4,Million Acres,2026-03-15
SOYBEANS,2025/26,Area Harvested,80.4,Million Acres,2026-04-15
SOYBEANS,2025/26,Area Harvested,80.4,Million Acres,2026-05-15
SOYBEANS,2025/26,Area Harvested,80.4,Million Acres,2026-06-15
SOYBEANS,2025/26,Area Harvested,80.4,Million Acres,2026-07-15
SOYBEANS,2025/26,Area Planted,80.9,Million Acres,2025-08-15
SOYBEANS,2025/26,Area Planted,81.1,Million Acres,2025-09-15
SOYBEANS,2025/26,Area Planted,81.1,Million Acres,2025-10-15
SOYBEANS,2025/26,Area Planted,81.1,Million Acres,2025-11-15
SOYBEANS,2025/26,Area Planted,81.1,Million Acres,2025-12-15
SOYBEANS,2025/26,Area Planted,81.2,Million Acres,2026-01-15
SOYBEANS,2025/26,Area Planted,81.2,Million Acres,2026-02-15
SOYBEANS,2025/26,Area Planted,81.2,Million Acres,2026-03-15
SOYBEANS,2025/26,Area Planted,81.2,Million Acres,2026-04-15
SOYBEANS,2025/26,Area Planted,81.2,Million Acres,2026-05-15
SOYBEANS,2025/26,Area Planted,81.2,Million Acres,2026-06-15
SOYBEANS,2025/26,Area Planted,81.2,Million Acres,2026-07-15
SOYBEANS,2025/26,Avg. Farm Price ($/bu),10.1,$/bu,2025-07-15
SOYBEANS,2025/26,Avg. Farm Price ($/bu),10.1,$/bu,2025-08-15
SOYBEANS,2025/26,Avg. Farm Price ($/bu),10.0,$/bu,2025-09-15
SOYBEANS,2025/26,Avg. Farm Price ($/bu),10.0,$/bu,2025-10-15
SOYBEANS,2025/26,Avg. Farm Price ($/bu),10.5,$/bu,2025-11-15
SOYBEANS,2025/26,Avg. Farm Price ($/bu),10.5,$/bu,2025-12-15
SOYBEANS,2025/26,Avg. Farm Price ($/bu),10.2,$/bu,2026-01-15
SOYBEANS,2025/26,Avg. Farm Price ($/bu),10.2,$/bu,2026-02-15
SOYBEANS,2025/26,Avg. Farm Price ($/bu),10.2,$/bu,2026-03-15
SOYBEANS,2025/26,Avg. Farm Price ($/bu),10.3,$/bu,2026-04-15
SOYBEANS,2025/26,Avg. Farm Price ($/bu),10.4,$/bu,2026-05-15
SOYBEANS,2025/26,Avg. Farm Price ($/bu),10.4,$/bu,2026-06-15
SOYBEANS,2025/26,Avg. Farm Price ($/bu),10.4,$/bu,2026-07-15
SOYBEANS,2025/26,Beginning Stocks,350.0,Million Bushels,2025-07-15
SOYBEANS,2025/26,Beginning Stocks,330.0,Million Bushels,2025-08-15
SOYBEANS,2025/26,Beginning Stocks,330.0,Million Bushels,2025-09-15
SOYBEANS,2025/26,Beginning Stocks,330.0,Million Bushels,2025-10-15
SOYBEANS,2025/26,Beginning Stocks,316.0,Million Bushels,2025-11-15
SOYBEANS,2025/26,Beginning Stocks,316.0,Million Bushels,2025-12-15
SOYBEANS,2025/26,Beginning Stocks,325.0,Million Bushels,2026-01-15
SOYBEANS,2025/26,Beginning Stocks,325.0,Million Bushels,2026-02-15
SOYBEANS,2025/26,Beginning Stocks,325.0,Million Bushels,2026-03-15
SOYBEANS,2025/26,Beginning Stocks,325.0,Million Bushels,2026-04-15
SOYBEANS,2025/26,Beginning Stocks,325.0,Million Bushels,2026-05-15
SOYBEANS,2025/26,Beginning Stocks,325.0,Million Bushels,2026-06-15
SOYBEANS,2025/26,Beginning Stocks,325.0,Million Bushels,2026-07-15
SOYBEANS,2025/26,Crushings,2540.0,Million Bushels,2025-07-15
SOYBEANS,2025/26,Crushings,2540.0,Million Bushels,2025-08-15
SOYBEANS,2025/26,Crushings,2555.0,Million Bushels,2025-09-15
SOYBEANS,2025/26,Crushings,2555.0,Million Bushels,2025-10-15
SOYBEANS,2025/26,Crushings,2555.0,Million Bushels,2025-11-15
SOYBEANS,2025/26,Crushings,2555.0,Million Bushels,2025-12-15
SOYBEANS,2025/26,Crushings,2570.0,Million Bushels,2026-01-15
SOYBEANS,2025/26,Crushings,2570.0,Million Bushels,2026-02-15
SOYBEANS,2025/26,Crushings,2575.0,Million Bushels,2026-03-15
SOYBEANS,2025/26,Crushings,2610.0,Million Bushels,2026-04-15
SOYBEANS,2025/26,Crushings,2630.0,Million Bushels,2026-05-15
SOYBEANS,2025/26,Crushings,2650.0,Million Bushels,2026-06-15
SOYBEANS,2025/26,Crushings,2650.0,Million Bushels,2026-07-15
SOYBEANS,2025/26,Ending Stocks,310.0,Million Bushels,2025-07-15
SOYBEANS,2025/26,Ending Stocks,290.0,Million Bushels,2025-08-15
SOYBEANS,2025/26,Ending Stocks,300.0,Million Bushels,2025-09-15
SOYBEANS,2025/26,Ending Stocks,300.0,Million Bushels,2025-10-15
SOYBEANS,2025/26,Ending Stocks,290.0,Million Bushels,2025-11-15
SOYBEANS,2025/26,Ending Stocks,290.0,Million Bushels,2025-12-15
SOYBEANS,2025/26,Ending Stocks,350.0,Million Bushels,2026-01-15
SOYBEANS,2025/26,Ending Stocks,350.0,Million Bushels,2026-02-15
SOYBEANS,2025/26,Ending Stocks,350.0,Million Bushels,2026-03-15
SOYBEANS,2025/26,Ending Stocks,350.0,Million Bushels,2026-04-15
SOYBEANS,2025/26,Ending Stocks,340.0,Million Bushels,2026-05-15
SOYBEANS,2025/26,Ending Stocks,340.0,Million Bushels,2026-06-15
SOYBEANS,2025/26,Ending Stocks,330.0,Million Bushels,2026-07-15
SOYBEANS,2025/26,Exports,1745.0,Million Bushels,2025-07-15
SOYBEANS,2025/26,Exports,1705.0,Million Bushels,2025-08-15
SOYBEANS,2025/26,Exports,1685.0,Million Bushels,2025-09-15
SOYBEANS,2025/26,Exports,1685.0,Million Bushels,2025-10-15
SOYBEANS,2025/26,Exports,1635.0,Million Bushels,2025-11-15
SOYBEANS,2025/26,Exports,1635.0,Million Bushels,2025-12-15
SOYBEANS,2025/26,Exports,1575.0,Million Bushels,2026-01-15
SOYBEANS,2025/26,Exports,1575.0,Million Bushels,2026-02-15
SOYBEANS,2025/26,Exports,1575.0,Million Bushels,2026-03-15
SOYBEANS,2025/26,Exports,1540.0,Million Bushels,2026-04-15
SOYBEANS,2025/26,Exports,1530.0,Million Bushels,2026-05-15
SOYBEANS,2025/26,Exports,1510.0,Million Bushels,2026-06-15
SOYBEANS,2025/26,Exports,1520.0,Million Bushels,2026-07-15
SOYBEANS,2025/26,Imports,20.0,Million Bushels,2025-07-15
SOYBEANS,2025/26,Imports,20.0,Million Bushels,2025-08-15
SOYBEANS,2025/26,Imports,20.0,Million Bushels,2025-09-15
SOYBEANS,2025/26,Imports,20.0,Million Bushels,2025-10-15
SOYBEANS,2025/26,Imports,20.0,Million Bushels,2025-11-15
SOYBEANS,2025/26,Imports,20.0,Million Bushels,2025-12-15
SOYBEANS,2025/26,Imports,20.0,Million Bushels,2026-01-15
SOYBEANS,2025/26,Imports,20.0,Million Bushels,2026-02-15
SOYBEANS,2025/26,Imports,25.0,Million Bushels,2026-03-15
SOYBEANS,2025/26,Imports,25.0,Million Bushels,2026-04-15
SOYBEANS,2025/26,Imports,25.0,Million Bushels,2026-05-15
SOYBEANS,2025/26,Imports,25.0,Million Bushels,2026-06-15
SOYBEANS,2025/26,Imports,25.0,Million Bushels,2026-07-15
SOYBEANS,2025/26,Production,4335.0,Million Bushels,2025-07-15
SOYBEANS,2025/26,Production,4292.0,Million Bushels,2025-08-15
SOYBEANS,2025/26,Production,4301.0,Million Bushels,2025-09-15
SOYBEANS,2025/26,Production,4301.0,Million Bushels,2025-10-15
SOYBEANS,2025/26,Production,4253.0,Million Bushels,2025-11-15
SOYBEANS,2025/26,Production,4253.0,Million Bushels,2025-12-15
SOYBEANS,2025/26,Production,4262.0,Million Bushels,2026-01-15
SOYBEANS,2025/26,Production,4262.0,Million Bushels,2026-02-15
SOYBEANS,2025/26,Production,4262.0,Million Bushels,2026-03-15
SOYBEANS,2025/26,Production,4262.0,Million Bushels,2026-04-15
SOYBEANS,2025/26,Production,4262.0,Million Bushels,2026-05-15
SOYBEANS,2025/26,Production,4262.0,Million Bushels,2026-06-15
SOYBEANS,2025/26,Production,4262.0,Million Bushels,2026-07-15
SOYBEANS,2025/26,Residual,37.0,Million Bushels,2025-07-15
SOYBEANS,2025/26,Residual,34.0,Million Bushels,2025-08-15
SOYBEANS,2025/26,Residual,37.0,Million Bushels,2025-09-15
SOYBEANS,2025/26,Residual,37.0,Million Bushels,2025-10-15
SOYBEANS,2025/26,Residual,37.0,Million Bushels,2025-11-15
SOYBEANS,2025/26,Residual,37.0,Million Bushels,2025-12-15
SOYBEANS,2025/26,Residual,39.0,Million Bushels,2026-01-15
SOYBEANS,2025/26,Residual,39.0,Million Bushels,2026-02-15
SOYBEANS,2025/26,Residual,39.0,Million Bushels,2026-03-15
SOYBEANS,2025/26,Residual,39.0,Million Bushels,2026-04-15
SOYBEANS,2025/26,Residual,39.0,Million Bushels,2026-05-15
SOYBEANS,2025/26,Residual,39.0,Million Bushels,2026-06-15
SOYBEANS,2025/26,Residual,38.0,Million Bushels,2026-07-15
SOYBEANS,2025/26,Seed,73.0,Million Bushels,2025-07-15
SOYBEANS,2025/26,Seed,73.0,Million Bushels,2025-08-15
SOYBEANS,2025/26,Seed,73.0,Million Bushels,2025-09-15
SOYBEANS,2025/26,Seed,73.0,Million Bushels,2025-10-15
SOYBEANS,2025/26,Seed,73.0,Million Bushels,2025-11-15
SOYBEANS,2025/26,Seed,73.0,Million Bushels,2025-12-15
SOYBEANS,2025/26,Seed,73.0,Million Bushels,2026-01-15
SOYBEANS,2025/26,Seed,73.0,Million Bushels,2026-02-15
SOYBEANS,2025/26,Seed,73.0,Million Bushels,2026-03-15
SOYBEANS,2025/26,Seed,73.0,Million Bushels,2026-04-15
SOYBEANS,2025/26,Seed,73.0,Million Bushels,2026-05-15
SOYBEANS,2025/26,Seed,73.0,Million Bushels,2026-06-15
SOYBEANS,2025/26,Seed,74.0,Million Bushels,2026-07-15
SOYBEANS,2025/26,"Supply, Total",4705.0,Million Bushels,2025-07-15
SOYBEANS,2025/26,"Supply, Total",4642.0,Million Bushels,2025-08-15
SOYBEANS,2025/26,"Supply, Total",4651.0,Million Bushels,2025-09-15
SOYBEANS,2025/26,"Supply, Total",4651.0,Million Bushels,2025-10-15
SOYBEANS,2025/26,"Supply, Total",4590.0,Million Bushels,2025-11-15
SOYBEANS,2025/26,"Supply, Total",4590.0,Million Bushels,2025-12-15
SOYBEANS,2025/26,"Supply, Total",4607.0,Million Bushels,2026-01-15
SOYBEANS,2025/26,"Supply, Total",4607.0,Million Bushels,2026-02-15
SOYBEANS,2025/26,"Supply, Total",4612.0,Million Bushels,2026-03-15
SOYBEANS,2025/26,"Supply, Total",4612.0,Million Bushels,2026-04-15
SOYBEANS,2025/26,"Supply, Total",4612.0,Million Bushels,2026-05-15
SOYBEANS,2025/26,"Supply, Total",4612.0,Million Bushels,2026-06-15
SOYBEANS,2025/26,"Supply, Total",4612.0,Million Bushels,2026-07-15
SOYBEANS,2025/26,"Use, Total",4395.0,Million Bushels,2025-07-15
SOYBEANS,2025/26,"Use, Total",4352.0,Million Bushels,2025-08-15
SOYBEANS,2025/26,"Use, Total",4351.0,Million Bushels,2025-09-15
SOYBEANS,2025/26,"Use, Total",4351.0,Million Bushels,2025-10-15
SOYBEANS,2025/26,"Use, Total",4300.0,Million Bushels,2025-11-15
SOYBEANS,2025/26,"Use, Total",4300.0,Million Bushels,2025-12-15
SOYBEANS,2025/26,"Use, Total",4257.0,Million Bushels,2026-01-15
SOYBEANS,2025/26,"Use, Total",4257.0,Million Bushels,2026-02-15
SOYBEANS,2025/26,"Use, Total",4262.0,Million Bushels,2026-03-15
SOYBEANS,2025/26,"Use, Total",4262.0,Million Bushels,2026-04-15
SOYBEANS,2025/26,"Use, Total",4272.0,Million Bushels,2026-05-15
SOYBEANS,2025/26,"Use, Total",4272.0,Million Bushels,2026-06-15
SOYBEANS,2025/26,"Use, Total",4282.0,Million Bushels,2026-07-15
SOYBEANS,2025/26,Yield per Harvested Acre,53.6,Bushels,2025-08-15
SOYBEANS,2025/26,Yield per Harvested Acre,53.5,Bushels,2025-09-15
SOYBEANS,2025/26,Yield per Harvested Acre,53.5,Bushels,2025-10-15
SOYBEANS,2025/26,Yield per Harvested Acre,53.0,Bushels,2025-11-15
SOYBEANS,2025/26,Yield per Harvested Acre,53.0,Bushels,2025-12-15
SOYBEANS,2025/26,Yield per Harvested Acre,53.0,Bushels,2026-01-15
SOYBEANS,2025/26,Yield per Harvested Acre,53.0,Bushels,2026-02-15
SOYBEANS,2025/26,Yield per Harvested Acre,53.0,Bushels,2026-03-15
SOYBEANS,2025/26,Yield per Harvested Acre,53.0,Bushels,2026-04-15
SOYBEANS,2025/26,Yield per Harvested Acre,53.0,Bushels,2026-05-15
SOYBEANS,2025/26,Yield per Harvested Acre,53.0,Bushels,2026-06-15
SOYBEANS,2025/26,Yield per Harvested Acre,53.0,Bushels,2026-07-15
SOYBEANS,2026/27,Avg. Farm Price ($/bu),11.4,$/bu,2026-05-15
SOYBEANS,2026/27,Avg. Farm Price ($/bu),11.4,$/bu,2026-06-15
SOYBEANS,2026/27,Avg. Farm Price ($/bu),11.4,$/bu,2026-07-15
SOYBEANS,2026/27,Beginning Stocks,340.0,Million Bushels,2026-05-15
SOYBEANS,2026/27,Beginning Stocks,340.0,Million Bushels,2026-06-15
SOYBEANS,2026/27,Beginning Stocks,330.0,Million Bushels,2026-07-15
SOYBEANS,2026/27,Crushings,2750.0,Million Bushels,2026-05-15
SOYBEANS,2026/27,Crushings,2750.0,Million Bushels,2026-06-15
SOYBEANS,2026/27,Crushings,2750.0,Million Bushels,2026-07-15
SOYBEANS,2026/27,Ending Stocks,310.0,Million Bushels,2026-05-15
SOYBEANS,2026/27,Ending Stocks,310.0,Million Bushels,2026-06-15
SOYBEANS,2026/27,Ending Stocks,310.0,Million Bushels,2026-07-15
SOYBEANS,2026/27,Exports,1630.0,Million Bushels,2026-05-15
SOYBEANS,2026/27,Exports,1630.0,Million Bushels,2026-06-15
SOYBEANS,2026/27,Exports,1660.0,Million Bushels,2026-07-15
SOYBEANS,2026/27,Imports,25.0,Million Bushels,2026-05-15
SOYBEANS,2026/27,Imports,25.0,Million Bushels,2026-06-15
SOYBEANS,2026/27,Imports,25.0,Million Bushels,2026-07-15
SOYBEANS,2026/27,Production,4435.0,Million Bushels,2026-05-15
SOYBEANS,2026/27,Production,4435.0,Million Bushels,2026-06-15
SOYBEANS,2026/27,Production,4475.0,Million Bushels,2026-07-15
SOYBEANS,2026/27,Residual,38.0,Million Bushels,2026-05-15
SOYBEANS,2026/27,Residual,38.0,Million Bushels,2026-06-15
SOYBEANS,2026/27,Residual,38.0,Million Bushels,2026-07-15
SOYBEANS,2026/27,Seed,72.0,Million Bushels,2026-05-15
SOYBEANS,2026/27,Seed,72.0,Million Bushels,2026-06-15
SOYBEANS,2026/27,Seed,72.0,Million Bushels,2026-07-15
SOYBEANS,2026/27,"Supply, Total",4800.0,Million Bushels,2026-05-15
SOYBEANS,2026/27,"Supply, Total",4800.0,Million Bushels,2026-06-15
SOYBEANS,2026/27,"Supply, Total",4830.0,Million Bushels,2026-07-15
SOYBEANS,2026/27,"Use, Total",4490.0,Million Bushels,2026-05-15
SOYBEANS,2026/27,"Use, Total",4490.0,Million Bushels,2026-06-15
SOYBEANS,2026/27,"Use, Total",4520.0,Million Bushels,2026-07-15
SOYBEAN_MEAL,2023/24,Avg. Price ($/s.t.),384.11,$/s.t.,2025-08-15
SOYBEAN_MEAL,2023/24,Avg. Price ($/s.t.),384.11,$/s.t.,2025-09-15
SOYBEAN_MEAL,2023/24,Avg. Price ($/s.t.),384.11,$/s.t.,2025-11-15
SOYBEAN_MEAL,2023/24,Avg. Price ($/s.t.),384.11,$/s.t.,2025-12-15
SOYBEAN_MEAL,2023/24,Avg. Price ($/s.t.),384.11,$/s.t.,2026-01-15
SOYBEAN_MEAL,2023/24,Avg. Price ($/s.t.),384.11,$/s.t.,2026-02-15
SOYBEAN_MEAL,2023/24,Avg. Price ($/s.t.),384.11,$/s.t.,2026-03-15
SOYBEAN_MEAL,2023/24,Avg. Price ($/s.t.),384.11,$/s.t.,2026-04-15
SOYBEAN_MEAL,2023/24,Beginning Stocks,371.0,Thousand Short Tons,2025-08-15
SOYBEAN_MEAL,2023/24,Beginning Stocks,371.0,Thousand Short Tons,2025-09-15
SOYBEAN_MEAL,2023/24,Beginning Stocks,371.0,Thousand Short Tons,2025-11-15
SOYBEAN_MEAL,2023/24,Beginning Stocks,371.0,Thousand Short Tons,2025-12-15
SOYBEAN_MEAL,2023/24,Beginning Stocks,371.0,Thousand Short Tons,2026-01-15
SOYBEAN_MEAL,2023/24,Beginning Stocks,371.0,Thousand Short Tons,2026-02-15
SOYBEAN_MEAL,2023/24,Beginning Stocks,371.0,Thousand Short Tons,2026-03-15
SOYBEAN_MEAL,2023/24,Beginning Stocks,371.0,Thousand Short Tons,2026-04-15
SOYBEAN_MEAL,2023/24,Domestic Disappearance,38657.0,Thousand Short Tons,2025-08-15
SOYBEAN_MEAL,2023/24,Domestic Disappearance,38657.0,Thousand Short Tons,2025-09-15
SOYBEAN_MEAL,2023/24,Domestic Disappearance,38657.0,Thousand Short Tons,2025-11-15
SOYBEAN_MEAL,2023/24,Domestic Disappearance,38657.0,Thousand Short Tons,2025-12-15
SOYBEAN_MEAL,2023/24,Domestic Disappearance,38657.0,Thousand Short Tons,2026-01-15
SOYBEAN_MEAL,2023/24,Domestic Disappearance,38657.0,Thousand Short Tons,2026-02-15
SOYBEAN_MEAL,2023/24,Domestic Disappearance,38657.0,Thousand Short Tons,2026-03-15
SOYBEAN_MEAL,2023/24,Domestic Disappearance,38657.0,Thousand Short Tons,2026-04-15
SOYBEAN_MEAL,2023/24,Ending Stocks,453.0,Thousand Short Tons,2025-08-15
SOYBEAN_MEAL,2023/24,Ending Stocks,453.0,Thousand Short Tons,2025-09-15
SOYBEAN_MEAL,2023/24,Ending Stocks,453.0,Thousand Short Tons,2025-11-15
SOYBEAN_MEAL,2023/24,Ending Stocks,453.0,Thousand Short Tons,2025-12-15
SOYBEAN_MEAL,2023/24,Ending Stocks,453.0,Thousand Short Tons,2026-01-15
SOYBEAN_MEAL,2023/24,Ending Stocks,453.0,Thousand Short Tons,2026-02-15
SOYBEAN_MEAL,2023/24,Ending Stocks,453.0,Thousand Short Tons,2026-03-15
SOYBEAN_MEAL,2023/24,Ending Stocks,453.0,Thousand Short Tons,2026-04-15
SOYBEAN_MEAL,2023/24,Exports,16054.0,Thousand Short Tons,2025-08-15
SOYBEAN_MEAL,2023/24,Exports,16054.0,Thousand Short Tons,2025-09-15
SOYBEAN_MEAL,2023/24,Exports,16054.0,Thousand Short Tons,2025-11-15
SOYBEAN_MEAL,2023/24,Exports,16054.0,Thousand Short Tons,2025-12-15
SOYBEAN_MEAL,2023/24,Exports,16054.0,Thousand Short Tons,2026-01-15
SOYBEAN_MEAL,2023/24,Exports,16054.0,Thousand Short Tons,2026-02-15
SOYBEAN_MEAL,2023/24,Exports,16054.0,Thousand Short Tons,2026-03-15
SOYBEAN_MEAL,2023/24,Exports,16054.0,Thousand Short Tons,2026-04-15
SOYBEAN_MEAL,2023/24,Imports,687.0,Thousand Short Tons,2025-08-15
SOYBEAN_MEAL,2023/24,Imports,687.0,Thousand Short Tons,2025-09-15
SOYBEAN_MEAL,2023/24,Imports,687.0,Thousand Short Tons,2025-11-15
SOYBEAN_MEAL,2023/24,Imports,687.0,Thousand Short Tons,2025-12-15
SOYBEAN_MEAL,2023/24,Imports,687.0,Thousand Short Tons,2026-01-15
SOYBEAN_MEAL,2023/24,Imports,687.0,Thousand Short Tons,2026-02-15
SOYBEAN_MEAL,2023/24,Imports,687.0,Thousand Short Tons,2026-03-15
SOYBEAN_MEAL,2023/24,Imports,687.0,Thousand Short Tons,2026-04-15
SOYBEAN_MEAL,2023/24,Production,54106.0,Thousand Short Tons,2025-08-15
SOYBEAN_MEAL,2023/24,Production,54106.0,Thousand Short Tons,2025-09-15
SOYBEAN_MEAL,2023/24,Production,54106.0,Thousand Short Tons,2025-11-15
SOYBEAN_MEAL,2023/24,Production,54106.0,Thousand Short Tons,2025-12-15
SOYBEAN_MEAL,2023/24,Production,54106.0,Thousand Short Tons,2026-01-15
SOYBEAN_MEAL,2023/24,Production,54106.0,Thousand Short Tons,2026-02-15
SOYBEAN_MEAL,2023/24,Production,54106.0,Thousand Short Tons,2026-03-15
SOYBEAN_MEAL,2023/24,Production,54106.0,Thousand Short Tons,2026-04-15
SOYBEAN_MEAL,2023/24,"Supply, Total",55164.0,Thousand Short Tons,2025-08-15
SOYBEAN_MEAL,2023/24,"Supply, Total",55164.0,Thousand Short Tons,2025-09-15
SOYBEAN_MEAL,2023/24,"Supply, Total",55164.0,Thousand Short Tons,2025-11-15
SOYBEAN_MEAL,2023/24,"Supply, Total",55164.0,Thousand Short Tons,2025-12-15
SOYBEAN_MEAL,2023/24,"Supply, Total",55164.0,Thousand Short Tons,2026-01-15
SOYBEAN_MEAL,2023/24,"Supply, Total",55164.0,Thousand Short Tons,2026-02-15
SOYBEAN_MEAL,2023/24,"Supply, Total",55164.0,Thousand Short Tons,2026-03-15
SOYBEAN_MEAL,2023/24,"Supply, Total",55164.0,Thousand Short Tons,2026-04-15
SOYBEAN_MEAL,2023/24,"Use, Total",54711.0,Thousand Short Tons,2025-08-15
SOYBEAN_MEAL,2023/24,"Use, Total",54711.0,Thousand Short Tons,2025-09-15
SOYBEAN_MEAL,2023/24,"Use, Total",54711.0,Thousand Short Tons,2025-11-15
SOYBEAN_MEAL,2023/24,"Use, Total",54711.0,Thousand Short Tons,2025-12-15
SOYBEAN_MEAL,2023/24,"Use, Total",54711.0,Thousand Short Tons,2026-01-15
SOYBEAN_MEAL,2023/24,"Use, Total",54711.0,Thousand Short Tons,2026-02-15
SOYBEAN_MEAL,2023/24,"Use, Total",54711.0,Thousand Short Tons,2026-03-15
SOYBEAN_MEAL,2023/24,"Use, Total",54711.0,Thousand Short Tons,2026-04-15
SOYBEAN_MEAL,2024/25,Avg. Price ($/s.t.),295.0,$/s.t.,2025-08-15
SOYBEAN_MEAL,2024/25,Avg. Price ($/s.t.),298.0,$/s.t.,2025-09-15
SOYBEAN_MEAL,2024/25,Avg. Price ($/s.t.),299.77,$/s.t.,2025-11-15
SOYBEAN_MEAL,2024/25,Avg. Price ($/s.t.),299.77,$/s.t.,2025-12-15
SOYBEAN_MEAL,2024/25,Avg. Price ($/s.t.),299.77,$/s.t.,2026-01-15
SOYBEAN_MEAL,2024/25,Avg. Price ($/s.t.),299.77,$/s.t.,2026-02-15
SOYBEAN_MEAL,2024/25,Avg. Price ($/s.t.),299.77,$/s.t.,2026-03-15
SOYBEAN_MEAL,2024/25,Avg. Price ($/s.t.),299.77,$/s.t.,2026-04-15
SOYBEAN_MEAL,2024/25,Avg. Price ($/s.t.),299.77,$/s.t.,2026-05-15
SOYBEAN_MEAL,2024/25,Avg. Price ($/s.t.),299.77,$/s.t.,2026-06-15
SOYBEAN_MEAL,2024/25,Avg. Price ($/s.t.),299.77,$/s.t.,2026-07-15
SOYBEAN_MEAL,2024/25,Beginning Stocks,453.0,Thousand Short Tons,2025-08-15
SOYBEAN_MEAL,2024/25,Beginning Stocks,453.0,Thousand Short Tons,2025-09-15
SOYBEAN_MEAL,2024/25,Beginning Stocks,453.0,Thousand Short Tons,2025-11-15
SOYBEAN_MEAL,2024/25,Beginning Stocks,453.0,Thousand Short Tons,2025-12-15
SOYBEAN_MEAL,2024/25,Beginning Stocks,453.0,Thousand Short Tons,2026-01-15
SOYBEAN_MEAL,2024/25,Beginning Stocks,453.0,Thousand Short Tons,2026-02-15
SOYBEAN_MEAL,2024/25,Beginning Stocks,453.0,Thousand Short Tons,2026-03-15
SOYBEAN_MEAL,2024/25,Beginning Stocks,453.0,Thousand Short Tons,2026-04-15
SOYBEAN_MEAL,2024/25,Beginning Stocks,453.0,Thousand Short Tons,2026-05-15
SOYBEAN_MEAL,2024/25,Beginning Stocks,453.0,Thousand Short Tons,2026-06-15
SOYBEAN_MEAL,2024/25,Beginning Stocks,453.0,Thousand Short Tons,2026-07-15
SOYBEAN_MEAL,2024/25,Domestic Disappearance,40625.0,Thousand Short Tons,2025-08-15
SOYBEAN_MEAL,2024/25,Domestic Disappearance,40575.0,Thousand Short Tons,2025-09-15
SOYBEAN_MEAL,2024/25,Domestic Disappearance,40775.0,Thousand Short Tons,2025-11-15
SOYBEAN_MEAL,2024/25,Domestic Disappearance,40775.0,Thousand Short Tons,2025-12-15
SOYBEAN_MEAL,2024/25,Domestic Disappearance,41041.0,Thousand Short Tons,2026-01-15
SOYBEAN_MEAL,2024/25,Domestic Disappearance,41041.0,Thousand Short Tons,2026-02-15
SOYBEAN_MEAL,2024/25,Domestic Disappearance,41041.0,Thousand Short Tons,2026-03-15
SOYBEAN_MEAL,2024/25,Domestic Disappearance,41041.0,Thousand Short Tons,2026-04-15
SOYBEAN_MEAL,2024/25,Domestic Disappearance,41041.0,Thousand Short Tons,2026-05-15
SOYBEAN_MEAL,2024/25,Domestic Disappearance,41041.0,Thousand Short Tons,2026-06-15
SOYBEAN_MEAL,2024/25,Domestic Disappearance,41232.0,Thousand Short Tons,2026-07-15
SOYBEAN_MEAL,2024/25,Ending Stocks,450.0,Thousand Short Tons,2025-08-15
SOYBEAN_MEAL,2024/25,Ending Stocks,450.0,Thousand Short Tons,2025-09-15
SOYBEAN_MEAL,2024/25,Ending Stocks,450.0,Thousand Short Tons,2025-11-15
SOYBEAN_MEAL,2024/25,Ending Stocks,450.0,Thousand Short Tons,2025-12-15
SOYBEAN_MEAL,2024/25,Ending Stocks,398.0,Thousand Short Tons,2026-01-15
SOYBEAN_MEAL,2024/25,Ending Stocks,398.0,Thousand Short Tons,2026-02-15
SOYBEAN_MEAL,2024/25,Ending Stocks,398.0,Thousand Short Tons,2026-03-15
SOYBEAN_MEAL,2024/25,Ending Stocks,398.0,Thousand Short Tons,2026-04-15
SOYBEAN_MEAL,2024/25,Ending Stocks,398.0,Thousand Short Tons,2026-05-15
SOYBEAN_MEAL,2024/25,Ending Stocks,398.0,Thousand Short Tons,2026-06-15
SOYBEAN_MEAL,2024/25,Ending Stocks,398.0,Thousand Short Tons,2026-07-15
SOYBEAN_MEAL,2024/25,Exports,17900.0,Thousand Short Tons,2025-08-15
SOYBEAN_MEAL,2024/25,Exports,18100.0,Thousand Short Tons,2025-09-15
SOYBEAN_MEAL,2024/25,Exports,18300.0,Thousand Short Tons,2025-11-15
SOYBEAN_MEAL,2024/25,Exports,18300.0,Thousand Short Tons,2025-12-15
SOYBEAN_MEAL,2024/25,Exports,18265.0,Thousand Short Tons,2026-01-15
SOYBEAN_MEAL,2024/25,Exports,18265.0,Thousand Short Tons,2026-02-15
SOYBEAN_MEAL,2024/25,Exports,18265.0,Thousand Short Tons,2026-03-15
SOYBEAN_MEAL,2024/25,Exports,18265.0,Thousand Short Tons,2026-04-15
SOYBEAN_MEAL,2024/25,Exports,18265.0,Thousand Short Tons,2026-05-15
SOYBEAN_MEAL,2024/25,Exports,18265.0,Thousand Short Tons,2026-06-15
SOYBEAN_MEAL,2024/25,Exports,18073.0,Thousand Short Tons,2026-07-15
SOYBEAN_MEAL,2024/25,Imports,725.0,Thousand Short Tons,2025-08-15
SOYBEAN_MEAL,2024/25,Imports,760.0,Thousand Short Tons,2025-09-15
SOYBEAN_MEAL,2024/25,Imports,760.0,Thousand Short Tons,2025-11-15
SOYBEAN_MEAL,2024/25,Imports,760.0,Thousand Short Tons,2025-12-15
SOYBEAN_MEAL,2024/25,Imports,807.0,Thousand Short Tons,2026-01-15
SOYBEAN_MEAL,2024/25,Imports,807.0,Thousand Short Tons,2026-02-15
SOYBEAN_MEAL,2024/25,Imports,807.0,Thousand Short Tons,2026-03-15
SOYBEAN_MEAL,2024/25,Imports,807.0,Thousand Short Tons,2026-04-15
SOYBEAN_MEAL,2024/25,Imports,807.0,Thousand Short Tons,2026-05-15
SOYBEAN_MEAL,2024/25,Imports,807.0,Thousand Short Tons,2026-06-15
SOYBEAN_MEAL,2024/25,Imports,806.0,Thousand Short Tons,2026-07-15
SOYBEAN_MEAL,2024/25,Production,57797.0,Thousand Short Tons,2025-08-15
SOYBEAN_MEAL,2024/25,Production,57912.0,Thousand Short Tons,2025-09-15
SOYBEAN_MEAL,2024/25,Production,58312.0,Thousand Short Tons,2025-11-15
SOYBEAN_MEAL,2024/25,Production,58312.0,Thousand Short Tons,2025-12-15
SOYBEAN_MEAL,2024/25,Production,58443.0,Thousand Short Tons,2026-01-15
SOYBEAN_MEAL,2024/25,Production,58443.0,Thousand Short Tons,2026-02-15
SOYBEAN_MEAL,2024/25,Production,58443.0,Thousand Short Tons,2026-03-15
SOYBEAN_MEAL,2024/25,Production,58443.0,Thousand Short Tons,2026-04-15
SOYBEAN_MEAL,2024/25,Production,58443.0,Thousand Short Tons,2026-05-15
SOYBEAN_MEAL,2024/25,Production,58443.0,Thousand Short Tons,2026-06-15
SOYBEAN_MEAL,2024/25,Production,58443.0,Thousand Short Tons,2026-07-15
SOYBEAN_MEAL,2024/25,"Supply, Total",58975.0,Thousand Short Tons,2025-08-15
SOYBEAN_MEAL,2024/25,"Supply, Total",59125.0,Thousand Short Tons,2025-09-15
SOYBEAN_MEAL,2024/25,"Supply, Total",59525.0,Thousand Short Tons,2025-11-15
SOYBEAN_MEAL,2024/25,"Supply, Total",59525.0,Thousand Short Tons,2025-12-15
SOYBEAN_MEAL,2024/25,"Supply, Total",59704.0,Thousand Short Tons,2026-01-15
SOYBEAN_MEAL,2024/25,"Supply, Total",59704.0,Thousand Short Tons,2026-02-15
SOYBEAN_MEAL,2024/25,"Supply, Total",59704.0,Thousand Short Tons,2026-03-15
SOYBEAN_MEAL,2024/25,"Supply, Total",59704.0,Thousand Short Tons,2026-04-15
SOYBEAN_MEAL,2024/25,"Supply, Total",59704.0,Thousand Short Tons,2026-05-15
SOYBEAN_MEAL,2024/25,"Supply, Total",59704.0,Thousand Short Tons,2026-06-15
SOYBEAN_MEAL,2024/25,"Supply, Total",59703.0,Thousand Short Tons,2026-07-15
SOYBEAN_MEAL,2024/25,"Use, Total",58525.0,Thousand Short Tons,2025-08-15
SOYBEAN_MEAL,2024/25,"Use, Total",58675.0,Thousand Short Tons,2025-09-15
SOYBEAN_MEAL,2024/25,"Use, Total",59075.0,Thousand Short Tons,2025-11-15
SOYBEAN_MEAL,2024/25,"Use, Total",59075.0,Thousand Short Tons,2025-12-15
SOYBEAN_MEAL,2024/25,"Use, Total",59305.0,Thousand Short Tons,2026-01-15
SOYBEAN_MEAL,2024/25,"Use, Total",59305.0,Thousand Short Tons,2026-02-15
SOYBEAN_MEAL,2024/25,"Use, Total",59305.0,Thousand Short Tons,2026-03-15
SOYBEAN_MEAL,2024/25,"Use, Total",59305.0,Thousand Short Tons,2026-04-15
SOYBEAN_MEAL,2024/25,"Use, Total",59305.0,Thousand Short Tons,2026-05-15
SOYBEAN_MEAL,2024/25,"Use, Total",59305.0,Thousand Short Tons,2026-06-15
SOYBEAN_MEAL,2024/25,"Use, Total",59305.0,Thousand Short Tons,2026-07-15
SOYBEAN_MEAL,2025/26,Avg. Price ($/s.t.),290.0,$/s.t.,2025-07-15
SOYBEAN_MEAL,2025/26,Avg. Price ($/s.t.),280.0,$/s.t.,2025-08-15
SOYBEAN_MEAL,2025/26,Avg. Price ($/s.t.),280.0,$/s.t.,2025-09-15
SOYBEAN_MEAL,2025/26,Avg. Price ($/s.t.),280.0,$/s.t.,2025-10-15
SOYBEAN_MEAL,2025/26,Avg. Price ($/s.t.),300.0,$/s.t.,2025-11-15
SOYBEAN_MEAL,2025/26,Avg. Price ($/s.t.),300.0,$/s.t.,2025-12-15
SOYBEAN_MEAL,2025/26,Avg. Price ($/s.t.),295.0,$/s.t.,2026-01-15
SOYBEAN_MEAL,2025/26,Avg. Price ($/s.t.),295.0,$/s.t.,2026-02-15
SOYBEAN_MEAL,2025/26,Avg. Price ($/s.t.),300.0,$/s.t.,2026-03-15
SOYBEAN_MEAL,2025/26,Avg. Price ($/s.t.),310.0,$/s.t.,2026-04-15
SOYBEAN_MEAL,2025/26,Avg. Price ($/s.t.),315.0,$/s.t.,2026-05-15
SOYBEAN_MEAL,2025/26,Avg. Price ($/s.t.),315.0,$/s.t.,2026-06-15
SOYBEAN_MEAL,2025/26,Avg. Price ($/s.t.),315.0,$/s.t.,2026-07-15
SOYBEAN_MEAL,2025/26,Beginning Stocks,450.0,Thousand Short Tons,2025-07-15
SOYBEAN_MEAL,2025/26,Beginning Stocks,450.0,Thousand Short Tons,2025-08-15
SOYBEAN_MEAL,2025/26,Beginning Stocks,450.0,Thousand Short Tons,2025-09-15
SOYBEAN_MEAL,2025/26,Beginning Stocks,450.0,Thousand Short Tons,2025-10-15
SOYBEAN_MEAL,2025/26,Beginning Stocks,450.0,Thousand Short Tons,2025-11-15
SOYBEAN_MEAL,2025/26,Beginning Stocks,450.0,Thousand Short Tons,2025-12-15
SOYBEAN_MEAL,2025/26,Beginning Stocks,398.0,Thousand Short Tons,2026-01-15
SOYBEAN_MEAL,2025/26,Beginning Stocks,398.0,Thousand Short Tons,2026-02-15
SOYBEAN_MEAL,2025/26,Beginning Stocks,398.0,Thousand Short Tons,2026-03-15
SOYBEAN_MEAL,2025/26,Beginning Stocks,398.0,Thousand Short Tons,2026-04-15
SOYBEAN_MEAL,2025/26,Beginning Stocks,398.0,Thousand Short Tons,2026-05-15
SOYBEAN_MEAL,2025/26,Beginning Stocks,398.0,Thousand Short Tons,2026-06-15
SOYBEAN_MEAL,2025/26,Beginning Stocks,398.0,Thousand Short Tons,2026-07-15
SOYBEAN_MEAL,2025/26,Domestic Disappearance,41775.0,Thousand Short Tons,2025-07-15
SOYBEAN_MEAL,2025/26,Domestic Disappearance,41775.0,Thousand Short Tons,2025-08-15
SOYBEAN_MEAL,2025/26,Domestic Disappearance,41675.0,Thousand Short Tons,2025-09-15
SOYBEAN_MEAL,2025/26,Domestic Disappearance,41675.0,Thousand Short Tons,2025-10-15
SOYBEAN_MEAL,2025/26,Domestic Disappearance,41675.0,Thousand Short Tons,2025-11-15
SOYBEAN_MEAL,2025/26,Domestic Disappearance,41675.0,Thousand Short Tons,2025-12-15
SOYBEAN_MEAL,2025/26,Domestic Disappearance,42025.0,Thousand Short Tons,2026-01-15
SOYBEAN_MEAL,2025/26,Domestic Disappearance,42025.0,Thousand Short Tons,2026-02-15
SOYBEAN_MEAL,2025/26,Domestic Disappearance,42425.0,Thousand Short Tons,2026-03-15
SOYBEAN_MEAL,2025/26,Domestic Disappearance,43225.0,Thousand Short Tons,2026-04-15
SOYBEAN_MEAL,2025/26,Domestic Disappearance,43575.0,Thousand Short Tons,2026-05-15
SOYBEAN_MEAL,2025/26,Domestic Disappearance,43825.0,Thousand Short Tons,2026-06-15
SOYBEAN_MEAL,2025/26,Domestic Disappearance,43525.0,Thousand Short Tons,2026-07-15
SOYBEAN_MEAL,2025/26,Ending Stocks,475.0,Thousand Short Tons,2025-07-15
SOYBEAN_MEAL,2025/26,Ending Stocks,475.0,Thousand Short Tons,2025-08-15
SOYBEAN_MEAL,2025/26,Ending Stocks,475.0,Thousand Short Tons,2025-09-15
SOYBEAN_MEAL,2025/26,Ending Stocks,475.0,Thousand Short Tons,2025-10-15
SOYBEAN_MEAL,2025/26,Ending Stocks,475.0,Thousand Short Tons,2025-11-15
SOYBEAN_MEAL,2025/26,Ending Stocks,475.0,Thousand Short Tons,2025-12-15
SOYBEAN_MEAL,2025/26,Ending Stocks,450.0,Thousand Short Tons,2026-01-15
SOYBEAN_MEAL,2025/26,Ending Stocks,450.0,Thousand Short Tons,2026-02-15
SOYBEAN_MEAL,2025/26,Ending Stocks,450.0,Thousand Short Tons,2026-03-15
SOYBEAN_MEAL,2025/26,Ending Stocks,450.0,Thousand Short Tons,2026-04-15
SOYBEAN_MEAL,2025/26,Ending Stocks,450.0,Thousand Short Tons,2026-05-15
SOYBEAN_MEAL,2025/26,Ending Stocks,450.0,Thousand Short Tons,2026-06-15
SOYBEAN_MEAL,2025/26,Ending Stocks,450.0,Thousand Short Tons,2026-07-15
SOYBEAN_MEAL,2025/26,Exports,18700.0,Thousand Short Tons,2025-07-15
SOYBEAN_MEAL,2025/26,Exports,18700.0,Thousand Short Tons,2025-08-15
SOYBEAN_MEAL,2025/26,Exports,19200.0,Thousand Short Tons,2025-09-15
SOYBEAN_MEAL,2025/26,Exports,19200.0,Thousand Short Tons,2025-10-15
SOYBEAN_MEAL,2025/26,Exports,19200.0,Thousand Short Tons,2025-11-15
SOYBEAN_MEAL,2025/26,Exports,19200.0,Thousand Short Tons,2025-12-15
SOYBEAN_MEAL,2025/26,Exports,19400.0,Thousand Short Tons,2026-01-15
SOYBEAN_MEAL,2025/26,Exports,19400.0,Thousand Short Tons,2026-02-15
SOYBEAN_MEAL,2025/26,Exports,19400.0,Thousand Short Tons,2026-03-15
SOYBEAN_MEAL,2025/26,Exports,19400.0,Thousand Short Tons,2026-04-15
SOYBEAN_MEAL,2025/26,Exports,19800.0,Thousand Short Tons,2026-05-15
SOYBEAN_MEAL,2025/26,Exports,20000.0,Thousand Short Tons,2026-06-15
SOYBEAN_MEAL,2025/26,Exports,20300.0,Thousand Short Tons,2026-07-15
SOYBEAN_MEAL,2025/26,Imports,650.0,Thousand Short Tons,2025-07-15
SOYBEAN_MEAL,2025/26,Imports,650.0,Thousand Short Tons,2025-08-15
SOYBEAN_MEAL,2025/26,Imports,675.0,Thousand Short Tons,2025-09-15
SOYBEAN_MEAL,2025/26,Imports,675.0,Thousand Short Tons,2025-10-15
SOYBEAN_MEAL,2025/26,Imports,675.0,Thousand Short Tons,2025-11-15
SOYBEAN_MEAL,2025/26,Imports,675.0,Thousand Short Tons,2025-12-15
SOYBEAN_MEAL,2025/26,Imports,725.0,Thousand Short Tons,2026-01-15
SOYBEAN_MEAL,2025/26,Imports,725.0,Thousand Short Tons,2026-02-15
SOYBEAN_MEAL,2025/26,Imports,800.0,Thousand Short Tons,2026-03-15
SOYBEAN_MEAL,2025/26,Imports,800.0,Thousand Short Tons,2026-04-15
SOYBEAN_MEAL,2025/26,Imports,800.0,Thousand Short Tons,2026-05-15
SOYBEAN_MEAL,2025/26,Imports,825.0,Thousand Short Tons,2026-06-15
SOYBEAN_MEAL,2025/26,Imports,840.0,Thousand Short Tons,2026-07-15
SOYBEAN_MEAL,2025/26,Production,59850.0,Thousand Short Tons,2025-07-15
SOYBEAN_MEAL,2025/26,Production,59850.0,Thousand Short Tons,2025-08-15
SOYBEAN_MEAL,2025/26,Production,60225.0,Thousand Short Tons,2025-09-15
SOYBEAN_MEAL,2025/26,Production,60225.0,Thousand Short Tons,2025-10-15
SOYBEAN_MEAL,2025/26,Production,60225.0,Thousand Short Tons,2025-11-15
SOYBEAN_MEAL,2025/26,Production,60225.0,Thousand Short Tons,2025-12-15
SOYBEAN_MEAL,2025/26,Production,60752.0,Thousand Short Tons,2026-01-15
SOYBEAN_MEAL,2025/26,Production,60752.0,Thousand Short Tons,2026-02-15
SOYBEAN_MEAL,2025/26,Production,61077.0,Thousand Short Tons,2026-03-15
SOYBEAN_MEAL,2025/26,Production,61877.0,Thousand Short Tons,2026-04-15
SOYBEAN_MEAL,2025/26,Production,62627.0,Thousand Short Tons,2026-05-15
SOYBEAN_MEAL,2025/26,Production,63052.0,Thousand Short Tons,2026-06-15
SOYBEAN_MEAL,2025/26,Production,63037.0,Thousand Short Tons,2026-07-15
SOYBEAN_MEAL,2025/26,"Supply, Total",60950.0,Thousand Short Tons,2025-07-15
SOYBEAN_MEAL,2025/26,"Supply, Total",60950.0,Thousand Short Tons,2025-08-15
SOYBEAN_MEAL,2025/26,"Supply, Total",61350.0,Thousand Short Tons,2025-09-15
SOYBEAN_MEAL,2025/26,"Supply, Total",61350.0,Thousand Short Tons,2025-10-15
SOYBEAN_MEAL,2025/26,"Supply, Total",61350.0,Thousand Short Tons,2025-11-15
SOYBEAN_MEAL,2025/26,"Supply, Total",61350.0,Thousand Short Tons,2025-12-15
SOYBEAN_MEAL,2025/26,"Supply, Total",61875.0,Thousand Short Tons,2026-01-15
SOYBEAN_MEAL,2025/26,"Supply, Total",61875.0,Thousand Short Tons,2026-02-15
SOYBEAN_MEAL,2025/26,"Supply, Total",62275.0,Thousand Short Tons,2026-03-15
SOYBEAN_MEAL,2025/26,"Supply, Total",63075.0,Thousand Short Tons,2026-04-15
SOYBEAN_MEAL,2025/26,"Supply, Total",63825.0,Thousand Short Tons,2026-05-15
SOYBEAN_MEAL,2025/26,"Supply, Total",64275.0,Thousand Short Tons,2026-06-15
SOYBEAN_MEAL,2025/26,"Supply, Total",64275.0,Thousand Short Tons,2026-07-15
SOYBEAN_MEAL,2025/26,"Use, Total",60475.0,Thousand Short Tons,2025-07-15
SOYBEAN_MEAL,2025/26,"Use, Total",60475.0,Thousand Short Tons,2025-08-15
SOYBEAN_MEAL,2025/26,"Use, Total",60875.0,Thousand Short Tons,2025-09-15
SOYBEAN_MEAL,2025/26,"Use, Total",60875.0,Thousand Short Tons,2025-10-15
SOYBEAN_MEAL,2025/26,"Use, Total",60875.0,Thousand Short Tons,2025-11-15
SOYBEAN_MEAL,2025/26,"Use, Total",60875.0,Thousand Short Tons,2025-12-15
SOYBEAN_MEAL,2025/26,"Use, Total",61425.0,Thousand Short Tons,2026-01-15
SOYBEAN_MEAL,2025/26,"Use, Total",61425.0,Thousand Short Tons,2026-02-15
SOYBEAN_MEAL,2025/26,"Use, Total",61825.0,Thousand Short Tons,2026-03-15
SOYBEAN_MEAL,2025/26,"Use, Total",62625.0,Thousand Short Tons,2026-04-15
SOYBEAN_MEAL,2025/26,"Use, Total",63375.0,Thousand Short Tons,2026-05-15
SOYBEAN_MEAL,2025/26,"Use, Total",63825.0,Thousand Short Tons,2026-06-15
SOYBEAN_MEAL,2025/26,"Use, Total",63825.0,Thousand Short Tons,2026-07-15
SOYBEAN_MEAL,2026/27,Avg. Price ($/s.t.),310.0,$/s.t.,2026-05-15
SOYBEAN_MEAL,2026/27,Avg. Price ($/s.t.),310.0,$/s.t.,2026-06-15
SOYBEAN_MEAL,2026/27,Avg. Price ($/s.t.),310.0,$/s.t.,2026-07-15
SOYBEAN_MEAL,2026/27,Beginning Stocks,450.0,Thousand Short Tons,2026-05-15
SOYBEAN_MEAL,2026/27,Beginning Stocks,450.0,Thousand Short Tons,2026-06-15
SOYBEAN_MEAL,2026/27,Beginning Stocks,450.0,Thousand Short Tons,2026-07-15
SOYBEAN_MEAL,2026/27,Domestic Disappearance,44125.0,Thousand Short Tons,2026-05-15
SOYBEAN_MEAL,2026/27,Domestic Disappearance,44125.0,Thousand Short Tons,2026-06-15
SOYBEAN_MEAL,2026/27,Domestic Disappearance,43825.0,Thousand Short Tons,2026-07-15
SOYBEAN_MEAL,2026/27,Ending Stocks,450.0,Thousand Short Tons,2026-05-15
SOYBEAN_MEAL,2026/27,Ending Stocks,450.0,Thousand Short Tons,2026-06-15
SOYBEAN_MEAL,2026/27,Ending Stocks,450.0,Thousand Short Tons,2026-07-15
SOYBEAN_MEAL,2026/27,Exports,21700.0,Thousand Short Tons,2026-05-15
SOYBEAN_MEAL,2026/27,Exports,21700.0,Thousand Short Tons,2026-06-15
SOYBEAN_MEAL,2026/27,Exports,22000.0,Thousand Short Tons,2026-07-15
SOYBEAN_MEAL,2026/27,Imports,800.0,Thousand Short Tons,2026-05-15
SOYBEAN_MEAL,2026/27,Imports,800.0,Thousand Short Tons,2026-06-15
SOYBEAN_MEAL,2026/27,Imports,840.0,Thousand Short Tons,2026-07-15
SOYBEAN_MEAL,2026/27,Production,65025.0,Thousand Short Tons,2026-05-15
SOYBEAN_MEAL,2026/27,Production,65025.0,Thousand Short Tons,2026-06-15
SOYBEAN_MEAL,2026/27,Production,64985.0,Thousand Short Tons,2026-07-15
SOYBEAN_MEAL,2026/27,"Supply, Total",66275.0,Thousand Short Tons,2026-05-15
SOYBEAN_MEAL,2026/27,"Supply, Total",66275.0,Thousand Short Tons,2026-06-15
SOYBEAN_MEAL,2026/27,"Supply, Total",66275.0,Thousand Short Tons,2026-07-15
SOYBEAN_MEAL,2026/27,"Use, Total",65825.0,Thousand Short Tons,2026-05-15
SOYBEAN_MEAL,2026/27,"Use, Total",65825.0,Thousand Short Tons,2026-06-15
SOYBEAN_MEAL,2026/27,"Use, Total",65825.0,Thousand Short Tons,2026-07-15
SOYBEAN_OIL,2023/24,Avg. Price (c/lb),47.28,c/lb,2025-08-15
SOYBEAN_OIL,2023/24,Avg. Price (c/lb),47.28,c/lb,2025-09-15
SOYBEAN_OIL,2023/24,Avg. Price (c/lb),47.28,c/lb,2025-11-15
SOYBEAN_OIL,2023/24,Avg. Price (c/lb),47.28,c/lb,2025-12-15
SOYBEAN_OIL,2023/24,Avg. Price (c/lb),47.28,c/lb,2026-01-15
SOYBEAN_OIL,2023/24,Avg. Price (c/lb),47.28,c/lb,2026-02-15
SOYBEAN_OIL,2023/24,Avg. Price (c/lb),47.28,c/lb,2026-03-15
SOYBEAN_OIL,2023/24,Avg. Price (c/lb),47.28,c/lb,2026-04-15
SOYBEAN_OIL,2023/24,Beginning Stocks,1607.0,Million Pounds,2025-08-15
SOYBEAN_OIL,2023/24,Beginning Stocks,1607.0,Million Pounds,2025-09-15
SOYBEAN_OIL,2023/24,Beginning Stocks,1607.0,Million Pounds,2025-11-15
SOYBEAN_OIL,2023/24,Beginning Stocks,1607.0,Million Pounds,2025-12-15
SOYBEAN_OIL,2023/24,Beginning Stocks,1607.0,Million Pounds,2026-01-15
SOYBEAN_OIL,2023/24,Beginning Stocks,1607.0,Million Pounds,2026-02-15
SOYBEAN_OIL,2023/24,Beginning Stocks,1607.0,Million Pounds,2026-03-15
SOYBEAN_OIL,2023/24,Beginning Stocks,1607.0,Million Pounds,2026-04-15
SOYBEAN_OIL,2023/24,Biofuel,12989.0,Million Pounds,2025-08-15
SOYBEAN_OIL,2023/24,Biofuel,12995.0,Million Pounds,2025-09-15
SOYBEAN_OIL,2023/24,Biofuel,12995.0,Million Pounds,2025-11-15
SOYBEAN_OIL,2023/24,Biofuel,12995.0,Million Pounds,2025-12-15
SOYBEAN_OIL,2023/24,Biofuel,12995.0,Million Pounds,2026-01-15
SOYBEAN_OIL,2023/24,Biofuel,12995.0,Million Pounds,2026-02-15
SOYBEAN_OIL,2023/24,Biofuel,12995.0,Million Pounds,2026-03-15
SOYBEAN_OIL,2023/24,Biofuel,12995.0,Million Pounds,2026-04-15
SOYBEAN_OIL,2023/24,Domestic Disappearance,27153.0,Million Pounds,2025-08-15
SOYBEAN_OIL,2023/24,Domestic Disappearance,27153.0,Million Pounds,2025-09-15
SOYBEAN_OIL,2023/24,Domestic Disappearance,27153.0,Million Pounds,2025-11-15
SOYBEAN_OIL,2023/24,Domestic Disappearance,27153.0,Million Pounds,2025-12-15
SOYBEAN_OIL,2023/24,Domestic Disappearance,27153.0,Million Pounds,2026-01-15
SOYBEAN_OIL,2023/24,Domestic Disappearance,27153.0,Million Pounds,2026-02-15
SOYBEAN_OIL,2023/24,Domestic Disappearance,27153.0,Million Pounds,2026-03-15
SOYBEAN_OIL,2023/24,Domestic Disappearance,27153.0,Million Pounds,2026-04-15
SOYBEAN_OIL,2023/24,Ending stocks,1551.0,Million Pounds,2025-08-15
SOYBEAN_OIL,2023/24,Ending stocks,1551.0,Million Pounds,2025-09-15
SOYBEAN_OIL,2023/24,Ending stocks,1551.0,Million Pounds,2025-11-15
SOYBEAN_OIL,2023/24,Ending stocks,1551.0,Million Pounds,2025-12-15
SOYBEAN_OIL,2023/24,Ending stocks,1551.0,Million Pounds,2026-01-15
SOYBEAN_OIL,2023/24,Ending stocks,1551.0,Million Pounds,2026-02-15
SOYBEAN_OIL,2023/24,Ending stocks,1551.0,Million Pounds,2026-03-15
SOYBEAN_OIL,2023/24,Ending stocks,1551.0,Million Pounds,2026-04-15
SOYBEAN_OIL,2023/24,Exports,617.0,Million Pounds,2025-08-15
SOYBEAN_OIL,2023/24,Exports,617.0,Million Pounds,2025-09-15
SOYBEAN_OIL,2023/24,Exports,617.0,Million Pounds,2025-11-15
SOYBEAN_OIL,2023/24,Exports,617.0,Million Pounds,2025-12-15
SOYBEAN_OIL,2023/24,Exports,617.0,Million Pounds,2026-01-15
SOYBEAN_OIL,2023/24,Exports,617.0,Million Pounds,2026-02-15
SOYBEAN_OIL,2023/24,Exports,617.0,Million Pounds,2026-03-15
SOYBEAN_OIL,2023/24,Exports,617.0,Million Pounds,2026-04-15
SOYBEAN_OIL,2023/24,"Food, Feed & other Industrial",14164.0,Million Pounds,2025-08-15
SOYBEAN_OIL,2023/24,"Food, Feed & other Industrial",14158.0,Million Pounds,2025-09-15
SOYBEAN_OIL,2023/24,"Food, Feed & other Industrial",14158.0,Million Pounds,2025-11-15
SOYBEAN_OIL,2023/24,"Food, Feed & other Industrial",14158.0,Million Pounds,2025-12-15
SOYBEAN_OIL,2023/24,"Food, Feed & other Industrial",14158.0,Million Pounds,2026-01-15
SOYBEAN_OIL,2023/24,"Food, Feed & other Industrial",14158.0,Million Pounds,2026-02-15
SOYBEAN_OIL,2023/24,"Food, Feed & other Industrial",14158.0,Million Pounds,2026-03-15
SOYBEAN_OIL,2023/24,"Food, Feed & other Industrial",14158.0,Million Pounds,2026-04-15
SOYBEAN_OIL,2023/24,Imports,621.0,Million Pounds,2025-08-15
SOYBEAN_OIL,2023/24,Imports,621.0,Million Pounds,2025-09-15
SOYBEAN_OIL,2023/24,Imports,621.0,Million Pounds,2025-11-15
SOYBEAN_OIL,2023/24,Imports,621.0,Million Pounds,2025-12-15
SOYBEAN_OIL,2023/24,Imports,621.0,Million Pounds,2026-01-15
SOYBEAN_OIL,2023/24,Imports,621.0,Million Pounds,2026-02-15
SOYBEAN_OIL,2023/24,Imports,621.0,Million Pounds,2026-03-15
SOYBEAN_OIL,2023/24,Imports,621.0,Million Pounds,2026-04-15
SOYBEAN_OIL,2023/24,Production,27093.0,Million Pounds,2025-08-15
SOYBEAN_OIL,2023/24,Production,27093.0,Million Pounds,2025-09-15
SOYBEAN_OIL,2023/24,Production,27093.0,Million Pounds,2025-11-15
SOYBEAN_OIL,2023/24,Production,27093.0,Million Pounds,2025-12-15
SOYBEAN_OIL,2023/24,Production,27093.0,Million Pounds,2026-01-15
SOYBEAN_OIL,2023/24,Production,27093.0,Million Pounds,2026-02-15
SOYBEAN_OIL,2023/24,Production,27093.0,Million Pounds,2026-03-15
SOYBEAN_OIL,2023/24,Production,27093.0,Million Pounds,2026-04-15
SOYBEAN_OIL,2023/24,"Supply, Total",29321.0,Million Pounds,2025-08-15
SOYBEAN_OIL,2023/24,"Supply, Total",29321.0,Million Pounds,2025-09-15
SOYBEAN_OIL,2023/24,"Supply, Total",29321.0,Million Pounds,2025-11-15
SOYBEAN_OIL,2023/24,"Supply, Total",29321.0,Million Pounds,2025-12-15
SOYBEAN_OIL,2023/24,"Supply, Total",29321.0,Million Pounds,2026-01-15
SOYBEAN_OIL,2023/24,"Supply, Total",29321.0,Million Pounds,2026-02-15
SOYBEAN_OIL,2023/24,"Supply, Total",29321.0,Million Pounds,2026-03-15
SOYBEAN_OIL,2023/24,"Supply, Total",29321.0,Million Pounds,2026-04-15
SOYBEAN_OIL,2023/24,"Use, Total",27770.0,Million Pounds,2025-08-15
SOYBEAN_OIL,2023/24,"Use, Total",27770.0,Million Pounds,2025-09-15
SOYBEAN_OIL,2023/24,"Use, Total",27770.0,Million Pounds,2025-11-15
SOYBEAN_OIL,2023/24,"Use, Total",27770.0,Million Pounds,2025-12-15
SOYBEAN_OIL,2023/24,"Use, Total",27770.0,Million Pounds,2026-01-15
SOYBEAN_OIL,2023/24,"Use, Total",27770.0,Million Pounds,2026-02-15
SOYBEAN_OIL,2023/24,"Use, Total",27770.0,Million Pounds,2026-03-15
SOYBEAN_OIL,2023/24,"Use, Total",27770.0,Million Pounds,2026-04-15
SOYBEAN_OIL,2024/25,Avg. Price (c/lb),47.5,c/lb,2025-08-15
SOYBEAN_OIL,2024/25,Avg. Price (c/lb),47.5,c/lb,2025-09-15
SOYBEAN_OIL,2024/25,Avg. Price (c/lb),47.59,c/lb,2025-11-15
SOYBEAN_OIL,2024/25,Avg. Price (c/lb),47.59,c/lb,2025-12-15
SOYBEAN_OIL,2024/25,Avg. Price (c/lb),47.59,c/lb,2026-01-15
SOYBEAN_OIL,2024/25,Avg. Price (c/lb),47.59,c/lb,2026-02-15
SOYBEAN_OIL,2024/25,Avg. Price (c/lb),47.59,c/lb,2026-03-15
SOYBEAN_OIL,2024/25,Avg. Price (c/lb),47.59,c/lb,2026-04-15
SOYBEAN_OIL,2024/25,Avg. Price (c/lb),47.59,c/lb,2026-05-15
SOYBEAN_OIL,2024/25,Avg. Price (c/lb),47.59,c/lb,2026-06-15
SOYBEAN_OIL,2024/25,Avg. Price (c/lb),47.59,c/lb,2026-07-15
SOYBEAN_OIL,2024/25,Beginning Stocks,1551.0,Million Pounds,2025-08-15
SOYBEAN_OIL,2024/25,Beginning Stocks,1551.0,Million Pounds,2025-09-15
SOYBEAN_OIL,2024/25,Beginning Stocks,1551.0,Million Pounds,2025-11-15
SOYBEAN_OIL,2024/25,Beginning Stocks,1551.0,Million Pounds,2025-12-15
SOYBEAN_OIL,2024/25,Beginning Stocks,1551.0,Million Pounds,2026-01-15
SOYBEAN_OIL,2024/25,Beginning Stocks,1551.0,Million Pounds,2026-02-15
SOYBEAN_OIL,2024/25,Beginning Stocks,1551.0,Million Pounds,2026-03-15
SOYBEAN_OIL,2024/25,Beginning Stocks,1551.0,Million Pounds,2026-04-15
SOYBEAN_OIL,2024/25,Beginning Stocks,1551.0,Million Pounds,2026-05-15
SOYBEAN_OIL,2024/25,Beginning Stocks,1551.0,Million Pounds,2026-06-15
SOYBEAN_OIL,2024/25,Beginning Stocks,1551.0,Million Pounds,2026-07-15
SOYBEAN_OIL,2024/25,Biofuel,12250.0,Million Pounds,2025-08-15
SOYBEAN_OIL,2024/25,Biofuel,12250.0,Million Pounds,2025-09-15
SOYBEAN_OIL,2024/25,Biofuel,11900.0,Million Pounds,2025-11-15
SOYBEAN_OIL,2024/25,Biofuel,11758.0,Million Pounds,2025-12-15
SOYBEAN_OIL,2024/25,Biofuel,11758.0,Million Pounds,2026-01-15
SOYBEAN_OIL,2024/25,Biofuel,11758.0,Million Pounds,2026-02-15
SOYBEAN_OIL,2024/25,Biofuel,11758.0,Million Pounds,2026-03-15
SOYBEAN_OIL,2024/25,Biofuel,11758.0,Million Pounds,2026-04-15
SOYBEAN_OIL,2024/25,Biofuel,11758.0,Million Pounds,2026-05-15
SOYBEAN_OIL,2024/25,Biofuel,11758.0,Million Pounds,2026-06-15
SOYBEAN_OIL,2024/25,Biofuel,11758.0,Million Pounds,2026-07-15
SOYBEAN_OIL,2024/25,Domestic Disappearance,26850.0,Million Pounds,2025-08-15
SOYBEAN_OIL,2024/25,Domestic Disappearance,26850.0,Million Pounds,2025-09-15
SOYBEAN_OIL,2024/25,Domestic Disappearance,26900.0,Million Pounds,2025-11-15
SOYBEAN_OIL,2024/25,Domestic Disappearance,26900.0,Million Pounds,2025-12-15
SOYBEAN_OIL,2024/25,Domestic Disappearance,26891.0,Million Pounds,2026-01-15
SOYBEAN_OIL,2024/25,Domestic Disappearance,26891.0,Million Pounds,2026-02-15
SOYBEAN_OIL,2024/25,Domestic Disappearance,26891.0,Million Pounds,2026-03-15
SOYBEAN_OIL,2024/25,Domestic Disappearance,26891.0,Million Pounds,2026-04-15
SOYBEAN_OIL,2024/25,Domestic Disappearance,26891.0,Million Pounds,2026-05-15
SOYBEAN_OIL,2024/25,Domestic Disappearance,26891.0,Million Pounds,2026-06-15
SOYBEAN_OIL,2024/25,Domestic Disappearance,26912.0,Million Pounds,2026-07-15
SOYBEAN_OIL,2024/25,Ending stocks,1501.0,Million Pounds,2025-08-15
SOYBEAN_OIL,2024/25,Ending stocks,1561.0,Million Pounds,2025-09-15
SOYBEAN_OIL,2024/25,Ending stocks,1751.0,Million Pounds,2025-11-15
SOYBEAN_OIL,2024/25,Ending stocks,1751.0,Million Pounds,2025-12-15
SOYBEAN_OIL,2024/25,Ending stocks,1747.0,Million Pounds,2026-01-15
SOYBEAN_OIL,2024/25,Ending stocks,1747.0,Million Pounds,2026-02-15
SOYBEAN_OIL,2024/25,Ending stocks,1747.0,Million Pounds,2026-03-15
SOYBEAN_OIL,2024/25,Ending stocks,1747.0,Million Pounds,2026-04-15
SOYBEAN_OIL,2024/25,Ending stocks,1747.0,Million Pounds,2026-05-15
SOYBEAN_OIL,2024/25,Ending stocks,1747.0,Million Pounds,2026-06-15
SOYBEAN_OIL,2024/25,Ending stocks,1747.0,Million Pounds,2026-07-15
SOYBEAN_OIL,2024/25,Exports,2550.0,Million Pounds,2025-08-15
SOYBEAN_OIL,2024/25,Exports,2500.0,Million Pounds,2025-09-15
SOYBEAN_OIL,2024/25,Exports,2500.0,Million Pounds,2025-11-15
SOYBEAN_OIL,2024/25,Exports,2500.0,Million Pounds,2025-12-15
SOYBEAN_OIL,2024/25,Exports,2492.0,Million Pounds,2026-01-15
SOYBEAN_OIL,2024/25,Exports,2492.0,Million Pounds,2026-02-15
SOYBEAN_OIL,2024/25,Exports,2492.0,Million Pounds,2026-03-15
SOYBEAN_OIL,2024/25,Exports,2492.0,Million Pounds,2026-04-15
SOYBEAN_OIL,2024/25,Exports,2492.0,Million Pounds,2026-05-15
SOYBEAN_OIL,2024/25,Exports,2492.0,Million Pounds,2026-06-15
SOYBEAN_OIL,2024/25,Exports,2472.0,Million Pounds,2026-07-15
SOYBEAN_OIL,2024/25,"Food, Feed & other Industrial",14600.0,Million Pounds,2025-08-15
SOYBEAN_OIL,2024/25,"Food, Feed & other Industrial",14600.0,Million Pounds,2025-09-15
SOYBEAN_OIL,2024/25,"Food, Feed & other Industrial",15000.0,Million Pounds,2025-11-15
SOYBEAN_OIL,2024/25,"Food, Feed & other Industrial",15142.0,Million Pounds,2025-12-15
SOYBEAN_OIL,2024/25,"Food, Feed & other Industrial",15133.0,Million Pounds,2026-01-15
SOYBEAN_OIL,2024/25,"Food, Feed & other Industrial",15133.0,Million Pounds,2026-02-15
SOYBEAN_OIL,2024/25,"Food, Feed & other Industrial",15133.0,Million Pounds,2026-03-15
SOYBEAN_OIL,2024/25,"Food, Feed & other Industrial",15133.0,Million Pounds,2026-04-15
SOYBEAN_OIL,2024/25,"Food, Feed & other Industrial",15133.0,Million Pounds,2026-05-15
SOYBEAN_OIL,2024/25,"Food, Feed & other Industrial",15133.0,Million Pounds,2026-06-15
SOYBEAN_OIL,2024/25,"Food, Feed & other Industrial",15154.0,Million Pounds,2026-07-15
SOYBEAN_OIL,2024/25,Imports,375.0,Million Pounds,2025-08-15
SOYBEAN_OIL,2024/25,Imports,375.0,Million Pounds,2025-09-15
SOYBEAN_OIL,2024/25,Imports,375.0,Million Pounds,2025-11-15
SOYBEAN_OIL,2024/25,Imports,375.0,Million Pounds,2025-12-15
SOYBEAN_OIL,2024/25,Imports,362.0,Million Pounds,2026-01-15
SOYBEAN_OIL,2024/25,Imports,362.0,Million Pounds,2026-02-15
SOYBEAN_OIL,2024/25,Imports,362.0,Million Pounds,2026-03-15
SOYBEAN_OIL,2024/25,Imports,362.0,Million Pounds,2026-04-15
SOYBEAN_OIL,2024/25,Imports,362.0,Million Pounds,2026-05-15
SOYBEAN_OIL,2024/25,Imports,362.0,Million Pounds,2026-06-15
SOYBEAN_OIL,2024/25,Imports,362.0,Million Pounds,2026-07-15
SOYBEAN_OIL,2024/25,Production,28975.0,Million Pounds,2025-08-15
SOYBEAN_OIL,2024/25,Production,28985.0,Million Pounds,2025-09-15
SOYBEAN_OIL,2024/25,Production,29225.0,Million Pounds,2025-11-15
SOYBEAN_OIL,2024/25,Production,29225.0,Million Pounds,2025-12-15
SOYBEAN_OIL,2024/25,Production,29218.0,Million Pounds,2026-01-15
SOYBEAN_OIL,2024/25,Production,29218.0,Million Pounds,2026-02-15
SOYBEAN_OIL,2024/25,Production,29218.0,Million Pounds,2026-03-15
SOYBEAN_OIL,2024/25,Production,29218.0,Million Pounds,2026-04-15
SOYBEAN_OIL,2024/25,Production,29218.0,Million Pounds,2026-05-15
SOYBEAN_OIL,2024/25,Production,29218.0,Million Pounds,2026-06-15
SOYBEAN_OIL,2024/25,Production,29218.0,Million Pounds,2026-07-15
SOYBEAN_OIL,2024/25,"Supply, Total",30901.0,Million Pounds,2025-08-15
SOYBEAN_OIL,2024/25,"Supply, Total",30911.0,Million Pounds,2025-09-15
SOYBEAN_OIL,2024/25,"Supply, Total",31151.0,Million Pounds,2025-11-15
SOYBEAN_OIL,2024/25,"Supply, Total",31151.0,Million Pounds,2025-12-15
SOYBEAN_OIL,2024/25,"Supply, Total",31131.0,Million Pounds,2026-01-15
SOYBEAN_OIL,2024/25,"Supply, Total",31131.0,Million Pounds,2026-02-15
SOYBEAN_OIL,2024/25,"Supply, Total",31131.0,Million Pounds,2026-03-15
SOYBEAN_OIL,2024/25,"Supply, Total",31131.0,Million Pounds,2026-04-15
SOYBEAN_OIL,2024/25,"Supply, Total",31131.0,Million Pounds,2026-05-15
SOYBEAN_OIL,2024/25,"Supply, Total",31131.0,Million Pounds,2026-06-15
SOYBEAN_OIL,2024/25,"Supply, Total",31131.0,Million Pounds,2026-07-15
SOYBEAN_OIL,2024/25,"Use, Total",29400.0,Million Pounds,2025-08-15
SOYBEAN_OIL,2024/25,"Use, Total",29350.0,Million Pounds,2025-09-15
SOYBEAN_OIL,2024/25,"Use, Total",29400.0,Million Pounds,2025-11-15
SOYBEAN_OIL,2024/25,"Use, Total",29400.0,Million Pounds,2025-12-15
SOYBEAN_OIL,2024/25,"Use, Total",29384.0,Million Pounds,2026-01-15
SOYBEAN_OIL,2024/25,"Use, Total",29384.0,Million Pounds,2026-02-15
SOYBEAN_OIL,2024/25,"Use, Total",29384.0,Million Pounds,2026-03-15
SOYBEAN_OIL,2024/25,"Use, Total",29384.0,Million Pounds,2026-04-15
SOYBEAN_OIL,2024/25,"Use, Total",29384.0,Million Pounds,2026-05-15
SOYBEAN_OIL,2024/25,"Use, Total",29384.0,Million Pounds,2026-06-15
SOYBEAN_OIL,2024/25,"Use, Total",29384.0,Million Pounds,2026-07-15
SOYBEAN_OIL,2025/26,Avg. Price (c/lb),53.0,c/lb,2025-07-15
SOYBEAN_OIL,2025/26,Avg. Price (c/lb),53.0,c/lb,2025-08-15
SOYBEAN_OIL,2025/26,Avg. Price (c/lb),53.0,c/lb,2025-09-15
SOYBEAN_OIL,2025/26,Avg. Price (c/lb),53.0,c/lb,2025-10-15
SOYBEAN_OIL,2025/26,Avg. Price (c/lb),53.0,c/lb,2025-11-15
SOYBEAN_OIL,2025/26,Avg. Price (c/lb),53.0,c/lb,2025-12-15
SOYBEAN_OIL,2025/26,Avg. Price (c/lb),53.0,c/lb,2026-01-15
SOYBEAN_OIL,2025/26,Avg. Price (c/lb),53.0,c/lb,2026-02-15
SOYBEAN_OIL,2025/26,Avg. Price (c/lb),55.0,c/lb,2026-03-15
SOYBEAN_OIL,2025/26,Avg. Price (c/lb),59.0,c/lb,2026-04-15
SOYBEAN_OIL,2025/26,Avg. Price (c/lb),63.0,c/lb,2026-05-15
SOYBEAN_OIL,2025/26,Avg. Price (c/lb),64.0,c/lb,2026-06-15
SOYBEAN_OIL,2025/26,Avg. Price (c/lb),64.0,c/lb,2026-07-15
SOYBEAN_OIL,2025/26,Beginning Stocks,1451.0,Million Pounds,2025-07-15
SOYBEAN_OIL,2025/26,Beginning Stocks,1501.0,Million Pounds,2025-08-15
SOYBEAN_OIL,2025/26,Beginning Stocks,1561.0,Million Pounds,2025-09-15
SOYBEAN_OIL,2025/26,Beginning Stocks,1561.0,Million Pounds,2025-10-15
SOYBEAN_OIL,2025/26,Beginning Stocks,1751.0,Million Pounds,2025-11-15
SOYBEAN_OIL,2025/26,Beginning Stocks,1751.0,Million Pounds,2025-12-15
SOYBEAN_OIL,2025/26,Beginning Stocks,1747.0,Million Pounds,2026-01-15
SOYBEAN_OIL,2025/26,Beginning Stocks,1747.0,Million Pounds,2026-02-15
SOYBEAN_OIL,2025/26,Beginning Stocks,1747.0,Million Pounds,2026-03-15
SOYBEAN_OIL,2025/26,Beginning Stocks,1747.0,Million Pounds,2026-04-15
SOYBEAN_OIL,2025/26,Beginning Stocks,1747.0,Million Pounds,2026-05-15
SOYBEAN_OIL,2025/26,Beginning Stocks,1747.0,Million Pounds,2026-06-15
SOYBEAN_OIL,2025/26,Beginning Stocks,1747.0,Million Pounds,2026-07-15
SOYBEAN_OIL,2025/26,Biofuel,15500.0,Million Pounds,2025-07-15
SOYBEAN_OIL,2025/26,Biofuel,15500.0,Million Pounds,2025-08-15
SOYBEAN_OIL,2025/26,Biofuel,15500.0,Million Pounds,2025-09-15
SOYBEAN_OIL,2025/26,Biofuel,15500.0,Million Pounds,2025-10-15
SOYBEAN_OIL,2025/26,Biofuel,15500.0,Million Pounds,2025-11-15
SOYBEAN_OIL,2025/26,Biofuel,15500.0,Million Pounds,2025-12-15
SOYBEAN_OIL,2025/26,Biofuel,14800.0,Million Pounds,2026-01-15
SOYBEAN_OIL,2025/26,Biofuel,14800.0,Million Pounds,2026-02-15
SOYBEAN_OIL,2025/26,Biofuel,14000.0,Million Pounds,2026-03-15
SOYBEAN_OIL,2025/26,Biofuel,14000.0,Million Pounds,2026-04-15
SOYBEAN_OIL,2025/26,Biofuel,14200.0,Million Pounds,2026-05-15
SOYBEAN_OIL,2025/26,Biofuel,14550.0,Million Pounds,2026-06-15
SOYBEAN_OIL,2025/26,Biofuel,14550.0,Million Pounds,2026-07-15
SOYBEAN_OIL,2025/26,Domestic Disappearance,29500.0,Million Pounds,2025-07-15
SOYBEAN_OIL,2025/26,Domestic Disappearance,29500.0,Million Pounds,2025-08-15
SOYBEAN_OIL,2025/26,Domestic Disappearance,29650.0,Million Pounds,2025-09-15
SOYBEAN_OIL,2025/26,Domestic Disappearance,29650.0,Million Pounds,2025-10-15
SOYBEAN_OIL,2025/26,Domestic Disappearance,29650.0,Million Pounds,2025-11-15
SOYBEAN_OIL,2025/26,Domestic Disappearance,29650.0,Million Pounds,2025-12-15
SOYBEAN_OIL,2025/26,Domestic Disappearance,29100.0,Million Pounds,2026-01-15
SOYBEAN_OIL,2025/26,Domestic Disappearance,29100.0,Million Pounds,2026-02-15
SOYBEAN_OIL,2025/26,Domestic Disappearance,29050.0,Million Pounds,2026-03-15
SOYBEAN_OIL,2025/26,Domestic Disappearance,29350.0,Million Pounds,2026-04-15
SOYBEAN_OIL,2025/26,Domestic Disappearance,29680.0,Million Pounds,2026-05-15
SOYBEAN_OIL,2025/26,Domestic Disappearance,30030.0,Million Pounds,2026-06-15
SOYBEAN_OIL,2025/26,Domestic Disappearance,30095.0,Million Pounds,2026-07-15
SOYBEAN_OIL,2025/26,Ending stocks,1671.0,Million Pounds,2025-07-15
SOYBEAN_OIL,2025/26,Ending stocks,1721.0,Million Pounds,2025-08-15
SOYBEAN_OIL,2025/26,Ending stocks,1736.0,Million Pounds,2025-09-15
SOYBEAN_OIL,2025/26,Ending stocks,1736.0,Million Pounds,2025-10-15
SOYBEAN_OIL,2025/26,Ending stocks,1726.0,Million Pounds,2025-11-15
SOYBEAN_OIL,2025/26,Ending stocks,1726.0,Million Pounds,2025-12-15
SOYBEAN_OIL,2025/26,Ending stocks,1752.0,Million Pounds,2026-01-15
SOYBEAN_OIL,2025/26,Ending stocks,1752.0,Million Pounds,2026-02-15
SOYBEAN_OIL,2025/26,Ending stocks,1782.0,Million Pounds,2026-03-15
SOYBEAN_OIL,2025/26,Ending stocks,1842.0,Million Pounds,2026-04-15
SOYBEAN_OIL,2025/26,Ending stocks,1857.0,Million Pounds,2026-05-15
SOYBEAN_OIL,2025/26,Ending stocks,1837.0,Million Pounds,2026-06-15
SOYBEAN_OIL,2025/26,Ending stocks,1837.0,Million Pounds,2026-07-15
SOYBEAN_OIL,2025/26,Exports,700.0,Million Pounds,2025-07-15
SOYBEAN_OIL,2025/26,Exports,700.0,Million Pounds,2025-08-15
SOYBEAN_OIL,2025/26,Exports,700.0,Million Pounds,2025-09-15
SOYBEAN_OIL,2025/26,Exports,700.0,Million Pounds,2025-10-15
SOYBEAN_OIL,2025/26,Exports,900.0,Million Pounds,2025-11-15
SOYBEAN_OIL,2025/26,Exports,900.0,Million Pounds,2025-12-15
SOYBEAN_OIL,2025/26,Exports,1200.0,Million Pounds,2026-01-15
SOYBEAN_OIL,2025/26,Exports,1200.0,Million Pounds,2026-02-15
SOYBEAN_OIL,2025/26,Exports,1200.0,Million Pounds,2026-03-15
SOYBEAN_OIL,2025/26,Exports,1200.0,Million Pounds,2026-04-15
SOYBEAN_OIL,2025/26,Exports,1200.0,Million Pounds,2026-05-15
SOYBEAN_OIL,2025/26,Exports,1050.0,Million Pounds,2026-06-15
SOYBEAN_OIL,2025/26,Exports,1000.0,Million Pounds,2026-07-15
SOYBEAN_OIL,2025/26,"Food, Feed & other Industrial",14000.0,Million Pounds,2025-07-15
SOYBEAN_OIL,2025/26,"Food, Feed & other Industrial",14000.0,Million Pounds,2025-08-15
SOYBEAN_OIL,2025/26,"Food, Feed & other Industrial",14150.0,Million Pounds,2025-09-15
SOYBEAN_OIL,2025/26,"Food, Feed & other Industrial",14150.0,Million Pounds,2025-10-15
SOYBEAN_OIL,2025/26,"Food, Feed & other Industrial",14150.0,Million Pounds,2025-11-15
SOYBEAN_OIL,2025/26,"Food, Feed & other Industrial",14150.0,Million Pounds,2025-12-15
SOYBEAN_OIL,2025/26,"Food, Feed & other Industrial",14300.0,Million Pounds,2026-01-15
SOYBEAN_OIL,2025/26,"Food, Feed & other Industrial",14300.0,Million Pounds,2026-02-15
SOYBEAN_OIL,2025/26,"Food, Feed & other Industrial",15050.0,Million Pounds,2026-03-15
SOYBEAN_OIL,2025/26,"Food, Feed & other Industrial",15350.0,Million Pounds,2026-04-15
SOYBEAN_OIL,2025/26,"Food, Feed & other Industrial",15480.0,Million Pounds,2026-05-15
SOYBEAN_OIL,2025/26,"Food, Feed & other Industrial",15480.0,Million Pounds,2026-06-15
SOYBEAN_OIL,2025/26,"Food, Feed & other Industrial",15545.0,Million Pounds,2026-07-15
SOYBEAN_OIL,2025/26,Imports,450.0,Million Pounds,2025-07-15
SOYBEAN_OIL,2025/26,Imports,450.0,Million Pounds,2025-08-15
SOYBEAN_OIL,2025/26,Imports,375.0,Million Pounds,2025-09-15
SOYBEAN_OIL,2025/26,Imports,375.0,Million Pounds,2025-10-15
SOYBEAN_OIL,2025/26,Imports,375.0,Million Pounds,2025-11-15
SOYBEAN_OIL,2025/26,Imports,375.0,Million Pounds,2025-12-15
SOYBEAN_OIL,2025/26,Imports,365.0,Million Pounds,2026-01-15
SOYBEAN_OIL,2025/26,Imports,365.0,Million Pounds,2026-02-15
SOYBEAN_OIL,2025/26,Imports,365.0,Million Pounds,2026-03-15
SOYBEAN_OIL,2025/26,Imports,315.0,Million Pounds,2026-04-15
SOYBEAN_OIL,2025/26,Imports,315.0,Million Pounds,2026-05-15
SOYBEAN_OIL,2025/26,Imports,315.0,Million Pounds,2026-06-15
SOYBEAN_OIL,2025/26,Imports,330.0,Million Pounds,2026-07-15
SOYBEAN_OIL,2025/26,Production,29970.0,Million Pounds,2025-07-15
SOYBEAN_OIL,2025/26,Production,29970.0,Million Pounds,2025-08-15
SOYBEAN_OIL,2025/26,Production,30150.0,Million Pounds,2025-09-15
SOYBEAN_OIL,2025/26,Production,30150.0,Million Pounds,2025-10-15
SOYBEAN_OIL,2025/26,Production,30150.0,Million Pounds,2025-11-15
SOYBEAN_OIL,2025/26,Production,30150.0,Million Pounds,2025-12-15
SOYBEAN_OIL,2025/26,Production,29940.0,Million Pounds,2026-01-15
SOYBEAN_OIL,2025/26,Production,29940.0,Million Pounds,2026-02-15
SOYBEAN_OIL,2025/26,Production,29920.0,Million Pounds,2026-03-15
SOYBEAN_OIL,2025/26,Production,30330.0,Million Pounds,2026-04-15
SOYBEAN_OIL,2025/26,Production,30675.0,Million Pounds,2026-05-15
SOYBEAN_OIL,2025/26,Production,30855.0,Million Pounds,2026-06-15
SOYBEAN_OIL,2025/26,Production,30855.0,Million Pounds,2026-07-15
SOYBEAN_OIL,2025/26,"Supply, Total",31871.0,Million Pounds,2025-07-15
SOYBEAN_OIL,2025/26,"Supply, Total",31921.0,Million Pounds,2025-08-15
SOYBEAN_OIL,2025/26,"Supply, Total",32086.0,Million Pounds,2025-09-15
SOYBEAN_OIL,2025/26,"Supply, Total",32086.0,Million Pounds,2025-10-15
SOYBEAN_OIL,2025/26,"Supply, Total",32276.0,Million Pounds,2025-11-15
SOYBEAN_OIL,2025/26,"Supply, Total",32276.0,Million Pounds,2025-12-15
SOYBEAN_OIL,2025/26,"Supply, Total",32052.0,Million Pounds,2026-01-15
SOYBEAN_OIL,2025/26,"Supply, Total",32052.0,Million Pounds,2026-02-15
SOYBEAN_OIL,2025/26,"Supply, Total",32032.0,Million Pounds,2026-03-15
SOYBEAN_OIL,2025/26,"Supply, Total",32392.0,Million Pounds,2026-04-15
SOYBEAN_OIL,2025/26,"Supply, Total",32737.0,Million Pounds,2026-05-15
SOYBEAN_OIL,2025/26,"Supply, Total",32917.0,Million Pounds,2026-06-15
SOYBEAN_OIL,2025/26,"Supply, Total",32932.0,Million Pounds,2026-07-15
SOYBEAN_OIL,2025/26,"Use, Total",30200.0,Million Pounds,2025-07-15
SOYBEAN_OIL,2025/26,"Use, Total",30200.0,Million Pounds,2025-08-15
SOYBEAN_OIL,2025/26,"Use, Total",30350.0,Million Pounds,2025-09-15
SOYBEAN_OIL,2025/26,"Use, Total",30350.0,Million Pounds,2025-10-15
SOYBEAN_OIL,2025/26,"Use, Total",30550.0,Million Pounds,2025-11-15
SOYBEAN_OIL,2025/26,"Use, Total",30550.0,Million Pounds,2025-12-15
SOYBEAN_OIL,2025/26,"Use, Total",30300.0,Million Pounds,2026-01-15
SOYBEAN_OIL,2025/26,"Use, Total",30300.0,Million Pounds,2026-02-15
SOYBEAN_OIL,2025/26,"Use, Total",30250.0,Million Pounds,2026-03-15
SOYBEAN_OIL,2025/26,"Use, Total",30550.0,Million Pounds,2026-04-15
SOYBEAN_OIL,2025/26,"Use, Total",30880.0,Million Pounds,2026-05-15
SOYBEAN_OIL,2025/26,"Use, Total",31080.0,Million Pounds,2026-06-15
SOYBEAN_OIL,2025/26,"Use, Total",31095.0,Million Pounds,2026-07-15
SOYBEAN_OIL,2026/27,Avg. Price (c/lb),70.0,c/lb,2026-05-15
SOYBEAN_OIL,2026/27,Avg. Price (c/lb),70.0,c/lb,2026-06-15
SOYBEAN_OIL,2026/27,Avg. Price (c/lb),70.0,c/lb,2026-07-15
SOYBEAN_OIL,2026/27,Beginning Stocks,1857.0,Million Pounds,2026-05-15
SOYBEAN_OIL,2026/27,Beginning Stocks,1837.0,Million Pounds,2026-06-15
SOYBEAN_OIL,2026/27,Beginning Stocks,1837.0,Million Pounds,2026-07-15
SOYBEAN_OIL,2026/27,Biofuel,17800.0,Million Pounds,2026-05-15
SOYBEAN_OIL,2026/27,Biofuel,17800.0,Million Pounds,2026-06-15
SOYBEAN_OIL,2026/27,Biofuel,17800.0,Million Pounds,2026-07-15
SOYBEAN_OIL,2026/27,Domestic Disappearance,32750.0,Million Pounds,2026-05-15
SOYBEAN_OIL,2026/27,Domestic Disappearance,32750.0,Million Pounds,2026-06-15
SOYBEAN_OIL,2026/27,Domestic Disappearance,32750.0,Million Pounds,2026-07-15
SOYBEAN_OIL,2026/27,Ending stocks,1897.0,Million Pounds,2026-05-15
SOYBEAN_OIL,2026/27,Ending stocks,1877.0,Million Pounds,2026-06-15
SOYBEAN_OIL,2026/27,Ending stocks,1877.0,Million Pounds,2026-07-15
SOYBEAN_OIL,2026/27,Exports,400.0,Million Pounds,2026-05-15
SOYBEAN_OIL,2026/27,Exports,400.0,Million Pounds,2026-06-15
SOYBEAN_OIL,2026/27,Exports,400.0,Million Pounds,2026-07-15
SOYBEAN_OIL,2026/27,"Food, Feed & other Industrial",14950.0,Million Pounds,2026-05-15
SOYBEAN_OIL,2026/27,"Food, Feed & other Industrial",14950.0,Million Pounds,2026-06-15
SOYBEAN_OIL,2026/27,"Food, Feed & other Industrial",14950.0,Million Pounds,2026-07-15
SOYBEAN_OIL,2026/27,Imports,600.0,Million Pounds,2026-05-15
SOYBEAN_OIL,2026/27,Imports,600.0,Million Pounds,2026-06-15
SOYBEAN_OIL,2026/27,Imports,600.0,Million Pounds,2026-07-15
SOYBEAN_OIL,2026/27,Production,32590.0,Million Pounds,2026-05-15
SOYBEAN_OIL,2026/27,Production,32590.0,Million Pounds,2026-06-15
SOYBEAN_OIL,2026/27,Production,32590.0,Million Pounds,2026-07-15
SOYBEAN_OIL,2026/27,"Supply, Total",35047.0,Million Pounds,2026-05-15
SOYBEAN_OIL,2026/27,"Supply, Total",35027.0,Million Pounds,2026-06-15
SOYBEAN_OIL,2026/27,"Supply, Total",35027.0,Million Pounds,2026-07-15
SOYBEAN_OIL,2026/27,"Use, Total",33150.0,Million Pounds,2026-05-15
SOYBEAN_OIL,2026/27,"Use, Total",33150.0,Million Pounds,2026-06-15
SOYBEAN_OIL,2026/27,"Use, Total",33150.0,Million Pounds,2026-07-15
WHEAT,2023/24,Area Harvested,37.1,Million Acres,2025-08-15
WHEAT,2023/24,Area Harvested,37.1,Million Acres,2025-09-15
WHEAT,2023/24,Area Harvested,37.1,Million Acres,2025-11-15
WHEAT,2023/24,Area Harvested,37.1,Million Acres,2025-12-15
WHEAT,2023/24,Area Harvested,37.1,Million Acres,2026-01-15
WHEAT,2023/24,Area Harvested,37.1,Million Acres,2026-02-15
WHEAT,2023/24,Area Harvested,37.1,Million Acres,2026-03-15
WHEAT,2023/24,Area Harvested,37.1,Million Acres,2026-04-15
WHEAT,2023/24,Area Planted,49.6,Million Acres,2025-08-15
WHEAT,2023/24,Area Planted,49.6,Million Acres,2025-09-15
WHEAT,2023/24,Area Planted,49.6,Million Acres,2025-11-15
WHEAT,2023/24,Area Planted,49.6,Million Acres,2025-12-15
WHEAT,2023/24,Area Planted,49.6,Million Acres,2026-01-15
WHEAT,2023/24,Area Planted,49.6,Million Acres,2026-02-15
WHEAT,2023/24,Area Planted,49.6,Million Acres,2026-03-15
WHEAT,2023/24,Area Planted,49.6,Million Acres,2026-04-15
WHEAT,2023/24,Avg. Farm Price ($/bu),6.96,$/bu,2025-08-15
WHEAT,2023/24,Avg. Farm Price ($/bu),6.96,$/bu,2025-09-15
WHEAT,2023/24,Avg. Farm Price ($/bu),6.96,$/bu,2025-11-15
WHEAT,2023/24,Avg. Farm Price ($/bu),6.96,$/bu,2025-12-15
WHEAT,2023/24,Avg. Farm Price ($/bu),6.96,$/bu,2026-01-15
WHEAT,2023/24,Avg. Farm Price ($/bu),6.96,$/bu,2026-02-15
WHEAT,2023/24,Avg. Farm Price ($/bu),6.96,$/bu,2026-03-15
WHEAT,2023/24,Avg. Farm Price ($/bu),6.96,$/bu,2026-04-15
WHEAT,2023/24,Beginning Stocks,570.0,Million Bushels,2025-08-15
WHEAT,2023/24,Beginning Stocks,570.0,Million Bushels,2025-09-15
WHEAT,2023/24,Beginning Stocks,570.0,Million Bushels,2025-11-15
WHEAT,2023/24,Beginning Stocks,570.0,Million Bushels,2025-12-15
WHEAT,2023/24,Beginning Stocks,570.0,Million Bushels,2026-01-15
WHEAT,2023/24,Beginning Stocks,570.0,Million Bushels,2026-02-15
WHEAT,2023/24,Beginning Stocks,570.0,Million Bushels,2026-03-15
WHEAT,2023/24,Beginning Stocks,570.0,Million Bushels,2026-04-15
WHEAT,2023/24,"Domestic, Total",1109.0,Million Bushels,2025-08-15
WHEAT,2023/24,"Domestic, Total",1109.0,Million Bushels,2025-09-15
WHEAT,2023/24,"Domestic, Total",1109.0,Million Bushels,2025-11-15
WHEAT,2023/24,"Domestic, Total",1109.0,Million Bushels,2025-12-15
WHEAT,2023/24,"Domestic, Total",1109.0,Million Bushels,2026-01-15
WHEAT,2023/24,"Domestic, Total",1109.0,Million Bushels,2026-02-15
WHEAT,2023/24,"Domestic, Total",1109.0,Million Bushels,2026-03-15
WHEAT,2023/24,"Domestic, Total",1109.0,Million Bushels,2026-04-15
WHEAT,2023/24,Ending Stocks,696.0,Million Bushels,2025-08-15
WHEAT,2023/24,Ending Stocks,696.0,Million Bushels,2025-09-15
WHEAT,2023/24,Ending Stocks,696.0,Million Bushels,2025-11-15
WHEAT,2023/24,Ending Stocks,696.0,Million Bushels,2025-12-15
WHEAT,2023/24,Ending Stocks,696.0,Million Bushels,2026-01-15
WHEAT,2023/24,Ending Stocks,696.0,Million Bushels,2026-02-15
WHEAT,2023/24,Ending Stocks,696.0,Million Bushels,2026-03-15
WHEAT,2023/24,Ending Stocks,696.0,Million Bushels,2026-04-15
WHEAT,2023/24,Exports,706.0,Million Bushels,2025-08-15
WHEAT,2023/24,Exports,706.0,Million Bushels,2025-09-15
WHEAT,2023/24,Exports,706.0,Million Bushels,2025-11-15
WHEAT,2023/24,Exports,706.0,Million Bushels,2025-12-15
WHEAT,2023/24,Exports,706.0,Million Bushels,2026-01-15
WHEAT,2023/24,Exports,706.0,Million Bushels,2026-02-15
WHEAT,2023/24,Exports,706.0,Million Bushels,2026-03-15
WHEAT,2023/24,Exports,706.0,Million Bushels,2026-04-15
WHEAT,2023/24,Feed and Residual,86.0,Million Bushels,2025-08-15
WHEAT,2023/24,Feed and Residual,86.0,Million Bushels,2025-09-15
WHEAT,2023/24,Feed and Residual,86.0,Million Bushels,2025-11-15
WHEAT,2023/24,Feed and Residual,86.0,Million Bushels,2025-12-15
WHEAT,2023/24,Feed and Residual,86.0,Million Bushels,2026-01-15
WHEAT,2023/24,Feed and Residual,86.0,Million Bushels,2026-02-15
WHEAT,2023/24,Feed and Residual,86.0,Million Bushels,2026-03-15
WHEAT,2023/24,Feed and Residual,86.0,Million Bushels,2026-04-15
WHEAT,2023/24,Food,961.0,Million Bushels,2025-08-15
WHEAT,2023/24,Food,961.0,Million Bushels,2025-09-15
WHEAT,2023/24,Food,961.0,Million Bushels,2025-11-15
WHEAT,2023/24,Food,961.0,Million Bushels,2025-12-15
WHEAT,2023/24,Food,961.0,Million Bushels,2026-01-15
WHEAT,2023/24,Food,961.0,Million Bushels,2026-02-15
WHEAT,2023/24,Food,961.0,Million Bushels,2026-03-15
WHEAT,2023/24,Food,961.0,Million Bushels,2026-04-15
WHEAT,2023/24,Imports,138.0,Million Bushels,2025-08-15
WHEAT,2023/24,Imports,138.0,Million Bushels,2025-09-15
WHEAT,2023/24,Imports,138.0,Million Bushels,2025-11-15
WHEAT,2023/24,Imports,138.0,Million Bushels,2025-12-15
WHEAT,2023/24,Imports,138.0,Million Bushels,2026-01-15
WHEAT,2023/24,Imports,138.0,Million Bushels,2026-02-15
WHEAT,2023/24,Imports,138.0,Million Bushels,2026-03-15
WHEAT,2023/24,Imports,138.0,Million Bushels,2026-04-15
WHEAT,2023/24,Production,1804.0,Million Bushels,2025-08-15
WHEAT,2023/24,Production,1804.0,Million Bushels,2025-09-15
WHEAT,2023/24,Production,1804.0,Million Bushels,2025-11-15
WHEAT,2023/24,Production,1804.0,Million Bushels,2025-12-15
WHEAT,2023/24,Production,1804.0,Million Bushels,2026-01-15
WHEAT,2023/24,Production,1804.0,Million Bushels,2026-02-15
WHEAT,2023/24,Production,1804.0,Million Bushels,2026-03-15
WHEAT,2023/24,Production,1804.0,Million Bushels,2026-04-15
WHEAT,2023/24,Seed,62.0,Million Bushels,2025-08-15
WHEAT,2023/24,Seed,62.0,Million Bushels,2025-09-15
WHEAT,2023/24,Seed,62.0,Million Bushels,2025-11-15
WHEAT,2023/24,Seed,62.0,Million Bushels,2025-12-15
WHEAT,2023/24,Seed,62.0,Million Bushels,2026-01-15
WHEAT,2023/24,Seed,62.0,Million Bushels,2026-02-15
WHEAT,2023/24,Seed,62.0,Million Bushels,2026-03-15
WHEAT,2023/24,Seed,62.0,Million Bushels,2026-04-15
WHEAT,2023/24,"Supply, Total",2511.0,Million Bushels,2025-08-15
WHEAT,2023/24,"Supply, Total",2511.0,Million Bushels,2025-09-15
WHEAT,2023/24,"Supply, Total",2511.0,Million Bushels,2025-11-15
WHEAT,2023/24,"Supply, Total",2511.0,Million Bushels,2025-12-15
WHEAT,2023/24,"Supply, Total",2511.0,Million Bushels,2026-01-15
WHEAT,2023/24,"Supply, Total",2511.0,Million Bushels,2026-02-15
WHEAT,2023/24,"Supply, Total",2511.0,Million Bushels,2026-03-15
WHEAT,2023/24,"Supply, Total",2511.0,Million Bushels,2026-04-15
WHEAT,2023/24,"Use, Total",1815.0,Million Bushels,2025-08-15
WHEAT,2023/24,"Use, Total",1815.0,Million Bushels,2025-09-15
WHEAT,2023/24,"Use, Total",1815.0,Million Bushels,2025-11-15
WHEAT,2023/24,"Use, Total",1815.0,Million Bushels,2025-12-15
WHEAT,2023/24,"Use, Total",1815.0,Million Bushels,2026-01-15
WHEAT,2023/24,"Use, Total",1815.0,Million Bushels,2026-02-15
WHEAT,2023/24,"Use, Total",1815.0,Million Bushels,2026-03-15
WHEAT,2023/24,"Use, Total",1815.0,Million Bushels,2026-04-15
WHEAT,2023/24,Yield per Harvested Acre,48.7,Bushels,2025-08-15
WHEAT,2023/24,Yield per Harvested Acre,48.7,Bushels,2025-09-15
WHEAT,2023/24,Yield per Harvested Acre,48.7,Bushels,2025-11-15
WHEAT,2023/24,Yield per Harvested Acre,48.7,Bushels,2025-12-15
WHEAT,2023/24,Yield per Harvested Acre,48.7,Bushels,2026-01-15
WHEAT,2023/24,Yield per Harvested Acre,48.7,Bushels,2026-02-15
WHEAT,2023/24,Yield per Harvested Acre,48.7,Bushels,2026-03-15
WHEAT,2023/24,Yield per Harvested Acre,48.7,Bushels,2026-04-15
WHEAT,2024/25,Area Harvested,38.5,Million Acres,2025-08-15
WHEAT,2024/25,Area Harvested,38.5,Million Acres,2025-09-15
WHEAT,2024/25,Area Harvested,38.6,Million Acres,2025-11-15
WHEAT,2024/25,Area Harvested,38.6,Million Acres,2025-12-15
WHEAT,2024/25,Area Harvested,38.6,Million Acres,2026-01-15
WHEAT,2024/25,Area Harvested,38.6,Million Acres,2026-02-15
WHEAT,2024/25,Area Harvested,38.6,Million Acres,2026-03-15
WHEAT,2024/25,Area Harvested,38.6,Million Acres,2026-04-15
WHEAT,2024/25,Area Harvested,38.6,Million Acres,2026-05-15
WHEAT,2024/25,Area Harvested,38.6,Million Acres,2026-06-15
WHEAT,2024/25,Area Harvested,38.6,Million Acres,2026-07-15
WHEAT,2024/25,Area Planted,46.1,Million Acres,2025-08-15
WHEAT,2024/25,Area Planted,46.1,Million Acres,2025-09-15
WHEAT,2024/25,Area Planted,46.3,Million Acres,2025-11-15
WHEAT,2024/25,Area Planted,46.3,Million Acres,2025-12-15
WHEAT,2024/25,Area Planted,46.3,Million Acres,2026-01-15
WHEAT,2024/25,Area Planted,46.3,Million Acres,2026-02-15
WHEAT,2024/25,Area Planted,46.3,Million Acres,2026-03-15
WHEAT,2024/25,Area Planted,46.3,Million Acres,2026-04-15
WHEAT,2024/25,Area Planted,46.3,Million Acres,2026-05-15
WHEAT,2024/25,Area Planted,46.3,Million Acres,2026-06-15
WHEAT,2024/25,Area Planted,46.3,Million Acres,2026-07-15
WHEAT,2024/25,Avg. Farm Price ($/bu),5.52,$/bu,2025-08-15
WHEAT,2024/25,Avg. Farm Price ($/bu),5.52,$/bu,2025-09-15
WHEAT,2024/25,Avg. Farm Price ($/bu),5.52,$/bu,2025-11-15
WHEAT,2024/25,Avg. Farm Price ($/bu),5.52,$/bu,2025-12-15
WHEAT,2024/25,Avg. Farm Price ($/bu),5.52,$/bu,2026-01-15
WHEAT,2024/25,Avg. Farm Price ($/bu),5.52,$/bu,2026-02-15
WHEAT,2024/25,Avg. Farm Price ($/bu),5.52,$/bu,2026-03-15
WHEAT,2024/25,Avg. Farm Price ($/bu),5.52,$/bu,2026-04-15
WHEAT,2024/25,Avg. Farm Price ($/bu),5.52,$/bu,2026-05-15
WHEAT,2024/25,Avg. Farm Price ($/bu),5.52,$/bu,2026-06-15
WHEAT,2024/25,Avg. Farm Price ($/bu),5.52,$/bu,2026-07-15
WHEAT,2024/25,Beginning Stocks,696.0,Million Bushels,2025-08-15
WHEAT,2024/25,Beginning Stocks,696.0,Million Bushels,2025-09-15
WHEAT,2024/25,Beginning Stocks,696.0,Million Bushels,2025-11-15
WHEAT,2024/25,Beginning Stocks,696.0,Million Bushels,2025-12-15
WHEAT,2024/25,Beginning Stocks,696.0,Million Bushels,2026-01-15
WHEAT,2024/25,Beginning Stocks,696.0,Million Bushels,2026-02-15
WHEAT,2024/25,Beginning Stocks,696.0,Million Bushels,2026-03-15
WHEAT,2024/25,Beginning Stocks,696.0,Million Bushels,2026-04-15
WHEAT,2024/25,Beginning Stocks,696.0,Million Bushels,2026-05-15
WHEAT,2024/25,Beginning Stocks,696.0,Million Bushels,2026-06-15
WHEAT,2024/25,Beginning Stocks,696.0,Million Bushels,2026-07-15
WHEAT,2024/25,"Domestic, Total",1140.0,Million Bushels,2025-08-15
WHEAT,2024/25,"Domestic, Total",1140.0,Million Bushels,2025-09-15
WHEAT,2024/25,"Domestic, Total",1148.0,Million Bushels,2025-11-15
WHEAT,2024/25,"Domestic, Total",1148.0,Million Bushels,2025-12-15
WHEAT,2024/25,"Domestic, Total",1143.0,Million Bushels,2026-01-15
WHEAT,2024/25,"Domestic, Total",1143.0,Million Bushels,2026-02-15
WHEAT,2024/25,"Domestic, Total",1143.0,Million Bushels,2026-03-15
WHEAT,2024/25,"Domestic, Total",1143.0,Million Bushels,2026-04-15
WHEAT,2024/25,"Domestic, Total",1143.0,Million Bushels,2026-05-15
WHEAT,2024/25,"Domestic, Total",1143.0,Million Bushels,2026-06-15
WHEAT,2024/25,"Domestic, Total",1141.0,Million Bushels,2026-07-15
WHEAT,2024/25,Ending Stocks,851.0,Million Bushels,2025-08-15
WHEAT,2024/25,Ending Stocks,851.0,Million Bushels,2025-09-15
WHEAT,2024/25,Ending Stocks,851.0,Million Bushels,2025-11-15
WHEAT,2024/25,Ending Stocks,851.0,Million Bushels,2025-12-15
WHEAT,2024/25,Ending Stocks,855.0,Million Bushels,2026-01-15
WHEAT,2024/25,Ending Stocks,855.0,Million Bushels,2026-02-15
WHEAT,2024/25,Ending Stocks,855.0,Million Bushels,2026-03-15
WHEAT,2024/25,Ending Stocks,855.0,Million Bushels,2026-04-15
WHEAT,2024/25,Ending Stocks,855.0,Million Bushels,2026-05-15
WHEAT,2024/25,Ending Stocks,855.0,Million Bushels,2026-06-15
WHEAT,2024/25,Ending Stocks,855.0,Million Bushels,2026-07-15
WHEAT,2024/25,Exports,826.0,Million Bushels,2025-08-15
WHEAT,2024/25,Exports,826.0,Million Bushels,2025-09-15
WHEAT,2024/25,Exports,826.0,Million Bushels,2025-11-15
WHEAT,2024/25,Exports,826.0,Million Bushels,2025-12-15
WHEAT,2024/25,Exports,826.0,Million Bushels,2026-01-15
WHEAT,2024/25,Exports,826.0,Million Bushels,2026-02-15
WHEAT,2024/25,Exports,826.0,Million Bushels,2026-03-15
WHEAT,2024/25,Exports,826.0,Million Bushels,2026-04-15
WHEAT,2024/25,Exports,826.0,Million Bushels,2026-05-15
WHEAT,2024/25,Exports,826.0,Million Bushels,2026-06-15
WHEAT,2024/25,Exports,829.0,Million Bushels,2026-07-15
WHEAT,2024/25,Feed and Residual,109.0,Million Bushels,2025-08-15
WHEAT,2024/25,Feed and Residual,109.0,Million Bushels,2025-09-15
WHEAT,2024/25,Feed and Residual,117.0,Million Bushels,2025-11-15
WHEAT,2024/25,Feed and Residual,117.0,Million Bushels,2025-12-15
WHEAT,2024/25,Feed and Residual,113.0,Million Bushels,2026-01-15
WHEAT,2024/25,Feed and Residual,113.0,Million Bushels,2026-02-15
WHEAT,2024/25,Feed and Residual,113.0,Million Bushels,2026-03-15
WHEAT,2024/25,Feed and Residual,113.0,Million Bushels,2026-04-15
WHEAT,2024/25,Feed and Residual,113.0,Million Bushels,2026-05-15
WHEAT,2024/25,Feed and Residual,113.0,Million Bushels,2026-06-15
WHEAT,2024/25,Feed and Residual,111.0,Million Bushels,2026-07-15
WHEAT,2024/25,Food,969.0,Million Bushels,2025-08-15
WHEAT,2024/25,Food,969.0,Million Bushels,2025-09-15
WHEAT,2024/25,Food,969.0,Million Bushels,2025-11-15
WHEAT,2024/25,Food,969.0,Million Bushels,2025-12-15
WHEAT,2024/25,Food,969.0,Million Bushels,2026-01-15
WHEAT,2024/25,Food,969.0,Million Bushels,2026-02-15
WHEAT,2024/25,Food,969.0,Million Bushels,2026-03-15
WHEAT,2024/25,Food,969.0,Million Bushels,2026-04-15
WHEAT,2024/25,Food,969.0,Million Bushels,2026-05-15
WHEAT,2024/25,Food,969.0,Million Bushels,2026-06-15
WHEAT,2024/25,Food,969.0,Million Bushels,2026-07-15
WHEAT,2024/25,Imports,149.0,Million Bushels,2025-08-15
WHEAT,2024/25,Imports,149.0,Million Bushels,2025-09-15
WHEAT,2024/25,Imports,149.0,Million Bushels,2025-11-15
WHEAT,2024/25,Imports,149.0,Million Bushels,2025-12-15
WHEAT,2024/25,Imports,149.0,Million Bushels,2026-01-15
WHEAT,2024/25,Imports,149.0,Million Bushels,2026-02-15
WHEAT,2024/25,Imports,149.0,Million Bushels,2026-03-15
WHEAT,2024/25,Imports,149.0,Million Bushels,2026-04-15
WHEAT,2024/25,Imports,149.0,Million Bushels,2026-05-15
WHEAT,2024/25,Imports,149.0,Million Bushels,2026-06-15
WHEAT,2024/25,Imports,150.0,Million Bushels,2026-07-15
WHEAT,2024/25,Production,1971.0,Million Bushels,2025-08-15
WHEAT,2024/25,Production,1971.0,Million Bushels,2025-09-15
WHEAT,2024/25,Production,1979.0,Million Bushels,2025-11-15
WHEAT,2024/25,Production,1979.0,Million Bushels,2025-12-15
WHEAT,2024/25,Production,1979.0,Million Bushels,2026-01-15
WHEAT,2024/25,Production,1979.0,Million Bushels,2026-02-15
WHEAT,2024/25,Production,1979.0,Million Bushels,2026-03-15
WHEAT,2024/25,Production,1979.0,Million Bushels,2026-04-15
WHEAT,2024/25,Production,1979.0,Million Bushels,2026-05-15
WHEAT,2024/25,Production,1979.0,Million Bushels,2026-06-15
WHEAT,2024/25,Production,1979.0,Million Bushels,2026-07-15
WHEAT,2024/25,Seed,62.0,Million Bushels,2025-08-15
WHEAT,2024/25,Seed,62.0,Million Bushels,2025-09-15
WHEAT,2024/25,Seed,62.0,Million Bushels,2025-11-15
WHEAT,2024/25,Seed,61.0,Million Bushels,2025-12-15
WHEAT,2024/25,Seed,61.0,Million Bushels,2026-01-15
WHEAT,2024/25,Seed,61.0,Million Bushels,2026-02-15
WHEAT,2024/25,Seed,61.0,Million Bushels,2026-03-15
WHEAT,2024/25,Seed,61.0,Million Bushels,2026-04-15
WHEAT,2024/25,Seed,61.0,Million Bushels,2026-05-15
WHEAT,2024/25,Seed,61.0,Million Bushels,2026-06-15
WHEAT,2024/25,Seed,61.0,Million Bushels,2026-07-15
WHEAT,2024/25,"Supply, Total",2817.0,Million Bushels,2025-08-15
WHEAT,2024/25,"Supply, Total",2817.0,Million Bushels,2025-09-15
WHEAT,2024/25,"Supply, Total",2824.0,Million Bushels,2025-11-15
WHEAT,2024/25,"Supply, Total",2824.0,Million Bushels,2025-12-15
WHEAT,2024/25,"Supply, Total",2824.0,Million Bushels,2026-01-15
WHEAT,2024/25,"Supply, Total",2824.0,Million Bushels,2026-02-15
WHEAT,2024/25,"Supply, Total",2824.0,Million Bushels,2026-03-15
WHEAT,2024/25,"Supply, Total",2824.0,Million Bushels,2026-04-15
WHEAT,2024/25,"Supply, Total",2824.0,Million Bushels,2026-05-15
WHEAT,2024/25,"Supply, Total",2824.0,Million Bushels,2026-06-15
WHEAT,2024/25,"Supply, Total",2825.0,Million Bushels,2026-07-15
WHEAT,2024/25,"Use, Total",1966.0,Million Bushels,2025-08-15
WHEAT,2024/25,"Use, Total",1966.0,Million Bushels,2025-09-15
WHEAT,2024/25,"Use, Total",1974.0,Million Bushels,2025-11-15
WHEAT,2024/25,"Use, Total",1974.0,Million Bushels,2025-12-15
WHEAT,2024/25,"Use, Total",1969.0,Million Bushels,2026-01-15
WHEAT,2024/25,"Use, Total",1969.0,Million Bushels,2026-02-15
WHEAT,2024/25,"Use, Total",1969.0,Million Bushels,2026-03-15
WHEAT,2024/25,"Use, Total",1969.0,Million Bushels,2026-04-15
WHEAT,2024/25,"Use, Total",1969.0,Million Bushels,2026-05-15
WHEAT,2024/25,"Use, Total",1969.0,Million Bushels,2026-06-15
WHEAT,2024/25,"Use, Total",1970.0,Million Bushels,2026-07-15
WHEAT,2024/25,Yield per Harvested Acre,51.2,Bushels,2025-08-15
WHEAT,2024/25,Yield per Harvested Acre,51.2,Bushels,2025-09-15
WHEAT,2024/25,Yield per Harvested Acre,51.2,Bushels,2025-11-15
WHEAT,2024/25,Yield per Harvested Acre,51.2,Bushels,2025-12-15
WHEAT,2024/25,Yield per Harvested Acre,51.2,Bushels,2026-01-15
WHEAT,2024/25,Yield per Harvested Acre,51.2,Bushels,2026-02-15
WHEAT,2024/25,Yield per Harvested Acre,51.2,Bushels,2026-03-15
WHEAT,2024/25,Yield per Harvested Acre,51.2,Bushels,2026-04-15
WHEAT,2024/25,Yield per Harvested Acre,51.2,Bushels,2026-05-15
WHEAT,2024/25,Yield per Harvested Acre,51.2,Bushels,2026-06-15
WHEAT,2024/25,Yield per Harvested Acre,51.2,Bushels,2026-07-15
WHEAT,2025/26,Area Harvested,36.6,Million Acres,2025-07-15
WHEAT,2025/26,Area Harvested,36.6,Million Acres,2025-08-15
WHEAT,2025/26,Area Harvested,36.6,Million Acres,2025-09-15
WHEAT,2025/26,Area Harvested,36.6,Million Acres,2025-10-15
WHEAT,2025/26,Area Harvested,37.2,Million Acres,2025-11-15
WHEAT,2025/26,Area Harvested,37.2,Million Acres,2025-12-15
WHEAT,2025/26,Area Harvested,37.2,Million Acres,2026-01-15
WHEAT,2025/26,Area Harvested,37.2,Million Acres,2026-02-15
WHEAT,2025/26,Area Harvested,37.2,Million Acres,2026-03-15
WHEAT,2025/26,Area Harvested,37.2,Million Acres,2026-04-15
WHEAT,2025/26,Area Harvested,37.2,Million Acres,2026-05-15
WHEAT,2025/26,Area Harvested,37.2,Million Acres,2026-06-15
WHEAT,2025/26,Area Harvested,37.2,Million Acres,2026-07-15
WHEAT,2025/26,Area Planted,45.5,Million Acres,2025-07-15
WHEAT,2025/26,Area Planted,45.4,Million Acres,2025-08-15
WHEAT,2025/26,Area Planted,45.4,Million Acres,2025-09-15
WHEAT,2025/26,Area Planted,45.4,Million Acres,2025-10-15
WHEAT,2025/26,Area Planted,45.3,Million Acres,2025-11-15
WHEAT,2025/26,Area Planted,45.3,Million Acres,2025-12-15
WHEAT,2025/26,Area Planted,45.3,Million Acres,2026-01-15
WHEAT,2025/26,Area Planted,45.3,Million Acres,2026-02-15
WHEAT,2025/26,Area Planted,45.3,Million Acres,2026-03-15
WHEAT,2025/26,Area Planted,45.3,Million Acres,2026-04-15
WHEAT,2025/26,Area Planted,45.3,Million Acres,2026-05-15
WHEAT,2025/26,Area Planted,45.3,Million Acres,2026-06-15
WHEAT,2025/26,Area Planted,45.3,Million Acres,2026-07-15
WHEAT,2025/26,Avg. Farm Price ($/bu),5.4,$/bu,2025-07-15
WHEAT,2025/26,Avg. Farm Price ($/bu),5.3,$/bu,2025-08-15
WHEAT,2025/26,Avg. Farm Price ($/bu),5.1,$/bu,2025-09-15
WHEAT,2025/26,Avg. Farm Price ($/bu),5.1,$/bu,2025-10-15
WHEAT,2025/26,Avg. Farm Price ($/bu),5.0,$/bu,2025-11-15
WHEAT,2025/26,Avg. Farm Price ($/bu),5.0,$/bu,2025-12-15
WHEAT,2025/26,Avg. Farm Price ($/bu),4.9,$/bu,2026-01-15
WHEAT,2025/26,Avg. Farm Price ($/bu),4.9,$/bu,2026-02-15
WHEAT,2025/26,Avg. Farm Price ($/bu),4.95,$/bu,2026-03-15
WHEAT,2025/26,Avg. Farm Price ($/bu),5.0,$/bu,2026-04-15
WHEAT,2025/26,Avg. Farm Price ($/bu),5.0,$/bu,2026-05-15
WHEAT,2025/26,Avg. Farm Price ($/bu),5.05,$/bu,2026-06-15
WHEAT,2025/26,Avg. Farm Price ($/bu),5.06,$/bu,2026-07-15
WHEAT,2025/26,Beginning Stocks,851.0,Million Bushels,2025-07-15
WHEAT,2025/26,Beginning Stocks,851.0,Million Bushels,2025-08-15
WHEAT,2025/26,Beginning Stocks,851.0,Million Bushels,2025-09-15
WHEAT,2025/26,Beginning Stocks,851.0,Million Bushels,2025-10-15
WHEAT,2025/26,Beginning Stocks,851.0,Million Bushels,2025-11-15
WHEAT,2025/26,Beginning Stocks,851.0,Million Bushels,2025-12-15
WHEAT,2025/26,Beginning Stocks,855.0,Million Bushels,2026-01-15
WHEAT,2025/26,Beginning Stocks,855.0,Million Bushels,2026-02-15
WHEAT,2025/26,Beginning Stocks,855.0,Million Bushels,2026-03-15
WHEAT,2025/26,Beginning Stocks,855.0,Million Bushels,2026-04-15
WHEAT,2025/26,Beginning Stocks,855.0,Million Bushels,2026-05-15
WHEAT,2025/26,Beginning Stocks,855.0,Million Bushels,2026-06-15
WHEAT,2025/26,Beginning Stocks,855.0,Million Bushels,2026-07-15
WHEAT,2025/26,"Domestic, Total",1159.0,Million Bushels,2025-07-15
WHEAT,2025/26,"Domestic, Total",1154.0,Million Bushels,2025-08-15
WHEAT,2025/26,"Domestic, Total",1154.0,Million Bushels,2025-09-15
WHEAT,2025/26,"Domestic, Total",1154.0,Million Bushels,2025-10-15
WHEAT,2025/26,"Domestic, Total",1154.0,Million Bushels,2025-11-15
WHEAT,2025/26,"Domestic, Total",1154.0,Million Bushels,2025-12-15
WHEAT,2025/26,"Domestic, Total",1133.0,Million Bushels,2026-01-15
WHEAT,2025/26,"Domestic, Total",1128.0,Million Bushels,2026-02-15
WHEAT,2025/26,"Domestic, Total",1128.0,Million Bushels,2026-03-15
WHEAT,2025/26,"Domestic, Total",1127.0,Million Bushels,2026-04-15
WHEAT,2025/26,"Domestic, Total",1120.0,Million Bushels,2026-05-15
WHEAT,2025/26,"Domestic, Total",1120.0,Million Bushels,2026-06-15
WHEAT,2025/26,"Domestic, Total",1136.0,Million Bushels,2026-07-15
WHEAT,2025/26,Ending Stocks,890.0,Million Bushels,2025-07-15
WHEAT,2025/26,Ending Stocks,869.0,Million Bushels,2025-08-15
WHEAT,2025/26,Ending Stocks,844.0,Million Bushels,2025-09-15
WHEAT,2025/26,Ending Stocks,844.0,Million Bushels,2025-10-15
WHEAT,2025/26,Ending Stocks,901.0,Million Bushels,2025-11-15
WHEAT,2025/26,Ending Stocks,901.0,Million Bushels,2025-12-15
WHEAT,2025/26,Ending Stocks,926.0,Million Bushels,2026-01-15
WHEAT,2025/26,Ending Stocks,931.0,Million Bushels,2026-02-15
WHEAT,2025/26,Ending Stocks,931.0,Million Bushels,2026-03-15
WHEAT,2025/26,Ending Stocks,938.0,Million Bushels,2026-04-15
WHEAT,2025/26,Ending Stocks,935.0,Million Bushels,2026-05-15
WHEAT,2025/26,Ending Stocks,935.0,Million Bushels,2026-06-15
WHEAT,2025/26,Ending Stocks,920.0,Million Bushels,2026-07-15
WHEAT,2025/26,Exports,850.0,Million Bushels,2025-07-15
WHEAT,2025/26,Exports,875.0,Million Bushels,2025-08-15
WHEAT,2025/26,Exports,900.0,Million Bushels,2025-09-15
WHEAT,2025/26,Exports,900.0,Million Bushels,2025-10-15
WHEAT,2025/26,Exports,900.0,Million Bushels,2025-11-15
WHEAT,2025/26,Exports,900.0,Million Bushels,2025-12-15
WHEAT,2025/26,Exports,900.0,Million Bushels,2026-01-15
WHEAT,2025/26,Exports,900.0,Million Bushels,2026-02-15
WHEAT,2025/26,Exports,900.0,Million Bushels,2026-03-15
WHEAT,2025/26,Exports,900.0,Million Bushels,2026-04-15
WHEAT,2025/26,Exports,910.0,Million Bushels,2026-05-15
WHEAT,2025/26,Exports,910.0,Million Bushels,2026-06-15
WHEAT,2025/26,Exports,908.0,Million Bushels,2026-07-15
WHEAT,2025/26,Feed and Residual,120.0,Million Bushels,2025-07-15
WHEAT,2025/26,Feed and Residual,120.0,Million Bushels,2025-08-15
WHEAT,2025/26,Feed and Residual,120.0,Million Bushels,2025-09-15
WHEAT,2025/26,Feed and Residual,120.0,Million Bushels,2025-10-15
WHEAT,2025/26,Feed and Residual,120.0,Million Bushels,2025-11-15
WHEAT,2025/26,Feed and Residual,120.0,Million Bushels,2025-12-15
WHEAT,2025/26,Feed and Residual,100.0,Million Bushels,2026-01-15
WHEAT,2025/26,Feed and Residual,100.0,Million Bushels,2026-02-15
WHEAT,2025/26,Feed and Residual,100.0,Million Bushels,2026-03-15
WHEAT,2025/26,Feed and Residual,100.0,Million Bushels,2026-04-15
WHEAT,2025/26,Feed and Residual,100.0,Million Bushels,2026-05-15
WHEAT,2025/26,Feed and Residual,100.0,Million Bushels,2026-06-15
WHEAT,2025/26,Feed and Residual,118.0,Million Bushels,2026-07-15
WHEAT,2025/26,Food,977.0,Million Bushels,2025-07-15
WHEAT,2025/26,Food,972.0,Million Bushels,2025-08-15
WHEAT,2025/26,Food,972.0,Million Bushels,2025-09-15
WHEAT,2025/26,Food,972.0,Million Bushels,2025-10-15
WHEAT,2025/26,Food,972.0,Million Bushels,2025-11-15
WHEAT,2025/26,Food,972.0,Million Bushels,2025-12-15
WHEAT,2025/26,Food,972.0,Million Bushels,2026-01-15
WHEAT,2025/26,Food,967.0,Million Bushels,2026-02-15
WHEAT,2025/26,Food,967.0,Million Bushels,2026-03-15
WHEAT,2025/26,Food,967.0,Million Bushels,2026-04-15
WHEAT,2025/26,Food,960.0,Million Bushels,2026-05-15
WHEAT,2025/26,Food,960.0,Million Bushels,2026-06-15
WHEAT,2025/26,Food,960.0,Million Bushels,2026-07-15
WHEAT,2025/26,Imports,120.0,Million Bushels,2025-07-15
WHEAT,2025/26,Imports,120.0,Million Bushels,2025-08-15
WHEAT,2025/26,Imports,120.0,Million Bushels,2025-09-15
WHEAT,2025/26,Imports,120.0,Million Bushels,2025-10-15
WHEAT,2025/26,Imports,120.0,Million Bushels,2025-11-15
WHEAT,2025/26,Imports,120.0,Million Bushels,2025-12-15
WHEAT,2025/26,Imports,120.0,Million Bushels,2026-01-15
WHEAT,2025/26,Imports,120.0,Million Bushels,2026-02-15
WHEAT,2025/26,Imports,120.0,Million Bushels,2026-03-15
WHEAT,2025/26,Imports,125.0,Million Bushels,2026-04-15
WHEAT,2025/26,Imports,125.0,Million Bushels,2026-05-15
WHEAT,2025/26,Imports,125.0,Million Bushels,2026-06-15
WHEAT,2025/26,Imports,125.0,Million Bushels,2026-07-15
WHEAT,2025/26,Production,1929.0,Million Bushels,2025-07-15
WHEAT,2025/26,Production,1927.0,Million Bushels,2025-08-15
WHEAT,2025/26,Production,1927.0,Million Bushels,2025-09-15
WHEAT,2025/26,Production,1927.0,Million Bushels,2025-10-15
WHEAT,2025/26,Production,1985.0,Million Bushels,2025-11-15
WHEAT,2025/26,Production,1985.0,Million Bushels,2025-12-15
WHEAT,2025/26,Production,1985.0,Million Bushels,2026-01-15
WHEAT,2025/26,Production,1985.0,Million Bushels,2026-02-15
WHEAT,2025/26,Production,1985.0,Million Bushels,2026-03-15
WHEAT,2025/26,Production,1985.0,Million Bushels,2026-04-15
WHEAT,2025/26,Production,1985.0,Million Bushels,2026-05-15
WHEAT,2025/26,Production,1985.0,Million Bushels,2026-06-15
WHEAT,2025/26,Production,1985.0,Million Bushels,2026-07-15
WHEAT,2025/26,Seed,62.0,Million Bushels,2025-07-15
WHEAT,2025/26,Seed,62.0,Million Bushels,2025-08-15
WHEAT,2025/26,Seed,62.0,Million Bushels,2025-09-15
WHEAT,2025/26,Seed,62.0,Million Bushels,2025-10-15
WHEAT,2025/26,Seed,62.0,Million Bushels,2025-11-15
WHEAT,2025/26,Seed,62.0,Million Bushels,2025-12-15
WHEAT,2025/26,Seed,61.0,Million Bushels,2026-01-15
WHEAT,2025/26,Seed,61.0,Million Bushels,2026-02-15
WHEAT,2025/26,Seed,61.0,Million Bushels,2026-03-15
WHEAT,2025/26,Seed,60.0,Million Bushels,2026-04-15
WHEAT,2025/26,Seed,60.0,Million Bushels,2026-05-15
WHEAT,2025/26,Seed,60.0,Million Bushels,2026-06-15
WHEAT,2025/26,Seed,58.0,Million Bushels,2026-07-15
WHEAT,2025/26,"Supply, Total",2899.0,Million Bushels,2025-07-15
WHEAT,2025/26,"Supply, Total",2898.0,Million Bushels,2025-08-15
WHEAT,2025/26,"Supply, Total",2898.0,Million Bushels,2025-09-15
WHEAT,2025/26,"Supply, Total",2898.0,Million Bushels,2025-10-15
WHEAT,2025/26,"Supply, Total",2955.0,Million Bushels,2025-11-15
WHEAT,2025/26,"Supply, Total",2955.0,Million Bushels,2025-12-15
WHEAT,2025/26,"Supply, Total",2959.0,Million Bushels,2026-01-15
WHEAT,2025/26,"Supply, Total",2959.0,Million Bushels,2026-02-15
WHEAT,2025/26,"Supply, Total",2959.0,Million Bushels,2026-03-15
WHEAT,2025/26,"Supply, Total",2964.0,Million Bushels,2026-04-15
WHEAT,2025/26,"Supply, Total",2964.0,Million Bushels,2026-05-15
WHEAT,2025/26,"Supply, Total",2964.0,Million Bushels,2026-06-15
WHEAT,2025/26,"Supply, Total",2964.0,Million Bushels,2026-07-15
WHEAT,2025/26,"Use, Total",2009.0,Million Bushels,2025-07-15
WHEAT,2025/26,"Use, Total",2029.0,Million Bushels,2025-08-15
WHEAT,2025/26,"Use, Total",2054.0,Million Bushels,2025-09-15
WHEAT,2025/26,"Use, Total",2054.0,Million Bushels,2025-10-15
WHEAT,2025/26,"Use, Total",2054.0,Million Bushels,2025-11-15
WHEAT,2025/26,"Use, Total",2054.0,Million Bushels,2025-12-15
WHEAT,2025/26,"Use, Total",2033.0,Million Bushels,2026-01-15
WHEAT,2025/26,"Use, Total",2028.0,Million Bushels,2026-02-15
WHEAT,2025/26,"Use, Total",2028.0,Million Bushels,2026-03-15
WHEAT,2025/26,"Use, Total",2027.0,Million Bushels,2026-04-15
WHEAT,2025/26,"Use, Total",2030.0,Million Bushels,2026-05-15
WHEAT,2025/26,"Use, Total",2030.0,Million Bushels,2026-06-15
WHEAT,2025/26,"Use, Total",2044.0,Million Bushels,2026-07-15
WHEAT,2025/26,Yield per Harvested Acre,52.6,Bushels,2025-07-15
WHEAT,2025/26,Yield per Harvested Acre,52.7,Bushels,2025-08-15
WHEAT,2025/26,Yield per Harvested Acre,52.7,Bushels,2025-09-15
WHEAT,2025/26,Yield per Harvested Acre,52.7,Bushels,2025-10-15
WHEAT,2025/26,Yield per Harvested Acre,53.3,Bushels,2025-11-15
WHEAT,2025/26,Yield per Harvested Acre,53.3,Bushels,2025-12-15
WHEAT,2025/26,Yield per Harvested Acre,53.3,Bushels,2026-01-15
WHEAT,2025/26,Yield per Harvested Acre,53.3,Bushels,2026-02-15
WHEAT,2025/26,Yield per Harvested Acre,53.3,Bushels,2026-03-15
WHEAT,2025/26,Yield per Harvested Acre,53.3,Bushels,2026-04-15
WHEAT,2025/26,Yield per Harvested Acre,53.3,Bushels,2026-05-15
WHEAT,2025/26,Yield per Harvested Acre,53.3,Bushels,2026-06-15
WHEAT,2025/26,Yield per Harvested Acre,53.3,Bushels,2026-07-15
WHEAT,2026/27,Area Harvested,32.1,Million Acres,2026-07-15
WHEAT,2026/27,Area Planted,42.7,Million Acres,2026-07-15
WHEAT,2026/27,Avg. Farm Price ($/bu),6.5,$/bu,2026-05-15
WHEAT,2026/27,Avg. Farm Price ($/bu),6.0,$/bu,2026-06-15
WHEAT,2026/27,Avg. Farm Price ($/bu),6.0,$/bu,2026-07-15
WHEAT,2026/27,Beginning Stocks,935.0,Million Bushels,2026-05-15
WHEAT,2026/27,Beginning Stocks,935.0,Million Bushels,2026-06-15
WHEAT,2026/27,Beginning Stocks,920.0,Million Bushels,2026-07-15
WHEAT,2026/27,"Domestic, Total",1099.0,Million Bushels,2026-05-15
WHEAT,2026/27,"Domestic, Total",1099.0,Million Bushels,2026-06-15
WHEAT,2026/27,"Domestic, Total",1099.0,Million Bushels,2026-07-15
WHEAT,2026/27,Ending Stocks,762.0,Million Bushels,2026-05-15
WHEAT,2026/27,Ending Stocks,744.0,Million Bushels,2026-06-15
WHEAT,2026/27,Ending Stocks,722.0,Million Bushels,2026-07-15
WHEAT,2026/27,Exports,775.0,Million Bushels,2026-05-15
WHEAT,2026/27,Exports,775.0,Million Bushels,2026-06-15
WHEAT,2026/27,Exports,775.0,Million Bushels,2026-07-15
WHEAT,2026/27,Feed and Residual,80.0,Million Bushels,2026-05-15
WHEAT,2026/27,Feed and Residual,80.0,Million Bushels,2026-06-15
WHEAT,2026/27,Feed and Residual,80.0,Million Bushels,2026-07-15
WHEAT,2026/27,Food,960.0,Million Bushels,2026-05-15
WHEAT,2026/27,Food,960.0,Million Bushels,2026-06-15
WHEAT,2026/27,Food,960.0,Million Bushels,2026-07-15
WHEAT,2026/27,Imports,140.0,Million Bushels,2026-05-15
WHEAT,2026/27,Imports,140.0,Million Bushels,2026-06-15
WHEAT,2026/27,Imports,140.0,Million Bushels,2026-07-15
WHEAT,2026/27,Production,1561.0,Million Bushels,2026-05-15
WHEAT,2026/27,Production,1543.0,Million Bushels,2026-06-15
WHEAT,2026/27,Production,1536.0,Million Bushels,2026-07-15
WHEAT,2026/27,Seed,59.0,Million Bushels,2026-05-15
WHEAT,2026/27,Seed,59.0,Million Bushels,2026-06-15
WHEAT,2026/27,Seed,59.0,Million Bushels,2026-07-15
WHEAT,2026/27,"Supply, Total",2636.0,Million Bushels,2026-05-15
WHEAT,2026/27,"Supply, Total",2618.0,Million Bushels,2026-06-15
WHEAT,2026/27,"Supply, Total",2596.0,Million Bushels,2026-07-15
WHEAT,2026/27,"Use, Total",1874.0,Million Bushels,2026-05-15
WHEAT,2026/27,"Use, Total",1874.0,Million Bushels,2026-06-15
WHEAT,2026/27,"Use, Total",1874.0,Million Bushels,2026-07-15
WHEAT,2026/27,Yield per Harvested Acre,47.9,Bushels,2026-07-15
