footprint,kind,grid_row,grid_col,lat,lon,weight,land
US Midwest (Iowa),crop,186,334,43.5,-96.5,0.001260525,1
US Midwest (Iowa),crop,186,335,43.5,-96.25,0.002087603,1
US Midwest (Iowa),crop,186,336,43.5,-96.0,0.002759231,1
US Midwest (Iowa),crop,186,337,43.5,-95.75,0.003019284,1
US Midwest (Iowa),crop,186,338,43.5,-95.5,0.003877257,1
US Midwest (Iowa),crop,186,339,43.5,-95.25,0.002080782,1
US Midwest (Iowa),crop,186,340,43.5,-95.0,0.002674307,1
US Midwest (Iowa),crop,186,341,43.5,-94.75,0.003121036,1
US Midwest (Iowa),crop,186,342,43.5,-94.5,0.003457831,1
US Midwest (Iowa),crop,186,343,43.5,-94.25,0.00411661,1
US Midwest (Iowa),crop,186,344,43.5,-94.0,0.003442267,1
US Midwest (Iowa),crop,186,345,43.5,-93.75,0.003032883,1
US Midwest (Iowa),crop,186,346,43.5,-93.5,0.002891967,1
US Midwest (Iowa),crop,186,347,43.5,-93.25,0.003128438,1
US Midwest (Iowa),crop,186,348,43.5,-93.0,0.003539407,1
US Midwest (Iowa),crop,186,349,43.5,-92.75,0.003672274,1
US Midwest (Iowa),crop,186,350,43.5,-92.5,0.003229856,1
US Midwest (Iowa),crop,186,351,43.5,-92.25,0.003058518,1
US Midwest (Iowa),crop,186,352,43.5,-92.0,0.001484967,1
US Midwest (Iowa),crop,186,353,43.5,-91.75,0.001076225,1
US Midwest (Iowa),crop,186,354,43.5,-91.5,0.000854026,1
US Midwest (Iowa),crop,186,355,43.5,-91.25,0.000149531,1
US Midwest (Iowa),crop,187,334,43.25,-96.5,0.001923265,1
US Midwest (Iowa),crop,187,335,43.25,-96.25,0.004097882,1
US Midwest (Iowa),crop,187,336,43.25,-96.0,0.001685863,1
US Midwest (Iowa),crop,187,337,43.25,-95.75,0.003049583,1
US Midwest (Iowa),crop,187,338,43.25,-95.5,0.006035695,1
US Midwest (Iowa),crop,187,339,43.25,-95.25,0.004433068,1
US Midwest (Iowa),crop,187,340,43.25,-95.0,0.00474906,1
US Midwest (Iowa),crop,187,341,43.25,-94.75,0.004522401,1
US Midwest (Iowa),crop,187,342,43.25,-94.5,0.005131525,1
US Midwest (Iowa),crop,187,343,43.25,-94.25,0.00558856,1
US Midwest (Iowa),crop,187,344,43.25,-94.0,0.005209806,1
US Midwest (Iowa),crop,187,345,43.25,-93.75,0.004359055,1
US Midwest (Iowa),crop,187,346,43.25,-93.5,0.00415313,1
US Midwest (Iowa),crop,187,347,43.25,-93.25,0.004250592,1
US Midwest (Iowa),crop,187,348,43.25,-93.0,0.004936562,1
US Midwest (Iowa),crop,187,349,43.25,-92.75,0.004713441,1
US Midwest (Iowa),crop,187,350,43.25,-92.5,0.003988763,1
US Midwest (Iowa),crop,187,351,43.25,-92.25,0.004022543,1
US Midwest (Iowa),crop,187,352,43.25,-92.0,0.002383122,1
US Midwest (Iowa),crop,187,353,43.25,-91.75,0.002134354,1
US Midwest (Iowa),crop,187,354,43.25,-91.5,0.001861156,1
US Midwest (Iowa),crop,187,355,43.25,-91.25,0.000754826,1
US Midwest (Iowa),crop,188,334,43.0,-96.5,0.003230832,1
US Midwest (Iowa),crop,188,335,43.0,-96.25,0.001973062,1
US Midwest (Iowa),crop,188,336,43.0,-96.0,0.002797949,1
US Midwest (Iowa),crop,188,337,43.0,-95.75,0.003329664,1
US Midwest (Iowa),crop,188,338,43.0,-95.5,0.002947313,1
US Midwest (Iowa),crop,188,339,43.0,-95.25,0.004637367,1
US Midwest (Iowa),crop,188,340,43.0,-95.0,0.005256998,1
US Midwest (Iowa),crop,188,341,43.0,-94.75,0.005095129,1
US Midwest (Iowa),crop,188,342,43.0,-94.5,0.005092035,1
US Midwest (Iowa),crop,188,343,43.0,-94.25,0.005605786,1
US Midwest (Iowa),crop,188,344,43.0,-94.0,0.005403697,1
US Midwest (Iowa),crop,188,345,43.0,-93.75,0.004876179,1
US Midwest (Iowa),crop,188,346,43.0,-93.5,0.004828348,1
US Midwest (Iowa),crop,188,347,43.0,-93.25,0.004709118,1
US Midwest (Iowa),crop,188,348,43.0,-93.0,0.004803562,1
US Midwest (Iowa),crop,188,349,43.0,-92.75,0.004763639,1
US Midwest (Iowa),crop,188,350,43.0,-92.5,0.003364638,1
US Midwest (Iowa),crop,188,351,43.0,-92.25,0.00377741,1
US Midwest (Iowa),crop,188,352,43.0,-92.0,0.004096917,1
US Midwest (Iowa),crop,188,353,43.0,-91.75,0.002780497,1
US Midwest (Iowa),crop,188,354,43.0,-91.5,0.002529563,1
US Midwest (Iowa),crop,188,355,43.0,-91.25,0.001357076,1
US Midwest (Iowa),crop,189,334,42.75,-96.5,0.004509192,1
US Midwest (Iowa),crop,189,335,42.75,-96.25,0.005484517,1
US Midwest (Iowa),crop,189,336,42.75,-96.0,0.005286765,1
US Midwest (Iowa),crop,189,337,42.75,-95.75,0.004845178,1
US Midwest (Iowa),crop,189,338,42.75,-95.5,0.004226169,1
US Midwest (Iowa),crop,189,339,42.75,-95.25,0.005996884,1
US Midwest (Iowa),crop,189,340,42.75,-95.0,0.005995981,1
US Midwest (Iowa),crop,189,341,42.75,-94.75,0.005762057,1
US Midwest (Iowa),crop,189,342,42.75,-94.5,0.005850342,1
US Midwest (Iowa),crop,189,343,42.75,-94.25,0.006403596,1
US Midwest (Iowa),crop,189,344,42.75,-94.0,0.006050517,1
US Midwest (Iowa),crop,189,345,42.75,-93.75,0.005330277,1
US Midwest (Iowa),crop,189,346,42.75,-93.5,0.004800789,1
US Midwest (Iowa),crop,189,347,42.75,-93.25,0.004313454,1
US Midwest (Iowa),crop,189,348,42.75,-93.0,0.004646677,1
US Midwest (Iowa),crop,189,349,42.75,-92.75,0.004735499,1
US Midwest (Iowa),crop,189,350,42.75,-92.5,0.003479335,1
US Midwest (Iowa),crop,189,351,42.75,-92.25,0.004290937,1
US Midwest (Iowa),crop,189,352,42.75,-92.0,0.003834251,1
US Midwest (Iowa),crop,189,353,42.75,-91.75,0.003595523,1
US Midwest (Iowa),crop,189,354,42.75,-91.5,0.001802534,1
US Midwest (Iowa),crop,189,355,42.75,-91.25,0.001495999,1
US Midwest (Iowa),crop,189,356,42.75,-91.0,0.000638262,1
US Midwest (Iowa),crop,189,357,42.75,-90.75,0.00016665,1
US Midwest (Iowa),crop,190,334,42.5,-96.5,0.000810852,1
US Midwest (Iowa),crop,190,335,42.5,-96.25,0.003402714,1
US Midwest (Iowa),crop,190,336,42.5,-96.0,0.004194687,1
US Midwest (Iowa),crop,190,337,42.5,-95.75,0.005445422,1
US Midwest (Iowa),crop,190,338,42.5,-95.5,0.003515443,1
US Midwest (Iowa),crop,190,339,42.5,-95.25,0.005483338,1
US Midwest (Iowa),crop,190,340,42.5,-95.0,0.005411763,1
US Midwest (Iowa),crop,190,341,42.5,-94.75,0.006109238,1
US Midwest (Iowa),crop,190,342,42.5,-94.5,0.006185996,1
US Midwest (Iowa),crop,190,343,42.5,-94.25,0.004937272,1
US Midwest (Iowa),crop,190,344,42.5,-94.0,0.005110474,1
US Midwest (Iowa),crop,190,345,42.5,-93.75,0.005708267,1
US Midwest (Iowa),crop,190,346,42.5,-93.5,0.004910015,1
US Midwest (Iowa),crop,190,347,42.5,-93.25,0.00375874,1
US Midwest (Iowa),crop,190,348,42.5,-93.0,0.005346746,1
US Midwest (Iowa),crop,190,349,42.5,-92.75,0.005936877,1
US Midwest (Iowa),crop,190,350,42.5,-92.5,0.004155023,1
US Midwest (Iowa),crop,190,351,42.5,-92.25,0.004456558,1
US Midwest (Iowa),crop,190,352,42.5,-92.0,0.003223581,1
US Midwest (Iowa),crop,190,353,42.5,-91.75,0.003429323,1
US Midwest (Iowa),crop,190,354,42.5,-91.5,0.003576465,1
US Midwest (Iowa),crop,190,355,42.5,-91.25,0.003071915,1
US Midwest (Iowa),crop,190,356,42.5,-91.0,0.002029354,1
US Midwest (Iowa),crop,190,357,42.5,-90.75,0.000977108,1
US Midwest (Iowa),crop,190,358,42.5,-90.5,7.8871e-05,1
US Midwest (Iowa),crop,191,335,42.25,-96.25,0.002810802,1
US Midwest (Iowa),crop,191,336,42.25,-96.0,0.003608462,1
US Midwest (Iowa),crop,191,337,42.25,-95.75,0.004703097,1
US Midwest (Iowa),crop,191,338,42.25,-95.5,0.005037963,1
US Midwest (Iowa),crop,191,339,42.25,-95.25,0.004241685,1
US Midwest (Iowa),crop,191,340,42.25,-95.0,0.004675587,1
US Midwest (Iowa),crop,191,341,42.25,-94.75,0.00455222,1
US Midwest (Iowa),crop,191,342,42.25,-94.5,0.004957631,1
US Midwest (Iowa),crop,191,343,42.25,-94.25,0.00502466,1
US Midwest (Iowa),crop,191,344,42.25,-94.0,0.003616602,1
US Midwest (Iowa),crop,191,345,42.25,-93.75,0.004719513,1
US Midwest (Iowa),crop,191,346,42.25,-93.5,0.00507916,1
US Midwest (Iowa),crop,191,347,42.25,-93.25,0.00432292,1
US Midwest (Iowa),crop,191,348,42.25,-93.0,0.004656968,1
US Midwest (Iowa),crop,191,349,42.25,-92.75,0.005246822,1
US Midwest (Iowa),crop,191,350,42.25,-92.5,0.005313253,1
US Midwest (Iowa),crop,191,351,42.25,-92.25,0.004862848,1
US Midwest (Iowa),crop,191,352,42.25,-92.0,0.003722622,1
US Midwest (Iowa),crop,191,353,42.25,-91.75,0.003153001,1
US Midwest (Iowa),crop,191,354,42.25,-91.5,0.00333921,1
US Midwest (Iowa),crop,191,355,42.25,-91.25,0.003078776,1
US Midwest (Iowa),crop,191,356,42.25,-91.0,0.002333771,1
US Midwest (Iowa),crop,191,357,42.25,-90.75,0.001576803,1
US Midwest (Iowa),crop,191,358,42.25,-90.5,0.001067676,1
US Midwest (Iowa),crop,191,359,42.25,-90.25,0.000198227,1
US Midwest (Iowa),crop,192,335,42.0,-96.25,0.001293354,1
US Midwest (Iowa),crop,192,336,42.0,-96.0,0.003119004,1
US Midwest (Iowa),crop,192,337,42.0,-95.75,0.003968141,1
US Midwest (Iowa),crop,192,338,42.0,-95.5,0.003385571,1
US Midwest (Iowa),crop,192,339,42.0,-95.25,0.003892087,1
US Midwest (Iowa),crop,192,340,42.0,-95.0,0.004488501,1
US Midwest (Iowa),crop,192,341,42.0,-94.75,0.004128456,1
US Midwest (Iowa),crop,192,342,42.0,-94.5,0.004077636,1
US Midwest (Iowa),crop,192,343,42.0,-94.25,0.003987198,1
US Midwest (Iowa),crop,192,344,42.0,-94.0,0.003230321,1
US Midwest (Iowa),crop,192,345,42.0,-93.75,0.003645626,1
US Midwest (Iowa),crop,192,346,42.0,-93.5,0.004273241,1
US Midwest (Iowa),crop,192,347,42.0,-93.25,0.004298102,1
US Midwest (Iowa),crop,192,348,42.0,-93.0,0.003812364,1
US Midwest (Iowa),crop,192,349,42.0,-92.75,0.004216683,1
US Midwest (Iowa),crop,192,350,42.0,-92.5,0.003987814,1
US Midwest (Iowa),crop,192,351,42.0,-92.25,0.004097424,1
US Midwest (Iowa),crop,192,352,42.0,-92.0,0.004356982,1
US Midwest (Iowa),crop,192,353,42.0,-91.75,0.001764527,1
US Midwest (Iowa),crop,192,354,42.0,-91.5,0.002560947,1
US Midwest (Iowa),crop,192,355,42.0,-91.25,0.004152479,1
US Midwest (Iowa),crop,192,356,42.0,-91.0,0.003879135,1
US Midwest (Iowa),crop,192,357,42.0,-90.75,0.0036952,1
US Midwest (Iowa),crop,192,358,42.0,-90.5,0.003580747,1
US Midwest (Iowa),crop,192,359,42.0,-90.25,0.001885813,1
US Midwest (Iowa),crop,193,336,41.75,-96.0,0.003834008,1
US Midwest (Iowa),crop,193,337,41.75,-95.75,0.00473301,1
US Midwest (Iowa),crop,193,338,41.75,-95.5,0.005343057,1
US Midwest (Iowa),crop,193,339,41.75,-95.25,0.005035066,1
US Midwest (Iowa),crop,193,340,41.75,-95.0,0.006124115,1
US Midwest (Iowa),crop,193,341,41.75,-94.75,0.005148329,1
US Midwest (Iowa),crop,193,342,41.75,-94.5,0.003656727,1
US Midwest (Iowa),crop,193,343,41.75,-94.25,0.005527527,1
US Midwest (Iowa),crop,193,344,41.75,-94.0,0.005346652,1
US Midwest (Iowa),crop,193,345,41.75,-93.75,0.002079113,1
US Midwest (Iowa),crop,193,346,41.75,-93.5,0.004010253,1
US Midwest (Iowa),crop,193,347,41.75,-93.25,0.004949358,1
US Midwest (Iowa),crop,193,348,41.75,-93.0,0.005058724,1
US Midwest (Iowa),crop,193,349,41.75,-92.75,0.005621701,1
US Midwest (Iowa),crop,193,350,41.75,-92.5,0.005995317,1
US Midwest (Iowa),crop,193,351,41.75,-92.25,0.003945725,1
US Midwest (Iowa),crop,193,352,41.75,-92.0,0.003612615,1
US Midwest (Iowa),crop,193,353,41.75,-91.75,0.002819488,1
US Midwest (Iowa),crop,193,354,41.75,-91.5,0.002853286,1
US Midwest (Iowa),crop,193,355,41.75,-91.25,0.004915051,1
US Midwest (Iowa),crop,193,356,41.75,-91.0,0.005554915,1
US Midwest (Iowa),crop,193,357,41.75,-90.75,0.004220649,1
US Midwest (Iowa),crop,193,358,41.75,-90.5,0.003530809,1
US Midwest (Iowa),crop,193,359,41.75,-90.25,0.000328507,1
US Midwest (Iowa),crop,194,336,41.5,-96.0,0.001573092,1
US Midwest (Iowa),crop,194,337,41.5,-95.75,0.004837599,1
US Midwest (Iowa),crop,194,338,41.5,-95.5,0.005379781,1
US Midwest (Iowa),crop,194,339,41.5,-95.25,0.005334588,1
US Midwest (Iowa),crop,194,340,41.5,-95.0,0.004488717,1
US Midwest (Iowa),crop,194,341,41.5,-94.75,0.00455005,1
US Midwest (Iowa),crop,194,342,41.5,-94.5,0.004355465,1
US Midwest (Iowa),crop,194,343,41.5,-94.25,0.004169518,1
US Midwest (Iowa),crop,194,344,41.5,-94.0,0.00268144,1
US Midwest (Iowa),crop,194,345,41.5,-93.75,0.002221301,1
US Midwest (Iowa),crop,194,346,41.5,-93.5,0.003395244,1
US Midwest (Iowa),crop,194,347,41.5,-93.25,0.003427279,1
US Midwest (Iowa),crop,194,348,41.5,-93.0,0.003876283,1
US Midwest (Iowa),crop,194,349,41.5,-92.75,0.004966532,1
US Midwest (Iowa),crop,194,350,41.5,-92.5,0.004337271,1
US Midwest (Iowa),crop,194,351,41.5,-92.25,0.003823372,1
US Midwest (Iowa),crop,194,352,41.5,-92.0,0.004497254,1
US Midwest (Iowa),crop,194,353,41.5,-91.75,0.004400078,1
US Midwest (Iowa),crop,194,354,41.5,-91.5,0.004180655,1
US Midwest (Iowa),crop,194,355,41.5,-91.25,0.004211156,1
US Midwest (Iowa),crop,194,356,41.5,-91.0,0.002557339,1
US Midwest (Iowa),crop,194,357,41.5,-90.75,0.00148685,1
US Midwest (Iowa),crop,194,358,41.5,-90.5,0.000191895,1
US Midwest (Iowa),crop,195,336,41.25,-96.0,0.000166318,1
US Midwest (Iowa),crop,195,337,41.25,-95.75,0.004297605,1
US Midwest (Iowa),crop,195,338,41.25,-95.5,0.00564431,1
US Midwest (Iowa),crop,195,339,41.25,-95.25,0.005155819,1
US Midwest (Iowa),crop,195,340,41.25,-95.0,0.004523276,1
US Midwest (Iowa),crop,195,341,41.25,-94.75,0.00432285,1
US Midwest (Iowa),crop,195,342,41.25,-94.5,0.005018145,1
US Midwest (Iowa),crop,195,343,41.25,-94.25,0.002973838,1
US Midwest (Iowa),crop,195,344,41.25,-94.0,0.002255394,1
US Midwest (Iowa),crop,195,345,41.25,-93.75,0.002064982,1
US Midwest (Iowa),crop,195,346,41.25,-93.5,0.002428982,1
US Midwest (Iowa),crop,195,347,41.25,-93.25,0.002178832,1
US Midwest (Iowa),crop,195,348,41.25,-93.0,0.002301371,1
US Midwest (Iowa),crop,195,349,41.25,-92.75,0.003731117,1
US Midwest (Iowa),crop,195,350,41.25,-92.5,0.004111172,1
US Midwest (Iowa),crop,195,351,41.25,-92.25,0.004030581,1
US Midwest (Iowa),crop,195,352,41.25,-92.0,0.004098294,1
US Midwest (Iowa),crop,195,353,41.25,-91.75,0.003467842,1
US Midwest (Iowa),crop,195,354,41.25,-91.5,0.004334921,1
US Midwest (Iowa),crop,195,355,41.25,-91.25,0.003826244,1
US Midwest (Iowa),crop,195,356,41.25,-91.0,0.000370349,1
US Midwest (Iowa),crop,196,337,41.0,-95.75,0.004691218,1
US Midwest (Iowa),crop,196,338,41.0,-95.5,0.005903211,1
US Midwest (Iowa),crop,196,339,41.0,-95.25,0.004999123,1
US Midwest (Iowa),crop,196,340,41.0,-95.0,0.003859699,1
US Midwest (Iowa),crop,196,341,41.0,-94.75,0.00486973,1
US Midwest (Iowa),crop,196,342,41.0,-94.5,0.004932364,1
US Midwest (Iowa),crop,196,343,41.0,-94.25,0.002246751,1
US Midwest (Iowa),crop,196,344,41.0,-94.0,0.001983868,1
US Midwest (Iowa),crop,196,345,41.0,-93.75,0.002808242,1
US Midwest (Iowa),crop,196,346,41.0,-93.5,0.002608553,1
US Midwest (Iowa),crop,196,347,41.0,-93.25,0.002257222,1
US Midwest (Iowa),crop,196,348,41.0,-93.0,0.001681511,1
US Midwest (Iowa),crop,196,349,41.0,-92.75,0.001550598,1
US Midwest (Iowa),crop,196,350,41.0,-92.5,0.001265209,1
US Midwest (Iowa),crop,196,351,41.0,-92.25,0.003380916,1
US Midwest (Iowa),crop,196,352,41.0,-92.0,0.003532863,1
US Midwest (Iowa),crop,196,353,41.0,-91.75,0.002727178,1
US Midwest (Iowa),crop,196,354,41.0,-91.5,0.003482829,1
US Midwest (Iowa),crop,196,355,41.0,-91.25,0.00391953,1
US Midwest (Iowa),crop,196,356,41.0,-91.0,0.001260526,1
US Midwest (Iowa),crop,197,337,40.75,-95.75,0.003752431,1
US Midwest (Iowa),crop,197,338,40.75,-95.5,0.00515817,1
US Midwest (Iowa),crop,197,339,40.75,-95.25,0.005290123,1
US Midwest (Iowa),crop,197,340,40.75,-95.0,0.003813936,1
US Midwest (Iowa),crop,197,341,40.75,-94.75,0.003889709,1
US Midwest (Iowa),crop,197,342,40.75,-94.5,0.0033554,1
US Midwest (Iowa),crop,197,343,40.75,-94.25,0.001748636,1
US Midwest (Iowa),crop,197,344,40.75,-94.0,0.001730151,1
US Midwest (Iowa),crop,197,345,40.75,-93.75,0.001806108,1
US Midwest (Iowa),crop,197,346,40.75,-93.5,0.002522751,1
US Midwest (Iowa),crop,197,347,40.75,-93.25,0.002596687,1
US Midwest (Iowa),crop,197,348,40.75,-93.0,0.002471513,1
US Midwest (Iowa),crop,197,349,40.75,-92.75,0.001778542,1
US Midwest (Iowa),crop,197,350,40.75,-92.5,0.002247038,1
US Midwest (Iowa),crop,197,351,40.75,-92.25,0.002676232,1
US Midwest (Iowa),crop,197,352,40.75,-92.0,0.00213689,1
US Midwest (Iowa),crop,197,353,40.75,-91.75,0.00352462,1
US Midwest (Iowa),crop,197,354,40.75,-91.5,0.002878422,1
US Midwest (Iowa),crop,197,355,40.75,-91.25,0.001471312,1
US Midwest (Iowa),crop,198,353,40.5,-91.75,0.00025341,1
US Midwest (Iowa),crop,198,354,40.5,-91.5,0.000706866,1
pin:US Midwest (Iowa),pin,192,346,42.0,-93.5,1.0,1
US Illinois,crop,190,358,42.5,-90.5,0.000555123,1
US Illinois,crop,190,359,42.5,-90.25,0.000977516,1
US Illinois,crop,190,360,42.5,-90.0,0.001884938,1
US Illinois,crop,190,361,42.5,-89.75,0.001851112,1
US Illinois,crop,190,362,42.5,-89.5,0.001990735,1
US Illinois,crop,190,363,42.5,-89.25,0.001502086,1
US Illinois,crop,190,364,42.5,-89.0,0.00121093,1
US Illinois,crop,190,365,42.5,-88.75,0.002291019,1
US Illinois,crop,190,366,42.5,-88.5,0.001967355,1
US Illinois,crop,190,367,42.5,-88.25,0.00073825,1
US Illinois,crop,190,368,42.5,-88.0,0.000463882,1
US Illinois,crop,190,369,42.5,-87.75,0.0,0
US Illinois,crop,190,370,42.5,-87.5,0.0,0
US Illinois,crop,190,371,42.5,-87.25,0.0,0
US Illinois,crop,191,358,42.25,-90.5,4.2757e-05,1
US Illinois,crop,191,359,42.25,-90.25,0.000783438,1
US Illinois,crop,191,360,42.25,-90.0,0.002094489,1
US Illinois,crop,191,361,42.25,-89.75,0.003120706,1
US Illinois,crop,191,362,42.25,-89.5,0.003271614,1
US Illinois,crop,191,363,42.25,-89.25,0.002521589,1
US Illinois,crop,191,364,42.25,-89.0,0.002247351,1
US Illinois,crop,191,365,42.25,-88.75,0.003781673,1
US Illinois,crop,191,366,42.25,-88.5,0.002792126,1
US Illinois,crop,191,367,42.25,-88.25,0.000719357,1
US Illinois,crop,191,368,42.25,-88.0,0.000208084,1
US Illinois,crop,191,369,42.25,-87.75,9.68e-07,0
US Illinois,crop,191,370,42.25,-87.5,0.0,0
US Illinois,crop,191,371,42.25,-87.25,0.0,0
US Illinois,crop,192,359,42.0,-90.25,0.000587619,1
US Illinois,crop,192,360,42.0,-90.0,0.002707406,1
US Illinois,crop,192,361,42.0,-89.75,0.003323803,1
US Illinois,crop,192,362,42.0,-89.5,0.003210966,1
US Illinois,crop,192,363,42.0,-89.25,0.003474089,1
US Illinois,crop,192,364,42.0,-89.0,0.004068416,1
US Illinois,crop,192,365,42.0,-88.75,0.004245751,1
US Illinois,crop,192,366,42.0,-88.5,0.002840158,1
US Illinois,crop,192,367,42.0,-88.25,0.001742591,1
US Illinois,crop,192,368,42.0,-88.0,1.5166e-05,1
US Illinois,crop,192,369,42.0,-87.75,1.007e-06,1
US Illinois,crop,192,370,42.0,-87.5,0.0,0
US Illinois,crop,192,371,42.0,-87.25,0.0,0
US Illinois,crop,193,359,41.75,-90.25,0.002785688,1
US Illinois,crop,193,360,41.75,-90.0,0.003472265,1
US Illinois,crop,193,361,41.75,-89.75,0.003526478,1
US Illinois,crop,193,362,41.75,-89.5,0.003519953,1
US Illinois,crop,193,363,41.75,-89.25,0.003681345,1
US Illinois,crop,193,364,41.75,-89.0,0.004275181,1
US Illinois,crop,193,365,41.75,-88.75,0.004272536,1
US Illinois,crop,193,366,41.75,-88.5,0.003013103,1
US Illinois,crop,193,367,41.75,-88.25,0.001906861,1
US Illinois,crop,193,368,41.75,-88.0,0.000195145,1
US Illinois,crop,193,369,41.75,-87.75,1.1822e-05,1
US Illinois,crop,193,370,41.75,-87.5,4.162e-06,0
US Illinois,crop,193,371,41.75,-87.25,0.0,0
US Illinois,crop,194,356,41.5,-91.0,0.000881539,1
US Illinois,crop,194,357,41.5,-90.75,0.001162009,1
US Illinois,crop,194,358,41.5,-90.5,0.001669981,1
US Illinois,crop,194,359,41.5,-90.25,0.004257194,1
US Illinois,crop,194,360,41.5,-90.0,0.00474144,1
US Illinois,crop,194,361,41.5,-89.75,0.004556376,1
US Illinois,crop,194,362,41.5,-89.5,0.004277866,1
US Illinois,crop,194,363,41.5,-89.25,0.004124239,1
US Illinois,crop,194,364,41.5,-89.0,0.004236306,1
US Illinois,crop,194,365,41.5,-88.75,0.003637282,1
US Illinois,crop,194,366,41.5,-88.5,0.004393527,1
US Illinois,crop,194,367,41.5,-88.25,0.001754348,1
US Illinois,crop,194,368,41.5,-88.0,0.003346308,1
US Illinois,crop,194,369,41.5,-87.75,0.002438889,1
US Illinois,crop,194,370,41.5,-87.5,0.000815951,1
US Illinois,crop,195,356,41.25,-91.0,0.003164785,1
US Illinois,crop,195,357,41.25,-90.75,0.004063658,1
US Illinois,crop,195,358,41.25,-90.5,0.004231315,1
US Illinois,crop,195,359,41.25,-90.25,0.004970663,1
US Illinois,crop,195,360,41.25,-90.0,0.0048116,1
US Illinois,crop,195,361,41.25,-89.75,0.005003434,1
US Illinois,crop,195,362,41.25,-89.5,0.003348982,1
US Illinois,crop,195,363,41.25,-89.25,0.003168242,1
US Illinois,crop,195,364,41.25,-89.0,0.003628365,1
US Illinois,crop,195,365,41.25,-88.75,0.003928528,1
US Illinois,crop,195,366,41.25,-88.5,0.004508052,1
US Illinois,crop,195,367,41.25,-88.25,0.00304503,1
US Illinois,crop,195,368,41.25,-88.0,0.003685127,1
US Illinois,crop,195,369,41.25,-87.75,0.003643928,1
US Illinois,crop,195,370,41.25,-87.5,0.001156334,1
US Illinois,crop,196,356,41.0,-91.0,0.001984791,1
US Illinois,crop,196,357,41.0,-90.75,0.004579474,1
US Illinois,crop,196,358,41.0,-90.5,0.004808358,1
US Illinois,crop,196,359,41.0,-90.25,0.004193467,1
US Illinois,crop,196,360,41.0,-90.0,0.004412338,1
US Illinois,crop,196,361,41.0,-89.75,0.004272387,1
US Illinois,crop,196,362,41.0,-89.5,0.002849862,1
US Illinois,crop,196,363,41.0,-89.25,0.005084725,1
US Illinois,crop,196,364,41.0,-89.0,0.005616125,1
US Illinois,crop,196,365,41.0,-88.75,0.006410789,1
US Illinois,crop,196,366,41.0,-88.5,0.006818979,1
US Illinois,crop,196,367,41.0,-88.25,0.006019849,1
US Illinois,crop,196,368,41.0,-88.0,0.005199582,1
US Illinois,crop,196,369,41.0,-87.75,0.005064038,1
US Illinois,crop,196,370,41.0,-87.5,0.001505767,1
US Illinois,crop,197,355,40.75,-91.25,0.001014051,1
US Illinois,crop,197,356,40.75,-91.0,0.003933417,1
US Illinois,crop,197,357,40.75,-90.75,0.004655308,1
US Illinois,crop,197,358,40.75,-90.5,0.004514499,1
US Illinois,crop,197,359,40.75,-90.25,0.003723524,1
US Illinois,crop,197,360,40.75,-90.0,0.003454555,1
US Illinois,crop,197,361,40.75,-89.75,0.001543315,1
US Illinois,crop,197,362,40.75,-89.5,0.002773961,1
US Illinois,crop,197,363,40.75,-89.25,0.004696326,1
US Illinois,crop,197,364,40.75,-89.0,0.005965758,1
US Illinois,crop,197,365,40.75,-88.75,0.006720761,1
US Illinois,crop,197,366,40.75,-88.5,0.006785139,1
US Illinois,crop,197,367,40.75,-88.25,0.006493532,1
US Illinois,crop,197,368,40.75,-88.0,0.00561301,1
US Illinois,crop,197,369,40.75,-87.75,0.005376462,1
US Illinois,crop,197,370,40.75,-87.5,0.00200151,1
US Illinois,crop,198,354,40.5,-91.5,0.000636832,1
US Illinois,crop,198,355,40.5,-91.25,0.004618387,1
US Illinois,crop,198,356,40.5,-91.0,0.003073698,1
US Illinois,crop,198,357,40.5,-90.75,0.003155925,1
US Illinois,crop,198,358,40.5,-90.5,0.003676325,1
US Illinois,crop,198,359,40.5,-90.25,0.002739151,1
US Illinois,crop,198,360,40.5,-90.0,0.002783559,1
US Illinois,crop,198,361,40.5,-89.75,0.004024142,1
US Illinois,crop,198,362,40.5,-89.5,0.004181057,1
US Illinois,crop,198,363,40.5,-89.25,0.005747353,1
US Illinois,crop,198,364,40.5,-89.0,0.005680125,1
US Illinois,crop,198,365,40.5,-88.75,0.006672367,1
US Illinois,crop,198,366,40.5,-88.5,0.006227944,1
US Illinois,crop,198,367,40.5,-88.25,0.006053515,1
US Illinois,crop,198,368,40.5,-88.0,0.005850767,1
US Illinois,crop,198,369,40.5,-87.75,0.005964727,1
US Illinois,crop,198,370,40.5,-87.5,0.002100489,1
US Illinois,crop,199,354,40.25,-91.5,0.002536801,1
US Illinois,crop,199,355,40.25,-91.25,0.003774489,1
US Illinois,crop,199,356,40.25,-91.0,0.003877688,1
US Illinois,crop,199,357,40.25,-90.75,0.003068994,1
US Illinois,crop,199,358,40.25,-90.5,0.002876674,1
US Illinois,crop,199,359,40.25,-90.25,0.002980483,1
US Illinois,crop,199,360,40.25,-90.0,0.003953476,1
US Illinois,crop,199,361,40.25,-89.75,0.004448854,1
US Illinois,crop,199,362,40.25,-89.5,0.005447507,1
US Illinois,crop,199,363,40.25,-89.25,0.006353344,1
US Illinois,crop,199,364,40.25,-89.0,0.006978481,1
US Illinois,crop,199,365,40.25,-88.75,0.007422214,1
US Illinois,crop,199,366,40.25,-88.5,0.005972494,1
US Illinois,crop,199,367,40.25,-88.25,0.005093826,1
US Illinois,crop,199,368,40.25,-88.0,0.005842299,1
US Illinois,crop,199,369,40.25,-87.75,0.00469498,1
US Illinois,crop,199,370,40.25,-87.5,0.00193688,1
US Illinois,crop,200,354,40.0,-91.5,0.001472548,1
US Illinois,crop,200,355,40.0,-91.25,0.003855987,1
US Illinois,crop,200,356,40.0,-91.0,0.00318755,1
US Illinois,crop,200,357,40.0,-90.75,0.002370629,1
US Illinois,crop,200,358,40.0,-90.5,0.00347533,1
US Illinois,crop,200,359,40.0,-90.25,0.003291565,1
US Illinois,crop,200,360,40.0,-90.0,0.004150694,1
US Illinois,crop,200,361,40.0,-89.75,0.003329649,1
US Illinois,crop,200,362,40.0,-89.5,0.004966217,1
US Illinois,crop,200,363,40.0,-89.25,0.005541742,1
US Illinois,crop,200,364,40.0,-89.0,0.004497691,1
US Illinois,crop,200,365,40.0,-88.75,0.006864885,1
US Illinois,crop,200,366,40.0,-88.5,0.0064118,1
US Illinois,crop,200,367,40.0,-88.25,0.005384161,1
US Illinois,crop,200,368,40.0,-88.0,0.005545819,1
US Illinois,crop,200,369,40.0,-87.75,0.005099335,1
US Illinois,crop,200,370,40.0,-87.5,0.001330127,1
US Illinois,crop,201,354,39.75,-91.5,0.000274787,1
US Illinois,crop,201,355,39.75,-91.25,0.00320979,1
US Illinois,crop,201,356,39.75,-91.0,0.003431806,1
US Illinois,crop,201,357,39.75,-90.75,0.003706468,1
US Illinois,crop,201,358,39.75,-90.5,0.004456588,1
US Illinois,crop,201,359,39.75,-90.25,0.004497432,1
US Illinois,crop,201,360,39.75,-90.0,0.005138888,1
US Illinois,crop,201,361,39.75,-89.75,0.003246073,1
US Illinois,crop,201,362,39.75,-89.5,0.003978708,1
US Illinois,crop,201,363,39.75,-89.25,0.005701477,1
US Illinois,crop,201,364,39.75,-89.0,0.004996373,1
US Illinois,crop,201,365,39.75,-88.75,0.005074348,1
US Illinois,crop,201,366,39.75,-88.5,0.005004624,1
US Illinois,crop,201,367,39.75,-88.25,0.0052357,1
US Illinois,crop,201,368,39.75,-88.0,0.005108592,1
US Illinois,crop,201,369,39.75,-87.75,0.004968381,1
US Illinois,crop,201,370,39.75,-87.5,0.001402699,1
US Illinois,crop,202,356,39.5,-91.0,0.002310073,1
US Illinois,crop,202,357,39.5,-90.75,0.002576189,1
US Illinois,crop,202,358,39.5,-90.5,0.004575384,1
US Illinois,crop,202,359,39.5,-90.25,0.00451176,1
US Illinois,crop,202,360,39.5,-90.0,0.004351884,1
US Illinois,crop,202,361,39.5,-89.75,0.005311062,1
US Illinois,crop,202,362,39.5,-89.5,0.005756664,1
US Illinois,crop,202,363,39.5,-89.25,0.005458865,1
US Illinois,crop,202,364,39.5,-89.0,0.006248631,1
US Illinois,crop,202,365,39.5,-88.75,0.005343201,1
US Illinois,crop,202,366,39.5,-88.5,0.005152967,1
US Illinois,crop,202,367,39.5,-88.25,0.003973758,1
US Illinois,crop,202,368,39.5,-88.0,0.004651813,1
US Illinois,crop,202,369,39.5,-87.75,0.00345562,1
US Illinois,crop,202,370,39.5,-87.5,0.00096187,1
US Illinois,crop,203,357,39.25,-90.75,0.00080033,1
US Illinois,crop,203,358,39.25,-90.5,0.00404073,1
US Illinois,crop,203,359,39.25,-90.25,0.004440516,1
US Illinois,crop,203,360,39.25,-90.0,0.003690464,1
US Illinois,crop,203,361,39.25,-89.75,0.0044845,1
US Illinois,crop,203,362,39.25,-89.5,0.005363541,1
US Illinois,crop,203,363,39.25,-89.25,0.005266074,1
US Illinois,crop,203,364,39.25,-89.0,0.004683567,1
US Illinois,crop,203,365,39.25,-88.75,0.0044918,1
US Illinois,crop,203,366,39.25,-88.5,0.004593656,1
US Illinois,crop,203,367,39.25,-88.25,0.004286507,1
US Illinois,crop,203,368,39.25,-88.0,0.004557177,1
US Illinois,crop,203,369,39.25,-87.75,0.003861359,1
US Illinois,crop,204,357,39.0,-90.75,0.00037118,1
US Illinois,crop,204,358,39.0,-90.5,0.001251223,1
US Illinois,crop,204,359,39.0,-90.25,0.002136424,1
US Illinois,crop,204,360,39.0,-90.0,0.003712482,1
US Illinois,crop,204,361,39.0,-89.75,0.004461673,1
US Illinois,crop,204,362,39.0,-89.5,0.004635424,1
US Illinois,crop,204,363,39.0,-89.25,0.004795541,1
US Illinois,crop,204,364,39.0,-89.0,0.004718859,1
US Illinois,crop,204,365,39.0,-88.75,0.004212786,1
US Illinois,crop,204,366,39.0,-88.5,0.004073845,1
US Illinois,crop,204,367,39.0,-88.25,0.00488211,1
US Illinois,crop,204,368,39.0,-88.0,0.005420317,1
US Illinois,crop,204,369,39.0,-87.75,0.004843627,1
US Illinois,crop,204,370,39.0,-87.5,0.000576248,1
US Illinois,crop,205,359,38.75,-90.25,0.000575283,1
US Illinois,crop,205,360,38.75,-90.0,0.002701908,1
US Illinois,crop,205,361,38.75,-89.75,0.00503633,1
US Illinois,crop,205,362,38.75,-89.5,0.005741848,1
US Illinois,crop,205,363,38.75,-89.25,0.00448559,1
US Illinois,crop,205,364,38.75,-89.0,0.003880424,1
US Illinois,crop,205,365,38.75,-88.75,0.003954938,1
US Illinois,crop,205,366,38.75,-88.5,0.004742883,1
US Illinois,crop,205,367,38.75,-88.25,0.005575768,1
US Illinois,crop,205,368,38.75,-88.0,0.005605091,1
US Illinois,crop,205,369,38.75,-87.75,0.005034962,1
US Illinois,crop,205,370,38.75,-87.5,0.001156016,1
US Illinois,crop,206,359,38.5,-90.25,0.002731262,1
US Illinois,crop,206,360,38.5,-90.0,0.003285506,1
US Illinois,crop,206,361,38.5,-89.75,0.005516664,1
US Illinois,crop,206,362,38.5,-89.5,0.006781031,1
US Illinois,crop,206,363,38.5,-89.25,0.006155269,1
US Illinois,crop,206,364,38.5,-89.0,0.002783541,1
US Illinois,crop,206,365,38.5,-88.75,0.003409826,1
US Illinois,crop,206,366,38.5,-88.5,0.005587061,1
US Illinois,crop,206,367,38.5,-88.25,0.004775979,1
US Illinois,crop,206,368,38.5,-88.0,0.00472873,1
US Illinois,crop,206,369,38.5,-87.75,0.001954279,1
US Illinois,crop,207,358,38.25,-90.5,0.000108979,1
US Illinois,crop,207,359,38.25,-90.25,0.0036993,1
US Illinois,crop,207,360,38.25,-90.0,0.004743595,1
US Illinois,crop,207,361,38.25,-89.75,0.004498541,1
US Illinois,crop,207,362,38.25,-89.5,0.005388673,1
US Illinois,crop,207,363,38.25,-89.25,0.005243185,1
US Illinois,crop,207,364,38.25,-89.0,0.003178628,1
US Illinois,crop,207,365,38.25,-88.75,0.00465367,1
US Illinois,crop,207,366,38.25,-88.5,0.005654231,1
US Illinois,crop,207,367,38.25,-88.25,0.006523933,1
US Illinois,crop,207,368,38.25,-88.0,0.002238553,1
US Illinois,crop,208,359,38.0,-90.25,0.000307224,1
US Illinois,crop,208,360,38.0,-90.0,0.001706627,1
US Illinois,crop,208,361,38.0,-89.75,0.003686478,1
US Illinois,crop,208,362,38.0,-89.5,0.003673491,1
US Illinois,crop,208,363,38.0,-89.25,0.004085053,1
US Illinois,crop,208,364,38.0,-89.0,0.002546677,1
US Illinois,crop,208,365,38.0,-88.75,0.003247062,1
US Illinois,crop,208,366,38.0,-88.5,0.004880175,1
US Illinois,crop,208,367,38.0,-88.25,0.006242974,1
US Illinois,crop,208,368,38.0,-88.0,0.000453054,1
US Illinois,crop,209,361,37.75,-89.75,0.000414185,1
US Illinois,crop,209,362,37.75,-89.5,0.002510695,1
US Illinois,crop,209,363,37.75,-89.25,0.002299722,1
US Illinois,crop,209,364,37.75,-89.0,0.001810575,1
US Illinois,crop,209,365,37.75,-88.75,0.001683252,1
US Illinois,crop,209,366,37.75,-88.5,0.003001379,1
US Illinois,crop,209,367,37.75,-88.25,0.00428046,1
US Illinois,crop,210,362,37.5,-89.5,0.001721401,1
US Illinois,crop,210,363,37.5,-89.25,0.001074038,1
US Illinois,crop,210,364,37.5,-89.0,0.001535079,1
US Illinois,crop,210,365,37.5,-88.75,0.001124478,1
US Illinois,crop,210,366,37.5,-88.5,0.000305178,1
US Illinois,crop,210,367,37.5,-88.25,0.000397584,1
US Illinois,crop,211,362,37.25,-89.5,0.001139095,1
US Illinois,crop,211,363,37.25,-89.25,0.003843657,1
US Illinois,crop,211,364,37.25,-89.0,0.001821689,1
US Illinois,crop,211,365,37.25,-88.75,0.002622362,1
US Illinois,crop,211,366,37.25,-88.5,0.000873305,1
pin:US Illinois,pin,200,363,40.0,-89.25,1.0,1
US Nebraska,crop,188,304,43.0,-104.0,2.8798e-05,1
US Nebraska,crop,188,305,43.0,-103.75,3.9878e-05,1
US Nebraska,crop,188,306,43.0,-103.5,1e-09,1
US Nebraska,crop,188,307,43.0,-103.25,5.0333e-05,1
US Nebraska,crop,188,308,43.0,-103.0,0.000152619,1
US Nebraska,crop,188,309,43.0,-102.75,7.0277e-05,1
US Nebraska,crop,188,310,43.0,-102.5,4.9817e-05,1
US Nebraska,crop,188,311,43.0,-102.25,7.4185e-05,1
US Nebraska,crop,188,312,43.0,-102.0,2.8326e-05,1
US Nebraska,crop,188,313,43.0,-101.75,1.626e-06,1
US Nebraska,crop,188,314,43.0,-101.5,3.531e-05,1
US Nebraska,crop,188,315,43.0,-101.25,5.8128e-05,1
US Nebraska,crop,188,316,43.0,-101.0,5.7521e-05,1
US Nebraska,crop,188,317,43.0,-100.75,0.00010716,1
US Nebraska,crop,188,318,43.0,-100.5,9.9398e-05,1
US Nebraska,crop,188,319,43.0,-100.25,0.00017564,1
US Nebraska,crop,188,320,43.0,-100.0,0.000145273,1
US Nebraska,crop,188,321,43.0,-99.75,0.000136931,1
US Nebraska,crop,188,322,43.0,-99.5,0.000130513,1
US Nebraska,crop,188,323,43.0,-99.25,0.000600429,1
US Nebraska,crop,188,324,43.0,-99.0,0.001092727,1
US Nebraska,crop,188,325,43.0,-98.75,0.001349441,1
US Nebraska,crop,188,326,43.0,-98.5,0.000785996,1
US Nebraska,crop,188,327,43.0,-98.25,5.1451e-05,1
US Nebraska,crop,188,330,43.0,-97.5,0.000381794,1
US Nebraska,crop,188,331,43.0,-97.25,0.000475517,1
US Nebraska,crop,189,304,42.75,-104.0,7.7982e-05,1
US Nebraska,crop,189,305,42.75,-103.75,0.000153151,1
US Nebraska,crop,189,306,42.75,-103.5,0.000394107,1
US Nebraska,crop,189,307,42.75,-103.25,0.000499405,1
US Nebraska,crop,189,308,42.75,-103.0,0.000413798,1
US Nebraska,crop,189,309,42.75,-102.75,0.000243017,1
US Nebraska,crop,189,310,42.75,-102.5,0.000167119,1
US Nebraska,crop,189,311,42.75,-102.25,0.000157493,1
US Nebraska,crop,189,312,42.75,-102.0,0.000148346,1
US Nebraska,crop,189,313,42.75,-101.75,4.6222e-05,1
US Nebraska,crop,189,314,42.75,-101.5,4.2555e-05,1
US Nebraska,crop,189,315,42.75,-101.25,3.743e-05,1
US Nebraska,crop,189,316,42.75,-101.0,2.6016e-05,1
US Nebraska,crop,189,317,42.75,-100.75,9.217e-06,1
US Nebraska,crop,189,318,42.75,-100.5,1.881e-05,1
US Nebraska,crop,189,319,42.75,-100.25,8.6983e-05,1
US Nebraska,crop,189,320,42.75,-100.0,0.000610459,1
US Nebraska,crop,189,321,42.75,-99.75,0.000541718,1
US Nebraska,crop,189,322,42.75,-99.5,0.000551318,1
US Nebraska,crop,189,323,42.75,-99.25,0.000980833,1
US Nebraska,crop,189,324,42.75,-99.0,0.001516606,1
US Nebraska,crop,189,325,42.75,-98.75,0.001130995,1
US Nebraska,crop,189,326,42.75,-98.5,0.001219212,1
US Nebraska,crop,189,327,42.75,-98.25,0.001968647,1
US Nebraska,crop,189,328,42.75,-98.0,0.001471897,1
US Nebraska,crop,189,329,42.75,-97.75,0.003165445,1
US Nebraska,crop,189,330,42.75,-97.5,0.005323597,1
US Nebraska,crop,189,331,42.75,-97.25,0.005282799,1
US Nebraska,crop,189,332,42.75,-97.0,0.00450925,1
US Nebraska,crop,189,333,42.75,-96.75,0.001625437,1
US Nebraska,crop,190,304,42.5,-104.0,9.789e-06,1
US Nebraska,crop,190,305,42.5,-103.75,0.000100578,1
US Nebraska,crop,190,306,42.5,-103.5,0.000177176,1
US Nebraska,crop,190,307,42.5,-103.25,0.000225398,1
US Nebraska,crop,190,308,42.5,-103.0,0.000441835,1
US Nebraska,crop,190,309,42.5,-102.75,0.000264968,1
US Nebraska,crop,190,310,42.5,-102.5,3.4901e-05,1
US Nebraska,crop,190,311,42.5,-102.25,1e-09,1
US Nebraska,crop,190,312,42.5,-102.0,1.306e-06,1
US Nebraska,crop,190,313,42.5,-101.75,1.834e-06,1
US Nebraska,crop,190,314,42.5,-101.5,3.317e-06,1
US Nebraska,crop,190,315,42.5,-101.25,1.412e-06,1
US Nebraska,crop,190,316,42.5,-101.0,2.236e-06,1
US Nebraska,crop,190,317,42.5,-100.75,1.3399e-05,1
US Nebraska,crop,190,318,42.5,-100.5,2.0041e-05,1
US Nebraska,crop,190,319,42.5,-100.25,9.4349e-05,1
US Nebraska,crop,190,320,42.5,-100.0,0.00058638,1
US Nebraska,crop,190,321,42.5,-99.75,0.000795319,1
US Nebraska,crop,190,322,42.5,-99.5,0.000363717,1
US Nebraska,crop,190,323,42.5,-99.25,0.000534895,1
US Nebraska,crop,190,324,42.5,-99.0,0.001105546,1
US Nebraska,crop,190,325,42.5,-98.75,0.001678563,1
US Nebraska,crop,190,326,42.5,-98.5,0.002379702,1
US Nebraska,crop,190,327,42.5,-98.25,0.003157162,1
US Nebraska,crop,190,328,42.5,-98.0,0.004028523,1
US Nebraska,crop,190,329,42.5,-97.75,0.005427488,1
US Nebraska,crop,190,330,42.5,-97.5,0.00687019,1
US Nebraska,crop,190,331,42.5,-97.25,0.007208783,1
US Nebraska,crop,190,332,42.5,-97.0,0.008465191,1
US Nebraska,crop,190,333,42.5,-96.75,0.007530296,1
US Nebraska,crop,190,334,42.5,-96.5,0.003432573,1
US Nebraska,crop,191,304,42.25,-104.0,9.5453e-05,1
US Nebraska,crop,191,305,42.25,-103.75,8.275e-06,1
US Nebraska,crop,191,306,42.25,-103.5,0.000189359,1
US Nebraska,crop,191,307,42.25,-103.25,0.00063584,1
US Nebraska,crop,191,308,42.25,-103.0,0.000751649,1
US Nebraska,crop,191,309,42.25,-102.75,0.000217466,1
US Nebraska,crop,191,310,42.25,-102.5,1e-09,1
US Nebraska,crop,191,311,42.25,-102.25,1e-09,1
US Nebraska,crop,191,312,42.25,-102.0,1.996e-06,1
US Nebraska,crop,191,313,42.25,-101.75,3.865e-06,1
US Nebraska,crop,191,314,42.25,-101.5,1.174e-06,1
US Nebraska,crop,191,315,42.25,-101.25,2.6838e-05,1
US Nebraska,crop,191,316,42.25,-101.0,2.1851e-05,1
US Nebraska,crop,191,317,42.25,-100.75,2.732e-06,1
US Nebraska,crop,191,318,42.25,-100.5,1.4951e-05,1
US Nebraska,crop,191,319,42.25,-100.25,2.0245e-05,1
US Nebraska,crop,191,320,42.25,-100.0,3.7193e-05,1
US Nebraska,crop,191,321,42.25,-99.75,8.174e-05,1
US Nebraska,crop,191,322,42.25,-99.5,0.000243668,1
US Nebraska,crop,191,323,42.25,-99.25,5.556e-05,1
US Nebraska,crop,191,324,42.25,-99.0,0.000130776,1
US Nebraska,crop,191,325,42.25,-98.75,0.000829751,1
US Nebraska,crop,191,326,42.25,-98.5,0.001111347,1
US Nebraska,crop,191,327,42.25,-98.25,0.004803343,1
US Nebraska,crop,191,328,42.25,-98.0,0.005359356,1
US Nebraska,crop,191,329,42.25,-97.75,0.006707246,1
US Nebraska,crop,191,330,42.25,-97.5,0.007397143,1
US Nebraska,crop,191,331,42.25,-97.25,0.011114386,1
US Nebraska,crop,191,332,42.25,-97.0,0.011525257,1
US Nebraska,crop,191,333,42.25,-96.75,0.009755879,1
US Nebraska,crop,191,334,42.25,-96.5,0.008748438,1
US Nebraska,crop,191,335,42.25,-96.25,0.000980495,1
US Nebraska,crop,192,304,42.0,-104.0,0.000715259,1
US Nebraska,crop,192,305,42.0,-103.75,0.000626677,1
US Nebraska,crop,192,306,42.0,-103.5,0.000438689,1
US Nebraska,crop,192,307,42.0,-103.25,0.000382135,1
US Nebraska,crop,192,308,42.0,-103.0,0.000284235,1
US Nebraska,crop,192,309,42.0,-102.75,3.6714e-05,1
US Nebraska,crop,192,310,42.0,-102.5,1e-09,1
US Nebraska,crop,192,311,42.0,-102.25,6.43e-07,1
US Nebraska,crop,192,312,42.0,-102.0,7.543e-06,1
US Nebraska,crop,192,313,42.0,-101.75,1.6098e-05,1
US Nebraska,crop,192,314,42.0,-101.5,2.5018e-05,1
US Nebraska,crop,192,315,42.0,-101.25,2.9987e-05,1
US Nebraska,crop,192,316,42.0,-101.0,2.2529e-05,1
US Nebraska,crop,192,317,42.0,-100.75,1.1371e-05,1
US Nebraska,crop,192,318,42.0,-100.5,2.5224e-05,1
US Nebraska,crop,192,319,42.0,-100.25,7.5335e-05,1
US Nebraska,crop,192,320,42.0,-100.0,6.1737e-05,1
US Nebraska,crop,192,321,42.0,-99.75,9.4527e-05,1
US Nebraska,crop,192,322,42.0,-99.5,3.7126e-05,1
US Nebraska,crop,192,323,42.0,-99.25,4.6918e-05,1
US Nebraska,crop,192,324,42.0,-99.0,9.6443e-05,1
US Nebraska,crop,192,325,42.0,-98.75,0.000746785,1
US Nebraska,crop,192,326,42.0,-98.5,0.001110684,1
US Nebraska,crop,192,327,42.0,-98.25,0.004278021,1
US Nebraska,crop,192,328,42.0,-98.0,0.006456378,1
US Nebraska,crop,192,329,42.0,-97.75,0.007900579,1
US Nebraska,crop,192,330,42.0,-97.5,0.007379857,1
US Nebraska,crop,192,331,42.0,-97.25,0.008116296,1
US Nebraska,crop,192,332,42.0,-97.0,0.010849601,1
US Nebraska,crop,192,333,42.0,-96.75,0.012310233,1
US Nebraska,crop,192,334,42.0,-96.5,0.010729936,1
US Nebraska,crop,192,335,42.0,-96.25,0.005694801,1
US Nebraska,crop,193,304,41.75,-104.0,0.000450808,1
US Nebraska,crop,193,305,41.75,-103.75,0.000421709,1
US Nebraska,crop,193,306,41.75,-103.5,0.00055619,1
US Nebraska,crop,193,307,41.75,-103.25,0.000489603,1
US Nebraska,crop,193,308,41.75,-103.0,0.000361255,1
US Nebraska,crop,193,309,41.75,-102.75,0.000138941,1
US Nebraska,crop,193,310,41.75,-102.5,1e-09,1
US Nebraska,crop,193,311,41.75,-102.25,1e-09,1
US Nebraska,crop,193,312,41.75,-102.0,1.7926e-05,1
US Nebraska,crop,193,313,41.75,-101.75,2.3804e-05,1
US Nebraska,crop,193,314,41.75,-101.5,6.8307e-05,1
US Nebraska,crop,193,315,41.75,-101.25,0.000106516,1
US Nebraska,crop,193,316,41.75,-101.0,0.00011146,1
US Nebraska,crop,193,317,41.75,-100.75,0.000115964,1
US Nebraska,crop,193,318,41.75,-100.5,8.2201e-05,1
US Nebraska,crop,193,319,41.75,-100.25,8.2066e-05,1
US Nebraska,crop,193,320,41.75,-100.0,0.000293135,1
US Nebraska,crop,193,321,41.75,-99.75,0.000824793,1
US Nebraska,crop,193,322,41.75,-99.5,0.00101187,1
US Nebraska,crop,193,323,41.75,-99.25,0.001097684,1
US Nebraska,crop,193,324,41.75,-99.0,0.001380158,1
US Nebraska,crop,193,325,41.75,-98.75,0.001220002,1
US Nebraska,crop,193,326,41.75,-98.5,0.002111087,1
US Nebraska,crop,193,327,41.75,-98.25,0.005202413,1
US Nebraska,crop,193,328,41.75,-98.0,0.008323936,1
US Nebraska,crop,193,329,41.75,-97.75,0.008279133,1
US Nebraska,crop,193,330,41.75,-97.5,0.008439442,1
US Nebraska,crop,193,331,41.75,-97.25,0.009020042,1
US Nebraska,crop,193,332,41.75,-97.0,0.010465445,1
US Nebraska,crop,193,333,41.75,-96.75,0.010999349,1
US Nebraska,crop,193,334,41.75,-96.5,0.010972676,1
US Nebraska,crop,193,335,41.75,-96.25,0.011126049,1
US Nebraska,crop,194,304,41.5,-104.0,0.000619018,1
US Nebraska,crop,194,305,41.5,-103.75,0.000572349,1
US Nebraska,crop,194,306,41.5,-103.5,0.000456278,1
US Nebraska,crop,194,307,41.5,-103.25,0.000667906,1
US Nebraska,crop,194,308,41.5,-103.0,0.000670249,1
US Nebraska,crop,194,309,41.5,-102.75,0.000484182,1
US Nebraska,crop,194,310,41.5,-102.5,0.000286443,1
US Nebraska,crop,194,311,41.5,-102.25,0.000249946,1
US Nebraska,crop,194,312,41.5,-102.0,5.5899e-05,1
US Nebraska,crop,194,313,41.5,-101.75,7.4153e-05,1
US Nebraska,crop,194,314,41.5,-101.5,0.000133365,1
US Nebraska,crop,194,315,41.5,-101.25,0.000179192,1
US Nebraska,crop,194,316,41.5,-101.0,0.000142058,1
US Nebraska,crop,194,317,41.5,-100.75,0.000441729,1
US Nebraska,crop,194,318,41.5,-100.5,0.000860726,1
US Nebraska,crop,194,319,41.5,-100.25,0.001043329,1
US Nebraska,crop,194,320,41.5,-100.0,0.001598594,1
US Nebraska,crop,194,321,41.5,-99.75,0.001621141,1
US Nebraska,crop,194,322,41.5,-99.5,0.001533577,1
US Nebraska,crop,194,323,41.5,-99.25,0.001747231,1
US Nebraska,crop,194,324,41.5,-99.0,0.002406067,1
US Nebraska,crop,194,325,41.5,-98.75,0.002373652,1
US Nebraska,crop,194,326,41.5,-98.5,0.00230195,1
US Nebraska,crop,194,327,41.5,-98.25,0.004166332,1
US Nebraska,crop,194,328,41.5,-98.0,0.006298378,1
US Nebraska,crop,194,329,41.5,-97.75,0.006202935,1
US Nebraska,crop,194,330,41.5,-97.5,0.007009503,1
US Nebraska,crop,194,331,41.5,-97.25,0.008350113,1
US Nebraska,crop,194,332,41.5,-97.0,0.009904008,1
US Nebraska,crop,194,333,41.5,-96.75,0.010336629,1
US Nebraska,crop,194,334,41.5,-96.5,0.0093921,1
US Nebraska,crop,194,335,41.5,-96.25,0.009430144,1
US Nebraska,crop,194,336,41.5,-96.0,0.00357424,1
US Nebraska,crop,195,304,41.25,-104.0,0.000487876,1
US Nebraska,crop,195,305,41.25,-103.75,0.000547451,1
US Nebraska,crop,195,306,41.25,-103.5,0.000614705,1
US Nebraska,crop,195,307,41.25,-103.25,0.000597619,1
US Nebraska,crop,195,308,41.25,-103.0,0.000757584,1
US Nebraska,crop,195,309,41.25,-102.75,0.000747782,1
US Nebraska,crop,195,310,41.25,-102.5,0.000302584,1
US Nebraska,crop,195,311,41.25,-102.25,0.000255507,1
US Nebraska,crop,195,312,41.25,-102.0,0.00067119,1
US Nebraska,crop,195,313,41.25,-101.75,0.000539228,1
US Nebraska,crop,195,314,41.25,-101.5,0.000470316,1
US Nebraska,crop,195,315,41.25,-101.25,0.000572295,1
US Nebraska,crop,195,316,41.25,-101.0,0.000914731,1
US Nebraska,crop,195,317,41.25,-100.75,0.000454536,1
US Nebraska,crop,195,318,41.25,-100.5,0.000274988,1
US Nebraska,crop,195,319,41.25,-100.25,0.001380383,1
US Nebraska,crop,195,320,41.25,-100.0,0.001254082,1
US Nebraska,crop,195,321,41.25,-99.75,0.000849958,1
US Nebraska,crop,195,322,41.25,-99.5,0.000928887,1
US Nebraska,crop,195,323,41.25,-99.25,0.00148093,1
US Nebraska,crop,195,324,41.25,-99.0,0.002507365,1
US Nebraska,crop,195,325,41.25,-98.75,0.003095195,1
US Nebraska,crop,195,326,41.25,-98.5,0.002545146,1
US Nebraska,crop,195,327,41.25,-98.25,0.003789204,1
US Nebraska,crop,195,328,41.25,-98.0,0.004357632,1
US Nebraska,crop,195,329,41.25,-97.75,0.006447105,1
US Nebraska,crop,195,330,41.25,-97.5,0.007762387,1
US Nebraska,crop,195,331,41.25,-97.25,0.009312864,1
US Nebraska,crop,195,332,41.25,-97.0,0.011688826,1
US Nebraska,crop,195,333,41.25,-96.75,0.011953886,1
US Nebraska,crop,195,334,41.25,-96.5,0.011379736,1
US Nebraska,crop,195,335,41.25,-96.25,0.004572229,1
US Nebraska,crop,195,336,41.25,-96.0,0.002391728,1
US Nebraska,crop,196,304,41.0,-104.0,0.000204235,1
US Nebraska,crop,196,305,41.0,-103.75,0.000168144,1
US Nebraska,crop,196,306,41.0,-103.5,0.000184005,1
US Nebraska,crop,196,307,41.0,-103.25,0.000229481,1
US Nebraska,crop,196,308,41.0,-103.0,0.000249612,1
US Nebraska,crop,196,309,41.0,-102.75,0.000223578,1
US Nebraska,crop,196,310,41.0,-102.5,3.9132e-05,1
US Nebraska,crop,196,311,41.0,-102.25,3.3445e-05,1
US Nebraska,crop,196,312,41.0,-102.0,0.001058441,1
US Nebraska,crop,196,313,41.0,-101.75,0.001192238,1
US Nebraska,crop,196,314,41.0,-101.5,0.001121454,1
US Nebraska,crop,196,315,41.0,-101.25,0.000969507,1
US Nebraska,crop,196,316,41.0,-101.0,0.000823343,1
US Nebraska,crop,196,317,41.0,-100.75,0.00079889,1
US Nebraska,crop,196,318,41.0,-100.5,0.000482731,1
US Nebraska,crop,196,319,41.0,-100.25,0.001707222,1
US Nebraska,crop,196,320,41.0,-100.0,0.001980069,1
US Nebraska,crop,196,321,41.0,-99.75,0.001101406,1
US Nebraska,crop,196,322,41.0,-99.5,0.001398121,1
US Nebraska,crop,196,323,41.0,-99.25,0.002511146,1
US Nebraska,crop,196,324,41.0,-99.0,0.003258277,1
US Nebraska,crop,196,325,41.0,-98.75,0.002185938,1
US Nebraska,crop,196,326,41.0,-98.5,0.001629615,1
US Nebraska,crop,196,327,41.0,-98.25,0.003672881,1
US Nebraska,crop,196,328,41.0,-98.0,0.005153568,1
US Nebraska,crop,196,329,41.0,-97.75,0.00474444,1
US Nebraska,crop,196,330,41.0,-97.5,0.004662012,1
US Nebraska,crop,196,331,41.0,-97.25,0.006737776,1
US Nebraska,crop,196,332,41.0,-97.0,0.00768281,1
US Nebraska,crop,196,333,41.0,-96.75,0.007828566,1
US Nebraska,crop,196,334,41.0,-96.5,0.010049384,1
US Nebraska,crop,196,335,41.0,-96.25,0.007733459,1
US Nebraska,crop,196,336,41.0,-96.0,0.009790635,1
US Nebraska,crop,197,312,40.75,-102.0,0.000938504,1
US Nebraska,crop,197,313,40.75,-101.75,0.00072292,1
US Nebraska,crop,197,314,40.75,-101.5,0.000686286,1
US Nebraska,crop,197,315,40.75,-101.25,0.000957158,1
US Nebraska,crop,197,316,40.75,-101.0,0.000553818,1
US Nebraska,crop,197,317,40.75,-100.75,0.000719349,1
US Nebraska,crop,197,318,40.75,-100.5,0.000710432,1
US Nebraska,crop,197,319,40.75,-100.25,0.001044201,1
US Nebraska,crop,197,320,40.75,-100.0,0.001977469,1
US Nebraska,crop,197,321,40.75,-99.75,0.002815615,1
US Nebraska,crop,197,322,40.75,-99.5,0.003219065,1
US Nebraska,crop,197,323,40.75,-99.25,0.003262554,1
US Nebraska,crop,197,324,40.75,-99.0,0.003835678,1
US Nebraska,crop,197,325,40.75,-98.75,0.00330676,1
US Nebraska,crop,197,326,40.75,-98.5,0.002878253,1
US Nebraska,crop,197,327,40.75,-98.25,0.00491992,1
US Nebraska,crop,197,328,40.75,-98.0,0.00587852,1
US Nebraska,crop,197,329,40.75,-97.75,0.005367817,1
US Nebraska,crop,197,330,40.75,-97.5,0.005329213,1
US Nebraska,crop,197,331,40.75,-97.25,0.007251475,1
US Nebraska,crop,197,332,40.75,-97.0,0.007639784,1
US Nebraska,crop,197,333,40.75,-96.75,0.00588292,1
US Nebraska,crop,197,334,40.75,-96.5,0.009544217,1
US Nebraska,crop,197,335,40.75,-96.25,0.011835495,1
US Nebraska,crop,197,336,40.75,-96.0,0.011561297,1
US Nebraska,crop,197,337,40.75,-95.75,0.001073397,1
US Nebraska,crop,198,312,40.5,-102.0,0.000679392,1
US Nebraska,crop,198,313,40.5,-101.75,0.000709824,1
US Nebraska,crop,198,314,40.5,-101.5,0.000530103,1
US Nebraska,crop,198,315,40.5,-101.25,0.000550237,1
US Nebraska,crop,198,316,40.5,-101.0,0.000544684,1
US Nebraska,crop,198,317,40.5,-100.75,0.000886865,1
US Nebraska,crop,198,318,40.5,-100.5,0.00126886,1
US Nebraska,crop,198,319,40.5,-100.25,0.001328056,1
US Nebraska,crop,198,320,40.5,-100.0,0.002511029,1
US Nebraska,crop,198,321,40.5,-99.75,0.003244138,1
US Nebraska,crop,198,322,40.5,-99.5,0.004737439,1
US Nebraska,crop,198,323,40.5,-99.25,0.005363634,1
US Nebraska,crop,198,324,40.5,-99.0,0.005781618,1
US Nebraska,crop,198,325,40.5,-98.75,0.005131519,1
US Nebraska,crop,198,326,40.5,-98.5,0.005016882,1
US Nebraska,crop,198,327,40.5,-98.25,0.005538132,1
US Nebraska,crop,198,328,40.5,-98.0,0.006648156,1
US Nebraska,crop,198,329,40.5,-97.75,0.006712991,1
US Nebraska,crop,198,330,40.5,-97.5,0.006725285,1
US Nebraska,crop,198,331,40.5,-97.25,0.008361475,1
US Nebraska,crop,198,332,40.5,-97.0,0.009439694,1
US Nebraska,crop,198,333,40.5,-96.75,0.010167905,1
US Nebraska,crop,198,334,40.5,-96.5,0.009395002,1
US Nebraska,crop,198,335,40.5,-96.25,0.008605277,1
US Nebraska,crop,198,336,40.5,-96.0,0.010803871,1
US Nebraska,crop,198,337,40.5,-95.75,0.005616371,1
US Nebraska,crop,199,312,40.25,-102.0,0.000175478,1
US Nebraska,crop,199,313,40.25,-101.75,0.000171867,1
US Nebraska,crop,199,314,40.25,-101.5,0.000203025,1
US Nebraska,crop,199,315,40.25,-101.25,0.000588338,1
US Nebraska,crop,199,316,40.25,-101.0,0.000617474,1
US Nebraska,crop,199,317,40.25,-100.75,0.000644011,1
US Nebraska,crop,199,318,40.25,-100.5,0.000741653,1
US Nebraska,crop,199,319,40.25,-100.25,0.001379181,1
US Nebraska,crop,199,320,40.25,-100.0,0.002790068,1
US Nebraska,crop,199,321,40.25,-99.75,0.002803118,1
US Nebraska,crop,199,322,40.25,-99.5,0.003403106,1
US Nebraska,crop,199,323,40.25,-99.25,0.003554418,1
US Nebraska,crop,199,324,40.25,-99.0,0.00407405,1
US Nebraska,crop,199,325,40.25,-98.75,0.00356668,1
US Nebraska,crop,199,326,40.25,-98.5,0.003274942,1
US Nebraska,crop,199,327,40.25,-98.25,0.00459966,1
US Nebraska,crop,199,328,40.25,-98.0,0.005492577,1
US Nebraska,crop,199,329,40.25,-97.75,0.006171516,1
US Nebraska,crop,199,330,40.25,-97.5,0.005837203,1
US Nebraska,crop,199,331,40.25,-97.25,0.007265177,1
US Nebraska,crop,199,332,40.25,-97.0,0.008223524,1
US Nebraska,crop,199,333,40.25,-96.75,0.00882011,1
US Nebraska,crop,199,334,40.25,-96.5,0.00876098,1
US Nebraska,crop,199,335,40.25,-96.25,0.007504781,1
US Nebraska,crop,199,336,40.25,-96.0,0.009718822,1
US Nebraska,crop,199,337,40.25,-95.75,0.01047217,1
US Nebraska,crop,199,338,40.25,-95.5,0.003648779,1
US Nebraska,crop,200,312,40.0,-102.0,4.2996e-05,1
US Nebraska,crop,200,313,40.0,-101.75,5.6547e-05,1
US Nebraska,crop,200,314,40.0,-101.5,6.3429e-05,1
US Nebraska,crop,200,315,40.0,-101.25,0.000225473,1
US Nebraska,crop,200,316,40.0,-101.0,0.000212463,1
US Nebraska,crop,200,317,40.0,-100.75,0.000166245,1
US Nebraska,crop,200,318,40.0,-100.5,0.000257364,1
US Nebraska,crop,200,319,40.0,-100.25,0.000469728,1
US Nebraska,crop,200,320,40.0,-100.0,0.000826869,1
US Nebraska,crop,200,321,40.0,-99.75,0.000965861,1
US Nebraska,crop,200,322,40.0,-99.5,0.000932985,1
US Nebraska,crop,200,323,40.0,-99.25,0.000840337,1
US Nebraska,crop,200,324,40.0,-99.0,0.000878834,1
US Nebraska,crop,200,325,40.0,-98.75,0.000854853,1
US Nebraska,crop,200,326,40.0,-98.5,0.000759743,1
US Nebraska,crop,200,327,40.0,-98.25,0.001278242,1
US Nebraska,crop,200,328,40.0,-98.0,0.001774713,1
US Nebraska,crop,200,329,40.0,-97.75,0.002074651,1
US Nebraska,crop,200,330,40.0,-97.5,0.001947673,1
US Nebraska,crop,200,331,40.0,-97.25,0.001723283,1
US Nebraska,crop,200,332,40.0,-97.0,0.00234648,1
US Nebraska,crop,200,333,40.0,-96.75,0.002948297,1
US Nebraska,crop,200,334,40.0,-96.5,0.002872465,1
US Nebraska,crop,200,335,40.0,-96.25,0.002344264,1
US Nebraska,crop,200,336,40.0,-96.0,0.002907896,1
US Nebraska,crop,200,337,40.0,-95.75,0.003401628,1
US Nebraska,crop,200,338,40.0,-95.5,0.002588058,1
pin:US Nebraska,pin,196,326,41.0,-98.5,1.0,1
Brazil Mato Grosso,crop,389,487,-7.25,-58.25,0.0,1
Brazil Mato Grosso,crop,390,487,-7.5,-58.25,0.0,1
Brazil Mato Grosso,crop,390,488,-7.5,-58.0,0.0,1
Brazil Mato Grosso,crop,391,486,-7.75,-58.5,0.0,1
Brazil Mato Grosso,crop,391,487,-7.75,-58.25,0.0,1
Brazil Mato Grosso,crop,391,488,-7.75,-58.0,0.0,1
Brazil Mato Grosso,crop,392,487,-8.0,-58.25,0.0,1
Brazil Mato Grosso,crop,392,488,-8.0,-58.0,0.0,1
Brazil Mato Grosso,crop,392,489,-8.0,-57.75,0.0,1
Brazil Mato Grosso,crop,393,486,-8.25,-58.5,0.0,1
Brazil Mato Grosso,crop,393,487,-8.25,-58.25,0.0,1
Brazil Mato Grosso,crop,393,488,-8.25,-58.0,0.0,1
Brazil Mato Grosso,crop,393,489,-8.25,-57.75,0.0,1
Brazil Mato Grosso,crop,394,486,-8.5,-58.5,0.0,1
Brazil Mato Grosso,crop,394,487,-8.5,-58.25,0.0,1
Brazil Mato Grosso,crop,394,488,-8.5,-58.0,0.0,1
Brazil Mato Grosso,crop,394,489,-8.5,-57.75,0.0,1
Brazil Mato Grosso,crop,395,474,-8.75,-61.5,1.7e-08,1
Brazil Mato Grosso,crop,395,475,-8.75,-61.25,0.0,1
Brazil Mato Grosso,crop,395,476,-8.75,-61.0,3e-09,1
Brazil Mato Grosso,crop,395,477,-8.75,-60.75,4.1e-08,1
Brazil Mato Grosso,crop,395,478,-8.75,-60.5,0.0,1
Brazil Mato Grosso,crop,395,479,-8.75,-60.25,0.0,1
Brazil Mato Grosso,crop,395,480,-8.75,-60.0,0.0,1
Brazil Mato Grosso,crop,395,481,-8.75,-59.75,0.0,1
Brazil Mato Grosso,crop,395,482,-8.75,-59.5,0.0,1
Brazil Mato Grosso,crop,395,483,-8.75,-59.25,0.0,1
Brazil Mato Grosso,crop,395,484,-8.75,-59.0,0.0,1
Brazil Mato Grosso,crop,395,485,-8.75,-58.75,0.0,1
Brazil Mato Grosso,crop,395,486,-8.75,-58.5,0.0,1
Brazil Mato Grosso,crop,395,487,-8.75,-58.25,0.0,1
Brazil Mato Grosso,crop,395,488,-8.75,-58.0,0.0,1
Brazil Mato Grosso,crop,395,489,-8.75,-57.75,0.0,1
Brazil Mato Grosso,crop,395,490,-8.75,-57.5,0.0,1
Brazil Mato Grosso,crop,396,474,-9.0,-61.5,0.0,1
Brazil Mato Grosso,crop,396,475,-9.0,-61.25,6e-09,1
Brazil Mato Grosso,crop,396,476,-9.0,-61.0,0.0,1
Brazil Mato Grosso,crop,396,477,-9.0,-60.75,1.7e-08,1
Brazil Mato Grosso,crop,396,478,-9.0,-60.5,0.0,1
Brazil Mato Grosso,crop,396,479,-9.0,-60.25,0.0,1
Brazil Mato Grosso,crop,396,480,-9.0,-60.0,0.0,1
Brazil Mato Grosso,crop,396,481,-9.0,-59.75,0.0,1
Brazil Mato Grosso,crop,396,482,-9.0,-59.5,1.88e-07,1
Brazil Mato Grosso,crop,396,483,-9.0,-59.25,1.77e-07,1
Brazil Mato Grosso,crop,396,484,-9.0,-59.0,1.206e-06,1
Brazil Mato Grosso,crop,396,485,-9.0,-58.75,6e-09,1
Brazil Mato Grosso,crop,396,486,-9.0,-58.5,9e-09,1
Brazil Mato Grosso,crop,396,487,-9.0,-58.25,3e-09,1
Brazil Mato Grosso,crop,396,488,-9.0,-58.0,0.0,1
Brazil Mato Grosso,crop,396,489,-9.0,-57.75,0.0,1
Brazil Mato Grosso,crop,396,490,-9.0,-57.5,1.2e-08,1
Brazil Mato Grosso,crop,396,491,-9.0,-57.25,0.0,1
Brazil Mato Grosso,crop,397,474,-9.25,-61.5,0.0,1
Brazil Mato Grosso,crop,397,475,-9.25,-61.25,0.0,1
Brazil Mato Grosso,crop,397,476,-9.25,-61.0,0.0,1
Brazil Mato Grosso,crop,397,477,-9.25,-60.75,0.0,1
Brazil Mato Grosso,crop,397,478,-9.25,-60.5,0.0,1
Brazil Mato Grosso,crop,397,479,-9.25,-60.25,0.0,1
Brazil Mato Grosso,crop,397,480,-9.25,-60.0,4.9e-08,1
Brazil Mato Grosso,crop,397,481,-9.25,-59.75,1.24e-06,1
Brazil Mato Grosso,crop,397,482,-9.25,-59.5,2.469e-06,1
Brazil Mato Grosso,crop,397,483,-9.25,-59.25,1.394e-06,1
Brazil Mato Grosso,crop,397,484,-9.25,-59.0,2.585e-06,1
Brazil Mato Grosso,crop,397,485,-9.25,-58.75,2.6e-08,1
Brazil Mato Grosso,crop,397,486,-9.25,-58.5,6.1e-08,1
Brazil Mato Grosso,crop,397,487,-9.25,-58.25,1.68e-07,1
Brazil Mato Grosso,crop,397,488,-9.25,-58.0,2.6e-08,1
Brazil Mato Grosso,crop,397,489,-9.25,-57.75,9e-09,1
Brazil Mato Grosso,crop,397,490,-9.25,-57.5,9e-09,1
Brazil Mato Grosso,crop,397,491,-9.25,-57.25,3e-09,1
Brazil Mato Grosso,crop,397,492,-9.25,-57.0,2.254e-05,1
Brazil Mato Grosso,crop,398,474,-9.5,-61.5,0.0,1
Brazil Mato Grosso,crop,398,475,-9.5,-61.25,0.0,1
Brazil Mato Grosso,crop,398,476,-9.5,-61.0,0.0,1
Brazil Mato Grosso,crop,398,477,-9.5,-60.75,0.0,1
Brazil Mato Grosso,crop,398,478,-9.5,-60.5,0.0,1
Brazil Mato Grosso,crop,398,479,-9.5,-60.25,0.0,1
Brazil Mato Grosso,crop,398,480,-9.5,-60.0,2.9e-08,1
Brazil Mato Grosso,crop,398,481,-9.5,-59.75,3.56e-07,1
Brazil Mato Grosso,crop,398,482,-9.5,-59.5,1.385e-06,1
Brazil Mato Grosso,crop,398,483,-9.5,-59.25,1.901e-06,1
Brazil Mato Grosso,crop,398,484,-9.5,-59.0,2.484e-06,1
Brazil Mato Grosso,crop,398,485,-9.5,-58.75,0.0,1
Brazil Mato Grosso,crop,398,486,-9.5,-58.5,3.01e-07,1
Brazil Mato Grosso,crop,398,487,-9.5,-58.25,8e-07,1
Brazil Mato Grosso,crop,398,488,-9.5,-58.0,1.01e-07,1
Brazil Mato Grosso,crop,398,489,-9.5,-57.75,3.2e-08,1
Brazil Mato Grosso,crop,398,490,-9.5,-57.5,2.6e-08,1
Brazil Mato Grosso,crop,398,491,-9.5,-57.25,2.339e-06,1
Brazil Mato Grosso,crop,398,492,-9.5,-57.0,5.0232e-05,1
Brazil Mato Grosso,crop,398,493,-9.5,-56.75,8.9135e-05,1
Brazil Mato Grosso,crop,398,494,-9.5,-56.5,0.000130137,1
Brazil Mato Grosso,crop,398,495,-9.5,-56.25,7.8966e-05,1
Brazil Mato Grosso,crop,398,496,-9.5,-56.0,0.000113547,1
Brazil Mato Grosso,crop,398,497,-9.5,-55.75,0.00042965,1
Brazil Mato Grosso,crop,398,498,-9.5,-55.5,0.000241534,1
Brazil Mato Grosso,crop,398,499,-9.5,-55.25,0.000448268,1
Brazil Mato Grosso,crop,398,500,-9.5,-55.0,0.000111119,1
Brazil Mato Grosso,crop,398,501,-9.5,-54.75,0.000172008,1
Brazil Mato Grosso,crop,398,502,-9.5,-54.5,7.0984e-05,1
Brazil Mato Grosso,crop,398,503,-9.5,-54.25,2.4354e-05,1
Brazil Mato Grosso,crop,399,474,-9.75,-61.5,0.0,1
Brazil Mato Grosso,crop,399,475,-9.75,-61.25,0.0,1
Brazil Mato Grosso,crop,399,476,-9.75,-61.0,0.0,1
Brazil Mato Grosso,crop,399,477,-9.75,-60.75,0.0,1
Brazil Mato Grosso,crop,399,478,-9.75,-60.5,0.0,1
Brazil Mato Grosso,crop,399,479,-9.75,-60.25,0.0,1
Brazil Mato Grosso,crop,399,480,-9.75,-60.0,3.94e-07,1
Brazil Mato Grosso,crop,399,481,-9.75,-59.75,1.54e-07,1
Brazil Mato Grosso,crop,399,482,-9.75,-59.5,3.13e-07,1
Brazil Mato Grosso,crop,399,483,-9.75,-59.25,1.278e-06,1
Brazil Mato Grosso,crop,399,484,-9.75,-59.0,1.351e-06,1
Brazil Mato Grosso,crop,399,485,-9.75,-58.75,2.319e-06,1
Brazil Mato Grosso,crop,399,486,-9.75,-58.5,2.71e-06,1
Brazil Mato Grosso,crop,399,487,-9.75,-58.25,7.51e-07,1
Brazil Mato Grosso,crop,399,488,-9.75,-58.0,1.65e-07,1
Brazil Mato Grosso,crop,399,489,-9.75,-57.75,5.857e-06,1
Brazil Mato Grosso,crop,399,490,-9.75,-57.5,1.6833e-05,1
Brazil Mato Grosso,crop,399,491,-9.75,-57.25,1.5685e-05,1
Brazil Mato Grosso,crop,399,492,-9.75,-57.0,2.889e-05,1
Brazil Mato Grosso,crop,399,493,-9.75,-56.75,0.000159157,1
Brazil Mato Grosso,crop,399,494,-9.75,-56.5,0.000207497,1
Brazil Mato Grosso,crop,399,495,-9.75,-56.25,0.000243371,1
Brazil Mato Grosso,crop,399,496,-9.75,-56.0,0.000227329,1
Brazil Mato Grosso,crop,399,497,-9.75,-55.75,0.001775017,1
Brazil Mato Grosso,crop,399,498,-9.75,-55.5,0.002589168,1
Brazil Mato Grosso,crop,399,499,-9.75,-55.25,0.002126728,1
Brazil Mato Grosso,crop,399,500,-9.75,-55.0,0.000524851,1
Brazil Mato Grosso,crop,399,501,-9.75,-54.75,0.000368384,1
Brazil Mato Grosso,crop,399,502,-9.75,-54.5,0.001042037,1
Brazil Mato Grosso,crop,399,503,-9.75,-54.25,0.000299055,1
Brazil Mato Grosso,crop,399,504,-9.75,-54.0,0.0003012,1
Brazil Mato Grosso,crop,399,505,-9.75,-53.75,8.5866e-05,1
Brazil Mato Grosso,crop,399,506,-9.75,-53.5,2.1172e-05,1
Brazil Mato Grosso,crop,399,507,-9.75,-53.25,0.0,1
Brazil Mato Grosso,crop,399,508,-9.75,-53.0,0.0,1
Brazil Mato Grosso,crop,399,509,-9.75,-52.75,0.0,1
Brazil Mato Grosso,crop,399,510,-9.75,-52.5,9.2297e-05,1
Brazil Mato Grosso,crop,399,511,-9.75,-52.25,1.011e-06,1
Brazil Mato Grosso,crop,399,512,-9.75,-52.0,0.000570305,1
Brazil Mato Grosso,crop,399,513,-9.75,-51.75,0.000804581,1
Brazil Mato Grosso,crop,399,514,-9.75,-51.5,0.000859897,1
Brazil Mato Grosso,crop,399,515,-9.75,-51.25,0.000891928,1
Brazil Mato Grosso,crop,399,516,-9.75,-51.0,0.000668161,1
Brazil Mato Grosso,crop,399,517,-9.75,-50.75,7.0804e-05,1
Brazil Mato Grosso,crop,399,518,-9.75,-50.5,3.9042e-05,1
Brazil Mato Grosso,crop,399,519,-9.75,-50.25,0.0,1
Brazil Mato Grosso,crop,400,474,-10.0,-61.5,6.06e-07,1
Brazil Mato Grosso,crop,400,475,-10.0,-61.25,2.09e-07,1
Brazil Mato Grosso,crop,400,476,-10.0,-61.0,0.0,1
Brazil Mato Grosso,crop,400,477,-10.0,-60.75,0.0,1
Brazil Mato Grosso,crop,400,478,-10.0,-60.5,3e-09,1
Brazil Mato Grosso,crop,400,479,-10.0,-60.25,0.0,1
Brazil Mato Grosso,crop,400,480,-10.0,-60.0,4.12e-07,1
Brazil Mato Grosso,crop,400,481,-10.0,-59.75,5.97e-07,1
Brazil Mato Grosso,crop,400,482,-10.0,-59.5,1e-06,1
Brazil Mato Grosso,crop,400,483,-10.0,-59.25,9.91e-07,1
Brazil Mato Grosso,crop,400,484,-10.0,-59.0,9.45e-07,1
Brazil Mato Grosso,crop,400,485,-10.0,-58.75,2.803e-06,1
Brazil Mato Grosso,crop,400,486,-10.0,-58.5,4.75e-06,1
Brazil Mato Grosso,crop,400,487,-10.0,-58.25,9.19e-07,1
Brazil Mato Grosso,crop,400,488,-10.0,-58.0,2.32e-07,1
Brazil Mato Grosso,crop,400,489,-10.0,-57.75,3.081e-06,1
Brazil Mato Grosso,crop,400,490,-10.0,-57.5,4.5291e-05,1
Brazil Mato Grosso,crop,400,491,-10.0,-57.25,2.2708e-05,1
Brazil Mato Grosso,crop,400,492,-10.0,-57.0,6.1753e-05,1
Brazil Mato Grosso,crop,400,493,-10.0,-56.75,0.000192852,1
Brazil Mato Grosso,crop,400,494,-10.0,-56.5,0.000164099,1
Brazil Mato Grosso,crop,400,495,-10.0,-56.25,0.000271174,1
Brazil Mato Grosso,crop,400,496,-10.0,-56.0,0.000293975,1
Brazil Mato Grosso,crop,400,497,-10.0,-55.75,0.000302069,1
Brazil Mato Grosso,crop,400,498,-10.0,-55.5,0.002090311,1
Brazil Mato Grosso,crop,400,499,-10.0,-55.25,0.002940696,1
Brazil Mato Grosso,crop,400,500,-10.0,-55.0,0.002444245,1
Brazil Mato Grosso,crop,400,501,-10.0,-54.75,0.001122869,1
Brazil Mato Grosso,crop,400,502,-10.0,-54.5,0.001516297,1
Brazil Mato Grosso,crop,400,503,-10.0,-54.25,0.001499328,1
Brazil Mato Grosso,crop,400,504,-10.0,-54.0,0.000306069,1
Brazil Mato Grosso,crop,400,505,-10.0,-53.75,0.000390173,1
Brazil Mato Grosso,crop,400,506,-10.0,-53.5,5.8263e-05,1
Brazil Mato Grosso,crop,400,507,-10.0,-53.25,0.0,1
Brazil Mato Grosso,crop,400,508,-10.0,-53.0,0.0,1
Brazil Mato Grosso,crop,400,509,-10.0,-52.75,0.000553927,1
Brazil Mato Grosso,crop,400,510,-10.0,-52.5,0.000809323,1
Brazil Mato Grosso,crop,400,511,-10.0,-52.25,0.001111978,1
Brazil Mato Grosso,crop,400,512,-10.0,-52.0,0.001847818,1
Brazil Mato Grosso,crop,400,513,-10.0,-51.75,0.001887205,1
Brazil Mato Grosso,crop,400,514,-10.0,-51.5,0.001891124,1
Brazil Mato Grosso,crop,400,515,-10.0,-51.25,0.002678991,1
Brazil Mato Grosso,crop,400,516,-10.0,-51.0,0.003114182,1
Brazil Mato Grosso,crop,400,517,-10.0,-50.75,0.001116936,1
Brazil Mato Grosso,crop,400,518,-10.0,-50.5,8.5829e-05,1
Brazil Mato Grosso,crop,400,519,-10.0,-50.25,0.0,1
Brazil Mato Grosso,crop,401,474,-10.25,-61.5,1.524e-06,1
Brazil Mato Grosso,crop,401,475,-10.25,-61.25,1.107e-06,1
Brazil Mato Grosso,crop,401,476,-10.25,-61.0,6.84e-07,1
Brazil Mato Grosso,crop,401,477,-10.25,-60.75,0.0,1
Brazil Mato Grosso,crop,401,478,-10.25,-60.5,0.0,1
Brazil Mato Grosso,crop,401,479,-10.25,-60.25,0.0,1
Brazil Mato Grosso,crop,401,480,-10.25,-60.0,0.0,1
Brazil Mato Grosso,crop,401,481,-10.25,-59.75,1.052e-06,1
Brazil Mato Grosso,crop,401,482,-10.25,-59.5,6.098e-06,1
Brazil Mato Grosso,crop,401,483,-10.25,-59.25,4.863e-06,1
Brazil Mato Grosso,crop,401,484,-10.25,-59.0,2.446e-06,1
Brazil Mato Grosso,crop,401,485,-10.25,-58.75,6.924e-06,1
Brazil Mato Grosso,crop,401,486,-10.25,-58.5,6.199e-06,1
Brazil Mato Grosso,crop,401,487,-10.25,-58.25,2.12e-07,1
Brazil Mato Grosso,crop,401,488,-10.25,-58.0,3.28e-07,1
Brazil Mato Grosso,crop,401,489,-10.25,-57.75,0.000505436,1
Brazil Mato Grosso,crop,401,490,-10.25,-57.5,1.2949e-05,1
Brazil Mato Grosso,crop,401,491,-10.25,-57.25,1.0799e-05,1
Brazil Mato Grosso,crop,401,492,-10.25,-57.0,0.000128882,1
Brazil Mato Grosso,crop,401,493,-10.25,-56.75,0.000107896,1
Brazil Mato Grosso,crop,401,494,-10.25,-56.5,0.000190948,1
Brazil Mato Grosso,crop,401,495,-10.25,-56.25,0.000714344,1
Brazil Mato Grosso,crop,401,496,-10.25,-56.0,0.00100836,1
Brazil Mato Grosso,crop,401,497,-10.25,-55.75,0.001592544,1
Brazil Mato Grosso,crop,401,498,-10.25,-55.5,0.000466603,1
Brazil Mato Grosso,crop,401,499,-10.25,-55.25,0.000772254,1
Brazil Mato Grosso,crop,401,500,-10.25,-55.0,0.001124515,1
Brazil Mato Grosso,crop,401,501,-10.25,-54.75,0.000987544,1
Brazil Mato Grosso,crop,401,502,-10.25,-54.5,0.000801721,1
Brazil Mato Grosso,crop,401,503,-10.25,-54.25,0.000849124,1
Brazil Mato Grosso,crop,401,504,-10.25,-54.0,0.000187244,1
Brazil Mato Grosso,crop,401,505,-10.25,-53.75,0.000254544,1
Brazil Mato Grosso,crop,401,506,-10.25,-53.5,0.000126526,1
Brazil Mato Grosso,crop,401,507,-10.25,-53.25,0.0,1
Brazil Mato Grosso,crop,401,508,-10.25,-53.0,0.000120454,1
Brazil Mato Grosso,crop,401,509,-10.25,-52.75,0.002020009,1
Brazil Mato Grosso,crop,401,510,-10.25,-52.5,0.003093854,1
Brazil Mato Grosso,crop,401,511,-10.25,-52.25,0.002534676,1
Brazil Mato Grosso,crop,401,512,-10.25,-52.0,0.002425748,1
Brazil Mato Grosso,crop,401,513,-10.25,-51.75,0.002605144,1
Brazil Mato Grosso,crop,401,514,-10.25,-51.5,0.003180477,1
Brazil Mato Grosso,crop,401,515,-10.25,-51.25,0.001980795,1
Brazil Mato Grosso,crop,401,516,-10.25,-51.0,0.001525331,1
Brazil Mato Grosso,crop,401,517,-10.25,-50.75,0.00107783,1
Brazil Mato Grosso,crop,401,518,-10.25,-50.5,0.000121746,1
Brazil Mato Grosso,crop,402,474,-10.5,-61.5,2.608e-06,1
Brazil Mato Grosso,crop,402,475,-10.5,-61.25,2.834e-06,1
Brazil Mato Grosso,crop,402,476,-10.5,-61.0,3.71e-07,1
Brazil Mato Grosso,crop,402,477,-10.5,-60.75,0.0,1
Brazil Mato Grosso,crop,402,478,-10.5,-60.5,0.0,1
Brazil Mato Grosso,crop,402,479,-10.5,-60.25,0.0,1
Brazil Mato Grosso,crop,402,480,-10.5,-60.0,0.0,1
Brazil Mato Grosso,crop,402,481,-10.5,-59.75,2.84e-07,1
Brazil Mato Grosso,crop,402,482,-10.5,-59.5,4.71e-06,1
Brazil Mato Grosso,crop,402,483,-10.5,-59.25,3.872e-06,1
Brazil Mato Grosso,crop,402,484,-10.5,-59.0,2.817e-06,1
Brazil Mato Grosso,crop,402,485,-10.5,-58.75,5.765e-06,1
Brazil Mato Grosso,crop,402,486,-10.5,-58.5,0.000263468,1
Brazil Mato Grosso,crop,402,487,-10.5,-58.25,0.001009096,1
Brazil Mato Grosso,crop,402,488,-10.5,-58.0,0.001971872,1
Brazil Mato Grosso,crop,402,489,-10.5,-57.75,0.001462277,1
Brazil Mato Grosso,crop,402,490,-10.5,-57.5,0.000348519,1
Brazil Mato Grosso,crop,402,491,-10.5,-57.25,0.000184093,1
Brazil Mato Grosso,crop,402,492,-10.5,-57.0,0.000387605,1
Brazil Mato Grosso,crop,402,493,-10.5,-56.75,0.00014104,1
Brazil Mato Grosso,crop,402,494,-10.5,-56.5,0.000223498,1
Brazil Mato Grosso,crop,402,495,-10.5,-56.25,0.002164243,1
Brazil Mato Grosso,crop,402,496,-10.5,-56.0,0.003376351,1
Brazil Mato Grosso,crop,402,497,-10.5,-55.75,0.003122932,1
Brazil Mato Grosso,crop,402,498,-10.5,-55.5,0.000376233,1
Brazil Mato Grosso,crop,402,499,-10.5,-55.25,0.000577849,1
Brazil Mato Grosso,crop,402,500,-10.5,-55.0,0.000501474,1
Brazil Mato Grosso,crop,402,501,-10.5,-54.75,0.000475202,1
Brazil Mato Grosso,crop,402,502,-10.5,-54.5,0.000497185,1
Brazil Mato Grosso,crop,402,503,-10.5,-54.25,0.00063049,1
Brazil Mato Grosso,crop,402,504,-10.5,-54.0,0.000606846,1
Brazil Mato Grosso,crop,402,505,-10.5,-53.75,0.000571435,1
Brazil Mato Grosso,crop,402,506,-10.5,-53.5,0.000100018,1
Brazil Mato Grosso,crop,402,507,-10.5,-53.25,0.0,1
Brazil Mato Grosso,crop,402,508,-10.5,-53.0,0.000269861,1
Brazil Mato Grosso,crop,402,509,-10.5,-52.75,0.002477656,1
Brazil Mato Grosso,crop,402,510,-10.5,-52.5,0.004169334,1
Brazil Mato Grosso,crop,402,511,-10.5,-52.25,0.002530444,1
Brazil Mato Grosso,crop,402,512,-10.5,-52.0,0.002486898,1
Brazil Mato Grosso,crop,402,513,-10.5,-51.75,0.003271157,1
Brazil Mato Grosso,crop,402,514,-10.5,-51.5,0.001870616,1
Brazil Mato Grosso,crop,402,515,-10.5,-51.25,0.00036857,1
Brazil Mato Grosso,crop,402,516,-10.5,-51.0,0.000495524,1
Brazil Mato Grosso,crop,402,517,-10.5,-50.75,0.000181598,1
Brazil Mato Grosso,crop,402,518,-10.5,-50.5,7.2934e-05,1
Brazil Mato Grosso,crop,403,474,-10.75,-61.5,1.829e-06,1
Brazil Mato Grosso,crop,403,475,-10.75,-61.25,1.719e-06,1
Brazil Mato Grosso,crop,403,476,-10.75,-61.0,0.0,1
Brazil Mato Grosso,crop,403,477,-10.75,-60.75,0.0,1
Brazil Mato Grosso,crop,403,478,-10.75,-60.5,0.0,1
Brazil Mato Grosso,crop,403,479,-10.75,-60.25,0.0,1
Brazil Mato Grosso,crop,403,480,-10.75,-60.0,0.0,1
Brazil Mato Grosso,crop,403,481,-10.75,-59.75,0.0,1
Brazil Mato Grosso,crop,403,482,-10.75,-59.5,9.7e-06,1
Brazil Mato Grosso,crop,403,483,-10.75,-59.25,1.7758e-05,1
Brazil Mato Grosso,crop,403,484,-10.75,-59.0,0.001071993,1
Brazil Mato Grosso,crop,403,485,-10.75,-58.75,0.002237812,1
Brazil Mato Grosso,crop,403,486,-10.75,-58.5,0.002325292,1
Brazil Mato Grosso,crop,403,487,-10.75,-58.25,0.000110342,1
Brazil Mato Grosso,crop,403,488,-10.75,-58.0,0.00153921,1
Brazil Mato Grosso,crop,403,489,-10.75,-57.75,0.001356928,1
Brazil Mato Grosso,crop,403,490,-10.75,-57.5,0.000134383,1
Brazil Mato Grosso,crop,403,491,-10.75,-57.25,0.00036914,1
Brazil Mato Grosso,crop,403,492,-10.75,-57.0,0.000485809,1
Brazil Mato Grosso,crop,403,493,-10.75,-56.75,0.000453114,1
Brazil Mato Grosso,crop,403,494,-10.75,-56.5,0.00055779,1
Brazil Mato Grosso,crop,403,495,-10.75,-56.25,0.001190781,1
Brazil Mato Grosso,crop,403,496,-10.75,-56.0,0.001503956,1
Brazil Mato Grosso,crop,403,497,-10.75,-55.75,0.001930604,1
Brazil Mato Grosso,crop,403,498,-10.75,-55.5,0.000331408,1
Brazil Mato Grosso,crop,403,499,-10.75,-55.25,0.000533445,1
Brazil Mato Grosso,crop,403,500,-10.75,-55.0,0.000676125,1
Brazil Mato Grosso,crop,403,501,-10.75,-54.75,0.001658493,1
Brazil Mato Grosso,crop,403,502,-10.75,-54.5,0.00125955,1
Brazil Mato Grosso,crop,403,503,-10.75,-54.25,0.000720576,1
Brazil Mato Grosso,crop,403,504,-10.75,-54.0,0.000577194,1
Brazil Mato Grosso,crop,403,505,-10.75,-53.75,0.000363961,1
Brazil Mato Grosso,crop,403,506,-10.75,-53.5,2.191e-06,1
Brazil Mato Grosso,crop,403,507,-10.75,-53.25,9.3e-08,1
Brazil Mato Grosso,crop,403,508,-10.75,-53.0,0.000481682,1
Brazil Mato Grosso,crop,403,509,-10.75,-52.75,0.003210323,1
Brazil Mato Grosso,crop,403,510,-10.75,-52.5,0.003235416,1
Brazil Mato Grosso,crop,403,511,-10.75,-52.25,0.002400893,1
Brazil Mato Grosso,crop,403,512,-10.75,-52.0,0.001662383,1
Brazil Mato Grosso,crop,403,513,-10.75,-51.75,0.001522525,1
Brazil Mato Grosso,crop,403,514,-10.75,-51.5,0.001330934,1
Brazil Mato Grosso,crop,403,515,-10.75,-51.25,3.442e-05,1
Brazil Mato Grosso,crop,403,516,-10.75,-51.0,2.4484e-05,1
Brazil Mato Grosso,crop,403,517,-10.75,-50.75,0.0,1
Brazil Mato Grosso,crop,404,474,-11.0,-61.5,3.48e-07,1
Brazil Mato Grosso,crop,404,475,-11.0,-61.25,0.0,1
Brazil Mato Grosso,crop,404,476,-11.0,-61.0,1.45e-07,1
Brazil Mato Grosso,crop,404,477,-11.0,-60.75,1.4e-08,1
Brazil Mato Grosso,crop,404,478,-11.0,-60.5,0.0,1
Brazil Mato Grosso,crop,404,479,-11.0,-60.25,0.0,1
Brazil Mato Grosso,crop,404,480,-11.0,-60.0,0.0,1
Brazil Mato Grosso,crop,404,481,-11.0,-59.75,0.0,1
Brazil Mato Grosso,crop,404,482,-11.0,-59.5,0.0,1
Brazil Mato Grosso,crop,404,483,-11.0,-59.25,2.4293e-05,1
Brazil Mato Grosso,crop,404,484,-11.0,-59.0,0.000355606,1
Brazil Mato Grosso,crop,404,485,-11.0,-58.75,0.002851677,1
Brazil Mato Grosso,crop,404,486,-11.0,-58.5,0.002705266,1
Brazil Mato Grosso,crop,404,487,-11.0,-58.25,0.00094956,1
Brazil Mato Grosso,crop,404,488,-11.0,-58.0,0.001617141,1
Brazil Mato Grosso,crop,404,489,-11.0,-57.75,0.002769123,1
Brazil Mato Grosso,crop,404,490,-11.0,-57.5,0.001677825,1
Brazil Mato Grosso,crop,404,491,-11.0,-57.25,0.001063881,1
Brazil Mato Grosso,crop,404,492,-11.0,-57.0,0.001256481,1
Brazil Mato Grosso,crop,404,493,-11.0,-56.75,0.00073274,1
Brazil Mato Grosso,crop,404,494,-11.0,-56.5,0.00105745,1
Brazil Mato Grosso,crop,404,495,-11.0,-56.25,0.001246975,1
Brazil Mato Grosso,crop,404,496,-11.0,-56.0,0.00126766,1
Brazil Mato Grosso,crop,404,497,-11.0,-55.75,0.001064104,1
Brazil Mato Grosso,crop,404,498,-11.0,-55.5,0.000900107,1
Brazil Mato Grosso,crop,404,499,-11.0,-55.25,0.001226049,1
Brazil Mato Grosso,crop,404,500,-11.0,-55.0,0.000780497,1
Brazil Mato Grosso,crop,404,501,-11.0,-54.75,0.001546555,1
Brazil Mato Grosso,crop,404,502,-11.0,-54.5,0.002663671,1
Brazil Mato Grosso,crop,404,503,-11.0,-54.25,0.001631415,1
Brazil Mato Grosso,crop,404,504,-11.0,-54.0,0.000353464,1
Brazil Mato Grosso,crop,404,505,-11.0,-53.75,9.694e-05,1
Brazil Mato Grosso,crop,404,506,-11.0,-53.5,0.0,1
Brazil Mato Grosso,crop,404,507,-11.0,-53.25,0.0,1
Brazil Mato Grosso,crop,404,508,-11.0,-53.0,0.000668996,1
Brazil Mato Grosso,crop,404,509,-11.0,-52.75,0.002806655,1
Brazil Mato Grosso,crop,404,510,-11.0,-52.5,0.002169877,1
Brazil Mato Grosso,crop,404,511,-11.0,-52.25,0.000744701,1
Brazil Mato Grosso,crop,404,512,-11.0,-52.0,0.001083082,1
Brazil Mato Grosso,crop,404,513,-11.0,-51.75,0.000631808,1
Brazil Mato Grosso,crop,404,514,-11.0,-51.5,0.000115483,1
Brazil Mato Grosso,crop,404,515,-11.0,-51.25,3.42e-07,1
Brazil Mato Grosso,crop,404,516,-11.0,-51.0,1.9076e-05,1
Brazil Mato Grosso,crop,404,517,-11.0,-50.75,5.379e-06,1
Brazil Mato Grosso,crop,405,480,-11.25,-60.0,0.0,1
Brazil Mato Grosso,crop,405,481,-11.25,-59.75,0.0,1
Brazil Mato Grosso,crop,405,482,-11.25,-59.5,0.0,1
Brazil Mato Grosso,crop,405,483,-11.25,-59.25,0.0,1
Brazil Mato Grosso,crop,405,484,-11.25,-59.0,9.9204e-05,1
Brazil Mato Grosso,crop,405,485,-11.25,-58.75,0.000122584,1
Brazil Mato Grosso,crop,405,486,-11.25,-58.5,0.001354117,1
Brazil Mato Grosso,crop,405,487,-11.25,-58.25,0.000567009,1
Brazil Mato Grosso,crop,405,488,-11.25,-58.0,0.001739937,1
Brazil Mato Grosso,crop,405,489,-11.25,-57.75,0.002732382,1
Brazil Mato Grosso,crop,405,490,-11.25,-57.5,0.002799282,1
Brazil Mato Grosso,crop,405,491,-11.25,-57.25,0.001596703,1
Brazil Mato Grosso,crop,405,492,-11.25,-57.0,0.001553878,1
Brazil Mato Grosso,crop,405,493,-11.25,-56.75,0.001023468,1
Brazil Mato Grosso,crop,405,494,-11.25,-56.5,0.000835549,1
Brazil Mato Grosso,crop,405,495,-11.25,-56.25,0.002130591,1
Brazil Mato Grosso,crop,405,496,-11.25,-56.0,0.00127383,1
Brazil Mato Grosso,crop,405,497,-11.25,-55.75,0.001911542,1
Brazil Mato Grosso,crop,405,498,-11.25,-55.5,0.001343005,1
Brazil Mato Grosso,crop,405,499,-11.25,-55.25,0.00139926,1
Brazil Mato Grosso,crop,405,500,-11.25,-55.0,0.001265535,1
Brazil Mato Grosso,crop,405,501,-11.25,-54.75,0.000623116,1
Brazil Mato Grosso,crop,405,502,-11.25,-54.5,0.001434343,1
Brazil Mato Grosso,crop,405,503,-11.25,-54.25,0.001807008,1
Brazil Mato Grosso,crop,405,504,-11.25,-54.0,0.00034212,1
Brazil Mato Grosso,crop,405,505,-11.25,-53.75,2.2322e-05,1
Brazil Mato Grosso,crop,405,506,-11.25,-53.5,4.1e-08,1
Brazil Mato Grosso,crop,405,507,-11.25,-53.25,2.29e-07,1
Brazil Mato Grosso,crop,405,508,-11.25,-53.0,0.000343894,1
Brazil Mato Grosso,crop,405,509,-11.25,-52.75,0.000989457,1
Brazil Mato Grosso,crop,405,510,-11.25,-52.5,0.00219304,1
Brazil Mato Grosso,crop,405,511,-11.25,-52.25,0.001960374,1
Brazil Mato Grosso,crop,405,512,-11.25,-52.0,0.000966147,1
Brazil Mato Grosso,crop,405,513,-11.25,-51.75,0.000608448,1
Brazil Mato Grosso,crop,405,514,-11.25,-51.5,0.000293572,1
Brazil Mato Grosso,crop,405,515,-11.25,-51.25,3.0582e-05,1
Brazil Mato Grosso,crop,405,516,-11.25,-51.0,0.000186079,1
Brazil Mato Grosso,crop,405,517,-11.25,-50.75,2.4467e-05,1
Brazil Mato Grosso,crop,406,480,-11.5,-60.0,0.0,1
Brazil Mato Grosso,crop,406,481,-11.5,-59.75,0.0,1
Brazil Mato Grosso,crop,406,482,-11.5,-59.5,0.0,1
Brazil Mato Grosso,crop,406,483,-11.5,-59.25,1.794e-06,1
Brazil Mato Grosso,crop,406,484,-11.5,-59.0,6.9622e-05,1
Brazil Mato Grosso,crop,406,485,-11.5,-58.75,0.000113023,1
Brazil Mato Grosso,crop,406,486,-11.5,-58.5,0.000141255,1
Brazil Mato Grosso,crop,406,487,-11.5,-58.25,0.001136726,1
Brazil Mato Grosso,crop,406,488,-11.5,-58.0,0.002489715,1
Brazil Mato Grosso,crop,406,489,-11.5,-57.75,0.002410538,1
Brazil Mato Grosso,crop,406,490,-11.5,-57.5,0.002006651,1
Brazil Mato Grosso,crop,406,491,-11.5,-57.25,0.001535008,1
Brazil Mato Grosso,crop,406,492,-11.5,-57.0,0.001083091,1
Brazil Mato Grosso,crop,406,493,-11.5,-56.75,0.00141498,1
Brazil Mato Grosso,crop,406,494,-11.5,-56.5,0.00121117,1
Brazil Mato Grosso,crop,406,495,-11.5,-56.25,0.001502869,1
Brazil Mato Grosso,crop,406,496,-11.5,-56.0,0.002155956,1
Brazil Mato Grosso,crop,406,497,-11.5,-55.75,0.001996373,1
Brazil Mato Grosso,crop,406,498,-11.5,-55.5,0.000796466,1
Brazil Mato Grosso,crop,406,499,-11.5,-55.25,0.001046454,1
Brazil Mato Grosso,crop,406,500,-11.5,-55.0,0.001781422,1
Brazil Mato Grosso,crop,406,501,-11.5,-54.75,0.001437647,1
Brazil Mato Grosso,crop,406,502,-11.5,-54.5,0.001560573,1
Brazil Mato Grosso,crop,406,503,-11.5,-54.25,0.001187485,1
Brazil Mato Grosso,crop,406,504,-11.5,-54.0,0.000732882,1
Brazil Mato Grosso,crop,406,505,-11.5,-53.75,0.0,1
Brazil Mato Grosso,crop,406,506,-11.5,-53.5,5.5e-08,1
Brazil Mato Grosso,crop,406,507,-11.5,-53.25,1.07e-07,1
Brazil Mato Grosso,crop,406,508,-11.5,-53.0,0.000153772,1
Brazil Mato Grosso,crop,406,509,-11.5,-52.75,0.001705546,1
Brazil Mato Grosso,crop,406,510,-11.5,-52.5,0.001519059,1
Brazil Mato Grosso,crop,406,511,-11.5,-52.25,0.002063279,1
Brazil Mato Grosso,crop,406,512,-11.5,-52.0,0.00214985,1
Brazil Mato Grosso,crop,406,513,-11.5,-51.75,0.001229652,1
Brazil Mato Grosso,crop,406,514,-11.5,-51.5,0.00111438,1
Brazil Mato Grosso,crop,406,515,-11.5,-51.25,0.000817302,1
Brazil Mato Grosso,crop,406,516,-11.5,-51.0,0.000201712,1
Brazil Mato Grosso,crop,406,517,-11.5,-50.75,0.00017366,1
Brazil Mato Grosso,crop,407,480,-11.75,-60.0,0.0,1
Brazil Mato Grosso,crop,407,481,-11.75,-59.75,0.0,1
Brazil Mato Grosso,crop,407,482,-11.75,-59.5,0.0,1
Brazil Mato Grosso,crop,407,483,-11.75,-59.25,1.417e-06,1
Brazil Mato Grosso,crop,407,484,-11.75,-59.0,1.6963e-05,1
Brazil Mato Grosso,crop,407,485,-11.75,-58.75,5.7768e-05,1
Brazil Mato Grosso,crop,407,486,-11.75,-58.5,0.000288033,1
Brazil Mato Grosso,crop,407,487,-11.75,-58.25,0.00156195,1
Brazil Mato Grosso,crop,407,488,-11.75,-58.0,0.001192969,1
Brazil Mato Grosso,crop,407,489,-11.75,-57.75,0.000762299,1
Brazil Mato Grosso,crop,407,490,-11.75,-57.5,0.000692947,1
Brazil Mato Grosso,crop,407,491,-11.75,-57.25,0.001162705,1
Brazil Mato Grosso,crop,407,492,-11.75,-57.0,0.000848577,1
Brazil Mato Grosso,crop,407,493,-11.75,-56.75,0.001168592,1
Brazil Mato Grosso,crop,407,494,-11.75,-56.5,0.001092591,1
Brazil Mato Grosso,crop,407,495,-11.75,-56.25,0.001616869,1
Brazil Mato Grosso,crop,407,496,-11.75,-56.0,0.001765639,1
Brazil Mato Grosso,crop,407,497,-11.75,-55.75,0.000608628,1
Brazil Mato Grosso,crop,407,498,-11.75,-55.5,0.000721129,1
Brazil Mato Grosso,crop,407,499,-11.75,-55.25,0.000899087,1
Brazil Mato Grosso,crop,407,500,-11.75,-55.0,0.00072197,1
Brazil Mato Grosso,crop,407,501,-11.75,-54.75,0.000622708,1
Brazil Mato Grosso,crop,407,502,-11.75,-54.5,0.000771251,1
Brazil Mato Grosso,crop,407,503,-11.75,-54.25,0.000276736,1
Brazil Mato Grosso,crop,407,504,-11.75,-54.0,0.000159931,1
Brazil Mato Grosso,crop,407,505,-11.75,-53.75,1.1e-07,1
Brazil Mato Grosso,crop,407,506,-11.75,-53.5,1.25e-07,1
Brazil Mato Grosso,crop,407,507,-11.75,-53.25,0.0,1
Brazil Mato Grosso,crop,407,508,-11.75,-53.0,0.000255903,1
Brazil Mato Grosso,crop,407,509,-11.75,-52.75,0.00091461,1
Brazil Mato Grosso,crop,407,510,-11.75,-52.5,0.001422507,1
Brazil Mato Grosso,crop,407,511,-11.75,-52.25,0.001034577,1
Brazil Mato Grosso,crop,407,512,-11.75,-52.0,0.001871279,1
Brazil Mato Grosso,crop,407,513,-11.75,-51.75,0.001144015,1
Brazil Mato Grosso,crop,407,514,-11.75,-51.5,0.000700717,1
Brazil Mato Grosso,crop,407,515,-11.75,-51.25,0.000539186,1
Brazil Mato Grosso,crop,407,516,-11.75,-51.0,2.0317e-05,1
Brazil Mato Grosso,crop,407,517,-11.75,-50.75,2.2093e-05,1
Brazil Mato Grosso,crop,408,480,-12.0,-60.0,0.0,1
Brazil Mato Grosso,crop,408,481,-12.0,-59.75,0.0,1
Brazil Mato Grosso,crop,408,482,-12.0,-59.5,0.0,1
Brazil Mato Grosso,crop,408,483,-12.0,-59.25,0.0,1
Brazil Mato Grosso,crop,408,484,-12.0,-59.0,3.246e-06,1
Brazil Mato Grosso,crop,408,485,-12.0,-58.75,6.55e-06,1
Brazil Mato Grosso,crop,408,486,-12.0,-58.5,0.000210888,1
Brazil Mato Grosso,crop,408,487,-12.0,-58.25,0.001160222,1
Brazil Mato Grosso,crop,408,488,-12.0,-58.0,0.001151069,1
Brazil Mato Grosso,crop,408,489,-12.0,-57.75,0.000832083,1
Brazil Mato Grosso,crop,408,490,-12.0,-57.5,0.0007868,1
Brazil Mato Grosso,crop,408,491,-12.0,-57.25,0.000422599,1
Brazil Mato Grosso,crop,408,492,-12.0,-57.0,0.001050993,1
Brazil Mato Grosso,crop,408,493,-12.0,-56.75,0.001498258,1
Brazil Mato Grosso,crop,408,494,-12.0,-56.5,0.001625845,1
Brazil Mato Grosso,crop,408,495,-12.0,-56.25,0.002187327,1
Brazil Mato Grosso,crop,408,496,-12.0,-56.0,0.001742412,1
Brazil Mato Grosso,crop,408,497,-12.0,-55.75,0.000162151,1
Brazil Mato Grosso,crop,408,498,-12.0,-55.5,0.00065884,1
Brazil Mato Grosso,crop,408,499,-12.0,-55.25,0.000734797,1
Brazil Mato Grosso,crop,408,500,-12.0,-55.0,0.000710267,1
Brazil Mato Grosso,crop,408,501,-12.0,-54.75,0.000359397,1
Brazil Mato Grosso,crop,408,502,-12.0,-54.5,0.000514311,1
Brazil Mato Grosso,crop,408,503,-12.0,-54.25,0.00064983,1
Brazil Mato Grosso,crop,408,504,-12.0,-54.0,7.6004e-05,1
Brazil Mato Grosso,crop,408,505,-12.0,-53.75,0.0,1
Brazil Mato Grosso,crop,408,506,-12.0,-53.5,0.0,1
Brazil Mato Grosso,crop,408,507,-12.0,-53.25,4.4175e-05,1
Brazil Mato Grosso,crop,408,508,-12.0,-53.0,0.001527435,1
Brazil Mato Grosso,crop,408,509,-12.0,-52.75,0.001138746,1
Brazil Mato Grosso,crop,408,510,-12.0,-52.5,0.002876286,1
Brazil Mato Grosso,crop,408,511,-12.0,-52.25,0.00226145,1
Brazil Mato Grosso,crop,408,512,-12.0,-52.0,0.0015026,1
Brazil Mato Grosso,crop,408,513,-12.0,-51.75,0.002457956,1
Brazil Mato Grosso,crop,408,514,-12.0,-51.5,0.00060251,1
Brazil Mato Grosso,crop,408,515,-12.0,-51.25,0.000458621,1
Brazil Mato Grosso,crop,408,516,-12.0,-51.0,7.579e-06,1
Brazil Mato Grosso,crop,408,517,-12.0,-50.75,0.0,1
Brazil Mato Grosso,crop,409,480,-12.25,-60.0,5.9765e-05,1
Brazil Mato Grosso,crop,409,481,-12.25,-59.75,7.605e-06,1
Brazil Mato Grosso,crop,409,482,-12.25,-59.5,0.0,1
Brazil Mato Grosso,crop,409,483,-12.25,-59.25,0.0,1
Brazil Mato Grosso,crop,409,484,-12.25,-59.0,0.0,1
Brazil Mato Grosso,crop,409,485,-12.25,-58.75,3.1e-07,1
Brazil Mato Grosso,crop,409,486,-12.25,-58.5,3.6066e-05,1
Brazil Mato Grosso,crop,409,487,-12.25,-58.25,0.000707026,1
Brazil Mato Grosso,crop,409,488,-12.25,-58.0,0.000926858,1
Brazil Mato Grosso,crop,409,489,-12.25,-57.75,0.001538663,1
Brazil Mato Grosso,crop,409,490,-12.25,-57.5,0.001124037,1
Brazil Mato Grosso,crop,409,491,-12.25,-57.25,0.001059609,1
Brazil Mato Grosso,crop,409,492,-12.25,-57.0,0.001537477,1
Brazil Mato Grosso,crop,409,493,-12.25,-56.75,0.002153134,1
Brazil Mato Grosso,crop,409,494,-12.25,-56.5,0.001821418,1
Brazil Mato Grosso,crop,409,495,-12.25,-56.25,0.002861331,1
Brazil Mato Grosso,crop,409,496,-12.25,-56.0,0.000942993,1
Brazil Mato Grosso,crop,409,497,-12.25,-55.75,1.8955e-05,1
Brazil Mato Grosso,crop,409,498,-12.25,-55.5,0.000939593,1
Brazil Mato Grosso,crop,409,499,-12.25,-55.25,0.000922496,1
Brazil Mato Grosso,crop,409,500,-12.25,-55.0,0.001003566,1
Brazil Mato Grosso,crop,409,501,-12.25,-54.75,0.001336609,1
Brazil Mato Grosso,crop,409,502,-12.25,-54.5,0.001029517,1
Brazil Mato Grosso,crop,409,503,-12.25,-54.25,0.000692471,1
Brazil Mato Grosso,crop,409,504,-12.25,-54.0,9.5787e-05,1
Brazil Mato Grosso,crop,409,505,-12.25,-53.75,0.0,1
Brazil Mato Grosso,crop,409,506,-12.25,-53.5,0.0,1
Brazil Mato Grosso,crop,409,507,-12.25,-53.25,6.466e-06,1
Brazil Mato Grosso,crop,409,508,-12.25,-53.0,0.000219606,1
Brazil Mato Grosso,crop,409,509,-12.25,-52.75,0.001057604,1
Brazil Mato Grosso,crop,409,510,-12.25,-52.5,0.001595164,1
Brazil Mato Grosso,crop,409,511,-12.25,-52.25,0.002470972,1
Brazil Mato Grosso,crop,409,512,-12.25,-52.0,0.001183283,1
Brazil Mato Grosso,crop,409,513,-12.25,-51.75,0.002777702,1
Brazil Mato Grosso,crop,409,514,-12.25,-51.5,0.001768177,1
Brazil Mato Grosso,crop,409,515,-12.25,-51.25,0.000167078,1
Brazil Mato Grosso,crop,409,516,-12.25,-51.0,3.53e-06,1
Brazil Mato Grosso,crop,409,517,-12.25,-50.75,0.0,1
Brazil Mato Grosso,crop,410,480,-12.5,-60.0,3.9874e-05,1
Brazil Mato Grosso,crop,410,481,-12.5,-59.75,3.62e-06,1
Brazil Mato Grosso,crop,410,482,-12.5,-59.5,0.0,1
Brazil Mato Grosso,crop,410,483,-12.5,-59.25,0.0,1
Brazil Mato Grosso,crop,410,484,-12.5,-59.0,5.014e-06,1
Brazil Mato Grosso,crop,410,485,-12.5,-58.75,0.000458261,1
Brazil Mato Grosso,crop,410,486,-12.5,-58.5,0.000328545,1
Brazil Mato Grosso,crop,410,487,-12.5,-58.25,0.001631711,1
Brazil Mato Grosso,crop,410,488,-12.5,-58.0,0.001041208,1
Brazil Mato Grosso,crop,410,489,-12.5,-57.75,0.001018332,1
Brazil Mato Grosso,crop,410,490,-12.5,-57.5,0.000377725,1
Brazil Mato Grosso,crop,410,491,-12.5,-57.25,0.001172829,1
Brazil Mato Grosso,crop,410,492,-12.5,-57.0,0.000602365,1
Brazil Mato Grosso,crop,410,493,-12.5,-56.75,0.00212807,1
Brazil Mato Grosso,crop,410,494,-12.5,-56.5,0.001841387,1
Brazil Mato Grosso,crop,410,495,-12.5,-56.25,0.002405985,1
Brazil Mato Grosso,crop,410,496,-12.5,-56.0,7.4731e-05,1
Brazil Mato Grosso,crop,410,497,-12.5,-55.75,5.3594e-05,1
Brazil Mato Grosso,crop,410,498,-12.5,-55.5,0.000721755,1
Brazil Mato Grosso,crop,410,499,-12.5,-55.25,0.000913428,1
Brazil Mato Grosso,crop,410,500,-12.5,-55.0,0.002106298,1
Brazil Mato Grosso,crop,410,501,-12.5,-54.75,0.001037287,1
Brazil Mato Grosso,crop,410,502,-12.5,-54.5,0.000526309,1
Brazil Mato Grosso,crop,410,503,-12.5,-54.25,0.000796788,1
Brazil Mato Grosso,crop,410,504,-12.5,-54.0,0.000212212,1
Brazil Mato Grosso,crop,410,505,-12.5,-53.75,0.0,1
Brazil Mato Grosso,crop,410,506,-12.5,-53.5,0.0,1
Brazil Mato Grosso,crop,410,507,-12.5,-53.25,0.0,1
Brazil Mato Grosso,crop,410,508,-12.5,-53.0,2.6e-08,1
Brazil Mato Grosso,crop,410,509,-12.5,-52.75,0.000603895,1
Brazil Mato Grosso,crop,410,510,-12.5,-52.5,0.003116202,1
Brazil Mato Grosso,crop,410,511,-12.5,-52.25,0.003636547,1
Brazil Mato Grosso,crop,410,512,-12.5,-52.0,0.002636636,1
Brazil Mato Grosso,crop,410,513,-12.5,-51.75,0.003066228,1
Brazil Mato Grosso,crop,410,514,-12.5,-51.5,0.001726935,1
Brazil Mato Grosso,crop,410,515,-12.5,-51.25,0.00023534,1
Brazil Mato Grosso,crop,410,516,-12.5,-51.0,4.2132e-05,1
Brazil Mato Grosso,crop,410,517,-12.5,-50.75,3e-09,1
Brazil Mato Grosso,crop,411,480,-12.75,-60.0,0.000290076,1
Brazil Mato Grosso,crop,411,481,-12.75,-59.75,0.0,1
Brazil Mato Grosso,crop,411,482,-12.75,-59.5,0.0,1
Brazil Mato Grosso,crop,411,483,-12.75,-59.25,4.594e-06,1
Brazil Mato Grosso,crop,411,484,-12.75,-59.0,0.000232596,1
Brazil Mato Grosso,crop,411,485,-12.75,-58.75,0.001732943,1
Brazil Mato Grosso,crop,411,486,-12.75,-58.5,0.001057633,1
Brazil Mato Grosso,crop,411,487,-12.75,-58.25,0.001373019,1
Brazil Mato Grosso,crop,411,488,-12.75,-58.0,0.000819058,1
Brazil Mato Grosso,crop,411,489,-12.75,-57.75,0.000324731,1
Brazil Mato Grosso,crop,411,490,-12.75,-57.5,0.000342564,1
Brazil Mato Grosso,crop,411,491,-12.75,-57.25,0.001616057,1
Brazil Mato Grosso,crop,411,492,-12.75,-57.0,0.001493607,1
Brazil Mato Grosso,crop,411,493,-12.75,-56.75,0.001198606,1
Brazil Mato Grosso,crop,411,494,-12.75,-56.5,0.001841854,1
Brazil Mato Grosso,crop,411,495,-12.75,-56.25,0.000360863,1
Brazil Mato Grosso,crop,411,496,-12.75,-56.0,0.000106,1
Brazil Mato Grosso,crop,411,497,-12.75,-55.75,0.000106571,1
Brazil Mato Grosso,crop,411,498,-12.75,-55.5,0.000615894,1
Brazil Mato Grosso,crop,411,499,-12.75,-55.25,0.001187367,1
Brazil Mato Grosso,crop,411,500,-12.75,-55.0,0.001170954,1
Brazil Mato Grosso,crop,411,501,-12.75,-54.75,0.000750497,1
Brazil Mato Grosso,crop,411,502,-12.75,-54.5,0.000148926,1
Brazil Mato Grosso,crop,411,503,-12.75,-54.25,0.001105309,1
Brazil Mato Grosso,crop,411,504,-12.75,-54.0,0.000113776,1
Brazil Mato Grosso,crop,411,505,-12.75,-53.75,0.0,1
Brazil Mato Grosso,crop,411,506,-12.75,-53.5,0.0,1
Brazil Mato Grosso,crop,411,507,-12.75,-53.25,0.0,1
Brazil Mato Grosso,crop,411,508,-12.75,-53.0,3.037e-06,1
Brazil Mato Grosso,crop,411,509,-12.75,-52.75,0.001255394,1
Brazil Mato Grosso,crop,411,510,-12.75,-52.5,0.002056277,1
Brazil Mato Grosso,crop,411,511,-12.75,-52.25,0.002567675,1
Brazil Mato Grosso,crop,411,512,-12.75,-52.0,0.003279365,1
Brazil Mato Grosso,crop,411,513,-12.75,-51.75,0.002642331,1
Brazil Mato Grosso,crop,411,514,-12.75,-51.5,0.000719776,1
Brazil Mato Grosso,crop,411,515,-12.75,-51.25,0.000323337,1
Brazil Mato Grosso,crop,411,516,-12.75,-51.0,0.000169808,1
Brazil Mato Grosso,crop,411,517,-12.75,-50.75,1.119e-06,1
Brazil Mato Grosso,crop,411,518,-12.75,-50.5,5.652e-06,1
Brazil Mato Grosso,crop,412,479,-13.0,-60.25,0.000870873,1
Brazil Mato Grosso,crop,412,480,-13.0,-60.0,0.00066495,1
Brazil Mato Grosso,crop,412,481,-13.0,-59.75,0.0,1
Brazil Mato Grosso,crop,412,482,-13.0,-59.5,0.0,1
Brazil Mato Grosso,crop,412,483,-13.0,-59.25,0.000174199,1
Brazil Mato Grosso,crop,412,484,-13.0,-59.0,0.000806303,1
Brazil Mato Grosso,crop,412,485,-13.0,-58.75,0.002959848,1
Brazil Mato Grosso,crop,412,486,-13.0,-58.5,0.000956698,1
Brazil Mato Grosso,crop,412,487,-13.0,-58.25,0.000660307,1
Brazil Mato Grosso,crop,412,488,-13.0,-58.0,0.001531614,1
Brazil Mato Grosso,crop,412,489,-13.0,-57.75,0.001160306,1
Brazil Mato Grosso,crop,412,490,-13.0,-57.5,0.001165937,1
Brazil Mato Grosso,crop,412,491,-13.0,-57.25,0.001340058,1
Brazil Mato Grosso,crop,412,492,-13.0,-57.0,0.00153475,1
Brazil Mato Grosso,crop,412,493,-13.0,-56.75,0.000181288,1
Brazil Mato Grosso,crop,412,494,-13.0,-56.5,1.069e-06,1
Brazil Mato Grosso,crop,412,495,-13.0,-56.25,8.5675e-05,1
Brazil Mato Grosso,crop,412,496,-13.0,-56.0,0.000122407,1
Brazil Mato Grosso,crop,412,497,-13.0,-55.75,6.2399e-05,1
Brazil Mato Grosso,crop,412,498,-13.0,-55.5,0.000384064,1
Brazil Mato Grosso,crop,412,499,-13.0,-55.25,0.001502403,1
Brazil Mato Grosso,crop,412,500,-13.0,-55.0,0.001372147,1
Brazil Mato Grosso,crop,412,501,-13.0,-54.75,0.000374201,1
Brazil Mato Grosso,crop,412,502,-13.0,-54.5,0.000304695,1
Brazil Mato Grosso,crop,412,503,-13.0,-54.25,0.001911484,1
Brazil Mato Grosso,crop,412,504,-13.0,-54.0,0.001088441,1
Brazil Mato Grosso,crop,412,505,-13.0,-53.75,0.000941448,1
Brazil Mato Grosso,crop,412,506,-13.0,-53.5,0.001219766,1
Brazil Mato Grosso,crop,412,507,-13.0,-53.25,0.002025588,1
Brazil Mato Grosso,crop,412,508,-13.0,-53.0,0.0016495,1
Brazil Mato Grosso,crop,412,509,-13.0,-52.75,0.002303628,1
Brazil Mato Grosso,crop,412,510,-13.0,-52.5,0.00217709,1
Brazil Mato Grosso,crop,412,511,-13.0,-52.25,0.002858091,1
Brazil Mato Grosso,crop,412,512,-13.0,-52.0,0.002627553,1
Brazil Mato Grosso,crop,412,513,-13.0,-51.75,0.00237329,1
Brazil Mato Grosso,crop,412,514,-13.0,-51.5,0.000760937,1
Brazil Mato Grosso,crop,412,515,-13.0,-51.25,0.000138127,1
Brazil Mato Grosso,crop,412,516,-13.0,-51.0,2.0305e-05,1
Brazil Mato Grosso,crop,412,517,-13.0,-50.75,8.579e-06,1
Brazil Mato Grosso,crop,412,518,-13.0,-50.5,8.46e-07,1
Brazil Mato Grosso,crop,413,479,-13.25,-60.25,0.001149281,1
Brazil Mato Grosso,crop,413,480,-13.25,-60.0,0.000655797,1
Brazil Mato Grosso,crop,413,481,-13.25,-59.75,2.939e-06,1
Brazil Mato Grosso,crop,413,482,-13.25,-59.5,3.1156e-05,1
Brazil Mato Grosso,crop,413,483,-13.25,-59.25,0.000475645,1
Brazil Mato Grosso,crop,413,484,-13.25,-59.0,0.001580763,1
Brazil Mato Grosso,crop,413,485,-13.25,-58.75,0.003025655,1
Brazil Mato Grosso,crop,413,486,-13.25,-58.5,0.000977922,1
Brazil Mato Grosso,crop,413,487,-13.25,-58.25,0.000158858,1
Brazil Mato Grosso,crop,413,488,-13.25,-58.0,0.000806607,1
Brazil Mato Grosso,crop,413,489,-13.25,-57.75,0.000316303,1
Brazil Mato Grosso,crop,413,490,-13.25,-57.5,0.001502953,1
Brazil Mato Grosso,crop,413,491,-13.25,-57.25,0.001230562,1
Brazil Mato Grosso,crop,413,492,-13.25,-57.0,0.001475745,1
Brazil Mato Grosso,crop,413,493,-13.25,-56.75,0.001334281,1
Brazil Mato Grosso,crop,413,494,-13.25,-56.5,4.46e-06,1
Brazil Mato Grosso,crop,413,495,-13.25,-56.25,0.000101911,1
Brazil Mato Grosso,crop,413,496,-13.25,-56.0,0.000163945,1
Brazil Mato Grosso,crop,413,497,-13.25,-55.75,0.000524402,1
Brazil Mato Grosso,crop,413,498,-13.25,-55.5,0.000196373,1
Brazil Mato Grosso,crop,413,499,-13.25,-55.25,0.001286266,1
Brazil Mato Grosso,crop,413,500,-13.25,-55.0,0.001506834,1
Brazil Mato Grosso,crop,413,501,-13.25,-54.75,0.001197122,1
Brazil Mato Grosso,crop,413,502,-13.25,-54.5,0.001682346,1
Brazil Mato Grosso,crop,413,503,-13.25,-54.25,0.002210081,1
Brazil Mato Grosso,crop,413,504,-13.25,-54.0,0.002410161,1
Brazil Mato Grosso,crop,413,505,-13.25,-53.75,0.001510532,1
Brazil Mato Grosso,crop,413,506,-13.25,-53.5,0.002278813,1
Brazil Mato Grosso,crop,413,507,-13.25,-53.25,0.003064857,1
Brazil Mato Grosso,crop,413,508,-13.25,-53.0,0.002169642,1
Brazil Mato Grosso,crop,413,509,-13.25,-52.75,0.002952223,1
Brazil Mato Grosso,crop,413,510,-13.25,-52.5,0.002847781,1
Brazil Mato Grosso,crop,413,511,-13.25,-52.25,0.003307139,1
Brazil Mato Grosso,crop,413,512,-13.25,-52.0,0.002299162,1
Brazil Mato Grosso,crop,413,513,-13.25,-51.75,0.000217913,1
Brazil Mato Grosso,crop,413,514,-13.25,-51.5,2.0296e-05,1
Brazil Mato Grosso,crop,413,515,-13.25,-51.25,0.000218513,1
Brazil Mato Grosso,crop,413,516,-13.25,-51.0,1.7123e-05,1
Brazil Mato Grosso,crop,413,517,-13.25,-50.75,1.7998e-05,1
Brazil Mato Grosso,crop,414,477,-13.5,-60.75,9.812e-05,1
Brazil Mato Grosso,crop,414,478,-13.5,-60.5,0.001227632,1
Brazil Mato Grosso,crop,414,479,-13.5,-60.25,0.001684311,1
Brazil Mato Grosso,crop,414,480,-13.5,-60.0,0.00082575,1
Brazil Mato Grosso,crop,414,481,-13.5,-59.75,0.000361953,1
Brazil Mato Grosso,crop,414,482,-13.5,-59.5,0.000251962,1
Brazil Mato Grosso,crop,414,483,-13.5,-59.25,0.000633521,1
Brazil Mato Grosso,crop,414,484,-13.5,-59.0,0.00277392,1
Brazil Mato Grosso,crop,414,485,-13.5,-58.75,0.003298481,1
Brazil Mato Grosso,crop,414,486,-13.5,-58.5,0.002507583,1
Brazil Mato Grosso,crop,414,487,-13.5,-58.25,0.0,1
Brazil Mato Grosso,crop,414,488,-13.5,-58.0,6.3043e-05,1
Brazil Mato Grosso,crop,414,489,-13.5,-57.75,3.7718e-05,1
Brazil Mato Grosso,crop,414,490,-13.5,-57.5,0.001263147,1
Brazil Mato Grosso,crop,414,491,-13.5,-57.25,0.001004047,1
Brazil Mato Grosso,crop,414,492,-13.5,-57.0,0.001429839,1
Brazil Mato Grosso,crop,414,493,-13.5,-56.75,0.001234851,1
Brazil Mato Grosso,crop,414,494,-13.5,-56.5,0.000485059,1
Brazil Mato Grosso,crop,414,495,-13.5,-56.25,0.00019009,1
Brazil Mato Grosso,crop,414,496,-13.5,-56.0,0.000355603,1
Brazil Mato Grosso,crop,414,497,-13.5,-55.75,0.000570481,1
Brazil Mato Grosso,crop,414,498,-13.5,-55.5,0.001476127,1
Brazil Mato Grosso,crop,414,499,-13.5,-55.25,0.000433818,1
Brazil Mato Grosso,crop,414,500,-13.5,-55.0,0.001926221,1
Brazil Mato Grosso,crop,414,501,-13.5,-54.75,0.001501956,1
Brazil Mato Grosso,crop,414,502,-13.5,-54.5,0.001676915,1
Brazil Mato Grosso,crop,414,503,-13.5,-54.25,0.002443106,1
Brazil Mato Grosso,crop,414,504,-13.5,-54.0,0.002595681,1
Brazil Mato Grosso,crop,414,505,-13.5,-53.75,0.000942175,1
Brazil Mato Grosso,crop,414,506,-13.5,-53.5,0.001554513,1
Brazil Mato Grosso,crop,414,507,-13.5,-53.25,0.002218304,1
Brazil Mato Grosso,crop,414,508,-13.5,-53.0,0.002422931,1
Brazil Mato Grosso,crop,414,509,-13.5,-52.75,0.003106209,1
Brazil Mato Grosso,crop,414,510,-13.5,-52.5,0.003215838,1
Brazil Mato Grosso,crop,414,511,-13.5,-52.25,0.003459238,1
Brazil Mato Grosso,crop,414,512,-13.5,-52.0,0.002326906,1
Brazil Mato Grosso,crop,414,513,-13.5,-51.75,5.965e-06,1
Brazil Mato Grosso,crop,414,514,-13.5,-51.5,1.1474e-05,1
Brazil Mato Grosso,crop,414,515,-13.5,-51.25,1.095e-05,1
Brazil Mato Grosso,crop,414,516,-13.5,-51.0,2.096e-05,1
Brazil Mato Grosso,crop,414,517,-13.5,-50.75,9.683e-06,1
Brazil Mato Grosso,crop,415,477,-13.75,-60.75,8.1574e-05,1
Brazil Mato Grosso,crop,415,478,-13.75,-60.5,0.000907051,1
Brazil Mato Grosso,crop,415,479,-13.75,-60.25,0.001167476,1
Brazil Mato Grosso,crop,415,480,-13.75,-60.0,0.000684206,1
Brazil Mato Grosso,crop,415,481,-13.75,-59.75,0.000897739,1
Brazil Mato Grosso,crop,415,482,-13.75,-59.5,0.00103969,1
Brazil Mato Grosso,crop,415,483,-13.75,-59.25,0.000359504,1
Brazil Mato Grosso,crop,415,484,-13.75,-59.0,0.002372786,1
Brazil Mato Grosso,crop,415,485,-13.75,-58.75,0.002962749,1
Brazil Mato Grosso,crop,415,486,-13.75,-58.5,0.000340373,1
Brazil Mato Grosso,crop,415,487,-13.75,-58.25,0.0,1
Brazil Mato Grosso,crop,415,488,-13.75,-58.0,6.7796e-05,1
Brazil Mato Grosso,crop,415,489,-13.75,-57.75,4.903e-05,1
Brazil Mato Grosso,crop,415,490,-13.75,-57.5,0.001407966,1
Brazil Mato Grosso,crop,415,491,-13.75,-57.25,0.000870041,1
Brazil Mato Grosso,crop,415,492,-13.75,-57.0,0.000929127,1
Brazil Mato Grosso,crop,415,493,-13.75,-56.75,0.000948276,1
Brazil Mato Grosso,crop,415,494,-13.75,-56.5,0.000793791,1
Brazil Mato Grosso,crop,415,495,-13.75,-56.25,0.000213354,1
Brazil Mato Grosso,crop,415,496,-13.75,-56.0,0.000156896,1
Brazil Mato Grosso,crop,415,497,-13.75,-55.75,0.000169417,1
Brazil Mato Grosso,crop,415,498,-13.75,-55.5,0.001828974,1
Brazil Mato Grosso,crop,415,499,-13.75,-55.25,0.001665887,1
Brazil Mato Grosso,crop,415,500,-13.75,-55.0,0.001010803,1
Brazil Mato Grosso,crop,415,501,-13.75,-54.75,0.002008143,1
Brazil Mato Grosso,crop,415,502,-13.75,-54.5,0.000930243,1
Brazil Mato Grosso,crop,415,503,-13.75,-54.25,0.000666634,1
Brazil Mato Grosso,crop,415,504,-13.75,-54.0,0.000918995,1
Brazil Mato Grosso,crop,415,505,-13.75,-53.75,0.001888562,1
Brazil Mato Grosso,crop,415,506,-13.75,-53.5,0.001736416,1
Brazil Mato Grosso,crop,415,507,-13.75,-53.25,0.002264588,1
Brazil Mato Grosso,crop,415,508,-13.75,-53.0,0.002503757,1
Brazil Mato Grosso,crop,415,509,-13.75,-52.75,0.003192768,1
Brazil Mato Grosso,crop,415,510,-13.75,-52.5,0.003936422,1
Brazil Mato Grosso,crop,415,511,-13.75,-52.25,0.003344158,1
Brazil Mato Grosso,crop,415,512,-13.75,-52.0,0.001968182,1
Brazil Mato Grosso,crop,415,513,-13.75,-51.75,0.001445061,1
Brazil Mato Grosso,crop,415,514,-13.75,-51.5,2.3044e-05,1
Brazil Mato Grosso,crop,415,515,-13.75,-51.25,2.6574e-05,1
Brazil Mato Grosso,crop,415,516,-13.75,-51.0,3.1605e-05,1
Brazil Mato Grosso,crop,416,478,-14.0,-60.5,4.2451e-05,1
Brazil Mato Grosso,crop,416,479,-14.0,-60.25,0.000819698,1
Brazil Mato Grosso,crop,416,480,-14.0,-60.0,0.001805637,1
Brazil Mato Grosso,crop,416,481,-14.0,-59.75,0.000519154,1
Brazil Mato Grosso,crop,416,482,-14.0,-59.5,0.000431514,1
Brazil Mato Grosso,crop,416,483,-14.0,-59.25,0.000461052,1
Brazil Mato Grosso,crop,416,484,-14.0,-59.0,0.000919302,1
Brazil Mato Grosso,crop,416,485,-14.0,-58.75,0.000800208,1
Brazil Mato Grosso,crop,416,486,-14.0,-58.5,0.0,1
Brazil Mato Grosso,crop,416,487,-14.0,-58.25,0.000161044,1
Brazil Mato Grosso,crop,416,488,-14.0,-58.0,0.000101702,1
Brazil Mato Grosso,crop,416,489,-14.0,-57.75,0.000417869,1
Brazil Mato Grosso,crop,416,490,-14.0,-57.5,0.002515252,1
Brazil Mato Grosso,crop,416,491,-14.0,-57.25,0.002109486,1
Brazil Mato Grosso,crop,416,492,-14.0,-57.0,0.001449142,1
Brazil Mato Grosso,crop,416,493,-14.0,-56.75,0.001569755,1
Brazil Mato Grosso,crop,416,494,-14.0,-56.5,0.001619515,1
Brazil Mato Grosso,crop,416,495,-14.0,-56.25,0.000135484,1
Brazil Mato Grosso,crop,416,496,-14.0,-56.0,1.8273e-05,1
Brazil Mato Grosso,crop,416,497,-14.0,-55.75,0.000528973,1
Brazil Mato Grosso,crop,416,498,-14.0,-55.5,0.001703109,1
Brazil Mato Grosso,crop,416,499,-14.0,-55.25,0.001940203,1
Brazil Mato Grosso,crop,416,500,-14.0,-55.0,0.000722622,1
Brazil Mato Grosso,crop,416,501,-14.0,-54.75,0.001400057,1
Brazil Mato Grosso,crop,416,502,-14.0,-54.5,0.001329746,1
Brazil Mato Grosso,crop,416,503,-14.0,-54.25,0.002760365,1
Brazil Mato Grosso,crop,416,504,-14.0,-54.0,0.000903463,1
Brazil Mato Grosso,crop,416,505,-14.0,-53.75,0.002199387,1
Brazil Mato Grosso,crop,416,506,-14.0,-53.5,0.001720719,1
Brazil Mato Grosso,crop,416,507,-14.0,-53.25,0.002256131,1
Brazil Mato Grosso,crop,416,508,-14.0,-53.0,0.002545243,1
Brazil Mato Grosso,crop,416,509,-14.0,-52.75,0.002843782,1
Brazil Mato Grosso,crop,416,510,-14.0,-52.5,0.004612478,1
Brazil Mato Grosso,crop,416,511,-14.0,-52.25,0.003712319,1
Brazil Mato Grosso,crop,416,512,-14.0,-52.0,0.002392415,1
Brazil Mato Grosso,crop,416,513,-14.0,-51.75,0.000905547,1
Brazil Mato Grosso,crop,416,514,-14.0,-51.5,4.0068e-05,1
Brazil Mato Grosso,crop,416,515,-14.0,-51.25,3.5895e-05,1
Brazil Mato Grosso,crop,416,516,-14.0,-51.0,4.9001e-05,1
Brazil Mato Grosso,crop,417,478,-14.25,-60.5,7.1946e-05,1
Brazil Mato Grosso,crop,417,479,-14.25,-60.25,0.000360246,1
Brazil Mato Grosso,crop,417,480,-14.25,-60.0,0.000536039,1
Brazil Mato Grosso,crop,417,481,-14.25,-59.75,0.0004604,1
Brazil Mato Grosso,crop,417,482,-14.25,-59.5,0.000163426,1
Brazil Mato Grosso,crop,417,483,-14.25,-59.25,0.000497718,1
Brazil Mato Grosso,crop,417,484,-14.25,-59.0,1.68e-07,1
Brazil Mato Grosso,crop,417,485,-14.25,-58.75,0.0,1
Brazil Mato Grosso,crop,417,486,-14.25,-58.5,0.000131905,1
Brazil Mato Grosso,crop,417,487,-14.25,-58.25,0.000318931,1
Brazil Mato Grosso,crop,417,488,-14.25,-58.0,0.000786163,1
Brazil Mato Grosso,crop,417,489,-14.25,-57.75,0.000341888,1
Brazil Mato Grosso,crop,417,490,-14.25,-57.5,0.000732682,1
Brazil Mato Grosso,crop,417,491,-14.25,-57.25,0.000615917,1
Brazil Mato Grosso,crop,417,492,-14.25,-57.0,0.000709826,1
Brazil Mato Grosso,crop,417,493,-14.25,-56.75,0.001269474,1
Brazil Mato Grosso,crop,417,494,-14.25,-56.5,0.001336928,1
Brazil Mato Grosso,crop,417,495,-14.25,-56.25,0.001126866,1
Brazil Mato Grosso,crop,417,496,-14.25,-56.0,0.001998556,1
Brazil Mato Grosso,crop,417,497,-14.25,-55.75,0.001762775,1
Brazil Mato Grosso,crop,417,498,-14.25,-55.5,0.000989677,1
Brazil Mato Grosso,crop,417,499,-14.25,-55.25,0.000414417,1
Brazil Mato Grosso,crop,417,500,-14.25,-55.0,0.000442254,1
Brazil Mato Grosso,crop,417,501,-14.25,-54.75,0.001304531,1
Brazil Mato Grosso,crop,417,502,-14.25,-54.5,0.003062391,1
Brazil Mato Grosso,crop,417,503,-14.25,-54.25,0.003631568,1
Brazil Mato Grosso,crop,417,504,-14.25,-54.0,0.004269092,1
Brazil Mato Grosso,crop,417,505,-14.25,-53.75,0.003148025,1
Brazil Mato Grosso,crop,417,506,-14.25,-53.5,0.001363435,1
Brazil Mato Grosso,crop,417,507,-14.25,-53.25,0.000922096,1
Brazil Mato Grosso,crop,417,508,-14.25,-53.0,0.000727178,1
Brazil Mato Grosso,crop,417,509,-14.25,-52.75,0.002465805,1
Brazil Mato Grosso,crop,417,510,-14.25,-52.5,0.002427325,1
Brazil Mato Grosso,crop,417,511,-14.25,-52.25,0.001915353,1
Brazil Mato Grosso,crop,417,512,-14.25,-52.0,0.000389446,1
Brazil Mato Grosso,crop,417,513,-14.25,-51.75,0.000110855,1
Brazil Mato Grosso,crop,417,514,-14.25,-51.5,1.228e-05,1
Brazil Mato Grosso,crop,417,515,-14.25,-51.25,6.8251e-05,1
Brazil Mato Grosso,crop,417,516,-14.25,-51.0,6.155e-05,1
Brazil Mato Grosso,crop,418,479,-14.5,-60.25,0.000212557,1
Brazil Mato Grosso,crop,418,480,-14.5,-60.0,0.000242913,1
Brazil Mato Grosso,crop,418,481,-14.5,-59.75,0.00029514,1
Brazil Mato Grosso,crop,418,482,-14.5,-59.5,0.000152795,1
Brazil Mato Grosso,crop,418,483,-14.5,-59.25,2.5249e-05,1
Brazil Mato Grosso,crop,418,484,-14.5,-59.0,7.1129e-05,1
Brazil Mato Grosso,crop,418,485,-14.5,-58.75,0.000695138,1
Brazil Mato Grosso,crop,418,486,-14.5,-58.5,0.000829952,1
Brazil Mato Grosso,crop,418,487,-14.5,-58.25,0.000602927,1
Brazil Mato Grosso,crop,418,488,-14.5,-58.0,0.001195354,1
Brazil Mato Grosso,crop,418,489,-14.5,-57.75,0.001870019,1
Brazil Mato Grosso,crop,418,490,-14.5,-57.5,0.001772754,1
Brazil Mato Grosso,crop,418,491,-14.5,-57.25,0.001652604,1
Brazil Mato Grosso,crop,418,492,-14.5,-57.0,0.000250994,1
Brazil Mato Grosso,crop,418,493,-14.5,-56.75,0.000998462,1
Brazil Mato Grosso,crop,418,494,-14.5,-56.5,0.000821913,1
Brazil Mato Grosso,crop,418,495,-14.5,-56.25,0.002193213,1
Brazil Mato Grosso,crop,418,496,-14.5,-56.0,0.002421673,1
Brazil Mato Grosso,crop,418,497,-14.5,-55.75,0.000593908,1
Brazil Mato Grosso,crop,418,498,-14.5,-55.5,0.000240319,1
Brazil Mato Grosso,crop,418,499,-14.5,-55.25,0.00039033,1
Brazil Mato Grosso,crop,418,500,-14.5,-55.0,0.000837346,1
Brazil Mato Grosso,crop,418,501,-14.5,-54.75,0.001425936,1
Brazil Mato Grosso,crop,418,502,-14.5,-54.5,0.001841938,1
Brazil Mato Grosso,crop,418,503,-14.5,-54.25,0.002901237,1
Brazil Mato Grosso,crop,418,504,-14.5,-54.0,0.001581768,1
Brazil Mato Grosso,crop,418,505,-14.5,-53.75,0.001432958,1
Brazil Mato Grosso,crop,418,506,-14.5,-53.5,0.000318949,1
Brazil Mato Grosso,crop,418,507,-14.5,-53.25,0.000687753,1
Brazil Mato Grosso,crop,418,508,-14.5,-53.0,0.00127827,1
Brazil Mato Grosso,crop,418,509,-14.5,-52.75,0.001916385,1
Brazil Mato Grosso,crop,418,510,-14.5,-52.5,0.002150682,1
Brazil Mato Grosso,crop,418,511,-14.5,-52.25,0.001222557,1
Brazil Mato Grosso,crop,418,512,-14.5,-52.0,0.00071755,1
Brazil Mato Grosso,crop,418,513,-14.5,-51.75,0.000789209,1
Brazil Mato Grosso,crop,418,514,-14.5,-51.5,6.959e-06,1
Brazil Mato Grosso,crop,418,515,-14.5,-51.25,7.0401e-05,1
Brazil Mato Grosso,crop,418,516,-14.5,-51.0,5.6991e-05,1
Brazil Mato Grosso,crop,419,479,-14.75,-60.25,0.000100914,1
Brazil Mato Grosso,crop,419,480,-14.75,-60.0,0.000209389,1
Brazil Mato Grosso,crop,419,481,-14.75,-59.75,0.000100097,1
Brazil Mato Grosso,crop,419,482,-14.75,-59.5,4.3763e-05,1
Brazil Mato Grosso,crop,419,483,-14.75,-59.25,5.411e-05,1
Brazil Mato Grosso,crop,419,484,-14.75,-59.0,7.078e-06,1
Brazil Mato Grosso,crop,419,485,-14.75,-58.75,2.0925e-05,1
Brazil Mato Grosso,crop,419,486,-14.75,-58.5,0.000188963,1
Brazil Mato Grosso,crop,419,487,-14.75,-58.25,0.000285581,1
Brazil Mato Grosso,crop,419,488,-14.75,-58.0,0.000867511,1
Brazil Mato Grosso,crop,419,489,-14.75,-57.75,0.001373738,1
Brazil Mato Grosso,crop,419,490,-14.75,-57.5,0.001837225,1
Brazil Mato Grosso,crop,419,491,-14.75,-57.25,0.001324407,1
Brazil Mato Grosso,crop,419,492,-14.75,-57.0,0.000213835,1
Brazil Mato Grosso,crop,419,493,-14.75,-56.75,0.000282996,1
Brazil Mato Grosso,crop,419,494,-14.75,-56.5,0.000258686,1
Brazil Mato Grosso,crop,419,495,-14.75,-56.25,0.000436351,1
Brazil Mato Grosso,crop,419,496,-14.75,-56.0,0.000265236,1
Brazil Mato Grosso,crop,419,497,-14.75,-55.75,0.000188499,1
Brazil Mato Grosso,crop,419,498,-14.75,-55.5,9.7436e-05,1
Brazil Mato Grosso,crop,419,499,-14.75,-55.25,0.000193707,1
Brazil Mato Grosso,crop,419,500,-14.75,-55.0,0.000390075,1
Brazil Mato Grosso,crop,419,501,-14.75,-54.75,0.000422755,1
Brazil Mato Grosso,crop,419,502,-14.75,-54.5,0.000301449,1
Brazil Mato Grosso,crop,419,503,-14.75,-54.25,0.000291769,1
Brazil Mato Grosso,crop,419,504,-14.75,-54.0,0.00066397,1
Brazil Mato Grosso,crop,419,505,-14.75,-53.75,0.001829336,1
Brazil Mato Grosso,crop,419,506,-14.75,-53.5,0.002371522,1
Brazil Mato Grosso,crop,419,507,-14.75,-53.25,0.0015326,1
Brazil Mato Grosso,crop,419,508,-14.75,-53.0,0.001009,1
Brazil Mato Grosso,crop,419,509,-14.75,-52.75,0.001447936,1
Brazil Mato Grosso,crop,419,510,-14.75,-52.5,0.002490306,1
Brazil Mato Grosso,crop,419,511,-14.75,-52.25,0.003808152,1
Brazil Mato Grosso,crop,419,512,-14.75,-52.0,0.001631916,1
Brazil Mato Grosso,crop,419,513,-14.75,-51.75,1.0434e-05,1
Brazil Mato Grosso,crop,419,514,-14.75,-51.5,2.6209e-05,1
Brazil Mato Grosso,crop,419,515,-14.75,-51.25,0.000135806,1
Brazil Mato Grosso,crop,420,478,-15.0,-60.5,2.753e-05,1
Brazil Mato Grosso,crop,420,479,-15.0,-60.25,0.00011491,1
Brazil Mato Grosso,crop,420,480,-15.0,-60.0,0.000159855,1
Brazil Mato Grosso,crop,420,481,-15.0,-59.75,0.000149532,1
Brazil Mato Grosso,crop,420,482,-15.0,-59.5,0.000307037,1
Brazil Mato Grosso,crop,420,483,-15.0,-59.25,0.000327832,1
Brazil Mato Grosso,crop,420,484,-15.0,-59.0,5.8388e-05,1
Brazil Mato Grosso,crop,420,485,-15.0,-58.75,8.1696e-05,1
Brazil Mato Grosso,crop,420,486,-15.0,-58.5,0.000454621,1
Brazil Mato Grosso,crop,420,487,-15.0,-58.25,0.000187313,1
Brazil Mato Grosso,crop,420,488,-15.0,-58.0,5.6153e-05,1
Brazil Mato Grosso,crop,420,489,-15.0,-57.75,6.0567e-05,1
Brazil Mato Grosso,crop,420,490,-15.0,-57.5,1.5735e-05,1
Brazil Mato Grosso,crop,420,491,-15.0,-57.25,1.3888e-05,1
Brazil Mato Grosso,crop,420,492,-15.0,-57.0,4.5395e-05,1
Brazil Mato Grosso,crop,420,493,-15.0,-56.75,0.000329159,1
Brazil Mato Grosso,crop,420,494,-15.0,-56.5,0.000712524,1
Brazil Mato Grosso,crop,420,495,-15.0,-56.25,0.000462786,1
Brazil Mato Grosso,crop,420,496,-15.0,-56.0,0.000175912,1
Brazil Mato Grosso,crop,420,497,-15.0,-55.75,0.000247052,1
Brazil Mato Grosso,crop,420,498,-15.0,-55.5,0.000344372,1
Brazil Mato Grosso,crop,420,499,-15.0,-55.25,0.000512951,1
Brazil Mato Grosso,crop,420,500,-15.0,-55.0,0.000458659,1
Brazil Mato Grosso,crop,420,501,-15.0,-54.75,0.000591137,1
Brazil Mato Grosso,crop,420,502,-15.0,-54.5,0.000314065,1
Brazil Mato Grosso,crop,420,503,-15.0,-54.25,0.000210723,1
Brazil Mato Grosso,crop,420,504,-15.0,-54.0,0.001207211,1
Brazil Mato Grosso,crop,420,505,-15.0,-53.75,0.002358436,1
Brazil Mato Grosso,crop,420,506,-15.0,-53.5,0.002133985,1
Brazil Mato Grosso,crop,420,507,-15.0,-53.25,0.001281754,1
Brazil Mato Grosso,crop,420,508,-15.0,-53.0,0.001321752,1
Brazil Mato Grosso,crop,420,509,-15.0,-52.75,0.000805923,1
Brazil Mato Grosso,crop,420,510,-15.0,-52.5,0.002730411,1
Brazil Mato Grosso,crop,420,511,-15.0,-52.25,0.003969338,1
Brazil Mato Grosso,crop,420,512,-15.0,-52.0,0.000254814,1
Brazil Mato Grosso,crop,420,513,-15.0,-51.75,1.0726e-05,1
Brazil Mato Grosso,crop,420,514,-15.0,-51.5,2.8751e-05,1
Brazil Mato Grosso,crop,420,515,-15.0,-51.25,4.2167e-05,1
Brazil Mato Grosso,crop,421,478,-15.25,-60.5,5.5794e-05,1
Brazil Mato Grosso,crop,421,479,-15.25,-60.25,0.000291056,1
Brazil Mato Grosso,crop,421,480,-15.25,-60.0,8.231e-05,1
Brazil Mato Grosso,crop,421,481,-15.25,-59.75,0.000110643,1
Brazil Mato Grosso,crop,421,482,-15.25,-59.5,0.000256283,1
Brazil Mato Grosso,crop,421,483,-15.25,-59.25,0.000208818,1
Brazil Mato Grosso,crop,421,484,-15.25,-59.0,0.000168628,1
Brazil Mato Grosso,crop,421,485,-15.25,-58.75,0.000366555,1
Brazil Mato Grosso,crop,421,486,-15.25,-58.5,3.415e-05,1
Brazil Mato Grosso,crop,421,487,-15.25,-58.25,0.000310355,1
Brazil Mato Grosso,crop,421,488,-15.25,-58.0,0.000249965,1
Brazil Mato Grosso,crop,421,489,-15.25,-57.75,5.5751e-05,1
Brazil Mato Grosso,crop,421,490,-15.25,-57.5,1.357e-05,1
Brazil Mato Grosso,crop,421,491,-15.25,-57.25,0.00156446,1
Brazil Mato Grosso,crop,421,492,-15.25,-57.0,0.000669419,1
Brazil Mato Grosso,crop,421,493,-15.25,-56.75,0.000199892,1
Brazil Mato Grosso,crop,421,494,-15.25,-56.5,0.001024723,1
Brazil Mato Grosso,crop,421,495,-15.25,-56.25,0.000986524,1
Brazil Mato Grosso,crop,421,496,-15.25,-56.0,5.1661e-05,1
Brazil Mato Grosso,crop,421,497,-15.25,-55.75,0.000348453,1
Brazil Mato Grosso,crop,421,498,-15.25,-55.5,0.000478051,1
Brazil Mato Grosso,crop,421,499,-15.25,-55.25,0.00041093,1
Brazil Mato Grosso,crop,421,500,-15.25,-55.0,0.000362918,1
Brazil Mato Grosso,crop,421,501,-15.25,-54.75,0.000424114,1
Brazil Mato Grosso,crop,421,502,-15.25,-54.5,0.000160273,1
Brazil Mato Grosso,crop,421,503,-15.25,-54.25,0.000141501,1
Brazil Mato Grosso,crop,421,504,-15.25,-54.0,0.00104046,1
Brazil Mato Grosso,crop,421,505,-15.25,-53.75,0.002211664,1
Brazil Mato Grosso,crop,421,506,-15.25,-53.5,0.001793891,1
Brazil Mato Grosso,crop,421,507,-15.25,-53.25,0.001654737,1
Brazil Mato Grosso,crop,421,508,-15.25,-53.0,0.001226084,1
Brazil Mato Grosso,crop,421,509,-15.25,-52.75,9.5259e-05,1
Brazil Mato Grosso,crop,421,510,-15.25,-52.5,0.001474855,1
Brazil Mato Grosso,crop,421,511,-15.25,-52.25,0.002857696,1
Brazil Mato Grosso,crop,421,512,-15.25,-52.0,4.8073e-05,1
Brazil Mato Grosso,crop,421,513,-15.25,-51.75,1.3364e-05,1
Brazil Mato Grosso,crop,422,479,-15.5,-60.25,5.2957e-05,1
Brazil Mato Grosso,crop,422,480,-15.5,-60.0,6.5709e-05,1
Brazil Mato Grosso,crop,422,481,-15.5,-59.75,0.000417811,1
Brazil Mato Grosso,crop,422,482,-15.5,-59.5,0.000274513,1
Brazil Mato Grosso,crop,422,483,-15.5,-59.25,0.000237781,1
Brazil Mato Grosso,crop,422,484,-15.5,-59.0,0.00097574,1
Brazil Mato Grosso,crop,422,485,-15.5,-58.75,0.001809831,1
Brazil Mato Grosso,crop,422,486,-15.5,-58.5,0.000142365,1
Brazil Mato Grosso,crop,422,487,-15.5,-58.25,0.000137087,1
Brazil Mato Grosso,crop,422,488,-15.5,-58.0,0.000671114,1
Brazil Mato Grosso,crop,422,489,-15.5,-57.75,4.6725e-05,1
Brazil Mato Grosso,crop,422,490,-15.5,-57.5,0.000635446,1
Brazil Mato Grosso,crop,422,491,-15.5,-57.25,0.00142617,1
Brazil Mato Grosso,crop,422,492,-15.5,-57.0,0.000137177,1
Brazil Mato Grosso,crop,422,493,-15.5,-56.75,0.000178961,1
Brazil Mato Grosso,crop,422,494,-15.5,-56.5,0.000349047,1
Brazil Mato Grosso,crop,422,495,-15.5,-56.25,0.00065067,1
Brazil Mato Grosso,crop,422,496,-15.5,-56.0,3.652e-06,1
Brazil Mato Grosso,crop,422,497,-15.5,-55.75,0.000113089,1
Brazil Mato Grosso,crop,422,498,-15.5,-55.5,0.000655759,1
Brazil Mato Grosso,crop,422,499,-15.5,-55.25,0.000285859,1
Brazil Mato Grosso,crop,422,500,-15.5,-55.0,0.001317834,1
Brazil Mato Grosso,crop,422,501,-15.5,-54.75,0.001795508,1
Brazil Mato Grosso,crop,422,502,-15.5,-54.5,0.002101136,1
Brazil Mato Grosso,crop,422,503,-15.5,-54.25,0.000884173,1
Brazil Mato Grosso,crop,422,504,-15.5,-54.0,0.000723425,1
Brazil Mato Grosso,crop,422,505,-15.5,-53.75,0.001932911,1
Brazil Mato Grosso,crop,422,506,-15.5,-53.5,0.001819581,1
Brazil Mato Grosso,crop,422,507,-15.5,-53.25,0.000847298,1
Brazil Mato Grosso,crop,422,508,-15.5,-53.0,0.000433287,1
Brazil Mato Grosso,crop,422,509,-15.5,-52.75,0.00077184,1
Brazil Mato Grosso,crop,422,510,-15.5,-52.5,0.002030999,1
Brazil Mato Grosso,crop,422,511,-15.5,-52.25,0.003768681,1
Brazil Mato Grosso,crop,422,512,-15.5,-52.0,4.8189e-05,1
Brazil Mato Grosso,crop,422,513,-15.5,-51.75,1.776e-05,1
Brazil Mato Grosso,crop,423,479,-15.75,-60.25,1.9317e-05,1
Brazil Mato Grosso,crop,423,480,-15.75,-60.0,8.7399e-05,1
Brazil Mato Grosso,crop,423,481,-15.75,-59.75,0.000211137,1
Brazil Mato Grosso,crop,423,482,-15.75,-59.5,0.000133125,1
Brazil Mato Grosso,crop,423,483,-15.75,-59.25,0.000140629,1
Brazil Mato Grosso,crop,423,484,-15.75,-59.0,5.3061e-05,1
Brazil Mato Grosso,crop,423,485,-15.75,-58.75,6.7448e-05,1
Brazil Mato Grosso,crop,423,486,-15.75,-58.5,0.001221433,1
Brazil Mato Grosso,crop,423,487,-15.75,-58.25,0.001253658,1
Brazil Mato Grosso,crop,423,488,-15.75,-58.0,0.000144475,1
Brazil Mato Grosso,crop,423,489,-15.75,-57.75,0.000546333,1
Brazil Mato Grosso,crop,423,490,-15.75,-57.5,0.00053021,1
Brazil Mato Grosso,crop,423,491,-15.75,-57.25,0.000379586,1
Brazil Mato Grosso,crop,423,492,-15.75,-57.0,5.6771e-05,1
Brazil Mato Grosso,crop,423,493,-15.75,-56.75,7.1952e-05,1
Brazil Mato Grosso,crop,423,494,-15.75,-56.5,3.7613e-05,1
Brazil Mato Grosso,crop,423,495,-15.75,-56.25,0.000143089,1
Brazil Mato Grosso,crop,423,496,-15.75,-56.0,0.000127763,1
Brazil Mato Grosso,crop,423,497,-15.75,-55.75,0.000185609,1
Brazil Mato Grosso,crop,423,498,-15.75,-55.5,0.000167968,1
Brazil Mato Grosso,crop,423,499,-15.75,-55.25,0.002676182,1
Brazil Mato Grosso,crop,423,500,-15.75,-55.0,0.001790618,1
Brazil Mato Grosso,crop,423,501,-15.75,-54.75,0.002315774,1
Brazil Mato Grosso,crop,423,502,-15.75,-54.5,0.002403455,1
Brazil Mato Grosso,crop,423,503,-15.75,-54.25,0.00276817,1
Brazil Mato Grosso,crop,423,504,-15.75,-54.0,0.002656353,1
Brazil Mato Grosso,crop,423,505,-15.75,-53.75,0.002042508,1
Brazil Mato Grosso,crop,423,506,-15.75,-53.5,0.000635048,1
Brazil Mato Grosso,crop,423,507,-15.75,-53.25,0.000561123,1
Brazil Mato Grosso,crop,423,508,-15.75,-53.0,0.000342033,1
Brazil Mato Grosso,crop,423,509,-15.75,-52.75,0.000492075,1
Brazil Mato Grosso,crop,423,510,-15.75,-52.5,0.001336974,1
Brazil Mato Grosso,crop,423,511,-15.75,-52.25,0.001608191,1
Brazil Mato Grosso,crop,423,512,-15.75,-52.0,3.3567e-05,1
Brazil Mato Grosso,crop,424,479,-16.0,-60.25,6.5709e-05,1
Brazil Mato Grosso,crop,424,480,-16.0,-60.0,0.000168649,1
Brazil Mato Grosso,crop,424,481,-16.0,-59.75,0.000240267,1
Brazil Mato Grosso,crop,424,482,-16.0,-59.5,6.8865e-05,1
Brazil Mato Grosso,crop,424,483,-16.0,-59.25,1.4291e-05,1
Brazil Mato Grosso,crop,424,484,-16.0,-59.0,4.7725e-05,1
Brazil Mato Grosso,crop,424,485,-16.0,-58.75,9.0376e-05,1
Brazil Mato Grosso,crop,424,486,-16.0,-58.5,0.000142889,1
Brazil Mato Grosso,crop,424,487,-16.0,-58.25,0.000571174,1
Brazil Mato Grosso,crop,424,488,-16.0,-58.0,6.3295e-05,1
Brazil Mato Grosso,crop,424,489,-16.0,-57.75,0.000155847,1
Brazil Mato Grosso,crop,424,490,-16.0,-57.5,6.8013e-05,1
Brazil Mato Grosso,crop,424,491,-16.0,-57.25,6.7929e-05,1
Brazil Mato Grosso,crop,424,492,-16.0,-57.0,0.000174694,1
Brazil Mato Grosso,crop,424,493,-16.0,-56.75,0.000226576,1
Brazil Mato Grosso,crop,424,494,-16.0,-56.5,0.000107696,1
Brazil Mato Grosso,crop,424,495,-16.0,-56.25,1.7103e-05,1
Brazil Mato Grosso,crop,424,496,-16.0,-56.0,2.7264e-05,1
Brazil Mato Grosso,crop,424,497,-16.0,-55.75,0.000113962,1
Brazil Mato Grosso,crop,424,498,-16.0,-55.5,0.000153595,1
Brazil Mato Grosso,crop,424,499,-16.0,-55.25,0.002717737,1
Brazil Mato Grosso,crop,424,500,-16.0,-55.0,0.001948665,1
Brazil Mato Grosso,crop,424,501,-16.0,-54.75,0.001614797,1
Brazil Mato Grosso,crop,424,502,-16.0,-54.5,0.002504893,1
Brazil Mato Grosso,crop,424,503,-16.0,-54.25,0.002164298,1
Brazil Mato Grosso,crop,424,504,-16.0,-54.0,0.00131899,1
Brazil Mato Grosso,crop,424,505,-16.0,-53.75,0.000588911,1
Brazil Mato Grosso,crop,424,506,-16.0,-53.5,0.000517942,1
Brazil Mato Grosso,crop,424,507,-16.0,-53.25,0.000862992,1
Brazil Mato Grosso,crop,424,508,-16.0,-53.0,0.000243099,1
Brazil Mato Grosso,crop,424,509,-16.0,-52.75,0.000186345,1
Brazil Mato Grosso,crop,424,510,-16.0,-52.5,6.7045e-05,1
Brazil Mato Grosso,crop,424,511,-16.0,-52.25,3.846e-06,1
Brazil Mato Grosso,crop,425,479,-16.25,-60.25,4.4616e-05,1
Brazil Mato Grosso,crop,425,480,-16.25,-60.0,8.4832e-05,1
Brazil Mato Grosso,crop,425,481,-16.25,-59.75,7.5899e-05,1
Brazil Mato Grosso,crop,425,482,-16.25,-59.5,2.8359e-05,1
Brazil Mato Grosso,crop,425,483,-16.25,-59.25,3.5663e-05,1
Brazil Mato Grosso,crop,425,484,-16.25,-59.0,1.8618e-05,1
Brazil Mato Grosso,crop,425,485,-16.25,-58.75,6.9085e-05,1
Brazil Mato Grosso,crop,425,486,-16.25,-58.5,6.6445e-05,1
Brazil Mato Grosso,crop,425,487,-16.25,-58.25,0.000105064,1
Brazil Mato Grosso,crop,425,488,-16.25,-58.0,5.16e-05,1
Brazil Mato Grosso,crop,425,489,-16.25,-57.75,7.5314e-05,1
Brazil Mato Grosso,crop,425,490,-16.25,-57.5,6.7732e-05,1
Brazil Mato Grosso,crop,425,491,-16.25,-57.25,5.3267e-05,1
Brazil Mato Grosso,crop,425,492,-16.25,-57.0,6.2147e-05,1
Brazil Mato Grosso,crop,425,493,-16.25,-56.75,0.000183508,1
Brazil Mato Grosso,crop,425,494,-16.25,-56.5,6.4387e-05,1
Brazil Mato Grosso,crop,425,495,-16.25,-56.25,2.0589e-05,1
Brazil Mato Grosso,crop,425,496,-16.25,-56.0,0.000297748,1
Brazil Mato Grosso,crop,425,497,-16.25,-55.75,0.000233569,1
Brazil Mato Grosso,crop,425,498,-16.25,-55.5,0.000273748,1
Brazil Mato Grosso,crop,425,499,-16.25,-55.25,0.002229082,1
Brazil Mato Grosso,crop,425,500,-16.25,-55.0,0.002871788,1
Brazil Mato Grosso,crop,425,501,-16.25,-54.75,0.003436194,1
Brazil Mato Grosso,crop,425,502,-16.25,-54.5,0.003067115,1
Brazil Mato Grosso,crop,425,503,-16.25,-54.25,0.00271872,1
Brazil Mato Grosso,crop,425,504,-16.25,-54.0,0.001788387,1
Brazil Mato Grosso,crop,425,505,-16.25,-53.75,0.001395205,1
Brazil Mato Grosso,crop,425,506,-16.25,-53.5,0.001826942,1
Brazil Mato Grosso,crop,425,507,-16.25,-53.25,0.001872476,1
Brazil Mato Grosso,crop,425,508,-16.25,-53.0,0.000592494,1
Brazil Mato Grosso,crop,425,509,-16.25,-52.75,0.000714565,1
Brazil Mato Grosso,crop,425,510,-16.25,-52.5,3.7442e-05,1
Brazil Mato Grosso,crop,426,486,-16.5,-58.5,8.1e-08,1
Brazil Mato Grosso,crop,426,487,-16.5,-58.25,3.6779e-05,1
Brazil Mato Grosso,crop,426,488,-16.5,-58.0,5.275e-06,1
Brazil Mato Grosso,crop,426,489,-16.5,-57.75,5.3275e-05,1
Brazil Mato Grosso,crop,426,490,-16.5,-57.5,2.5844e-05,1
Brazil Mato Grosso,crop,426,491,-16.5,-57.25,1.8508e-05,1
Brazil Mato Grosso,crop,426,492,-16.5,-57.0,1.6355e-05,1
Brazil Mato Grosso,crop,426,493,-16.5,-56.75,4.258e-06,1
Brazil Mato Grosso,crop,426,494,-16.5,-56.5,2.742e-05,1
Brazil Mato Grosso,crop,426,495,-16.5,-56.25,0.000235407,1
Brazil Mato Grosso,crop,426,496,-16.5,-56.0,0.000130488,1
Brazil Mato Grosso,crop,426,497,-16.5,-55.75,0.000113744,1
Brazil Mato Grosso,crop,426,498,-16.5,-55.5,8.5878e-05,1
Brazil Mato Grosso,crop,426,499,-16.5,-55.25,0.000180746,1
Brazil Mato Grosso,crop,426,500,-16.5,-55.0,0.001385937,1
Brazil Mato Grosso,crop,426,501,-16.5,-54.75,0.002958686,1
Brazil Mato Grosso,crop,426,502,-16.5,-54.5,0.001911214,1
Brazil Mato Grosso,crop,426,503,-16.5,-54.25,0.00161466,1
Brazil Mato Grosso,crop,426,504,-16.5,-54.0,0.000991315,1
Brazil Mato Grosso,crop,426,505,-16.5,-53.75,0.001546804,1
Brazil Mato Grosso,crop,426,506,-16.5,-53.5,0.00160414,1
Brazil Mato Grosso,crop,426,507,-16.5,-53.25,0.000729056,1
Brazil Mato Grosso,crop,426,508,-16.5,-53.0,0.000776544,1
Brazil Mato Grosso,crop,426,509,-16.5,-52.75,0.002083486,1
Brazil Mato Grosso,crop,427,486,-16.75,-58.5,0.0,1
Brazil Mato Grosso,crop,427,487,-16.75,-58.25,3e-09,1
Brazil Mato Grosso,crop,427,488,-16.75,-58.0,1.887e-06,1
Brazil Mato Grosso,crop,427,489,-16.75,-57.75,3.461e-06,1
Brazil Mato Grosso,crop,427,490,-16.75,-57.5,0.0,1
Brazil Mato Grosso,crop,427,491,-16.75,-57.25,6.13e-06,1
Brazil Mato Grosso,crop,427,492,-16.75,-57.0,1.403e-05,1
Brazil Mato Grosso,crop,427,493,-16.75,-56.75,1.855e-06,1
Brazil Mato Grosso,crop,427,494,-16.75,-56.5,4.0517e-05,1
Brazil Mato Grosso,crop,427,495,-16.75,-56.25,3.4309e-05,1
Brazil Mato Grosso,crop,427,496,-16.75,-56.0,0.000138101,1
Brazil Mato Grosso,crop,427,497,-16.75,-55.75,0.000887842,1
Brazil Mato Grosso,crop,427,498,-16.75,-55.5,0.000378684,1
Brazil Mato Grosso,crop,427,499,-16.75,-55.25,0.000104896,1
Brazil Mato Grosso,crop,427,500,-16.75,-55.0,0.000268841,1
Brazil Mato Grosso,crop,427,501,-16.75,-54.75,0.004604421,1
Brazil Mato Grosso,crop,427,502,-16.75,-54.5,0.001879056,1
Brazil Mato Grosso,crop,427,503,-16.75,-54.25,0.00168061,1
Brazil Mato Grosso,crop,427,504,-16.75,-54.0,0.002148505,1
Brazil Mato Grosso,crop,427,505,-16.75,-53.75,0.003607878,1
Brazil Mato Grosso,crop,427,506,-16.75,-53.5,0.001963287,1
Brazil Mato Grosso,crop,427,507,-16.75,-53.25,0.00061099,1
Brazil Mato Grosso,crop,427,508,-16.75,-53.0,0.000272597,1
Brazil Mato Grosso,crop,427,509,-16.75,-52.75,2.113e-06,1
Brazil Mato Grosso,crop,428,486,-17.0,-58.5,0.0,1
Brazil Mato Grosso,crop,428,487,-17.0,-58.25,0.0,1
Brazil Mato Grosso,crop,428,488,-17.0,-58.0,0.0,1
Brazil Mato Grosso,crop,428,489,-17.0,-57.75,0.0,1
Brazil Mato Grosso,crop,428,490,-17.0,-57.5,9e-09,1
Brazil Mato Grosso,crop,428,491,-17.0,-57.25,0.0,1
Brazil Mato Grosso,crop,428,492,-17.0,-57.0,9e-09,1
Brazil Mato Grosso,crop,428,493,-17.0,-56.75,7.953e-06,1
Brazil Mato Grosso,crop,428,494,-17.0,-56.5,0.000260175,1
Brazil Mato Grosso,crop,428,495,-17.0,-56.25,0.000400491,1
Brazil Mato Grosso,crop,428,496,-17.0,-56.0,0.000605727,1
Brazil Mato Grosso,crop,428,497,-17.0,-55.75,0.001680407,1
Brazil Mato Grosso,crop,428,498,-17.0,-55.5,4.3821e-05,1
Brazil Mato Grosso,crop,428,499,-17.0,-55.25,0.00014806,1
Brazil Mato Grosso,crop,428,500,-17.0,-55.0,0.000710194,1
Brazil Mato Grosso,crop,428,501,-17.0,-54.75,0.004400898,1
Brazil Mato Grosso,crop,428,502,-17.0,-54.5,0.002559815,1
Brazil Mato Grosso,crop,428,503,-17.0,-54.25,0.001958777,1
Brazil Mato Grosso,crop,428,504,-17.0,-54.0,0.00293943,1
Brazil Mato Grosso,crop,428,505,-17.0,-53.75,0.003356041,1
Brazil Mato Grosso,crop,428,506,-17.0,-53.5,0.003085014,1
Brazil Mato Grosso,crop,428,507,-17.0,-53.25,0.002717277,1
Brazil Mato Grosso,crop,428,508,-17.0,-53.0,4.2445e-05,1
Brazil Mato Grosso,crop,429,486,-17.25,-58.5,0.0,1
Brazil Mato Grosso,crop,429,487,-17.25,-58.25,0.0,1
Brazil Mato Grosso,crop,429,488,-17.25,-58.0,0.0,1
Brazil Mato Grosso,crop,429,489,-17.25,-57.75,0.0,1
Brazil Mato Grosso,crop,429,490,-17.25,-57.5,0.0,1
Brazil Mato Grosso,crop,429,491,-17.25,-57.25,0.0,1
Brazil Mato Grosso,crop,429,492,-17.25,-57.0,9.3e-08,1
Brazil Mato Grosso,crop,429,493,-17.25,-56.75,4.46e-06,1
Brazil Mato Grosso,crop,429,494,-17.25,-56.5,2.1146e-05,1
Brazil Mato Grosso,crop,429,495,-17.25,-56.25,1.8424e-05,1
Brazil Mato Grosso,crop,429,496,-17.25,-56.0,0.000254512,1
Brazil Mato Grosso,crop,429,497,-17.25,-55.75,0.000550675,1
Brazil Mato Grosso,crop,429,498,-17.25,-55.5,9.3115e-05,1
Brazil Mato Grosso,crop,429,499,-17.25,-55.25,0.00046593,1
Brazil Mato Grosso,crop,429,500,-17.25,-55.0,0.001503675,1
Brazil Mato Grosso,crop,429,501,-17.25,-54.75,0.003866323,1
Brazil Mato Grosso,crop,429,502,-17.25,-54.5,0.00342936,1
Brazil Mato Grosso,crop,429,503,-17.25,-54.25,0.002460405,1
Brazil Mato Grosso,crop,429,504,-17.25,-54.0,0.001733016,1
Brazil Mato Grosso,crop,429,505,-17.25,-53.75,0.001069825,1
Brazil Mato Grosso,crop,429,506,-17.25,-53.5,0.002787765,1
Brazil Mato Grosso,crop,429,507,-17.25,-53.25,0.001966632,1
Brazil Mato Grosso,crop,430,488,-17.5,-58.0,0.0,1
Brazil Mato Grosso,crop,430,489,-17.5,-57.75,0.0,0
Brazil Mato Grosso,crop,430,490,-17.5,-57.5,0.0,1
Brazil Mato Grosso,crop,430,491,-17.5,-57.25,0.0,1
Brazil Mato Grosso,crop,430,492,-17.5,-57.0,0.0,1
Brazil Mato Grosso,crop,430,498,-17.5,-55.5,1.2399e-05,1
Brazil Mato Grosso,crop,430,499,-17.5,-55.25,0.00061552,1
Brazil Mato Grosso,crop,430,500,-17.5,-55.0,0.001782666,1
Brazil Mato Grosso,crop,430,501,-17.5,-54.75,0.001548972,1
Brazil Mato Grosso,crop,430,502,-17.5,-54.5,0.001884072,1
Brazil Mato Grosso,crop,430,503,-17.5,-54.25,0.002573596,1
Brazil Mato Grosso,crop,430,504,-17.5,-54.0,0.000579208,1
Brazil Mato Grosso,crop,430,505,-17.5,-53.75,0.001032598,1
Brazil Mato Grosso,crop,430,506,-17.5,-53.5,0.002544947,1
Brazil Mato Grosso,crop,430,507,-17.5,-53.25,0.000634634,1
Brazil Mato Grosso,crop,431,489,-17.75,-57.75,0.0,0
Brazil Mato Grosso,crop,431,490,-17.75,-57.5,0.0,1
Brazil Mato Grosso,crop,431,491,-17.75,-57.25,0.0,1
Brazil Mato Grosso,crop,431,492,-17.75,-57.0,6e-09,1
Brazil Mato Grosso,crop,431,504,-17.75,-54.0,0.000909776,1
Brazil Mato Grosso,crop,431,505,-17.75,-53.75,0.001991713,1
Brazil Mato Grosso,crop,431,506,-17.75,-53.5,0.003547522,1
Brazil Mato Grosso,crop,431,507,-17.75,-53.25,0.002017429,1
Brazil Mato Grosso,crop,432,505,-18.0,-53.75,0.001132088,1
Brazil Mato Grosso,crop,432,506,-18.0,-53.5,0.000736455,1
Brazil Mato Grosso,crop,432,507,-18.0,-53.25,0.001113989,1
pin:Brazil Mato Grosso,pin,411,498,-12.75,-55.5,1.0,1
Brazil Parana,crop,450,508,-22.5,-53.0,0.000414819,1
Brazil Parana,crop,450,509,-22.5,-52.75,0.000133761,1
Brazil Parana,crop,450,510,-22.5,-52.5,1.7105e-05,1
Brazil Parana,crop,450,511,-22.5,-52.25,0.000338056,1
Brazil Parana,crop,450,512,-22.5,-52.0,0.000483004,1
Brazil Parana,crop,450,513,-22.5,-51.75,0.000227353,1
Brazil Parana,crop,451,506,-22.75,-53.5,0.00025958,1
Brazil Parana,crop,451,507,-22.75,-53.25,6.3578e-05,1
Brazil Parana,crop,451,508,-22.75,-53.0,0.000202583,1
Brazil Parana,crop,451,509,-22.75,-52.75,0.003113848,1
Brazil Parana,crop,451,510,-22.75,-52.5,8.7874e-05,1
Brazil Parana,crop,451,511,-22.75,-52.25,0.000768884,1
Brazil Parana,crop,451,512,-22.75,-52.0,0.001776665,1
Brazil Parana,crop,451,513,-22.75,-51.75,0.002604636,1
Brazil Parana,crop,451,514,-22.75,-51.5,0.000818776,1
Brazil Parana,crop,451,515,-22.75,-51.25,0.001600356,1
Brazil Parana,crop,451,516,-22.75,-51.0,0.00130599,1
Brazil Parana,crop,452,505,-23.0,-53.75,0.000229677,1
Brazil Parana,crop,452,506,-23.0,-53.5,0.002253339,1
Brazil Parana,crop,452,507,-23.0,-53.25,0.001268682,1
Brazil Parana,crop,452,508,-23.0,-53.0,0.000443871,1
Brazil Parana,crop,452,509,-23.0,-52.75,0.00360017,1
Brazil Parana,crop,452,510,-23.0,-52.5,5.8613e-05,1
Brazil Parana,crop,452,511,-23.0,-52.25,0.001849947,1
Brazil Parana,crop,452,512,-23.0,-52.0,0.003936529,1
Brazil Parana,crop,452,513,-23.0,-51.75,0.002769778,1
Brazil Parana,crop,452,514,-23.0,-51.5,0.001275664,1
Brazil Parana,crop,452,515,-23.0,-51.25,0.001194595,1
Brazil Parana,crop,452,516,-23.0,-51.0,0.001697685,1
Brazil Parana,crop,452,517,-23.0,-50.75,0.000612468,1
Brazil Parana,crop,452,518,-23.0,-50.5,1e-08,1
Brazil Parana,crop,452,519,-23.0,-50.25,0.001245201,1
Brazil Parana,crop,452,520,-23.0,-50.0,0.00189062,1
Brazil Parana,crop,452,521,-23.0,-49.75,0.000117074,1
Brazil Parana,crop,453,505,-23.25,-53.75,0.000352709,1
Brazil Parana,crop,453,506,-23.25,-53.5,0.000273612,1
Brazil Parana,crop,453,507,-23.25,-53.25,0.000510593,1
Brazil Parana,crop,453,508,-23.25,-53.0,0.000442765,1
Brazil Parana,crop,453,509,-23.25,-52.75,0.001448303,1
Brazil Parana,crop,453,510,-23.25,-52.5,0.002187656,1
Brazil Parana,crop,453,511,-23.25,-52.25,0.002560814,1
Brazil Parana,crop,453,512,-23.25,-52.0,0.005149716,1
Brazil Parana,crop,453,513,-23.25,-51.75,0.000493198,1
Brazil Parana,crop,453,514,-23.25,-51.5,0.003503504,1
Brazil Parana,crop,453,515,-23.25,-51.25,0.001137123,1
Brazil Parana,crop,453,516,-23.25,-51.0,0.002063676,1
Brazil Parana,crop,453,517,-23.25,-50.75,0.003107783,1
Brazil Parana,crop,453,518,-23.25,-50.5,0.005607002,1
Brazil Parana,crop,453,519,-23.25,-50.25,0.003709542,1
Brazil Parana,crop,453,520,-23.25,-50.0,0.003849908,1
Brazil Parana,crop,453,521,-23.25,-49.75,0.00042806,1
Brazil Parana,crop,454,504,-23.5,-54.0,1.0051e-05,1
Brazil Parana,crop,454,505,-23.5,-53.75,0.000121717,1
Brazil Parana,crop,454,506,-23.5,-53.5,0.00036514,1
Brazil Parana,crop,454,507,-23.5,-53.25,0.000375981,1
Brazil Parana,crop,454,508,-23.5,-53.0,0.000403616,1
Brazil Parana,crop,454,509,-23.5,-52.75,0.001043857,1
Brazil Parana,crop,454,510,-23.5,-52.5,0.002393516,1
Brazil Parana,crop,454,511,-23.5,-52.25,0.00382814,1
Brazil Parana,crop,454,512,-23.5,-52.0,0.004703552,1
Brazil Parana,crop,454,513,-23.5,-51.75,0.002090103,1
Brazil Parana,crop,454,514,-23.5,-51.5,0.006351278,1
Brazil Parana,crop,454,515,-23.5,-51.25,0.001330272,1
Brazil Parana,crop,454,516,-23.5,-51.0,0.002188482,1
Brazil Parana,crop,454,517,-23.5,-50.75,0.001112302,1
Brazil Parana,crop,454,518,-23.5,-50.5,0.004196053,1
Brazil Parana,crop,454,519,-23.5,-50.25,0.002100975,1
Brazil Parana,crop,454,520,-23.5,-50.0,0.002850578,1
Brazil Parana,crop,454,521,-23.5,-49.75,0.001170446,1
Brazil Parana,crop,455,504,-23.75,-54.0,0.000270049,1
Brazil Parana,crop,455,505,-23.75,-53.75,0.000609813,1
Brazil Parana,crop,455,506,-23.75,-53.5,0.001470745,1
Brazil Parana,crop,455,507,-23.75,-53.25,0.00111616,1
Brazil Parana,crop,455,508,-23.75,-53.0,0.002033651,1
Brazil Parana,crop,455,509,-23.75,-52.75,0.00203674,1
Brazil Parana,crop,455,510,-23.75,-52.5,0.005527058,1
Brazil Parana,crop,455,511,-23.75,-52.25,0.003528978,1
Brazil Parana,crop,455,512,-23.75,-52.0,0.005065675,1
Brazil Parana,crop,455,513,-23.75,-51.75,0.0052831,1
Brazil Parana,crop,455,514,-23.75,-51.5,0.004895467,1
Brazil Parana,crop,455,515,-23.75,-51.25,8.952e-05,1
Brazil Parana,crop,455,516,-23.75,-51.0,0.002264669,1
Brazil Parana,crop,455,517,-23.75,-50.75,0.002653066,1
Brazil Parana,crop,455,518,-23.75,-50.5,0.0025419,1
Brazil Parana,crop,455,519,-23.75,-50.25,0.0021615,1
Brazil Parana,crop,455,520,-23.75,-50.0,0.00339354,1
Brazil Parana,crop,455,521,-23.75,-49.75,0.003159735,1
Brazil Parana,crop,456,503,-24.0,-54.25,0.003082003,1
Brazil Parana,crop,456,504,-24.0,-54.0,0.00726668,1
Brazil Parana,crop,456,505,-24.0,-53.75,0.013703579,1
Brazil Parana,crop,456,506,-24.0,-53.5,0.008825161,1
Brazil Parana,crop,456,507,-24.0,-53.25,0.006315647,1
Brazil Parana,crop,456,508,-24.0,-53.0,0.005876714,1
Brazil Parana,crop,456,509,-24.0,-52.75,0.007997587,1
Brazil Parana,crop,456,510,-24.0,-52.5,0.009065837,1
Brazil Parana,crop,456,511,-24.0,-52.25,0.011134957,1
Brazil Parana,crop,456,512,-24.0,-52.0,0.005184507,1
Brazil Parana,crop,456,513,-24.0,-51.75,0.003653656,1
Brazil Parana,crop,456,514,-24.0,-51.5,0.003812651,1
Brazil Parana,crop,456,515,-24.0,-51.25,0.004878872,1
Brazil Parana,crop,456,516,-24.0,-51.0,0.008429695,1
Brazil Parana,crop,456,517,-24.0,-50.75,0.002646369,1
Brazil Parana,crop,456,518,-24.0,-50.5,0.001280776,1
Brazil Parana,crop,456,519,-24.0,-50.25,0.002183584,1
Brazil Parana,crop,456,520,-24.0,-50.0,0.007138266,1
Brazil Parana,crop,456,521,-24.0,-49.75,0.006625084,1
Brazil Parana,crop,456,522,-24.0,-49.5,0.001307183,1
Brazil Parana,crop,457,503,-24.25,-54.25,0.003806524,1
Brazil Parana,crop,457,504,-24.25,-54.0,0.00511071,1
Brazil Parana,crop,457,505,-24.25,-53.75,0.00378205,1
Brazil Parana,crop,457,506,-24.25,-53.5,0.004781385,1
Brazil Parana,crop,457,507,-24.25,-53.25,0.005531248,1
Brazil Parana,crop,457,508,-24.25,-53.0,0.006492312,1
Brazil Parana,crop,457,509,-24.25,-52.75,0.009088717,1
Brazil Parana,crop,457,510,-24.25,-52.5,0.007642712,1
Brazil Parana,crop,457,511,-24.25,-52.25,0.007961227,1
Brazil Parana,crop,457,512,-24.25,-52.0,0.00380921,1
Brazil Parana,crop,457,513,-24.25,-51.75,0.004723537,1
Brazil Parana,crop,457,514,-24.25,-51.5,0.004019505,1
Brazil Parana,crop,457,515,-24.25,-51.25,0.003328133,1
Brazil Parana,crop,457,516,-24.25,-51.0,0.009876984,1
Brazil Parana,crop,457,517,-24.25,-50.75,0.003470726,1
Brazil Parana,crop,457,518,-24.25,-50.5,5.1162e-05,1
Brazil Parana,crop,457,519,-24.25,-50.25,0.004435756,1
Brazil Parana,crop,457,520,-24.25,-50.0,0.003442281,1
Brazil Parana,crop,457,521,-24.25,-49.75,0.00170425,1
Brazil Parana,crop,457,522,-24.25,-49.5,0.001069437,1
Brazil Parana,crop,457,523,-24.25,-49.25,0.000251313,1
Brazil Parana,crop,458,503,-24.5,-54.25,0.005278059,1
Brazil Parana,crop,458,504,-24.5,-54.0,0.005023606,1
Brazil Parana,crop,458,505,-24.5,-53.75,0.003413459,1
Brazil Parana,crop,458,506,-24.5,-53.5,0.003522586,1
Brazil Parana,crop,458,507,-24.5,-53.25,0.00783479,1
Brazil Parana,crop,458,508,-24.5,-53.0,0.007692217,1
Brazil Parana,crop,458,509,-24.5,-52.75,0.009458929,1
Brazil Parana,crop,458,510,-24.5,-52.5,0.007582748,1
Brazil Parana,crop,458,511,-24.5,-52.25,0.006863304,1
Brazil Parana,crop,458,512,-24.5,-52.0,0.004204911,1
Brazil Parana,crop,458,513,-24.5,-51.75,0.005370913,1
Brazil Parana,crop,458,514,-24.5,-51.5,0.007236685,1
Brazil Parana,crop,458,515,-24.5,-51.25,0.008354578,1
Brazil Parana,crop,458,516,-24.5,-51.0,0.009132636,1
Brazil Parana,crop,458,517,-24.5,-50.75,0.005943763,1
Brazil Parana,crop,458,518,-24.5,-50.5,0.010111824,1
Brazil Parana,crop,458,519,-24.5,-50.25,0.006265896,1
Brazil Parana,crop,458,520,-24.5,-50.0,0.005187142,1
Brazil Parana,crop,458,521,-24.5,-49.75,0.004212959,1
Brazil Parana,crop,458,522,-24.5,-49.5,0.000200977,1
Brazil Parana,crop,459,502,-24.75,-54.5,0.000483116,1
Brazil Parana,crop,459,503,-24.75,-54.25,0.004407117,1
Brazil Parana,crop,459,504,-24.75,-54.0,0.008571411,1
Brazil Parana,crop,459,505,-24.75,-53.75,0.004638349,1
Brazil Parana,crop,459,506,-24.75,-53.5,0.004030203,1
Brazil Parana,crop,459,507,-24.75,-53.25,0.006178756,1
Brazil Parana,crop,459,508,-24.75,-53.0,0.0047137,1
Brazil Parana,crop,459,509,-24.75,-52.75,0.002680196,1
Brazil Parana,crop,459,510,-24.75,-52.5,0.002735094,1
Brazil Parana,crop,459,511,-24.75,-52.25,0.001544735,1
Brazil Parana,crop,459,512,-24.75,-52.0,0.0015716,1
Brazil Parana,crop,459,513,-24.75,-51.75,0.002630946,1
Brazil Parana,crop,459,514,-24.75,-51.5,0.003799144,1
Brazil Parana,crop,459,515,-24.75,-51.25,0.006381538,1
Brazil Parana,crop,459,516,-24.75,-51.0,0.007654206,1
Brazil Parana,crop,459,517,-24.75,-50.75,0.007340476,1
Brazil Parana,crop,459,518,-24.75,-50.5,0.009630742,1
Brazil Parana,crop,459,519,-24.75,-50.25,0.005441784,1
Brazil Parana,crop,459,520,-24.75,-50.0,0.006939557,1
Brazil Parana,crop,459,521,-24.75,-49.75,0.004404145,1
Brazil Parana,crop,459,522,-24.75,-49.5,0.000219519,1
Brazil Parana,crop,459,523,-24.75,-49.25,0.000111569,1
Brazil Parana,crop,459,524,-24.75,-49.0,0.00055676,1
Brazil Parana,crop,459,525,-24.75,-48.75,0.000246915,1
Brazil Parana,crop,459,526,-24.75,-48.5,0.000134265,1
Brazil Parana,crop,460,502,-25.0,-54.5,0.001943214,1
Brazil Parana,crop,460,503,-25.0,-54.25,0.00283226,1
Brazil Parana,crop,460,504,-25.0,-54.0,0.008397498,1
Brazil Parana,crop,460,505,-25.0,-53.75,0.005515708,1
Brazil Parana,crop,460,506,-25.0,-53.5,0.006308154,1
Brazil Parana,crop,460,507,-25.0,-53.25,0.004166547,1
Brazil Parana,crop,460,508,-25.0,-53.0,0.003413637,1
Brazil Parana,crop,460,509,-25.0,-52.75,0.000851865,1
Brazil Parana,crop,460,510,-25.0,-52.5,0.000361292,1
Brazil Parana,crop,460,511,-25.0,-52.25,0.001762139,1
Brazil Parana,crop,460,512,-25.0,-52.0,0.001455862,1
Brazil Parana,crop,460,513,-25.0,-51.75,0.002055567,1
Brazil Parana,crop,460,514,-25.0,-51.5,0.002198339,1
Brazil Parana,crop,460,515,-25.0,-51.25,0.00361308,1
Brazil Parana,crop,460,516,-25.0,-51.0,0.005033795,1
Brazil Parana,crop,460,517,-25.0,-50.75,0.004674449,1
Brazil Parana,crop,460,518,-25.0,-50.5,0.004994366,1
Brazil Parana,crop,460,519,-25.0,-50.25,0.004478793,1
Brazil Parana,crop,460,520,-25.0,-50.0,0.002524423,1
Brazil Parana,crop,460,521,-25.0,-49.75,0.000363025,1
Brazil Parana,crop,460,522,-25.0,-49.5,3.8094e-05,1
Brazil Parana,crop,460,523,-25.0,-49.25,1.9934e-05,1
Brazil Parana,crop,460,524,-25.0,-49.0,0.000165865,1
Brazil Parana,crop,460,525,-25.0,-48.75,1.2727e-05,1
Brazil Parana,crop,460,526,-25.0,-48.5,4.393e-06,1
Brazil Parana,crop,460,527,-25.0,-48.25,6.52e-07,1
Brazil Parana,crop,461,502,-25.25,-54.5,0.002459602,0
Brazil Parana,crop,461,503,-25.25,-54.25,0.004516999,1
Brazil Parana,crop,461,504,-25.25,-54.0,0.005370276,1
Brazil Parana,crop,461,505,-25.25,-53.75,0.00188538,1
Brazil Parana,crop,461,506,-25.25,-53.5,0.004478263,1
Brazil Parana,crop,461,507,-25.25,-53.25,0.005279833,1
Brazil Parana,crop,461,508,-25.25,-53.0,0.00519149,1
Brazil Parana,crop,461,509,-25.25,-52.75,0.002304052,1
Brazil Parana,crop,461,510,-25.25,-52.5,0.001031023,1
Brazil Parana,crop,461,511,-25.25,-52.25,0.004503966,1
Brazil Parana,crop,461,512,-25.25,-52.0,0.003663977,1
Brazil Parana,crop,461,513,-25.25,-51.75,0.005334379,1
Brazil Parana,crop,461,514,-25.25,-51.5,0.002608413,1
Brazil Parana,crop,461,515,-25.25,-51.25,0.002379026,1
Brazil Parana,crop,461,516,-25.25,-51.0,0.006813589,1
Brazil Parana,crop,461,517,-25.25,-50.75,0.004832588,1
Brazil Parana,crop,461,518,-25.25,-50.5,0.005112933,1
Brazil Parana,crop,461,519,-25.25,-50.25,0.006130857,1
Brazil Parana,crop,461,520,-25.25,-50.0,0.004752833,1
Brazil Parana,crop,461,521,-25.25,-49.75,0.000572896,1
Brazil Parana,crop,461,522,-25.25,-49.5,0.000728971,1
Brazil Parana,crop,461,523,-25.25,-49.25,4.3817e-05,1
Brazil Parana,crop,461,524,-25.25,-49.0,0.000412332,1
Brazil Parana,crop,461,525,-25.25,-48.75,3.333e-06,1
Brazil Parana,crop,461,526,-25.25,-48.5,5.55e-06,1
Brazil Parana,crop,461,527,-25.25,-48.25,1.391e-06,1
Brazil Parana,crop,462,502,-25.5,-54.5,0.004006329,1
Brazil Parana,crop,462,503,-25.5,-54.25,0.00053942,1
Brazil Parana,crop,462,504,-25.5,-54.0,0.003170652,1
Brazil Parana,crop,462,505,-25.5,-53.75,0.004660851,1
Brazil Parana,crop,462,506,-25.5,-53.5,0.006750863,1
Brazil Parana,crop,462,507,-25.5,-53.25,0.005575799,1
Brazil Parana,crop,462,508,-25.5,-53.0,0.009618601,1
Brazil Parana,crop,462,509,-25.5,-52.75,0.008948127,1
Brazil Parana,crop,462,510,-25.5,-52.5,0.009685553,1
Brazil Parana,crop,462,511,-25.5,-52.25,0.004746783,1
Brazil Parana,crop,462,512,-25.5,-52.0,0.006812932,1
Brazil Parana,crop,462,513,-25.5,-51.75,0.005649259,1
Brazil Parana,crop,462,514,-25.5,-51.5,0.002383144,1
Brazil Parana,crop,462,515,-25.5,-51.25,0.000382393,1
Brazil Parana,crop,462,516,-25.5,-51.0,0.003308286,1
Brazil Parana,crop,462,517,-25.5,-50.75,0.005749437,1
Brazil Parana,crop,462,518,-25.5,-50.5,0.003730108,1
Brazil Parana,crop,462,519,-25.5,-50.25,0.003607397,1
Brazil Parana,crop,462,520,-25.5,-50.0,0.004508456,1
Brazil Parana,crop,462,521,-25.5,-49.75,0.002781424,1
Brazil Parana,crop,462,522,-25.5,-49.5,0.00173061,1
Brazil Parana,crop,462,523,-25.5,-49.25,0.00020269,1
Brazil Parana,crop,462,524,-25.5,-49.0,8.424e-05,1
Brazil Parana,crop,462,525,-25.5,-48.75,0.000110402,1
Brazil Parana,crop,462,526,-25.5,-48.5,1.5652e-05,0
Brazil Parana,crop,462,527,-25.5,-48.25,1.78e-07,0
Brazil Parana,crop,463,504,-25.75,-54.0,0.000558233,1
Brazil Parana,crop,463,505,-25.75,-53.75,0.005913208,1
Brazil Parana,crop,463,506,-25.75,-53.5,0.005957876,1
Brazil Parana,crop,463,507,-25.75,-53.25,0.004395292,1
Brazil Parana,crop,463,508,-25.75,-53.0,0.008088994,1
Brazil Parana,crop,463,509,-25.75,-52.75,0.009692867,1
Brazil Parana,crop,463,510,-25.75,-52.5,0.00509411,1
Brazil Parana,crop,463,511,-25.75,-52.25,0.003825092,1
Brazil Parana,crop,463,512,-25.75,-52.0,0.00460448,1
Brazil Parana,crop,463,513,-25.75,-51.75,0.002835476,1
Brazil Parana,crop,463,514,-25.75,-51.5,1.7192e-05,1
Brazil Parana,crop,463,515,-25.75,-51.25,0.000285401,1
Brazil Parana,crop,463,516,-25.75,-51.0,0.00103981,1
Brazil Parana,crop,463,517,-25.75,-50.75,0.003581572,1
Brazil Parana,crop,463,518,-25.75,-50.5,0.002765379,1
Brazil Parana,crop,463,519,-25.75,-50.25,0.002346743,1
Brazil Parana,crop,463,520,-25.75,-50.0,0.003569375,1
Brazil Parana,crop,463,521,-25.75,-49.75,0.004593191,1
Brazil Parana,crop,463,522,-25.75,-49.5,0.003085438,1
Brazil Parana,crop,463,523,-25.75,-49.25,0.000550134,1
Brazil Parana,crop,463,524,-25.75,-49.0,4.4939e-05,1
Brazil Parana,crop,463,525,-25.75,-48.75,9.1411e-05,1
Brazil Parana,crop,463,526,-25.75,-48.5,0.0,1
Brazil Parana,crop,464,505,-26.0,-53.75,0.00412879,1
Brazil Parana,crop,464,506,-26.0,-53.5,0.002124257,1
Brazil Parana,crop,464,507,-26.0,-53.25,0.001918611,1
Brazil Parana,crop,464,508,-26.0,-53.0,0.005160379,1
Brazil Parana,crop,464,509,-26.0,-52.75,0.007717686,1
Brazil Parana,crop,464,510,-26.0,-52.5,0.009390371,1
Brazil Parana,crop,464,511,-26.0,-52.25,0.004994891,1
Brazil Parana,crop,464,512,-26.0,-52.0,0.000503534,1
Brazil Parana,crop,464,513,-26.0,-51.75,6.6732e-05,1
Brazil Parana,crop,464,514,-26.0,-51.5,0.000377215,1
Brazil Parana,crop,464,515,-26.0,-51.25,0.000612952,1
Brazil Parana,crop,464,516,-26.0,-51.0,0.001417401,1
Brazil Parana,crop,464,517,-26.0,-50.75,0.004870865,1
Brazil Parana,crop,464,518,-26.0,-50.5,0.001179059,1
Brazil Parana,crop,464,519,-26.0,-50.25,0.001130191,1
Brazil Parana,crop,464,520,-26.0,-50.0,0.000920621,1
Brazil Parana,crop,464,521,-26.0,-49.75,0.002384826,1
Brazil Parana,crop,464,522,-26.0,-49.5,0.001397626,1
Brazil Parana,crop,464,523,-26.0,-49.25,0.000436001,1
Brazil Parana,crop,464,524,-26.0,-49.0,9.46e-06,1
Brazil Parana,crop,464,525,-26.0,-48.75,1.685e-05,1
Brazil Parana,crop,465,505,-26.25,-53.75,7.9582e-05,1
Brazil Parana,crop,465,506,-26.25,-53.5,0.000111722,1
Brazil Parana,crop,465,507,-26.25,-53.25,0.002287503,1
Brazil Parana,crop,465,508,-26.25,-53.0,0.004532116,1
Brazil Parana,crop,465,509,-26.25,-52.75,0.006069155,1
Brazil Parana,crop,465,510,-26.25,-52.5,0.007187394,1
Brazil Parana,crop,465,511,-26.25,-52.25,0.003958221,1
Brazil Parana,crop,465,512,-26.25,-52.0,0.00235236,1
Brazil Parana,crop,465,513,-26.25,-51.75,0.000468366,1
Brazil Parana,crop,465,514,-26.25,-51.5,0.000249392,1
Brazil Parana,crop,465,515,-26.25,-51.25,0.000294157,1
Brazil Parana,crop,465,516,-26.25,-51.0,0.001795834,1
Brazil Parana,crop,465,517,-26.25,-50.75,0.000833955,1
Brazil Parana,crop,465,521,-26.25,-49.75,0.000132359,1
Brazil Parana,crop,465,522,-26.25,-49.5,0.000116401,1
Brazil Parana,crop,466,511,-26.5,-52.25,0.000264978,1
Brazil Parana,crop,466,512,-26.5,-52.0,0.002490305,1
Brazil Parana,crop,466,513,-26.5,-51.75,0.001407203,1
Brazil Parana,crop,466,514,-26.5,-51.5,0.000290426,1
Brazil Parana,crop,466,515,-26.5,-51.25,7.1014e-05,1
pin:Brazil Parana,pin,456,514,-24.0,-51.5,1.0,1
Brazil Rio Grande do Sul,crop,468,504,-27.0,-54.0,0.0,1
Brazil Rio Grande do Sul,crop,468,506,-27.0,-53.5,0.000341265,1
Brazil Rio Grande do Sul,crop,468,507,-27.0,-53.25,0.000238873,1
Brazil Rio Grande do Sul,crop,468,508,-27.0,-53.0,3.3249e-05,1
Brazil Rio Grande do Sul,crop,469,503,-27.25,-54.25,0.000671141,1
Brazil Rio Grande do Sul,crop,469,504,-27.25,-54.0,0.003081812,1
Brazil Rio Grande do Sul,crop,469,505,-27.25,-53.75,0.0027368,1
Brazil Rio Grande do Sul,crop,469,506,-27.25,-53.5,0.002491413,1
Brazil Rio Grande do Sul,crop,469,507,-27.25,-53.25,0.002210319,1
Brazil Rio Grande do Sul,crop,469,508,-27.25,-53.0,0.002425951,1
Brazil Rio Grande do Sul,crop,469,509,-27.25,-52.75,0.002321586,1
Brazil Rio Grande do Sul,crop,469,510,-27.25,-52.5,0.000465735,1
Brazil Rio Grande do Sul,crop,469,511,-27.25,-52.25,0.000729242,1
Brazil Rio Grande do Sul,crop,469,512,-27.25,-52.0,8.8637e-05,1
Brazil Rio Grande do Sul,crop,470,500,-27.5,-55.0,1.8e-08,1
Brazil Rio Grande do Sul,crop,470,501,-27.5,-54.75,0.000973963,1
Brazil Rio Grande do Sul,crop,470,502,-27.5,-54.5,0.00421488,1
Brazil Rio Grande do Sul,crop,470,503,-27.5,-54.25,0.004514076,1
Brazil Rio Grande do Sul,crop,470,504,-27.5,-54.0,0.005181899,1
Brazil Rio Grande do Sul,crop,470,505,-27.5,-53.75,0.004145435,1
Brazil Rio Grande do Sul,crop,470,506,-27.5,-53.5,0.00461146,1
Brazil Rio Grande do Sul,crop,470,507,-27.5,-53.25,0.003117748,1
Brazil Rio Grande do Sul,crop,470,508,-27.5,-53.0,0.003917205,1
Brazil Rio Grande do Sul,crop,470,509,-27.5,-52.75,0.00398352,1
Brazil Rio Grande do Sul,crop,470,510,-27.5,-52.5,0.001973662,1
Brazil Rio Grande do Sul,crop,470,511,-27.5,-52.25,0.003737261,1
Brazil Rio Grande do Sul,crop,470,512,-27.5,-52.0,0.002236018,1
Brazil Rio Grande do Sul,crop,470,513,-27.5,-51.75,0.003159612,1
Brazil Rio Grande do Sul,crop,470,514,-27.5,-51.5,0.001030447,1
Brazil Rio Grande do Sul,crop,471,499,-27.75,-55.25,0.000107259,1
Brazil Rio Grande do Sul,crop,471,500,-27.75,-55.0,0.001169617,1
Brazil Rio Grande do Sul,crop,471,501,-27.75,-54.75,0.004169778,1
Brazil Rio Grande do Sul,crop,471,502,-27.75,-54.5,0.00581728,1
Brazil Rio Grande do Sul,crop,471,503,-27.75,-54.25,0.004392111,1
Brazil Rio Grande do Sul,crop,471,504,-27.75,-54.0,0.005981107,1
Brazil Rio Grande do Sul,crop,471,505,-27.75,-53.75,0.006033844,1
Brazil Rio Grande do Sul,crop,471,506,-27.75,-53.5,0.005021668,1
Brazil Rio Grande do Sul,crop,471,507,-27.75,-53.25,0.004811981,1
Brazil Rio Grande do Sul,crop,471,508,-27.75,-53.0,0.006195873,1
Brazil Rio Grande do Sul,crop,471,509,-27.75,-52.75,0.005577813,1
Brazil Rio Grande do Sul,crop,471,510,-27.75,-52.5,0.005030501,1
Brazil Rio Grande do Sul,crop,471,511,-27.75,-52.25,0.005414997,1
Brazil Rio Grande do Sul,crop,471,512,-27.75,-52.0,0.00452197,1
Brazil Rio Grande do Sul,crop,471,513,-27.75,-51.75,0.004128895,1
Brazil Rio Grande do Sul,crop,471,514,-27.75,-51.5,0.005350346,1
Brazil Rio Grande do Sul,crop,471,515,-27.75,-51.25,0.000772122,1
Brazil Rio Grande do Sul,crop,472,498,-28.0,-55.5,0.000721045,1
Brazil Rio Grande do Sul,crop,472,499,-28.0,-55.25,0.00247075,1
Brazil Rio Grande do Sul,crop,472,500,-28.0,-55.0,0.002412081,1
Brazil Rio Grande do Sul,crop,472,501,-28.0,-54.75,0.003896209,1
Brazil Rio Grande do Sul,crop,472,502,-28.0,-54.5,0.005658659,1
Brazil Rio Grande do Sul,crop,472,503,-28.0,-54.25,0.005703362,1
Brazil Rio Grande do Sul,crop,472,504,-28.0,-54.0,0.006443476,1
Brazil Rio Grande do Sul,crop,472,505,-28.0,-53.75,0.005866886,1
Brazil Rio Grande do Sul,crop,472,506,-28.0,-53.5,0.005106388,1
Brazil Rio Grande do Sul,crop,472,507,-28.0,-53.25,0.005291507,1
Brazil Rio Grande do Sul,crop,472,508,-28.0,-53.0,0.006318098,1
Brazil Rio Grande do Sul,crop,472,509,-28.0,-52.75,0.005500764,1
Brazil Rio Grande do Sul,crop,472,510,-28.0,-52.5,0.005050376,1
Brazil Rio Grande do Sul,crop,472,511,-28.0,-52.25,0.005927106,1
Brazil Rio Grande do Sul,crop,472,512,-28.0,-52.0,0.005930223,1
Brazil Rio Grande do Sul,crop,472,513,-28.0,-51.75,0.004733842,1
Brazil Rio Grande do Sul,crop,472,514,-28.0,-51.5,0.004441246,1
Brazil Rio Grande do Sul,crop,472,515,-28.0,-51.25,0.003121732,1
Brazil Rio Grande do Sul,crop,472,516,-28.0,-51.0,0.000891132,1
Brazil Rio Grande do Sul,crop,473,496,-28.25,-56.0,0.000273466,1
Brazil Rio Grande do Sul,crop,473,497,-28.25,-55.75,0.001471227,1
Brazil Rio Grande do Sul,crop,473,498,-28.25,-55.5,0.003986008,1
Brazil Rio Grande do Sul,crop,473,499,-28.25,-55.25,0.004684647,1
Brazil Rio Grande do Sul,crop,473,500,-28.25,-55.0,0.004999849,1
Brazil Rio Grande do Sul,crop,473,501,-28.25,-54.75,0.006418873,1
Brazil Rio Grande do Sul,crop,473,502,-28.25,-54.5,0.006002781,1
Brazil Rio Grande do Sul,crop,473,503,-28.25,-54.25,0.007096389,1
Brazil Rio Grande do Sul,crop,473,504,-28.25,-54.0,0.006475357,1
Brazil Rio Grande do Sul,crop,473,505,-28.25,-53.75,0.007022688,1
Brazil Rio Grande do Sul,crop,473,506,-28.25,-53.5,0.007083252,1
Brazil Rio Grande do Sul,crop,473,507,-28.25,-53.25,0.006359465,1
Brazil Rio Grande do Sul,crop,473,508,-28.25,-53.0,0.005866759,1
Brazil Rio Grande do Sul,crop,473,509,-28.25,-52.75,0.005210844,1
Brazil Rio Grande do Sul,crop,473,510,-28.25,-52.5,0.004803354,1
Brazil Rio Grande do Sul,crop,473,511,-28.25,-52.25,0.004792608,1
Brazil Rio Grande do Sul,crop,473,512,-28.25,-52.0,0.004072611,1
Brazil Rio Grande do Sul,crop,473,513,-28.25,-51.75,0.002709787,1
Brazil Rio Grande do Sul,crop,473,514,-28.25,-51.5,0.002912009,1
Brazil Rio Grande do Sul,crop,473,515,-28.25,-51.25,0.00302626,1
Brazil Rio Grande do Sul,crop,473,516,-28.25,-51.0,0.003186994,1
Brazil Rio Grande do Sul,crop,473,517,-28.25,-50.75,0.000563035,1
Brazil Rio Grande do Sul,crop,474,496,-28.5,-56.0,0.00284039,1
Brazil Rio Grande do Sul,crop,474,497,-28.5,-55.75,0.003345409,1
Brazil Rio Grande do Sul,crop,474,498,-28.5,-55.5,0.002772876,1
Brazil Rio Grande do Sul,crop,474,499,-28.5,-55.25,0.003110242,1
Brazil Rio Grande do Sul,crop,474,500,-28.5,-55.0,0.005451618,1
Brazil Rio Grande do Sul,crop,474,501,-28.5,-54.75,0.005393735,1
Brazil Rio Grande do Sul,crop,474,502,-28.5,-54.5,0.005123375,1
Brazil Rio Grande do Sul,crop,474,503,-28.5,-54.25,0.006028389,1
Brazil Rio Grande do Sul,crop,474,504,-28.5,-54.0,0.005348076,1
Brazil Rio Grande do Sul,crop,474,505,-28.5,-53.75,0.006350644,1
Brazil Rio Grande do Sul,crop,474,506,-28.5,-53.5,0.006026864,1
Brazil Rio Grande do Sul,crop,474,507,-28.5,-53.25,0.005765155,1
Brazil Rio Grande do Sul,crop,474,508,-28.5,-53.0,0.005785847,1
Brazil Rio Grande do Sul,crop,474,509,-28.5,-52.75,0.00606616,1
Brazil Rio Grande do Sul,crop,474,510,-28.5,-52.5,0.005079986,1
Brazil Rio Grande do Sul,crop,474,511,-28.5,-52.25,0.005031354,1
Brazil Rio Grande do Sul,crop,474,512,-28.5,-52.0,0.00261282,1
Brazil Rio Grande do Sul,crop,474,513,-28.5,-51.75,0.002148919,1
Brazil Rio Grande do Sul,crop,474,514,-28.5,-51.5,0.003016646,1
Brazil Rio Grande do Sul,crop,474,515,-28.5,-51.25,0.002162299,1
Brazil Rio Grande do Sul,crop,474,516,-28.5,-51.0,0.002334293,1
Brazil Rio Grande do Sul,crop,474,517,-28.5,-50.75,0.001571821,1
Brazil Rio Grande do Sul,crop,474,518,-28.5,-50.5,0.000307725,1
Brazil Rio Grande do Sul,crop,474,519,-28.5,-50.25,5.9523e-05,1
Brazil Rio Grande do Sul,crop,474,520,-28.5,-50.0,1.2471e-05,1
Brazil Rio Grande do Sul,crop,474,521,-28.5,-49.75,1.94e-07,1
Brazil Rio Grande do Sul,crop,475,495,-28.75,-56.25,0.001610693,1
Brazil Rio Grande do Sul,crop,475,496,-28.75,-56.0,0.00517998,1
Brazil Rio Grande do Sul,crop,475,497,-28.75,-55.75,0.00447358,1
Brazil Rio Grande do Sul,crop,475,498,-28.75,-55.5,0.002657153,1
Brazil Rio Grande do Sul,crop,475,499,-28.75,-55.25,0.001328704,1
Brazil Rio Grande do Sul,crop,475,500,-28.75,-55.0,0.002811016,1
Brazil Rio Grande do Sul,crop,475,501,-28.75,-54.75,0.005377498,1
Brazil Rio Grande do Sul,crop,475,502,-28.75,-54.5,0.006405045,1
Brazil Rio Grande do Sul,crop,475,503,-28.75,-54.25,0.005986187,1
Brazil Rio Grande do Sul,crop,475,504,-28.75,-54.0,0.007172167,1
Brazil Rio Grande do Sul,crop,475,505,-28.75,-53.75,0.005896835,1
Brazil Rio Grande do Sul,crop,475,506,-28.75,-53.5,0.006380805,1
Brazil Rio Grande do Sul,crop,475,507,-28.75,-53.25,0.004472939,1
Brazil Rio Grande do Sul,crop,475,508,-28.75,-53.0,0.005630574,1
Brazil Rio Grande do Sul,crop,475,509,-28.75,-52.75,0.005347307,1
Brazil Rio Grande do Sul,crop,475,510,-28.75,-52.5,0.002996317,1
Brazil Rio Grande do Sul,crop,475,511,-28.75,-52.25,0.001927076,1
Brazil Rio Grande do Sul,crop,475,512,-28.75,-52.0,0.001174666,1
Brazil Rio Grande do Sul,crop,475,513,-28.75,-51.75,0.000877511,1
Brazil Rio Grande do Sul,crop,475,514,-28.75,-51.5,0.000833552,1
Brazil Rio Grande do Sul,crop,475,515,-28.75,-51.25,0.00138003,1
Brazil Rio Grande do Sul,crop,475,516,-28.75,-51.0,0.000272703,1
Brazil Rio Grande do Sul,crop,475,517,-28.75,-50.75,7.105e-05,1
Brazil Rio Grande do Sul,crop,475,518,-28.75,-50.5,7.0917e-05,1
Brazil Rio Grande do Sul,crop,475,519,-28.75,-50.25,3.7735e-05,1
Brazil Rio Grande do Sul,crop,475,520,-28.75,-50.0,2.652e-06,1
Brazil Rio Grande do Sul,crop,476,494,-29.0,-56.5,0.0002278,1
Brazil Rio Grande do Sul,crop,476,495,-29.0,-56.25,0.001558817,1
Brazil Rio Grande do Sul,crop,476,496,-29.0,-56.0,0.003047643,1
Brazil Rio Grande do Sul,crop,476,497,-29.0,-55.75,0.003299902,1
Brazil Rio Grande do Sul,crop,476,498,-29.0,-55.5,0.003206615,1
Brazil Rio Grande do Sul,crop,476,499,-29.0,-55.25,0.001718988,1
Brazil Rio Grande do Sul,crop,476,500,-29.0,-55.0,0.001041453,1
Brazil Rio Grande do Sul,crop,476,501,-29.0,-54.75,0.004174276,1
Brazil Rio Grande do Sul,crop,476,502,-29.0,-54.5,0.006699113,1
Brazil Rio Grande do Sul,crop,476,503,-29.0,-54.25,0.008812731,1
Brazil Rio Grande do Sul,crop,476,504,-29.0,-54.0,0.008709087,1
Brazil Rio Grande do Sul,crop,476,505,-29.0,-53.75,0.007268723,1
Brazil Rio Grande do Sul,crop,476,506,-29.0,-53.5,0.006564617,1
Brazil Rio Grande do Sul,crop,476,507,-29.0,-53.25,0.00524744,1
Brazil Rio Grande do Sul,crop,476,508,-29.0,-53.0,0.005273139,1
Brazil Rio Grande do Sul,crop,476,509,-29.0,-52.75,0.00311164,1
Brazil Rio Grande do Sul,crop,476,510,-29.0,-52.5,0.001181815,1
Brazil Rio Grande do Sul,crop,476,511,-29.0,-52.25,0.000273659,1
Brazil Rio Grande do Sul,crop,476,512,-29.0,-52.0,0.000460583,1
Brazil Rio Grande do Sul,crop,476,513,-29.0,-51.75,0.000657556,1
Brazil Rio Grande do Sul,crop,476,514,-29.0,-51.5,0.000378255,1
Brazil Rio Grande do Sul,crop,476,515,-29.0,-51.25,0.001091968,1
Brazil Rio Grande do Sul,crop,476,516,-29.0,-51.0,0.000323429,1
Brazil Rio Grande do Sul,crop,476,517,-29.0,-50.75,0.000182631,1
Brazil Rio Grande do Sul,crop,476,518,-29.0,-50.5,0.000117859,1
Brazil Rio Grande do Sul,crop,476,519,-29.0,-50.25,4.1591e-05,1
Brazil Rio Grande do Sul,crop,476,520,-29.0,-50.0,4.12e-07,1
Brazil Rio Grande do Sul,crop,477,493,-29.25,-56.75,0.000261321,1
Brazil Rio Grande do Sul,crop,477,494,-29.25,-56.5,0.001860355,1
Brazil Rio Grande do Sul,crop,477,495,-29.25,-56.25,0.001051339,1
Brazil Rio Grande do Sul,crop,477,496,-29.25,-56.0,0.001110354,1
Brazil Rio Grande do Sul,crop,477,497,-29.25,-55.75,0.002117075,1
Brazil Rio Grande do Sul,crop,477,498,-29.25,-55.5,0.003134718,1
Brazil Rio Grande do Sul,crop,477,499,-29.25,-55.25,0.002748823,1
Brazil Rio Grande do Sul,crop,477,500,-29.25,-55.0,0.001046236,1
Brazil Rio Grande do Sul,crop,477,501,-29.25,-54.75,0.00190286,1
Brazil Rio Grande do Sul,crop,477,502,-29.25,-54.5,0.003606095,1
Brazil Rio Grande do Sul,crop,477,503,-29.25,-54.25,0.005304463,1
Brazil Rio Grande do Sul,crop,477,504,-29.25,-54.0,0.004850333,1
Brazil Rio Grande do Sul,crop,477,505,-29.25,-53.75,0.006089341,1
Brazil Rio Grande do Sul,crop,477,506,-29.25,-53.5,0.004897966,1
Brazil Rio Grande do Sul,crop,477,507,-29.25,-53.25,0.00324992,1
Brazil Rio Grande do Sul,crop,477,508,-29.25,-53.0,0.003077598,1
Brazil Rio Grande do Sul,crop,477,509,-29.25,-52.75,0.001324787,1
Brazil Rio Grande do Sul,crop,477,510,-29.25,-52.5,0.000562496,1
Brazil Rio Grande do Sul,crop,477,511,-29.25,-52.25,0.000255316,1
Brazil Rio Grande do Sul,crop,477,512,-29.25,-52.0,0.000495139,1
Brazil Rio Grande do Sul,crop,477,513,-29.25,-51.75,0.001679522,1
Brazil Rio Grande do Sul,crop,477,514,-29.25,-51.5,0.001289661,1
Brazil Rio Grande do Sul,crop,477,515,-29.25,-51.25,0.000744837,1
Brazil Rio Grande do Sul,crop,477,516,-29.25,-51.0,0.000222915,1
Brazil Rio Grande do Sul,crop,477,517,-29.25,-50.75,9.2747e-05,1
Brazil Rio Grande do Sul,crop,477,518,-29.25,-50.5,0.00033406,1
Brazil Rio Grande do Sul,crop,477,519,-29.25,-50.25,0.000169851,1
Brazil Rio Grande do Sul,crop,477,520,-29.25,-50.0,0.000479913,1
Brazil Rio Grande do Sul,crop,477,521,-29.25,-49.75,0.000148541,1
Brazil Rio Grande do Sul,crop,478,492,-29.5,-57.0,5.903e-06,1
Brazil Rio Grande do Sul,crop,478,493,-29.5,-56.75,3.5016e-05,1
Brazil Rio Grande do Sul,crop,478,494,-29.5,-56.5,0.000582995,1
Brazil Rio Grande do Sul,crop,478,495,-29.5,-56.25,0.000512254,1
Brazil Rio Grande do Sul,crop,478,496,-29.5,-56.0,0.000994631,1
Brazil Rio Grande do Sul,crop,478,497,-29.5,-55.75,0.001999985,1
Brazil Rio Grande do Sul,crop,478,498,-29.5,-55.5,0.00338117,1
Brazil Rio Grande do Sul,crop,478,499,-29.5,-55.25,0.003245748,1
Brazil Rio Grande do Sul,crop,478,500,-29.5,-55.0,0.002327737,1
Brazil Rio Grande do Sul,crop,478,501,-29.5,-54.75,0.001758454,1
Brazil Rio Grande do Sul,crop,478,502,-29.5,-54.5,0.001831707,1
Brazil Rio Grande do Sul,crop,478,503,-29.5,-54.25,0.001580744,1
Brazil Rio Grande do Sul,crop,478,504,-29.5,-54.0,0.003176097,1
Brazil Rio Grande do Sul,crop,478,505,-29.5,-53.75,0.003812301,1
Brazil Rio Grande do Sul,crop,478,506,-29.5,-53.5,0.001880273,1
Brazil Rio Grande do Sul,crop,478,507,-29.5,-53.25,0.00046289,1
Brazil Rio Grande do Sul,crop,478,508,-29.5,-53.0,0.001116735,1
Brazil Rio Grande do Sul,crop,478,509,-29.5,-52.75,0.000350672,1
Brazil Rio Grande do Sul,crop,478,510,-29.5,-52.5,0.00049279,1
Brazil Rio Grande do Sul,crop,478,511,-29.5,-52.25,0.000506369,1
Brazil Rio Grande do Sul,crop,478,512,-29.5,-52.0,0.001077826,1
Brazil Rio Grande do Sul,crop,478,513,-29.5,-51.75,0.000620808,1
Brazil Rio Grande do Sul,crop,478,514,-29.5,-51.5,0.003052977,1
Brazil Rio Grande do Sul,crop,478,515,-29.5,-51.25,0.002221156,1
Brazil Rio Grande do Sul,crop,478,516,-29.5,-51.0,0.00060614,1
Brazil Rio Grande do Sul,crop,478,517,-29.5,-50.75,0.000425064,1
Brazil Rio Grande do Sul,crop,478,518,-29.5,-50.5,0.000583358,1
Brazil Rio Grande do Sul,crop,478,519,-29.5,-50.25,0.001286471,1
Brazil Rio Grande do Sul,crop,478,520,-29.5,-50.0,0.001024938,1
Brazil Rio Grande do Sul,crop,479,491,-29.75,-57.25,1.2296e-05,1
Brazil Rio Grande do Sul,crop,479,492,-29.75,-57.0,2.306e-05,1
Brazil Rio Grande do Sul,crop,479,493,-29.75,-56.75,1.8792e-05,1
Brazil Rio Grande do Sul,crop,479,494,-29.75,-56.5,9.1137e-05,1
Brazil Rio Grande do Sul,crop,479,495,-29.75,-56.25,0.00055755,1
Brazil Rio Grande do Sul,crop,479,496,-29.75,-56.0,0.000564397,1
Brazil Rio Grande do Sul,crop,479,497,-29.75,-55.75,0.000571977,1
Brazil Rio Grande do Sul,crop,479,498,-29.75,-55.5,0.001044117,1
Brazil Rio Grande do Sul,crop,479,499,-29.75,-55.25,0.00108822,1
Brazil Rio Grande do Sul,crop,479,500,-29.75,-55.0,0.002674958,1
Brazil Rio Grande do Sul,crop,479,501,-29.75,-54.75,0.003216689,1
Brazil Rio Grande do Sul,crop,479,502,-29.75,-54.5,0.002987369,1
Brazil Rio Grande do Sul,crop,479,503,-29.75,-54.25,0.004970935,1
Brazil Rio Grande do Sul,crop,479,504,-29.75,-54.0,0.00427855,1
Brazil Rio Grande do Sul,crop,479,505,-29.75,-53.75,0.003444592,1
Brazil Rio Grande do Sul,crop,479,506,-29.75,-53.5,0.003198763,1
Brazil Rio Grande do Sul,crop,479,507,-29.75,-53.25,0.0024694,1
Brazil Rio Grande do Sul,crop,479,508,-29.75,-53.0,0.003320019,1
Brazil Rio Grande do Sul,crop,479,509,-29.75,-52.75,0.003902996,1
Brazil Rio Grande do Sul,crop,479,510,-29.75,-52.5,0.002373602,1
Brazil Rio Grande do Sul,crop,479,511,-29.75,-52.25,0.003149762,1
Brazil Rio Grande do Sul,crop,479,512,-29.75,-52.0,0.001338953,1
Brazil Rio Grande do Sul,crop,479,513,-29.75,-51.75,0.000258355,1
Brazil Rio Grande do Sul,crop,479,514,-29.75,-51.5,0.000243129,1
Brazil Rio Grande do Sul,crop,479,515,-29.75,-51.25,0.000256714,1
Brazil Rio Grande do Sul,crop,479,516,-29.75,-51.0,7.4713e-05,1
Brazil Rio Grande do Sul,crop,479,517,-29.75,-50.75,0.000186294,1
Brazil Rio Grande do Sul,crop,479,518,-29.75,-50.5,0.000300303,1
Brazil Rio Grande do Sul,crop,479,519,-29.75,-50.25,0.000521517,1
Brazil Rio Grande do Sul,crop,479,520,-29.75,-50.0,0.00016008,0
Brazil Rio Grande do Sul,crop,480,490,-30.0,-57.5,1.8313e-05,1
Brazil Rio Grande do Sul,crop,480,491,-30.0,-57.25,4.598e-05,1
Brazil Rio Grande do Sul,crop,480,492,-30.0,-57.0,1.7581e-05,1
Brazil Rio Grande do Sul,crop,480,493,-30.0,-56.75,1.4112e-05,1
Brazil Rio Grande do Sul,crop,480,494,-30.0,-56.5,2.2945e-05,1
Brazil Rio Grande do Sul,crop,480,495,-30.0,-56.25,0.000189012,1
Brazil Rio Grande do Sul,crop,480,496,-30.0,-56.0,0.00010488,1
Brazil Rio Grande do Sul,crop,480,497,-30.0,-55.75,0.000324701,1
Brazil Rio Grande do Sul,crop,480,498,-30.0,-55.5,0.000564766,1
Brazil Rio Grande do Sul,crop,480,499,-30.0,-55.25,0.001201206,1
Brazil Rio Grande do Sul,crop,480,500,-30.0,-55.0,0.001054687,1
Brazil Rio Grande do Sul,crop,480,501,-30.0,-54.75,0.001626313,1
Brazil Rio Grande do Sul,crop,480,502,-30.0,-54.5,0.002678724,1
Brazil Rio Grande do Sul,crop,480,503,-30.0,-54.25,0.004012349,1
Brazil Rio Grande do Sul,crop,480,504,-30.0,-54.0,0.00456321,1
Brazil Rio Grande do Sul,crop,480,505,-30.0,-53.75,0.005621221,1
Brazil Rio Grande do Sul,crop,480,506,-30.0,-53.5,0.003825547,1
Brazil Rio Grande do Sul,crop,480,507,-30.0,-53.25,0.003571297,1
Brazil Rio Grande do Sul,crop,480,508,-30.0,-53.0,0.004293595,1
Brazil Rio Grande do Sul,crop,480,509,-30.0,-52.75,0.004780519,1
Brazil Rio Grande do Sul,crop,480,510,-30.0,-52.5,0.004178919,1
Brazil Rio Grande do Sul,crop,480,511,-30.0,-52.25,0.003893285,1
Brazil Rio Grande do Sul,crop,480,512,-30.0,-52.0,0.001568007,1
Brazil Rio Grande do Sul,crop,480,513,-30.0,-51.75,0.00094893,1
Brazil Rio Grande do Sul,crop,480,514,-30.0,-51.5,0.000823727,1
Brazil Rio Grande do Sul,crop,480,515,-30.0,-51.25,1.2393e-05,1
Brazil Rio Grande do Sul,crop,480,516,-30.0,-51.0,4.2378e-05,1
Brazil Rio Grande do Sul,crop,480,517,-30.0,-50.75,0.000413683,1
Brazil Rio Grande do Sul,crop,480,518,-30.0,-50.5,0.001160917,1
Brazil Rio Grande do Sul,crop,480,519,-30.0,-50.25,0.000119906,1
Brazil Rio Grande do Sul,crop,481,490,-30.25,-57.5,1.0001e-05,1
Brazil Rio Grande do Sul,crop,481,491,-30.25,-57.25,0.000143728,1
Brazil Rio Grande do Sul,crop,481,493,-30.25,-56.75,1.053e-06,1
Brazil Rio Grande do Sul,crop,481,494,-30.25,-56.5,6.242e-06,1
Brazil Rio Grande do Sul,crop,481,495,-30.25,-56.25,7.828e-06,1
Brazil Rio Grande do Sul,crop,481,496,-30.25,-56.0,8.07e-06,1
Brazil Rio Grande do Sul,crop,481,497,-30.25,-55.75,4.0786e-05,1
Brazil Rio Grande do Sul,crop,481,498,-30.25,-55.5,0.000113252,1
Brazil Rio Grande do Sul,crop,481,499,-30.25,-55.25,0.000797325,1
Brazil Rio Grande do Sul,crop,481,500,-30.25,-55.0,0.002016736,1
Brazil Rio Grande do Sul,crop,481,501,-30.25,-54.75,0.003360732,1
Brazil Rio Grande do Sul,crop,481,502,-30.25,-54.5,0.003150047,1
Brazil Rio Grande do Sul,crop,481,503,-30.25,-54.25,0.007071659,1
Brazil Rio Grande do Sul,crop,481,504,-30.25,-54.0,0.0039716,1
Brazil Rio Grande do Sul,crop,481,505,-30.25,-53.75,0.003744229,1
Brazil Rio Grande do Sul,crop,481,506,-30.25,-53.5,0.00284507,1
Brazil Rio Grande do Sul,crop,481,507,-30.25,-53.25,0.005378461,1
Brazil Rio Grande do Sul,crop,481,508,-30.25,-53.0,0.005224059,1
Brazil Rio Grande do Sul,crop,481,509,-30.25,-52.75,0.003510769,1
Brazil Rio Grande do Sul,crop,481,510,-30.25,-52.5,0.003657815,1
Brazil Rio Grande do Sul,crop,481,511,-30.25,-52.25,0.002055554,1
Brazil Rio Grande do Sul,crop,481,512,-30.25,-52.0,0.000785217,1
Brazil Rio Grande do Sul,crop,481,513,-30.25,-51.75,0.000347191,1
Brazil Rio Grande do Sul,crop,481,514,-30.25,-51.5,0.000573896,1
Brazil Rio Grande do Sul,crop,481,515,-30.25,-51.25,0.000166685,0
Brazil Rio Grande do Sul,crop,481,516,-30.25,-51.0,7.9338e-05,1
Brazil Rio Grande do Sul,crop,481,517,-30.25,-50.75,0.000156871,1
Brazil Rio Grande do Sul,crop,481,518,-30.25,-50.5,0.000900358,1
Brazil Rio Grande do Sul,crop,481,519,-30.25,-50.25,2.9241e-05,1
Brazil Rio Grande do Sul,crop,482,494,-30.5,-56.5,3.81e-07,1
Brazil Rio Grande do Sul,crop,482,495,-30.5,-56.25,1.1315e-05,1
Brazil Rio Grande do Sul,crop,482,496,-30.5,-56.0,0.000139714,1
Brazil Rio Grande do Sul,crop,482,497,-30.5,-55.75,7.2539e-05,1
Brazil Rio Grande do Sul,crop,482,498,-30.5,-55.5,0.000288922,1
Brazil Rio Grande do Sul,crop,482,499,-30.5,-55.25,0.002002957,1
Brazil Rio Grande do Sul,crop,482,500,-30.5,-55.0,0.002236049,1
Brazil Rio Grande do Sul,crop,482,501,-30.5,-54.75,0.002539718,1
Brazil Rio Grande do Sul,crop,482,502,-30.5,-54.5,0.005025433,1
Brazil Rio Grande do Sul,crop,482,503,-30.5,-54.25,0.003189416,1
Brazil Rio Grande do Sul,crop,482,504,-30.5,-54.0,0.001421366,1
Brazil Rio Grande do Sul,crop,482,505,-30.5,-53.75,0.000763405,1
Brazil Rio Grande do Sul,crop,482,506,-30.5,-53.5,0.000451556,1
Brazil Rio Grande do Sul,crop,482,507,-30.5,-53.25,0.003452632,1
Brazil Rio Grande do Sul,crop,482,508,-30.5,-53.0,0.000789068,1
Brazil Rio Grande do Sul,crop,482,509,-30.5,-52.75,0.001138481,1
Brazil Rio Grande do Sul,crop,482,510,-30.5,-52.5,0.001414132,1
Brazil Rio Grande do Sul,crop,482,511,-30.5,-52.25,3.7123e-05,1
Brazil Rio Grande do Sul,crop,482,512,-30.5,-52.0,0.000110885,1
Brazil Rio Grande do Sul,crop,482,513,-30.5,-51.75,0.000114602,1
Brazil Rio Grande do Sul,crop,482,514,-30.5,-51.5,0.001801994,1
Brazil Rio Grande do Sul,crop,482,515,-30.5,-51.25,0.000158179,0
Brazil Rio Grande do Sul,crop,482,517,-30.5,-50.75,0.000167793,0
Brazil Rio Grande do Sul,crop,482,518,-30.5,-50.5,0.000301011,1
Brazil Rio Grande do Sul,crop,483,496,-30.75,-56.0,0.000105957,1
Brazil Rio Grande do Sul,crop,483,497,-30.75,-55.75,0.000227958,1
Brazil Rio Grande do Sul,crop,483,498,-30.75,-55.5,0.00048515,1
Brazil Rio Grande do Sul,crop,483,499,-30.75,-55.25,0.001964042,1
Brazil Rio Grande do Sul,crop,483,500,-30.75,-55.0,0.004739127,1
Brazil Rio Grande do Sul,crop,483,501,-30.75,-54.75,0.003059103,1
Brazil Rio Grande do Sul,crop,483,502,-30.75,-54.5,0.001101824,1
Brazil Rio Grande do Sul,crop,483,503,-30.75,-54.25,0.000710129,1
Brazil Rio Grande do Sul,crop,483,504,-30.75,-54.0,0.000750564,1
Brazil Rio Grande do Sul,crop,483,505,-30.75,-53.75,0.0004865,1
Brazil Rio Grande do Sul,crop,483,506,-30.75,-53.5,0.000216128,1
Brazil Rio Grande do Sul,crop,483,507,-30.75,-53.25,0.000892409,1
Brazil Rio Grande do Sul,crop,483,508,-30.75,-53.0,0.000519912,1
Brazil Rio Grande do Sul,crop,483,509,-30.75,-52.75,0.000895939,1
Brazil Rio Grande do Sul,crop,483,510,-30.75,-52.5,0.000898324,1
Brazil Rio Grande do Sul,crop,483,511,-30.75,-52.25,0.000225227,1
Brazil Rio Grande do Sul,crop,483,512,-30.75,-52.0,0.000695273,1
Brazil Rio Grande do Sul,crop,483,513,-30.75,-51.75,0.00221624,1
Brazil Rio Grande do Sul,crop,483,514,-30.75,-51.5,0.002848157,1
Brazil Rio Grande do Sul,crop,483,515,-30.75,-51.25,0.0,0
Brazil Rio Grande do Sul,crop,483,516,-30.75,-51.0,0.0,0
Brazil Rio Grande do Sul,crop,483,517,-30.75,-50.75,0.000369198,0
Brazil Rio Grande do Sul,crop,483,518,-30.75,-50.5,7.2267e-05,0
Brazil Rio Grande do Sul,crop,484,496,-31.0,-56.0,6.1e-08,1
Brazil Rio Grande do Sul,crop,484,497,-31.0,-55.75,0.0,1
Brazil Rio Grande do Sul,crop,484,498,-31.0,-55.5,0.000182982,1
Brazil Rio Grande do Sul,crop,484,499,-31.0,-55.25,0.002643774,1
Brazil Rio Grande do Sul,crop,484,500,-31.0,-55.0,0.006792502,1
Brazil Rio Grande do Sul,crop,484,501,-31.0,-54.75,0.003084451,1
Brazil Rio Grande do Sul,crop,484,502,-31.0,-54.5,0.002558927,1
Brazil Rio Grande do Sul,crop,484,503,-31.0,-54.25,0.00219476,1
Brazil Rio Grande do Sul,crop,484,504,-31.0,-54.0,0.001307176,1
Brazil Rio Grande do Sul,crop,484,505,-31.0,-53.75,0.000381288,1
Brazil Rio Grande do Sul,crop,484,506,-31.0,-53.5,0.000110667,1
Brazil Rio Grande do Sul,crop,484,507,-31.0,-53.25,0.001018696,1
Brazil Rio Grande do Sul,crop,484,508,-31.0,-53.0,0.002552794,1
Brazil Rio Grande do Sul,crop,484,509,-31.0,-52.75,0.000926693,1
Brazil Rio Grande do Sul,crop,484,510,-31.0,-52.5,0.0014321,1
Brazil Rio Grande do Sul,crop,484,511,-31.0,-52.25,0.001240073,1
Brazil Rio Grande do Sul,crop,484,512,-31.0,-52.0,0.00206409,1
Brazil Rio Grande do Sul,crop,484,513,-31.0,-51.75,0.001516015,1
Brazil Rio Grande do Sul,crop,484,514,-31.0,-51.5,0.000524447,1
Brazil Rio Grande do Sul,crop,484,515,-31.0,-51.25,5.227e-05,0
Brazil Rio Grande do Sul,crop,484,516,-31.0,-51.0,0.000358258,0
Brazil Rio Grande do Sul,crop,484,517,-31.0,-50.75,0.000175572,1
Brazil Rio Grande do Sul,crop,485,499,-31.25,-55.25,0.000610305,1
Brazil Rio Grande do Sul,crop,485,500,-31.25,-55.0,0.002907656,1
Brazil Rio Grande do Sul,crop,485,501,-31.25,-54.75,0.005734158,1
Brazil Rio Grande do Sul,crop,485,502,-31.25,-54.5,0.004972576,1
Brazil Rio Grande do Sul,crop,485,503,-31.25,-54.25,0.003598891,1
Brazil Rio Grande do Sul,crop,485,504,-31.25,-54.0,0.00171412,1
Brazil Rio Grande do Sul,crop,485,505,-31.25,-53.75,0.00129738,1
Brazil Rio Grande do Sul,crop,485,506,-31.25,-53.5,0.000183206,1
Brazil Rio Grande do Sul,crop,485,507,-31.25,-53.25,0.000946744,1
Brazil Rio Grande do Sul,crop,485,508,-31.25,-53.0,0.001687731,1
Brazil Rio Grande do Sul,crop,485,509,-31.25,-52.75,0.002089759,1
Brazil Rio Grande do Sul,crop,485,510,-31.25,-52.5,0.001987531,1
Brazil Rio Grande do Sul,crop,485,511,-31.25,-52.25,0.001364525,1
Brazil Rio Grande do Sul,crop,485,512,-31.25,-52.0,0.002484033,1
Brazil Rio Grande do Sul,crop,485,513,-31.25,-51.75,0.000783649,1
Brazil Rio Grande do Sul,crop,485,515,-31.25,-51.25,2.4876e-05,0
Brazil Rio Grande do Sul,crop,485,516,-31.25,-51.0,2.1558e-05,1
Brazil Rio Grande do Sul,crop,486,502,-31.5,-54.5,0.003654061,1
Brazil Rio Grande do Sul,crop,486,503,-31.5,-54.25,0.005711135,1
Brazil Rio Grande do Sul,crop,486,504,-31.5,-54.0,0.002692255,1
Brazil Rio Grande do Sul,crop,486,505,-31.5,-53.75,0.002905664,1
Brazil Rio Grande do Sul,crop,486,506,-31.5,-53.5,0.000464633,1
Brazil Rio Grande do Sul,crop,486,507,-31.5,-53.25,0.000802453,1
Brazil Rio Grande do Sul,crop,486,508,-31.5,-53.0,0.001293808,1
Brazil Rio Grande do Sul,crop,486,509,-31.5,-52.75,0.001015814,1
Brazil Rio Grande do Sul,crop,486,510,-31.5,-52.5,0.001668788,1
Brazil Rio Grande do Sul,crop,486,511,-31.5,-52.25,0.00206472,1
Brazil Rio Grande do Sul,crop,486,512,-31.5,-52.0,0.000571983,0
Brazil Rio Grande do Sul,crop,486,514,-31.5,-51.5,0.000537517,0
Brazil Rio Grande do Sul,crop,486,515,-31.5,-51.25,0.000106532,1
Brazil Rio Grande do Sul,crop,487,502,-31.75,-54.5,0.000463174,1
Brazil Rio Grande do Sul,crop,487,503,-31.75,-54.25,0.002698333,1
Brazil Rio Grande do Sul,crop,487,504,-31.75,-54.0,0.003447892,1
Brazil Rio Grande do Sul,crop,487,505,-31.75,-53.75,0.002680915,1
Brazil Rio Grande do Sul,crop,487,506,-31.75,-53.5,0.000557235,1
Brazil Rio Grande do Sul,crop,487,507,-31.75,-53.25,0.000651085,1
Brazil Rio Grande do Sul,crop,487,508,-31.75,-53.0,0.001920986,1
Brazil Rio Grande do Sul,crop,487,509,-31.75,-52.75,0.002132325,1
Brazil Rio Grande do Sul,crop,487,510,-31.75,-52.5,0.001380792,1
Brazil Rio Grande do Sul,crop,487,511,-31.75,-52.25,0.000435126,1
Brazil Rio Grande do Sul,crop,487,512,-31.75,-52.0,0.000134084,0
Brazil Rio Grande do Sul,crop,487,513,-31.75,-51.75,0.000158125,0
Brazil Rio Grande do Sul,crop,487,514,-31.75,-51.5,6.9972e-05,0
Brazil Rio Grande do Sul,crop,488,504,-32.0,-54.0,0.000647519,1
Brazil Rio Grande do Sul,crop,488,505,-32.0,-53.75,0.002328796,1
Brazil Rio Grande do Sul,crop,488,506,-32.0,-53.5,0.000853046,1
Brazil Rio Grande do Sul,crop,488,507,-32.0,-53.25,0.00093727,1
Brazil Rio Grande do Sul,crop,488,508,-32.0,-53.0,0.001358387,1
Brazil Rio Grande do Sul,crop,488,509,-32.0,-52.75,0.002358006,1
Brazil Rio Grande do Sul,crop,488,510,-32.0,-52.5,0.001057351,1
Brazil Rio Grande do Sul,crop,488,511,-32.0,-52.25,7.872e-05,1
Brazil Rio Grande do Sul,crop,488,512,-32.0,-52.0,5.9105e-05,1
Brazil Rio Grande do Sul,crop,489,505,-32.25,-53.75,0.000174259,1
Brazil Rio Grande do Sul,crop,489,506,-32.25,-53.5,0.001236495,1
Brazil Rio Grande do Sul,crop,489,507,-32.25,-53.25,0.001954785,1
Brazil Rio Grande do Sul,crop,489,508,-32.25,-53.0,0.002121688,1
Brazil Rio Grande do Sul,crop,489,509,-32.25,-52.75,0.001181688,0
Brazil Rio Grande do Sul,crop,489,510,-32.25,-52.5,0.000657889,1
Brazil Rio Grande do Sul,crop,489,511,-32.25,-52.25,3.4508e-05,1
Brazil Rio Grande do Sul,crop,490,506,-32.5,-53.5,0.001233026,1
Brazil Rio Grande do Sul,crop,490,507,-32.5,-53.25,0.002998363,1
Brazil Rio Grande do Sul,crop,490,508,-32.5,-53.0,0.002247248,1
Brazil Rio Grande do Sul,crop,490,509,-32.5,-52.75,0.000110873,0
Brazil Rio Grande do Sul,crop,490,510,-32.5,-52.5,0.000119549,1
Brazil Rio Grande do Sul,crop,491,507,-32.75,-53.25,1.8864e-05,0
Brazil Rio Grande do Sul,crop,491,508,-32.75,-53.0,9.5236e-05,0
Brazil Rio Grande do Sul,crop,491,509,-32.75,-52.75,0.000524743,0
Brazil Rio Grande do Sul,crop,491,510,-32.75,-52.5,1.9228e-05,1
Brazil Rio Grande do Sul,crop,492,506,-33.0,-53.5,9.117e-06,0
Brazil Rio Grande do Sul,crop,492,507,-33.0,-53.25,0.000812612,0
Brazil Rio Grande do Sul,crop,492,508,-33.0,-53.0,0.000620972,1
Brazil Rio Grande do Sul,crop,492,509,-33.0,-52.75,0.000185168,1
Brazil Rio Grande do Sul,crop,493,506,-33.25,-53.5,0.0,0
Brazil Rio Grande do Sul,crop,493,507,-33.25,-53.25,0.001124914,1
Brazil Rio Grande do Sul,crop,493,508,-33.25,-53.0,0.000137898,1
Brazil Rio Grande do Sul,crop,493,509,-33.25,-52.75,9.5e-07,0
Brazil Rio Grande do Sul,crop,494,506,-33.5,-53.5,0.000626257,0
Brazil Rio Grande do Sul,crop,494,507,-33.5,-53.25,0.000567194,1
Brazil Rio Grande do Sul,crop,494,508,-33.5,-53.0,1.9718e-05,0
pin:Brazil Rio Grande do Sul,pin,474,506,-28.5,-53.5,1.0,1
Argentina Pampas,crop,472,473,-28.0,-61.75,0.0,1
Argentina Pampas,crop,472,474,-28.0,-61.5,0.0,1
Argentina Pampas,crop,472,475,-28.0,-61.25,0.0,1
Argentina Pampas,crop,472,476,-28.0,-61.0,0.0,1
Argentina Pampas,crop,472,477,-28.0,-60.75,9.873e-06,1
Argentina Pampas,crop,472,478,-28.0,-60.5,1.9746e-05,1
Argentina Pampas,crop,472,479,-28.0,-60.25,1.9746e-05,1
Argentina Pampas,crop,472,480,-28.0,-60.0,2.4104e-05,1
Argentina Pampas,crop,472,481,-28.0,-59.75,1.73e-07,1
Argentina Pampas,crop,472,482,-28.0,-59.5,0.0,1
Argentina Pampas,crop,472,483,-28.0,-59.25,0.000193911,1
Argentina Pampas,crop,472,484,-28.0,-59.0,0.0,1
Argentina Pampas,crop,473,473,-28.25,-61.75,0.001884793,1
Argentina Pampas,crop,473,474,-28.25,-61.5,0.0,1
Argentina Pampas,crop,473,475,-28.25,-61.25,0.0,1
Argentina Pampas,crop,473,476,-28.25,-61.0,0.0,1
Argentina Pampas,crop,473,477,-28.25,-60.75,5.1991e-05,1
Argentina Pampas,crop,473,478,-28.25,-60.5,8.8856e-05,1
Argentina Pampas,crop,473,479,-28.25,-60.25,2.9619e-05,1
Argentina Pampas,crop,473,480,-28.25,-60.0,7.8983e-05,1
Argentina Pampas,crop,473,481,-28.25,-59.75,9.72e-07,1
Argentina Pampas,crop,473,482,-28.25,-59.5,0.0,1
Argentina Pampas,crop,473,483,-28.25,-59.25,0.0,1
Argentina Pampas,crop,474,473,-28.5,-61.75,0.002227367,1
Argentina Pampas,crop,474,474,-28.5,-61.5,0.0,1
Argentina Pampas,crop,474,475,-28.5,-61.25,0.0,1
Argentina Pampas,crop,474,476,-28.5,-61.0,9.873e-06,1
Argentina Pampas,crop,474,477,-28.5,-60.75,7.9316e-05,1
Argentina Pampas,crop,474,478,-28.5,-60.5,8.8856e-05,1
Argentina Pampas,crop,474,479,-28.5,-60.25,8.8856e-05,1
Argentina Pampas,crop,474,480,-28.5,-60.0,8.0497e-05,1
Argentina Pampas,crop,474,481,-28.5,-59.75,9.948e-05,1
Argentina Pampas,crop,474,482,-28.5,-59.5,0.000408117,1
Argentina Pampas,crop,474,483,-28.5,-59.25,0.0,1
Argentina Pampas,crop,475,473,-28.75,-61.75,0.003025559,1
Argentina Pampas,crop,475,474,-28.75,-61.5,0.0,1
Argentina Pampas,crop,475,475,-28.75,-61.25,0.0,1
Argentina Pampas,crop,475,476,-28.75,-61.0,9.873e-06,1
Argentina Pampas,crop,475,477,-28.75,-60.75,8.8856e-05,1
Argentina Pampas,crop,475,478,-28.75,-60.5,8.8852e-05,1
Argentina Pampas,crop,475,479,-28.75,-60.25,7.4484e-05,1
Argentina Pampas,crop,475,480,-28.75,-60.0,0.000148852,1
Argentina Pampas,crop,475,481,-28.75,-59.75,0.000868937,1
Argentina Pampas,crop,475,482,-28.75,-59.5,0.000464896,1
Argentina Pampas,crop,475,483,-28.75,-59.25,0.0,1
Argentina Pampas,crop,476,472,-29.0,-62.0,0.00093021,1
Argentina Pampas,crop,476,473,-29.0,-61.75,0.002589582,1
Argentina Pampas,crop,476,474,-29.0,-61.5,0.0,1
Argentina Pampas,crop,476,475,-29.0,-61.25,0.0,1
Argentina Pampas,crop,476,476,-29.0,-61.0,4.9364e-05,1
Argentina Pampas,crop,476,477,-29.0,-60.75,8.8856e-05,1
Argentina Pampas,crop,476,478,-29.0,-60.5,8.8856e-05,1
Argentina Pampas,crop,476,479,-29.0,-60.25,8.3208e-05,1
Argentina Pampas,crop,476,480,-29.0,-60.0,0.000698515,1
Argentina Pampas,crop,476,481,-29.0,-59.75,0.001066542,1
Argentina Pampas,crop,476,482,-29.0,-59.5,0.0,1
Argentina Pampas,crop,476,483,-29.0,-59.25,0.0,1
Argentina Pampas,crop,477,472,-29.25,-62.0,0.0,1
Argentina Pampas,crop,477,473,-29.25,-61.75,0.0,1
Argentina Pampas,crop,477,474,-29.25,-61.5,0.0,1
Argentina Pampas,crop,477,475,-29.25,-61.25,0.0,1
Argentina Pampas,crop,477,476,-29.25,-61.0,6.911e-05,1
Argentina Pampas,crop,477,477,-29.25,-60.75,7.5404e-05,1
Argentina Pampas,crop,477,478,-29.25,-60.5,6.564e-05,1
Argentina Pampas,crop,477,479,-29.25,-60.25,8.0907e-05,1
Argentina Pampas,crop,477,480,-29.25,-60.0,0.001145702,1
Argentina Pampas,crop,477,481,-29.25,-59.75,0.000990544,1
Argentina Pampas,crop,477,482,-29.25,-59.5,0.0,1
Argentina Pampas,crop,478,472,-29.5,-62.0,0.001268691,1
Argentina Pampas,crop,478,473,-29.5,-61.75,0.001709873,1
Argentina Pampas,crop,478,474,-29.5,-61.5,0.0,1
Argentina Pampas,crop,478,475,-29.5,-61.25,0.0,1
Argentina Pampas,crop,478,476,-29.5,-61.0,8.8856e-05,1
Argentina Pampas,crop,478,477,-29.5,-60.75,8.8844e-05,1
Argentina Pampas,crop,478,478,-29.5,-60.5,8.8856e-05,1
Argentina Pampas,crop,478,479,-29.5,-60.25,8.8856e-05,1
Argentina Pampas,crop,478,480,-29.5,-60.0,0.000924374,1
Argentina Pampas,crop,478,481,-29.5,-59.75,0.0,1
Argentina Pampas,crop,479,472,-29.75,-62.0,0.002713933,1
Argentina Pampas,crop,479,473,-29.75,-61.75,0.000271813,1
Argentina Pampas,crop,479,474,-29.75,-61.5,0.0,1
Argentina Pampas,crop,479,475,-29.75,-61.25,0.0,1
Argentina Pampas,crop,479,476,-29.75,-61.0,0.0,1
Argentina Pampas,crop,479,477,-29.75,-60.75,5.9237e-05,1
Argentina Pampas,crop,479,478,-29.75,-60.5,8.8856e-05,1
Argentina Pampas,crop,479,479,-29.75,-60.25,0.000768666,1
Argentina Pampas,crop,479,480,-29.75,-60.0,0.000349683,1
Argentina Pampas,crop,479,481,-29.75,-59.75,0.0,1
Argentina Pampas,crop,480,472,-30.0,-62.0,0.006102076,1
Argentina Pampas,crop,480,473,-30.0,-61.75,0.000636414,1
Argentina Pampas,crop,480,474,-30.0,-61.5,0.0,1
Argentina Pampas,crop,480,475,-30.0,-61.25,0.0,1
Argentina Pampas,crop,480,476,-30.0,-61.0,0.0,1
Argentina Pampas,crop,480,477,-30.0,-60.75,0.000253489,1
Argentina Pampas,crop,480,478,-30.0,-60.5,0.000415456,1
Argentina Pampas,crop,480,479,-30.0,-60.25,0.000309425,1
Argentina Pampas,crop,480,480,-30.0,-60.0,9.873e-06,1
Argentina Pampas,crop,480,481,-30.0,-59.75,0.0,1
Argentina Pampas,crop,481,471,-30.25,-62.25,0.000506653,1
Argentina Pampas,crop,481,472,-30.25,-62.0,0.005406771,1
Argentina Pampas,crop,481,473,-30.25,-61.75,0.001280926,1
Argentina Pampas,crop,481,474,-30.25,-61.5,0.0,1
Argentina Pampas,crop,481,475,-30.25,-61.25,0.0,1
Argentina Pampas,crop,481,476,-30.25,-61.0,0.0,1
Argentina Pampas,crop,481,477,-30.25,-60.75,0.000202791,1
Argentina Pampas,crop,481,478,-30.25,-60.5,0.000950759,1
Argentina Pampas,crop,481,479,-30.25,-60.25,0.000253489,1
Argentina Pampas,crop,481,480,-30.25,-60.0,0.0,1
Argentina Pampas,crop,481,481,-30.25,-59.75,0.0,1
Argentina Pampas,crop,482,472,-30.5,-62.0,0.001978927,1
Argentina Pampas,crop,482,473,-30.5,-61.75,0.0,1
Argentina Pampas,crop,482,474,-30.5,-61.5,0.0,1
Argentina Pampas,crop,482,475,-30.5,-61.25,0.000114727,1
Argentina Pampas,crop,482,476,-30.5,-61.0,0.0,1
Argentina Pampas,crop,482,477,-30.5,-60.75,0.000101396,1
Argentina Pampas,crop,482,478,-30.5,-60.5,0.003044465,1
Argentina Pampas,crop,482,479,-30.5,-60.25,0.0,1
Argentina Pampas,crop,482,480,-30.5,-60.0,0.0,1
Argentina Pampas,crop,482,481,-30.5,-59.75,8.1895e-05,1
Argentina Pampas,crop,483,472,-30.75,-62.0,0.001251171,1
Argentina Pampas,crop,483,473,-30.75,-61.75,0.00272671,1
Argentina Pampas,crop,483,474,-30.75,-61.5,0.0,1
Argentina Pampas,crop,483,475,-30.75,-61.25,0.000458907,1
Argentina Pampas,crop,483,476,-30.75,-61.0,0.000917815,1
Argentina Pampas,crop,483,477,-30.75,-60.75,0.002906422,1
Argentina Pampas,crop,483,478,-30.75,-60.5,0.003668078,1
Argentina Pampas,crop,483,479,-30.75,-60.25,0.000201594,1
Argentina Pampas,crop,483,480,-30.75,-60.0,7.6191e-05,1
Argentina Pampas,crop,483,481,-30.75,-59.75,5.712e-05,1
Argentina Pampas,crop,484,472,-31.0,-62.0,0.002692862,1
Argentina Pampas,crop,484,473,-31.0,-61.75,0.006693785,1
Argentina Pampas,crop,484,474,-31.0,-61.5,0.002665006,1
Argentina Pampas,crop,484,475,-31.0,-61.25,0.000573634,1
Argentina Pampas,crop,484,476,-31.0,-61.0,0.001266699,1
Argentina Pampas,crop,484,477,-31.0,-60.75,0.00352793,1
Argentina Pampas,crop,484,478,-31.0,-60.5,0.000870314,1
Argentina Pampas,crop,484,479,-31.0,-60.25,9.2234e-05,1
Argentina Pampas,crop,484,480,-31.0,-60.0,0.000137493,1
Argentina Pampas,crop,485,472,-31.25,-62.0,0.004556535,1
Argentina Pampas,crop,485,473,-31.25,-61.75,0.005813932,1
Argentina Pampas,crop,485,474,-31.25,-61.5,0.000576574,1
Argentina Pampas,crop,485,475,-31.25,-61.25,0.002274578,1
Argentina Pampas,crop,485,476,-31.25,-61.0,0.001788892,1
Argentina Pampas,crop,485,477,-31.25,-60.75,0.002678032,1
Argentina Pampas,crop,485,478,-31.25,-60.5,9.8733e-05,1
Argentina Pampas,crop,485,479,-31.25,-60.25,0.000111377,1
Argentina Pampas,crop,485,480,-31.25,-60.0,1.2375e-05,1
Argentina Pampas,crop,486,471,-31.5,-62.25,0.000657152,1
Argentina Pampas,crop,486,472,-31.5,-62.0,0.006202255,1
Argentina Pampas,crop,486,473,-31.5,-61.75,0.00509163,1
Argentina Pampas,crop,486,474,-31.5,-61.5,0.002513917,1
Argentina Pampas,crop,486,475,-31.5,-61.25,0.006506667,1
Argentina Pampas,crop,486,476,-31.5,-61.0,0.005028517,1
Argentina Pampas,crop,486,477,-31.5,-60.75,0.000229454,1
Argentina Pampas,crop,486,478,-31.5,-60.5,3.7126e-05,1
Argentina Pampas,crop,486,479,-31.5,-60.25,4.8252e-05,1
Argentina Pampas,crop,487,471,-31.75,-62.25,0.001460553,1
Argentina Pampas,crop,487,472,-31.75,-62.0,0.006654431,1
Argentina Pampas,crop,487,473,-31.75,-61.75,0.005988856,1
Argentina Pampas,crop,487,474,-31.75,-61.5,0.006458833,1
Argentina Pampas,crop,487,475,-31.75,-61.25,0.003278281,1
Argentina Pampas,crop,487,476,-31.75,-61.0,0.002924886,1
Argentina Pampas,crop,487,477,-31.75,-60.75,0.0,1
Argentina Pampas,crop,488,471,-32.0,-62.25,0.000510943,1
Argentina Pampas,crop,488,472,-32.0,-62.0,0.006197467,1
Argentina Pampas,crop,488,473,-32.0,-61.75,0.005919388,1
Argentina Pampas,crop,488,474,-32.0,-61.5,0.002190466,1
Argentina Pampas,crop,488,475,-32.0,-61.25,0.006142921,1
Argentina Pampas,crop,488,476,-32.0,-61.0,0.00056767,1
Argentina Pampas,crop,488,477,-32.0,-60.75,0.0,1
Argentina Pampas,crop,489,471,-32.25,-62.25,0.0,1
Argentina Pampas,crop,489,472,-32.25,-62.0,0.004957885,1
Argentina Pampas,crop,489,473,-32.25,-61.75,0.006215916,1
Argentina Pampas,crop,489,474,-32.25,-61.5,0.006086661,1
Argentina Pampas,crop,489,475,-32.25,-61.25,0.006373632,1
Argentina Pampas,crop,489,476,-32.25,-61.0,0.000927137,1
Argentina Pampas,crop,489,477,-32.25,-60.75,0.0,1
Argentina Pampas,crop,490,472,-32.5,-62.0,0.000520145,1
Argentina Pampas,crop,490,473,-32.5,-61.75,0.005569589,1
Argentina Pampas,crop,490,474,-32.5,-61.5,0.006482844,1
Argentina Pampas,crop,490,475,-32.5,-61.25,0.004520314,1
Argentina Pampas,crop,490,476,-32.5,-61.0,0.00370293,1
Argentina Pampas,crop,490,477,-32.5,-60.75,0.0,1
Argentina Pampas,crop,491,473,-32.75,-61.75,0.004478139,1
Argentina Pampas,crop,491,474,-32.75,-61.5,0.005444294,1
Argentina Pampas,crop,491,475,-32.75,-61.25,0.005818615,1
Argentina Pampas,crop,491,476,-32.75,-61.0,0.004453168,1
Argentina Pampas,crop,491,477,-32.75,-60.75,0.000686614,1
Argentina Pampas,crop,492,472,-33.0,-62.0,0.000503199,1
Argentina Pampas,crop,492,473,-33.0,-61.75,0.004738055,1
Argentina Pampas,crop,492,474,-33.0,-61.5,0.00617401,1
Argentina Pampas,crop,492,475,-33.0,-61.25,0.005134194,1
Argentina Pampas,crop,492,476,-33.0,-61.0,0.00611638,1
Argentina Pampas,crop,492,477,-33.0,-60.75,0.003934802,1
Argentina Pampas,crop,492,478,-33.0,-60.5,0.000405053,1
Argentina Pampas,crop,493,472,-33.25,-62.0,0.004189621,1
Argentina Pampas,crop,493,473,-33.25,-61.75,0.005595484,1
Argentina Pampas,crop,493,474,-33.25,-61.5,0.005879993,1
Argentina Pampas,crop,493,475,-33.25,-61.25,0.006163989,1
Argentina Pampas,crop,493,476,-33.25,-61.0,0.006871818,1
Argentina Pampas,crop,493,477,-33.25,-60.75,0.002974355,1
Argentina Pampas,crop,493,478,-33.25,-60.5,0.004268845,1
Argentina Pampas,crop,493,479,-33.25,-60.25,0.0,1
Argentina Pampas,crop,494,471,-33.5,-62.25,0.004920257,1
Argentina Pampas,crop,494,472,-33.5,-62.0,0.008742533,1
Argentina Pampas,crop,494,473,-33.5,-61.75,0.007223602,1
Argentina Pampas,crop,494,474,-33.5,-61.5,0.005867273,1
Argentina Pampas,crop,494,475,-33.5,-61.25,0.00583518,1
Argentina Pampas,crop,494,476,-33.5,-61.0,0.004907588,1
Argentina Pampas,crop,494,477,-33.5,-60.75,0.004584399,1
Argentina Pampas,crop,494,478,-33.5,-60.5,0.00520653,1
Argentina Pampas,crop,494,479,-33.5,-60.25,0.004752205,1
Argentina Pampas,crop,494,480,-33.5,-60.0,0.003381805,1
Argentina Pampas,crop,494,481,-33.5,-59.75,8.0156e-05,1
Argentina Pampas,crop,495,470,-33.75,-62.5,0.000932785,1
Argentina Pampas,crop,495,471,-33.75,-62.25,0.002805496,1
Argentina Pampas,crop,495,472,-33.75,-62.0,0.004351495,1
Argentina Pampas,crop,495,473,-33.75,-61.75,0.008044942,1
Argentina Pampas,crop,495,474,-33.75,-61.5,0.002942294,1
Argentina Pampas,crop,495,475,-33.75,-61.25,0.004745297,1
Argentina Pampas,crop,495,476,-33.75,-61.0,0.004530532,1
Argentina Pampas,crop,495,477,-33.75,-60.75,0.005787169,1
Argentina Pampas,crop,495,478,-33.75,-60.5,0.002526618,1
Argentina Pampas,crop,495,479,-33.75,-60.25,0.006047254,1
Argentina Pampas,crop,495,480,-33.75,-60.0,0.004427333,1
Argentina Pampas,crop,495,481,-33.75,-59.75,0.002462802,1
Argentina Pampas,crop,495,482,-33.75,-59.5,0.000691064,1
Argentina Pampas,crop,495,483,-33.75,-59.25,2.9514e-05,1
Argentina Pampas,crop,495,484,-33.75,-59.0,6.337e-05,1
Argentina Pampas,crop,496,469,-34.0,-62.75,5.408e-05,1
Argentina Pampas,crop,496,470,-34.0,-62.5,0.001875125,1
Argentina Pampas,crop,496,471,-34.0,-62.25,0.001954196,1
Argentina Pampas,crop,496,472,-34.0,-62.0,0.001066346,1
Argentina Pampas,crop,496,473,-34.0,-61.75,0.003066557,1
Argentina Pampas,crop,496,474,-34.0,-61.5,0.004961664,1
Argentina Pampas,crop,496,475,-34.0,-61.25,0.004709585,1
Argentina Pampas,crop,496,476,-34.0,-61.0,0.003945968,1
Argentina Pampas,crop,496,477,-34.0,-60.75,0.005198227,1
Argentina Pampas,crop,496,478,-34.0,-60.5,0.005686223,1
Argentina Pampas,crop,496,479,-34.0,-60.25,0.00541443,1
Argentina Pampas,crop,496,480,-34.0,-60.0,0.005330262,1
Argentina Pampas,crop,496,481,-34.0,-59.75,0.004618351,1
Argentina Pampas,crop,496,482,-34.0,-59.5,0.003978901,1
Argentina Pampas,crop,496,483,-34.0,-59.25,0.003146198,1
Argentina Pampas,crop,496,484,-34.0,-59.0,0.000816415,1
Argentina Pampas,crop,496,485,-34.0,-58.75,0.000626377,1
Argentina Pampas,crop,496,486,-34.0,-58.5,0.0,1
Argentina Pampas,crop,497,469,-34.25,-62.75,0.00110746,1
Argentina Pampas,crop,497,470,-34.25,-62.5,0.001951393,1
Argentina Pampas,crop,497,471,-34.25,-62.25,0.001138528,1
Argentina Pampas,crop,497,472,-34.25,-62.0,0.001559374,1
Argentina Pampas,crop,497,473,-34.25,-61.75,0.001856757,1
Argentina Pampas,crop,497,474,-34.25,-61.5,0.00338532,1
Argentina Pampas,crop,497,475,-34.25,-61.25,0.003627514,1
Argentina Pampas,crop,497,476,-34.25,-61.0,0.005313047,1
Argentina Pampas,crop,497,477,-34.25,-60.75,0.003943639,1
Argentina Pampas,crop,497,478,-34.25,-60.5,0.00450736,1
Argentina Pampas,crop,497,479,-34.25,-60.25,0.004246781,1
Argentina Pampas,crop,497,480,-34.25,-60.0,0.003852996,1
Argentina Pampas,crop,497,481,-34.25,-59.75,0.004296057,1
Argentina Pampas,crop,497,482,-34.25,-59.5,0.003579042,1
Argentina Pampas,crop,497,483,-34.25,-59.25,0.003529798,1
Argentina Pampas,crop,497,484,-34.25,-59.0,0.000381125,1
Argentina Pampas,crop,497,485,-34.25,-58.75,0.0,1
Argentina Pampas,crop,497,486,-34.25,-58.5,0.0,1
Argentina Pampas,crop,498,466,-34.5,-63.5,0.001122863,1
Argentina Pampas,crop,498,467,-34.5,-63.25,0.00333404,1
Argentina Pampas,crop,498,468,-34.5,-63.0,0.003370812,1
Argentina Pampas,crop,498,469,-34.5,-62.75,0.002219382,1
Argentina Pampas,crop,498,470,-34.5,-62.5,0.000374317,1
Argentina Pampas,crop,498,471,-34.5,-62.25,0.00288903,1
Argentina Pampas,crop,498,472,-34.5,-62.0,0.003086736,1
Argentina Pampas,crop,498,473,-34.5,-61.75,0.003237122,1
Argentina Pampas,crop,498,474,-34.5,-61.5,0.003258864,1
Argentina Pampas,crop,498,475,-34.5,-61.25,0.00298965,1
Argentina Pampas,crop,498,476,-34.5,-61.0,0.00388927,1
Argentina Pampas,crop,498,477,-34.5,-60.75,0.004481895,1
Argentina Pampas,crop,498,478,-34.5,-60.5,0.004224316,1
Argentina Pampas,crop,498,479,-34.5,-60.25,0.00463259,1
Argentina Pampas,crop,498,480,-34.5,-60.0,0.002892817,1
Argentina Pampas,crop,498,481,-34.5,-59.75,0.003831808,1
Argentina Pampas,crop,498,482,-34.5,-59.5,0.002392318,1
Argentina Pampas,crop,498,483,-34.5,-59.25,0.00117026,1
Argentina Pampas,crop,498,484,-34.5,-59.0,0.000179242,1
Argentina Pampas,crop,498,485,-34.5,-58.75,1.2271e-05,1
Argentina Pampas,crop,498,486,-34.5,-58.5,0.0,1
Argentina Pampas,crop,499,466,-34.75,-63.5,0.000992371,1
Argentina Pampas,crop,499,467,-34.75,-63.25,0.002419217,1
Argentina Pampas,crop,499,468,-34.75,-63.0,0.002086761,1
Argentina Pampas,crop,499,469,-34.75,-62.75,0.00264228,1
Argentina Pampas,crop,499,470,-34.75,-62.5,0.00212608,1
Argentina Pampas,crop,499,471,-34.75,-62.25,0.001547353,1
Argentina Pampas,crop,499,472,-34.75,-62.0,0.00249101,1
Argentina Pampas,crop,499,473,-34.75,-61.75,0.002442309,1
Argentina Pampas,crop,499,474,-34.75,-61.5,0.000565505,1
Argentina Pampas,crop,499,475,-34.75,-61.25,0.002964984,1
Argentina Pampas,crop,499,476,-34.75,-61.0,0.00272297,1
Argentina Pampas,crop,499,477,-34.75,-60.75,0.003108639,1
Argentina Pampas,crop,499,478,-34.75,-60.5,0.003878762,1
Argentina Pampas,crop,499,479,-34.75,-60.25,0.003847091,1
Argentina Pampas,crop,499,480,-34.75,-60.0,0.003160919,1
Argentina Pampas,crop,499,481,-34.75,-59.75,0.002593149,1
Argentina Pampas,crop,499,482,-34.75,-59.5,0.002089565,1
Argentina Pampas,crop,499,483,-34.75,-59.25,0.002353585,1
Argentina Pampas,crop,499,484,-34.75,-59.0,0.001148558,1
Argentina Pampas,crop,499,485,-34.75,-58.75,0.000408961,1
Argentina Pampas,crop,499,486,-34.75,-58.5,0.0,1
Argentina Pampas,crop,499,487,-34.75,-58.25,4.864e-06,1
Argentina Pampas,crop,499,488,-34.75,-58.0,4.864e-06,0
Argentina Pampas,crop,500,466,-35.0,-63.5,0.000590191,1
Argentina Pampas,crop,500,467,-35.0,-63.25,0.00295134,1
Argentina Pampas,crop,500,468,-35.0,-63.0,0.003365309,1
Argentina Pampas,crop,500,469,-35.0,-62.75,0.003417694,1
Argentina Pampas,crop,500,470,-35.0,-62.5,0.002529273,1
Argentina Pampas,crop,500,471,-35.0,-62.25,0.003564947,1
Argentina Pampas,crop,500,472,-35.0,-62.0,0.002818831,1
Argentina Pampas,crop,500,473,-35.0,-61.75,0.002413883,1
Argentina Pampas,crop,500,474,-35.0,-61.5,0.00047448,1
Argentina Pampas,crop,500,475,-35.0,-61.25,0.0032944,1
Argentina Pampas,crop,500,476,-35.0,-61.0,0.003262748,1
Argentina Pampas,crop,500,477,-35.0,-60.75,0.003453751,1
Argentina Pampas,crop,500,478,-35.0,-60.5,0.002521689,1
Argentina Pampas,crop,500,479,-35.0,-60.25,0.00322676,1
Argentina Pampas,crop,500,480,-35.0,-60.0,0.003380062,1
Argentina Pampas,crop,500,481,-35.0,-59.75,0.002019965,1
Argentina Pampas,crop,500,482,-35.0,-59.5,0.001463815,1
Argentina Pampas,crop,500,483,-35.0,-59.25,0.002226785,1
Argentina Pampas,crop,500,484,-35.0,-59.0,0.001210595,1
Argentina Pampas,crop,500,485,-35.0,-58.75,0.0,1
Argentina Pampas,crop,500,486,-35.0,-58.5,0.0,1
Argentina Pampas,crop,500,487,-35.0,-58.25,1.3086e-05,1
Argentina Pampas,crop,500,488,-35.0,-58.0,0.000167815,1
Argentina Pampas,crop,500,489,-35.0,-57.75,0.000152612,1
Argentina Pampas,crop,500,490,-35.0,-57.5,0.0,0
Argentina Pampas,crop,501,466,-35.25,-63.5,0.000594019,1
Argentina Pampas,crop,501,467,-35.25,-63.25,0.003089427,1
Argentina Pampas,crop,501,468,-35.25,-63.0,0.002933646,1
Argentina Pampas,crop,501,469,-35.25,-62.75,0.002807275,1
Argentina Pampas,crop,501,470,-35.25,-62.5,0.000774739,1
Argentina Pampas,crop,501,471,-35.25,-62.25,0.001454934,1
Argentina Pampas,crop,501,472,-35.25,-62.0,0.001996391,1
Argentina Pampas,crop,501,473,-35.25,-61.75,0.00208991,1
Argentina Pampas,crop,501,474,-35.25,-61.5,0.001931711,1
Argentina Pampas,crop,501,475,-35.25,-61.25,0.002802961,1
Argentina Pampas,crop,501,476,-35.25,-61.0,0.002869083,1
Argentina Pampas,crop,501,477,-35.25,-60.75,0.003117515,1
Argentina Pampas,crop,501,478,-35.25,-60.5,0.003114362,1
Argentina Pampas,crop,501,479,-35.25,-60.25,0.002924231,1
Argentina Pampas,crop,501,480,-35.25,-60.0,0.002608131,1
Argentina Pampas,crop,501,481,-35.25,-59.75,0.00198988,1
Argentina Pampas,crop,501,482,-35.25,-59.5,0.001155571,1
Argentina Pampas,crop,501,483,-35.25,-59.25,0.000577145,1
Argentina Pampas,crop,501,484,-35.25,-59.0,0.001120498,1
Argentina Pampas,crop,501,485,-35.25,-58.75,0.00085863,1
Argentina Pampas,crop,501,486,-35.25,-58.5,0.000426076,1
Argentina Pampas,crop,501,487,-35.25,-58.25,0.0,1
Argentina Pampas,crop,501,488,-35.25,-58.0,2.6136e-05,1
Argentina Pampas,crop,501,489,-35.25,-57.75,0.0,1
Argentina Pampas,crop,501,490,-35.25,-57.5,0.0,1
Argentina Pampas,crop,501,491,-35.25,-57.25,0.0,1
Argentina Pampas,crop,502,466,-35.5,-63.5,0.000761998,1
Argentina Pampas,crop,502,467,-35.5,-63.25,0.002518359,1
Argentina Pampas,crop,502,468,-35.5,-63.0,0.002000613,1
Argentina Pampas,crop,502,469,-35.5,-62.75,0.000983246,1
Argentina Pampas,crop,502,470,-35.5,-62.5,0.001424283,1
Argentina Pampas,crop,502,471,-35.5,-62.25,0.000787275,1
Argentina Pampas,crop,502,472,-35.5,-62.0,0.00096789,1
Argentina Pampas,crop,502,473,-35.5,-61.75,0.000908669,1
Argentina Pampas,crop,502,474,-35.5,-61.5,0.002454965,1
Argentina Pampas,crop,502,475,-35.5,-61.25,0.002291047,1
Argentina Pampas,crop,502,476,-35.5,-61.0,0.002491356,1
Argentina Pampas,crop,502,477,-35.5,-60.75,0.002781573,1
Argentina Pampas,crop,502,478,-35.5,-60.5,0.002666705,1
Argentina Pampas,crop,502,479,-35.5,-60.25,0.002767274,1
Argentina Pampas,crop,502,480,-35.5,-60.0,0.002229299,1
Argentina Pampas,crop,502,481,-35.5,-59.75,0.001643575,1
Argentina Pampas,crop,502,482,-35.5,-59.5,0.001026714,1
Argentina Pampas,crop,502,483,-35.5,-59.25,0.001591495,1
Argentina Pampas,crop,502,484,-35.5,-59.0,6.6186e-05,1
Argentina Pampas,crop,502,485,-35.5,-58.75,0.000726065,1
Argentina Pampas,crop,502,486,-35.5,-58.5,0.000942794,1
Argentina Pampas,crop,502,487,-35.5,-58.25,0.000323764,1
Argentina Pampas,crop,502,488,-35.5,-58.0,9.5724e-05,1
Argentina Pampas,crop,502,489,-35.5,-57.75,7.4452e-05,1
Argentina Pampas,crop,502,490,-35.5,-57.5,6.576e-05,1
Argentina Pampas,crop,502,491,-35.5,-57.25,0.0,1
Argentina Pampas,crop,503,466,-35.75,-63.5,0.000886811,1
Argentina Pampas,crop,503,467,-35.75,-63.25,0.00243971,1
Argentina Pampas,crop,503,468,-35.75,-63.0,0.001960189,1
Argentina Pampas,crop,503,469,-35.75,-62.75,0.001927116,1
Argentina Pampas,crop,503,470,-35.75,-62.5,0.000469889,1
Argentina Pampas,crop,503,471,-35.75,-62.25,0.002226797,1
Argentina Pampas,crop,503,472,-35.75,-62.0,0.000203309,1
Argentina Pampas,crop,503,473,-35.75,-61.75,0.001688035,1
Argentina Pampas,crop,503,474,-35.75,-61.5,0.002443289,1
Argentina Pampas,crop,503,475,-35.75,-61.25,0.002064533,1
Argentina Pampas,crop,503,476,-35.75,-61.0,0.002708531,1
Argentina Pampas,crop,503,477,-35.75,-60.75,0.002700871,1
Argentina Pampas,crop,503,478,-35.75,-60.5,0.00273582,1
Argentina Pampas,crop,503,479,-35.75,-60.25,0.001797873,1
Argentina Pampas,crop,503,480,-35.75,-60.0,0.001491811,1
Argentina Pampas,crop,503,481,-35.75,-59.75,0.001893087,1
Argentina Pampas,crop,503,482,-35.75,-59.5,0.000420227,1
Argentina Pampas,crop,503,483,-35.75,-59.25,0.0,1
Argentina Pampas,crop,503,484,-35.75,-59.0,0.000489747,1
Argentina Pampas,crop,503,485,-35.75,-58.75,0.00104762,1
Argentina Pampas,crop,503,486,-35.75,-58.5,0.001698534,1
Argentina Pampas,crop,503,487,-35.75,-58.25,0.001259818,1
Argentina Pampas,crop,503,488,-35.75,-58.0,9.5724e-05,1
Argentina Pampas,crop,503,489,-35.75,-57.75,7.4452e-05,1
Argentina Pampas,crop,503,490,-35.75,-57.5,0.000120418,1
Argentina Pampas,crop,504,466,-36.0,-63.5,0.000513493,1
Argentina Pampas,crop,504,467,-36.0,-63.25,0.001885287,1
Argentina Pampas,crop,504,468,-36.0,-63.0,0.00250014,1
Argentina Pampas,crop,504,469,-36.0,-62.75,0.001707142,1
Argentina Pampas,crop,504,470,-36.0,-62.5,0.000902503,0
Argentina Pampas,crop,504,471,-36.0,-62.25,0.002618659,1
Argentina Pampas,crop,504,472,-36.0,-62.0,0.002444803,1
Argentina Pampas,crop,504,473,-36.0,-61.75,0.002726822,1
Argentina Pampas,crop,504,474,-36.0,-61.5,0.002881342,1
Argentina Pampas,crop,504,475,-36.0,-61.25,0.002232958,1
Argentina Pampas,crop,504,476,-36.0,-61.0,0.001923742,1
Argentina Pampas,crop,504,477,-36.0,-60.75,0.001962933,1
Argentina Pampas,crop,504,478,-36.0,-60.5,0.000532793,1
Argentina Pampas,crop,504,479,-36.0,-60.25,0.000384202,1
Argentina Pampas,crop,504,480,-36.0,-60.0,4.497e-05,1
Argentina Pampas,crop,504,481,-36.0,-59.75,0.000860064,1
Argentina Pampas,crop,504,482,-36.0,-59.5,0.000808924,1
Argentina Pampas,crop,504,483,-36.0,-59.25,0.00038993,1
Argentina Pampas,crop,504,484,-36.0,-59.0,0.000399489,1
Argentina Pampas,crop,504,485,-36.0,-58.75,0.000433996,1
Argentina Pampas,crop,504,486,-36.0,-58.5,0.000186472,1
Argentina Pampas,crop,504,487,-36.0,-58.25,0.000130789,1
Argentina Pampas,crop,504,488,-36.0,-58.0,0.000570887,1
Argentina Pampas,crop,504,489,-36.0,-57.75,0.000136662,1
Argentina Pampas,crop,504,490,-36.0,-57.5,0.000221919,1
Argentina Pampas,crop,504,491,-36.0,-57.25,5.475e-06,0
Argentina Pampas,crop,505,466,-36.25,-63.5,0.000514734,1
Argentina Pampas,crop,505,467,-36.25,-63.25,0.001273511,1
Argentina Pampas,crop,505,468,-36.25,-63.0,0.001925168,1
Argentina Pampas,crop,505,469,-36.25,-62.75,0.002516532,1
Argentina Pampas,crop,505,470,-36.25,-62.5,0.002448751,1
Argentina Pampas,crop,505,471,-36.25,-62.25,0.002376042,1
Argentina Pampas,crop,505,472,-36.25,-62.0,0.002641055,1
Argentina Pampas,crop,505,473,-36.25,-61.75,0.002577324,1
Argentina Pampas,crop,505,474,-36.25,-61.5,0.00211693,1
Argentina Pampas,crop,505,475,-36.25,-61.25,0.002040144,1
Argentina Pampas,crop,505,476,-36.25,-61.0,0.002170439,1
Argentina Pampas,crop,505,477,-36.25,-60.75,4.6581e-05,1
Argentina Pampas,crop,505,478,-36.25,-60.5,0.0,1
Argentina Pampas,crop,505,479,-36.25,-60.25,0.0,1
Argentina Pampas,crop,505,480,-36.25,-60.0,0.0,1
Argentina Pampas,crop,505,481,-36.25,-59.75,0.000331416,1
Argentina Pampas,crop,505,482,-36.25,-59.5,0.001415045,1
Argentina Pampas,crop,505,483,-36.25,-59.25,0.0,1
Argentina Pampas,crop,505,484,-36.25,-59.0,0.0,1
Argentina Pampas,crop,505,485,-36.25,-58.75,0.000325849,1
Argentina Pampas,crop,505,486,-36.25,-58.5,0.000130789,1
Argentina Pampas,crop,505,487,-36.25,-58.25,0.000130789,1
Argentina Pampas,crop,505,488,-36.25,-58.0,2.9064e-05,1
Argentina Pampas,crop,505,489,-36.25,-57.75,5.7631e-05,1
Argentina Pampas,crop,505,490,-36.25,-57.5,1.4243e-05,1
Argentina Pampas,crop,505,491,-36.25,-57.25,3.629e-05,1
Argentina Pampas,crop,505,492,-36.25,-57.0,1.2942e-05,0
Argentina Pampas,crop,505,493,-36.25,-56.75,4.314e-06,0
Argentina Pampas,crop,506,466,-36.5,-63.5,0.000349197,1
Argentina Pampas,crop,506,467,-36.5,-63.25,0.001440791,1
Argentina Pampas,crop,506,468,-36.5,-63.0,0.001320518,1
Argentina Pampas,crop,506,469,-36.5,-62.75,0.001269627,1
Argentina Pampas,crop,506,470,-36.5,-62.5,0.001745408,1
Argentina Pampas,crop,506,471,-36.5,-62.25,0.002759156,1
Argentina Pampas,crop,506,472,-36.5,-62.0,0.00280509,1
Argentina Pampas,crop,506,473,-36.5,-61.75,0.001744031,1
Argentina Pampas,crop,506,474,-36.5,-61.5,0.00127282,1
Argentina Pampas,crop,506,475,-36.5,-61.25,0.002098787,1
Argentina Pampas,crop,506,476,-36.5,-61.0,0.000962837,1
Argentina Pampas,crop,506,477,-36.5,-60.75,7.5227e-05,1
Argentina Pampas,crop,506,478,-36.5,-60.5,0.000362223,1
Argentina Pampas,crop,506,479,-36.5,-60.25,5.4895e-05,1
Argentina Pampas,crop,506,480,-36.5,-60.0,0.000300492,1
Argentina Pampas,crop,506,481,-36.5,-59.75,0.000676106,1
Argentina Pampas,crop,506,482,-36.5,-59.5,0.000909191,1
Argentina Pampas,crop,506,483,-36.5,-59.25,0.000434876,1
Argentina Pampas,crop,506,484,-36.5,-59.0,0.0,1
Argentina Pampas,crop,506,485,-36.5,-58.75,4.0218e-05,1
Argentina Pampas,crop,506,486,-36.5,-58.5,0.000134364,1
Argentina Pampas,crop,506,487,-36.5,-58.25,7.9863e-05,1
Argentina Pampas,crop,506,488,-36.5,-58.0,0.0,1
Argentina Pampas,crop,506,489,-36.5,-57.75,0.0,1
Argentina Pampas,crop,506,490,-36.5,-57.5,1.4243e-05,1
Argentina Pampas,crop,506,491,-36.5,-57.25,4.1427e-05,1
Argentina Pampas,crop,506,492,-36.5,-57.0,3.8825e-05,1
Argentina Pampas,crop,506,493,-36.5,-56.75,1.2942e-05,1
Argentina Pampas,crop,507,466,-36.75,-63.5,0.000185974,1
Argentina Pampas,crop,507,467,-36.75,-63.25,0.000884975,1
Argentina Pampas,crop,507,468,-36.75,-63.0,0.001573553,1
Argentina Pampas,crop,507,469,-36.75,-62.75,0.001143397,1
Argentina Pampas,crop,507,470,-36.75,-62.5,0.000456706,1
Argentina Pampas,crop,507,471,-36.75,-62.25,0.000352539,1
Argentina Pampas,crop,507,472,-36.75,-62.0,0.000813407,1
Argentina Pampas,crop,507,473,-36.75,-61.75,0.001193564,1
Argentina Pampas,crop,507,474,-36.75,-61.5,0.001670438,1
Argentina Pampas,crop,507,475,-36.75,-61.25,0.000599778,1
Argentina Pampas,crop,507,476,-36.75,-61.0,7.5227e-05,1
Argentina Pampas,crop,507,477,-36.75,-60.75,7.5227e-05,1
Argentina Pampas,crop,507,478,-36.75,-60.5,0.000700909,1
Argentina Pampas,crop,507,479,-36.75,-60.25,0.001294466,1
Argentina Pampas,crop,507,480,-36.75,-60.0,0.001160845,1
Argentina Pampas,crop,507,481,-36.75,-59.75,0.001780939,1
Argentina Pampas,crop,507,482,-36.75,-59.5,0.000676106,1
Argentina Pampas,crop,507,483,-36.75,-59.25,7.5123e-05,1
Argentina Pampas,crop,507,484,-36.75,-59.0,0.000310963,1
Argentina Pampas,crop,507,485,-36.75,-58.75,0.000297961,1
Argentina Pampas,crop,507,486,-36.75,-58.5,0.000195606,1
Argentina Pampas,crop,507,487,-36.75,-58.25,0.000164368,1
Argentina Pampas,crop,507,488,-36.75,-58.0,7.9959e-05,1
Argentina Pampas,crop,507,489,-36.75,-57.75,0.000263736,1
Argentina Pampas,crop,507,490,-36.75,-57.5,0.000147217,1
Argentina Pampas,crop,507,491,-36.75,-57.25,0.000135103,1
Argentina Pampas,crop,507,492,-36.75,-57.0,6.8194e-05,1
Argentina Pampas,crop,507,493,-36.75,-56.75,2.1569e-05,1
Argentina Pampas,crop,508,466,-37.0,-63.5,0.000208752,1
Argentina Pampas,crop,508,467,-37.0,-63.25,0.000551274,1
Argentina Pampas,crop,508,468,-37.0,-63.0,0.000339806,1
Argentina Pampas,crop,508,469,-37.0,-62.75,0.000368477,1
Argentina Pampas,crop,508,470,-37.0,-62.5,0.000559809,0
Argentina Pampas,crop,508,471,-37.0,-62.25,0.001313934,1
Argentina Pampas,crop,508,472,-37.0,-62.0,0.001217628,1
Argentina Pampas,crop,508,473,-37.0,-61.75,0.000784198,1
Argentina Pampas,crop,508,474,-37.0,-61.5,3.4342e-05,1
Argentina Pampas,crop,508,475,-37.0,-61.25,5.2513e-05,1
Argentina Pampas,crop,508,476,-37.0,-61.0,0.000263117,1
Argentina Pampas,crop,508,477,-37.0,-60.75,6.6869e-05,1
Argentina Pampas,crop,508,478,-37.0,-60.5,0.000373896,1
Argentina Pampas,crop,508,479,-37.0,-60.25,0.002098956,1
Argentina Pampas,crop,508,480,-37.0,-60.0,0.002822992,1
Argentina Pampas,crop,508,481,-37.0,-59.75,0.002074237,1
Argentina Pampas,crop,508,482,-37.0,-59.5,0.002135993,1
Argentina Pampas,crop,508,483,-37.0,-59.25,0.000755158,1
Argentina Pampas,crop,508,484,-37.0,-59.0,0.000454493,1
Argentina Pampas,crop,508,485,-37.0,-58.75,0.000209407,1
Argentina Pampas,crop,508,486,-37.0,-58.5,0.000195606,1
Argentina Pampas,crop,508,487,-37.0,-58.25,0.000173872,1
Argentina Pampas,crop,508,488,-37.0,-58.0,8.6936e-05,1
Argentina Pampas,crop,508,489,-37.0,-57.75,2.1734e-05,1
Argentina Pampas,crop,508,490,-37.0,-57.5,0.00041795,1
Argentina Pampas,crop,508,491,-37.0,-57.25,0.000357114,1
Argentina Pampas,crop,508,492,-37.0,-57.0,7.8019e-05,1
Argentina Pampas,crop,508,493,-37.0,-56.75,4.314e-06,0
Argentina Pampas,crop,509,466,-37.25,-63.5,0.00010044,1
Argentina Pampas,crop,509,467,-37.25,-63.25,0.000361649,1
Argentina Pampas,crop,509,468,-37.25,-63.0,0.000652862,1
Argentina Pampas,crop,509,469,-37.25,-62.75,0.000648934,1
Argentina Pampas,crop,509,470,-37.25,-62.5,0.001091482,1
Argentina Pampas,crop,509,471,-37.25,-62.25,0.001384141,1
Argentina Pampas,crop,509,472,-37.25,-62.0,0.001098454,1
Argentina Pampas,crop,509,473,-37.25,-61.75,0.001034759,1
Argentina Pampas,crop,509,474,-37.25,-61.5,9.2057e-05,1
Argentina Pampas,crop,509,475,-37.25,-61.25,0.000131741,1
Argentina Pampas,crop,509,476,-37.25,-61.0,1.5263e-05,1
Argentina Pampas,crop,509,477,-37.25,-60.75,8.359e-06,1
Argentina Pampas,crop,509,478,-37.25,-60.5,0.000357464,1
Argentina Pampas,crop,509,479,-37.25,-60.25,0.00269579,1
Argentina Pampas,crop,509,480,-37.25,-60.0,0.001787764,1
Argentina Pampas,crop,509,481,-37.25,-59.75,0.002668003,1
Argentina Pampas,crop,509,482,-37.25,-59.5,0.002588164,1
Argentina Pampas,crop,509,483,-37.25,-59.25,0.001057127,1
Argentina Pampas,crop,509,484,-37.25,-59.0,0.002017531,1
Argentina Pampas,crop,509,485,-37.25,-58.75,0.00098866,1
Argentina Pampas,crop,509,486,-37.25,-58.5,0.000195606,1
Argentina Pampas,crop,509,487,-37.25,-58.25,0.000195606,1
Argentina Pampas,crop,509,488,-37.25,-58.0,0.000130404,1
Argentina Pampas,crop,509,489,-37.25,-57.75,0.0,1
Argentina Pampas,crop,509,490,-37.25,-57.5,0.000303902,1
Argentina Pampas,crop,509,491,-37.25,-57.25,0.000283867,1
Argentina Pampas,crop,509,492,-37.25,-57.0,2.5538e-05,1
Argentina Pampas,crop,510,466,-37.5,-63.5,0.000194091,1
Argentina Pampas,crop,510,467,-37.5,-63.25,0.000422669,1
Argentina Pampas,crop,510,468,-37.5,-63.0,0.000223132,1
Argentina Pampas,crop,510,469,-37.5,-62.75,0.000198104,1
Argentina Pampas,crop,510,470,-37.5,-62.5,0.000328644,1
Argentina Pampas,crop,510,471,-37.5,-62.25,0.001036104,1
Argentina Pampas,crop,510,472,-37.5,-62.0,0.001277933,1
Argentina Pampas,crop,510,473,-37.5,-61.75,0.001305973,1
Argentina Pampas,crop,510,474,-37.5,-61.5,0.001116742,1
Argentina Pampas,crop,510,475,-37.5,-61.25,0.000137826,1
Argentina Pampas,crop,510,476,-37.5,-61.0,0.000226485,1
Argentina Pampas,crop,510,477,-37.5,-60.75,0.000374538,1
Argentina Pampas,crop,510,478,-37.5,-60.5,2.2172e-05,1
Argentina Pampas,crop,510,479,-37.5,-60.25,0.000341068,1
Argentina Pampas,crop,510,480,-37.5,-60.0,6.6515e-05,1
Argentina Pampas,crop,510,481,-37.5,-59.75,0.000901604,1
Argentina Pampas,crop,510,482,-37.5,-59.5,0.001425014,1
Argentina Pampas,crop,510,483,-37.5,-59.25,0.001881218,1
Argentina Pampas,crop,510,484,-37.5,-59.0,0.002212409,1
Argentina Pampas,crop,510,485,-37.5,-58.75,0.002038136,1
Argentina Pampas,crop,510,486,-37.5,-58.5,0.001061116,1
Argentina Pampas,crop,510,487,-37.5,-58.25,0.000284863,1
Argentina Pampas,crop,510,488,-37.5,-58.0,9.386e-05,1
Argentina Pampas,crop,510,489,-37.5,-57.75,0.0,1
Argentina Pampas,crop,510,490,-37.5,-57.5,0.000447352,1
Argentina Pampas,crop,510,491,-37.5,-57.25,0.00017919,1
Argentina Pampas,crop,511,466,-37.75,-63.5,0.000154102,1
Argentina Pampas,crop,511,467,-37.75,-63.25,8.1525e-05,1
Argentina Pampas,crop,511,468,-37.75,-63.0,2.0625e-05,1
Argentina Pampas,crop,511,469,-37.75,-62.75,0.000236591,1
Argentina Pampas,crop,511,470,-37.75,-62.5,0.000311489,1
Argentina Pampas,crop,511,471,-37.75,-62.25,7.8609e-05,1
Argentina Pampas,crop,511,472,-37.75,-62.0,0.001032791,1
Argentina Pampas,crop,511,473,-37.75,-61.75,0.001353884,1
Argentina Pampas,crop,511,474,-37.75,-61.5,0.00125095,1
Argentina Pampas,crop,511,475,-37.75,-61.25,0.000198558,1
Argentina Pampas,crop,511,476,-37.75,-61.0,0.000376502,1
Argentina Pampas,crop,511,477,-37.75,-60.75,0.0,1
Argentina Pampas,crop,511,478,-37.75,-60.5,0.00046835,1
Argentina Pampas,crop,511,479,-37.75,-60.25,0.001109344,1
Argentina Pampas,crop,511,480,-37.75,-60.0,4.4344e-05,1
Argentina Pampas,crop,511,481,-37.75,-59.75,0.000292346,1
Argentina Pampas,crop,511,482,-37.75,-59.5,0.000185693,1
Argentina Pampas,crop,511,483,-37.75,-59.25,0.001775228,1
Argentina Pampas,crop,511,484,-37.75,-59.0,0.00213858,1
Argentina Pampas,crop,511,485,-37.75,-58.75,0.002233685,1
Argentina Pampas,crop,511,486,-37.75,-58.5,0.001991728,1
Argentina Pampas,crop,511,487,-37.75,-58.25,0.001438751,1
Argentina Pampas,crop,511,488,-37.75,-58.0,0.001141428,1
Argentina Pampas,crop,511,489,-37.75,-57.75,0.001165151,1
Argentina Pampas,crop,511,490,-37.75,-57.5,0.000166847,1
Argentina Pampas,crop,512,466,-38.0,-63.5,7.17e-06,1
Argentina Pampas,crop,512,467,-38.0,-63.25,2.2561e-05,1
Argentina Pampas,crop,512,468,-38.0,-63.0,2.2875e-05,1
Argentina Pampas,crop,512,469,-38.0,-62.75,9.2672e-05,1
Argentina Pampas,crop,512,470,-38.0,-62.5,0.000191095,1
Argentina Pampas,crop,512,471,-38.0,-62.25,7.8039e-05,1
Argentina Pampas,crop,512,472,-38.0,-62.0,0.0,1
Argentina Pampas,crop,512,473,-38.0,-61.75,0.00024019,1
Argentina Pampas,crop,512,474,-38.0,-61.5,0.000422151,1
Argentina Pampas,crop,512,475,-38.0,-61.25,0.000466832,1
Argentina Pampas,crop,512,476,-38.0,-61.0,6.6519e-05,1
Argentina Pampas,crop,512,477,-38.0,-60.75,0.00119407,1
Argentina Pampas,crop,512,478,-38.0,-60.5,0.000933074,1
Argentina Pampas,crop,512,479,-38.0,-60.25,0.001275849,1
Argentina Pampas,crop,512,480,-38.0,-60.0,0.001127097,1
Argentina Pampas,crop,512,481,-38.0,-59.75,0.000918952,1
Argentina Pampas,crop,512,482,-38.0,-59.5,0.000895687,1
Argentina Pampas,crop,512,483,-38.0,-59.25,0.001508929,1
Argentina Pampas,crop,512,484,-38.0,-59.0,0.002020973,1
Argentina Pampas,crop,512,485,-38.0,-58.75,0.001345336,1
Argentina Pampas,crop,512,486,-38.0,-58.5,0.000933644,1
Argentina Pampas,crop,512,487,-38.0,-58.25,0.001854516,1
Argentina Pampas,crop,512,488,-38.0,-58.0,0.002061027,1
Argentina Pampas,crop,512,489,-38.0,-57.75,0.000635478,1
Argentina Pampas,crop,512,490,-38.0,-57.5,3.4398e-05,0
Argentina Pampas,crop,513,466,-38.25,-63.5,0.0,1
Argentina Pampas,crop,513,467,-38.25,-63.25,1.2652e-05,1
Argentina Pampas,crop,513,468,-38.25,-63.0,6.519e-06,1
Argentina Pampas,crop,513,469,-38.25,-62.75,2.418e-05,1
Argentina Pampas,crop,513,470,-38.25,-62.5,3.1699e-05,1
Argentina Pampas,crop,513,471,-38.25,-62.25,2.6498e-05,1
Argentina Pampas,crop,513,472,-38.25,-62.0,1.7737e-05,1
Argentina Pampas,crop,513,473,-38.25,-61.75,0.000194605,1
Argentina Pampas,crop,513,474,-38.25,-61.5,0.000373992,1
Argentina Pampas,crop,513,475,-38.25,-61.25,0.00054796,1
Argentina Pampas,crop,513,476,-38.25,-61.0,0.000188721,1
Argentina Pampas,crop,513,477,-38.25,-60.75,0.000716224,1
Argentina Pampas,crop,513,478,-38.25,-60.5,0.00121662,1
Argentina Pampas,crop,513,479,-38.25,-60.25,0.001084814,1
Argentina Pampas,crop,513,480,-38.25,-60.0,0.001442173,1
Argentina Pampas,crop,513,481,-38.25,-59.75,0.001181783,1
Argentina Pampas,crop,513,482,-38.25,-59.5,0.001312034,1
Argentina Pampas,crop,513,483,-38.25,-59.25,0.001359764,1
Argentina Pampas,crop,513,484,-38.25,-59.0,0.001689947,1
Argentina Pampas,crop,513,485,-38.25,-58.75,0.001690569,1
Argentina Pampas,crop,513,486,-38.25,-58.5,0.001033606,1
Argentina Pampas,crop,513,487,-38.25,-58.25,0.001214868,1
Argentina Pampas,crop,513,488,-38.25,-58.0,0.000997268,1
Argentina Pampas,crop,513,489,-38.25,-57.75,2.4188e-05,0
Argentina Pampas,crop,514,466,-38.5,-63.5,0.0,1
Argentina Pampas,crop,514,467,-38.5,-63.25,0.0,1
Argentina Pampas,crop,514,468,-38.5,-63.0,0.0,1
Argentina Pampas,crop,514,469,-38.5,-62.75,2.0063e-05,1
Argentina Pampas,crop,514,470,-38.5,-62.5,5.7671e-05,1
Argentina Pampas,crop,514,471,-38.5,-62.25,0.000319514,1
Argentina Pampas,crop,514,472,-38.5,-62.0,0.000407547,1
Argentina Pampas,crop,514,473,-38.5,-61.75,0.000382632,1
Argentina Pampas,crop,514,474,-38.5,-61.5,0.000483907,1
Argentina Pampas,crop,514,475,-38.5,-61.25,0.000504195,1
Argentina Pampas,crop,514,476,-38.5,-61.0,0.000393159,1
Argentina Pampas,crop,514,477,-38.5,-60.75,0.000472403,1
Argentina Pampas,crop,514,478,-38.5,-60.5,0.001328708,1
Argentina Pampas,crop,514,479,-38.5,-60.25,0.001387864,1
Argentina Pampas,crop,514,480,-38.5,-60.0,0.001513388,1
Argentina Pampas,crop,514,481,-38.5,-59.75,0.001553759,1
Argentina Pampas,crop,514,482,-38.5,-59.5,0.001138577,1
Argentina Pampas,crop,514,483,-38.5,-59.25,0.00132923,1
Argentina Pampas,crop,514,484,-38.5,-59.0,0.001323462,1
Argentina Pampas,crop,514,485,-38.5,-58.75,0.000857686,1
Argentina Pampas,crop,514,486,-38.5,-58.5,0.000624931,1
Argentina Pampas,crop,514,487,-38.5,-58.25,0.000122909,0
Argentina Pampas,crop,515,466,-38.75,-63.5,0.0,1
Argentina Pampas,crop,515,467,-38.75,-63.25,4.3054e-05,1
Argentina Pampas,crop,515,468,-38.75,-63.0,7.5167e-05,1
Argentina Pampas,crop,515,469,-38.75,-62.75,8.3968e-05,1
Argentina Pampas,crop,515,470,-38.75,-62.5,0.0,1
Argentina Pampas,crop,515,471,-38.75,-62.25,0.0,1
Argentina Pampas,crop,515,472,-38.75,-62.0,0.000206687,1
Argentina Pampas,crop,515,473,-38.75,-61.75,0.000258173,1
Argentina Pampas,crop,515,474,-38.75,-61.5,0.000316799,1
Argentina Pampas,crop,515,475,-38.75,-61.25,0.000238853,1
Argentina Pampas,crop,515,476,-38.75,-61.0,0.000320804,1
Argentina Pampas,crop,515,477,-38.75,-60.75,0.000213395,1
Argentina Pampas,crop,515,478,-38.75,-60.5,0.000876018,1
Argentina Pampas,crop,515,479,-38.75,-60.25,0.000979896,1
Argentina Pampas,crop,515,480,-38.75,-60.0,0.000776265,1
Argentina Pampas,crop,515,481,-38.75,-59.75,0.000343341,1
Argentina Pampas,crop,515,482,-38.75,-59.5,0.0,1
Argentina Pampas,crop,515,483,-38.75,-59.25,0.000123644,0
Argentina Pampas,crop,516,466,-39.0,-63.5,0.0,1
Argentina Pampas,crop,516,467,-39.0,-63.25,0.0,1
Argentina Pampas,crop,516,468,-39.0,-63.0,4.434e-05,1
Argentina Pampas,crop,516,469,-39.0,-62.75,0.000125021,1
Argentina Pampas,crop,516,470,-39.0,-62.5,0.000126757,1
Argentina Pampas,crop,516,471,-39.0,-62.25,0.0,1
Argentina Pampas,crop,516,472,-39.0,-62.0,0.0,0
Argentina Pampas,crop,516,473,-39.0,-61.75,0.0,0
Argentina Pampas,crop,516,474,-39.0,-61.5,0.0,1
Argentina Pampas,crop,516,475,-39.0,-61.25,0.0,1
Argentina Pampas,crop,516,476,-39.0,-61.0,0.0,0
Argentina Pampas,crop,516,477,-39.0,-60.75,0.0,0
Argentina Pampas,crop,517,466,-39.25,-63.5,0.0,1
Argentina Pampas,crop,517,467,-39.25,-63.25,0.0,1
Argentina Pampas,crop,517,468,-39.25,-63.0,1.1929e-05,1
Argentina Pampas,crop,517,469,-39.25,-62.75,0.001442764,1
Argentina Pampas,crop,517,470,-39.25,-62.5,0.001320799,1
Argentina Pampas,crop,517,471,-39.25,-62.25,0.0,1
Argentina Pampas,crop,517,472,-39.25,-62.0,0.0,0
Argentina Pampas,crop,518,466,-39.5,-63.5,0.0,1
Argentina Pampas,crop,518,467,-39.5,-63.25,0.0,1
Argentina Pampas,crop,518,468,-39.5,-63.0,0.000101508,1
Argentina Pampas,crop,518,469,-39.5,-62.75,0.000692418,1
Argentina Pampas,crop,518,470,-39.5,-62.5,0.00077988,1
Argentina Pampas,crop,518,471,-39.5,-62.25,0.0,1
Argentina Pampas,crop,519,466,-39.75,-63.5,0.0,1
Argentina Pampas,crop,519,467,-39.75,-63.25,0.0,1
Argentina Pampas,crop,519,468,-39.75,-63.0,0.0,1
Argentina Pampas,crop,519,469,-39.75,-62.75,0.001281548,1
Argentina Pampas,crop,519,470,-39.75,-62.5,0.001131005,1
Argentina Pampas,crop,519,471,-39.75,-62.25,0.0,1
Argentina Pampas,crop,520,466,-40.0,-63.5,0.0,1
Argentina Pampas,crop,520,467,-40.0,-63.25,0.0,1
Argentina Pampas,crop,520,468,-40.0,-63.0,0.0,1
Argentina Pampas,crop,520,469,-40.0,-62.75,5.7108e-05,1
Argentina Pampas,crop,520,470,-40.0,-62.5,6.3137e-05,1
Argentina Pampas,crop,521,466,-40.25,-63.5,0.0,1
Argentina Pampas,crop,521,467,-40.25,-63.25,0.0,1
Argentina Pampas,crop,521,468,-40.25,-63.0,0.0,1
Argentina Pampas,crop,521,469,-40.25,-62.75,5.42e-05,1
Argentina Pampas,crop,521,470,-40.25,-62.5,0.0,1
Argentina Pampas,crop,521,472,-40.25,-62.0,0.0,0
Argentina Pampas,crop,522,466,-40.5,-63.5,0.0,1
Argentina Pampas,crop,522,467,-40.5,-63.25,0.0,1
Argentina Pampas,crop,522,468,-40.5,-63.0,0.0,1
Argentina Pampas,crop,522,469,-40.5,-62.75,0.0,1
Argentina Pampas,crop,522,470,-40.5,-62.5,1.3636e-05,1
Argentina Pampas,crop,522,471,-40.5,-62.25,0.0,0
Argentina Pampas,crop,522,472,-40.5,-62.0,0.0,0
Argentina Pampas,crop,523,466,-40.75,-63.5,0.0,1
Argentina Pampas,crop,523,467,-40.75,-63.25,0.000123053,1
Argentina Pampas,crop,523,468,-40.75,-63.0,0.0,1
Argentina Pampas,crop,523,469,-40.75,-62.75,0.0,1
Argentina Pampas,crop,523,470,-40.75,-62.5,0.0,1
Argentina Pampas,crop,523,471,-40.75,-62.25,0.0,0
Argentina Pampas,crop,524,469,-41.0,-62.75,0.0,1
Argentina Pampas,crop,524,470,-41.0,-62.5,0.0,0
pin:Argentina Pampas,pin,496,479,-34.0,-60.25,1.0,1
Argentina Cordoba,crop,478,460,-29.5,-65.0,0.0,1
Argentina Cordoba,crop,478,461,-29.5,-64.75,0.0,1
Argentina Cordoba,crop,478,462,-29.5,-64.5,1.84e-07,1
Argentina Cordoba,crop,478,463,-29.5,-64.25,4.54e-07,1
Argentina Cordoba,crop,478,464,-29.5,-64.0,1.56e-07,1
Argentina Cordoba,crop,479,460,-29.75,-65.0,0.0,1
Argentina Cordoba,crop,479,461,-29.75,-64.75,0.0,1
Argentina Cordoba,crop,479,462,-29.75,-64.5,0.0,1
Argentina Cordoba,crop,479,463,-29.75,-64.25,0.0,1
Argentina Cordoba,crop,479,464,-29.75,-64.0,0.0,1
Argentina Cordoba,crop,479,465,-29.75,-63.75,0.000648819,1
Argentina Cordoba,crop,479,466,-29.75,-63.5,0.002296781,1
Argentina Cordoba,crop,479,467,-29.75,-63.25,0.000151299,1
Argentina Cordoba,crop,479,468,-29.75,-63.0,9.8042e-05,1
Argentina Cordoba,crop,479,469,-29.75,-62.75,3.47e-07,1
Argentina Cordoba,crop,479,470,-29.75,-62.5,3.05e-07,1
Argentina Cordoba,crop,479,471,-29.75,-62.25,2.84e-07,1
Argentina Cordoba,crop,480,459,-30.0,-65.25,0.0,1
Argentina Cordoba,crop,480,460,-30.0,-65.0,0.0,1
Argentina Cordoba,crop,480,461,-30.0,-64.75,8.5997e-05,1
Argentina Cordoba,crop,480,462,-30.0,-64.5,8.465e-05,1
Argentina Cordoba,crop,480,463,-30.0,-64.25,2.0936e-05,1
Argentina Cordoba,crop,480,464,-30.0,-64.0,8.1204e-05,1
Argentina Cordoba,crop,480,465,-30.0,-63.75,0.003760266,1
Argentina Cordoba,crop,480,466,-30.0,-63.5,0.003882724,1
Argentina Cordoba,crop,480,467,-30.0,-63.25,0.000243613,1
Argentina Cordoba,crop,480,468,-30.0,-63.0,0.000165783,1
Argentina Cordoba,crop,480,469,-30.0,-62.75,0.000141161,1
Argentina Cordoba,crop,480,470,-30.0,-62.5,2.55e-07,1
Argentina Cordoba,crop,480,471,-30.0,-62.25,0.000971594,1
Argentina Cordoba,crop,481,458,-30.25,-65.5,0.0,1
Argentina Cordoba,crop,481,459,-30.25,-65.25,8.337e-06,1
Argentina Cordoba,crop,481,460,-30.25,-65.0,0.000132164,1
Argentina Cordoba,crop,481,461,-30.25,-64.75,0.00038091,1
Argentina Cordoba,crop,481,462,-30.25,-64.5,0.00029626,1
Argentina Cordoba,crop,481,463,-30.25,-64.25,0.0,1
Argentina Cordoba,crop,481,464,-30.25,-64.0,0.00155338,1
Argentina Cordoba,crop,481,465,-30.25,-63.75,0.005057031,1
Argentina Cordoba,crop,481,466,-30.25,-63.5,0.002214734,1
Argentina Cordoba,crop,481,467,-30.25,-63.25,4.0276e-05,1
Argentina Cordoba,crop,481,468,-30.25,-63.0,5.4122e-05,1
Argentina Cordoba,crop,481,469,-30.25,-62.75,6.948e-06,1
Argentina Cordoba,crop,481,470,-30.25,-62.5,3.9617e-05,1
Argentina Cordoba,crop,481,471,-30.25,-62.25,0.000799302,1
Argentina Cordoba,crop,482,458,-30.5,-65.5,8.1183e-05,1
Argentina Cordoba,crop,482,459,-30.5,-65.25,0.000224322,1
Argentina Cordoba,crop,482,460,-30.5,-65.0,0.000390927,1
Argentina Cordoba,crop,482,461,-30.5,-64.75,0.000361896,1
Argentina Cordoba,crop,482,462,-30.5,-64.5,0.000267554,1
Argentina Cordoba,crop,482,463,-30.5,-64.25,0.001446654,1
Argentina Cordoba,crop,482,464,-30.5,-64.0,0.005085184,1
Argentina Cordoba,crop,482,465,-30.5,-63.75,0.006081173,1
Argentina Cordoba,crop,482,466,-30.5,-63.5,0.002238384,1
Argentina Cordoba,crop,482,467,-30.5,-63.25,0.0,1
Argentina Cordoba,crop,482,468,-30.5,-63.0,0.0,0
Argentina Cordoba,crop,482,469,-30.5,-62.75,0.0,0
Argentina Cordoba,crop,482,470,-30.5,-62.5,0.0,0
Argentina Cordoba,crop,482,471,-30.5,-62.25,0.003159422,0
Argentina Cordoba,crop,482,472,-30.5,-62.0,0.003240137,1
Argentina Cordoba,crop,483,457,-30.75,-65.75,0.0,1
Argentina Cordoba,crop,483,458,-30.75,-65.5,0.0,1
Argentina Cordoba,crop,483,459,-30.75,-65.25,0.000242578,1
Argentina Cordoba,crop,483,460,-30.75,-65.0,0.000270291,1
Argentina Cordoba,crop,483,461,-30.75,-64.75,0.000129336,1
Argentina Cordoba,crop,483,462,-30.75,-64.5,3.5e-08,1
Argentina Cordoba,crop,483,463,-30.75,-64.25,0.00206045,1
Argentina Cordoba,crop,483,464,-30.75,-64.0,0.006870352,1
Argentina Cordoba,crop,483,465,-30.75,-63.75,0.00690492,1
Argentina Cordoba,crop,483,466,-30.75,-63.5,0.005469752,1
Argentina Cordoba,crop,483,467,-30.75,-63.25,0.002152544,1
Argentina Cordoba,crop,483,468,-30.75,-63.0,0.001201056,1
Argentina Cordoba,crop,483,469,-30.75,-62.75,0.0,0
Argentina Cordoba,crop,483,470,-30.75,-62.5,0.0,0
Argentina Cordoba,crop,483,471,-30.75,-62.25,0.002830756,0
Argentina Cordoba,crop,483,472,-30.75,-62.0,0.005636705,1
Argentina Cordoba,crop,484,457,-31.0,-65.75,0.0,1
Argentina Cordoba,crop,484,458,-31.0,-65.5,0.0,1
Argentina Cordoba,crop,484,459,-31.0,-65.25,5.6e-07,1
Argentina Cordoba,crop,484,460,-31.0,-65.0,2.7749e-05,1
Argentina Cordoba,crop,484,461,-31.0,-64.75,1.63e-07,1
Argentina Cordoba,crop,484,462,-31.0,-64.5,4.339e-06,1
Argentina Cordoba,crop,484,463,-31.0,-64.25,0.002908061,1
Argentina Cordoba,crop,484,464,-31.0,-64.0,0.008216425,1
Argentina Cordoba,crop,484,465,-31.0,-63.75,0.007365121,1
Argentina Cordoba,crop,484,466,-31.0,-63.5,0.005795313,1
Argentina Cordoba,crop,484,467,-31.0,-63.25,0.007178912,1
Argentina Cordoba,crop,484,468,-31.0,-63.0,0.005803998,1
Argentina Cordoba,crop,484,469,-31.0,-62.75,0.005804452,1
Argentina Cordoba,crop,484,470,-31.0,-62.5,0.001823778,1
Argentina Cordoba,crop,484,471,-31.0,-62.25,0.008213759,1
Argentina Cordoba,crop,484,472,-31.0,-62.0,0.00360394,1
Argentina Cordoba,crop,485,457,-31.25,-65.75,0.0,1
Argentina Cordoba,crop,485,458,-31.25,-65.5,4.32e-07,1
Argentina Cordoba,crop,485,459,-31.25,-65.25,0.00025285,1
Argentina Cordoba,crop,485,460,-31.25,-65.0,8.37e-07,1
Argentina Cordoba,crop,485,461,-31.25,-64.75,7e-09,1
Argentina Cordoba,crop,485,462,-31.25,-64.5,2.978e-06,1
Argentina Cordoba,crop,485,463,-31.25,-64.25,0.002799824,1
Argentina Cordoba,crop,485,464,-31.25,-64.0,0.007281272,1
Argentina Cordoba,crop,485,465,-31.25,-63.75,0.004943449,1
Argentina Cordoba,crop,485,466,-31.25,-63.5,0.006009689,1
Argentina Cordoba,crop,485,467,-31.25,-63.25,0.007055163,1
Argentina Cordoba,crop,485,468,-31.25,-63.0,0.006061634,1
Argentina Cordoba,crop,485,469,-31.25,-62.75,0.004708039,1
Argentina Cordoba,crop,485,470,-31.25,-62.5,0.003189674,1
Argentina Cordoba,crop,485,471,-31.25,-62.25,0.006984898,1
Argentina Cordoba,crop,485,472,-31.25,-62.0,0.001856567,1
Argentina Cordoba,crop,486,457,-31.5,-65.75,0.0,1
Argentina Cordoba,crop,486,458,-31.5,-65.5,6.898e-06,1
Argentina Cordoba,crop,486,459,-31.5,-65.25,0.000300996,1
Argentina Cordoba,crop,486,460,-31.5,-65.0,0.000108088,1
Argentina Cordoba,crop,486,461,-31.5,-64.75,3.3846e-05,1
Argentina Cordoba,crop,486,462,-31.5,-64.5,0.001897488,1
Argentina Cordoba,crop,486,463,-31.5,-64.25,0.00584957,1
Argentina Cordoba,crop,486,464,-31.5,-64.0,0.005690203,1
Argentina Cordoba,crop,486,465,-31.5,-63.75,0.007383355,1
Argentina Cordoba,crop,486,466,-31.5,-63.5,0.007734694,1
Argentina Cordoba,crop,486,467,-31.5,-63.25,0.006485167,1
Argentina Cordoba,crop,486,468,-31.5,-63.0,0.00628765,1
Argentina Cordoba,crop,486,469,-31.5,-62.75,0.006755954,1
Argentina Cordoba,crop,486,470,-31.5,-62.5,0.003113446,1
Argentina Cordoba,crop,486,471,-31.5,-62.25,0.006022889,1
Argentina Cordoba,crop,487,457,-31.75,-65.75,0.000141551,1
Argentina Cordoba,crop,487,458,-31.75,-65.5,0.000126989,1
Argentina Cordoba,crop,487,459,-31.75,-65.25,0.000168215,1
Argentina Cordoba,crop,487,460,-31.75,-65.0,8.974e-05,1
Argentina Cordoba,crop,487,461,-31.75,-64.75,0.0,1
Argentina Cordoba,crop,487,462,-31.75,-64.5,0.001447554,1
Argentina Cordoba,crop,487,463,-31.75,-64.25,0.007960944,1
Argentina Cordoba,crop,487,464,-31.75,-64.0,0.007211461,1
Argentina Cordoba,crop,487,465,-31.75,-63.75,0.007122089,1
Argentina Cordoba,crop,487,466,-31.75,-63.5,0.007514555,1
Argentina Cordoba,crop,487,467,-31.75,-63.25,0.007586451,1
Argentina Cordoba,crop,487,468,-31.75,-63.0,0.00667224,1
Argentina Cordoba,crop,487,469,-31.75,-62.75,0.005984719,1
Argentina Cordoba,crop,487,470,-31.75,-62.5,0.006952428,1
Argentina Cordoba,crop,487,471,-31.75,-62.25,0.000825477,1
Argentina Cordoba,crop,488,458,-32.0,-65.5,0.000282003,1
Argentina Cordoba,crop,488,459,-32.0,-65.25,0.001645134,1
Argentina Cordoba,crop,488,460,-32.0,-65.0,0.000152887,1
Argentina Cordoba,crop,488,461,-32.0,-64.75,0.0,1
Argentina Cordoba,crop,488,462,-32.0,-64.5,0.0,1
Argentina Cordoba,crop,488,463,-32.0,-64.25,0.00667923,1
Argentina Cordoba,crop,488,464,-32.0,-64.0,0.008830732,1
Argentina Cordoba,crop,488,465,-32.0,-63.75,0.008595166,1
Argentina Cordoba,crop,488,466,-32.0,-63.5,0.007366943,1
Argentina Cordoba,crop,488,467,-32.0,-63.25,0.008003354,1
Argentina Cordoba,crop,488,468,-32.0,-63.0,0.005617698,1
Argentina Cordoba,crop,488,469,-32.0,-62.75,0.006955654,1
Argentina Cordoba,crop,488,470,-32.0,-62.5,0.0064912,1
Argentina Cordoba,crop,488,471,-32.0,-62.25,0.002105355,1
Argentina Cordoba,crop,489,459,-32.25,-65.25,0.000690591,1
Argentina Cordoba,crop,489,460,-32.25,-65.0,0.000136794,1
Argentina Cordoba,crop,489,461,-32.25,-64.75,0.0,1
Argentina Cordoba,crop,489,462,-32.25,-64.5,0.001650678,1
Argentina Cordoba,crop,489,463,-32.25,-64.25,0.005762595,1
Argentina Cordoba,crop,489,464,-32.25,-64.0,0.007028535,1
Argentina Cordoba,crop,489,465,-32.25,-63.75,0.009378921,1
Argentina Cordoba,crop,489,466,-32.25,-63.5,0.005967371,1
Argentina Cordoba,crop,489,467,-32.25,-63.25,0.005739844,1
Argentina Cordoba,crop,489,468,-32.25,-63.0,0.003842647,1
Argentina Cordoba,crop,489,469,-32.25,-62.75,0.005401444,1
Argentina Cordoba,crop,489,470,-32.25,-62.5,0.005933079,1
Argentina Cordoba,crop,489,471,-32.25,-62.25,0.006686114,1
Argentina Cordoba,crop,489,472,-32.25,-62.0,0.000895409,1
Argentina Cordoba,crop,490,460,-32.5,-65.0,0.0,1
Argentina Cordoba,crop,490,461,-32.5,-64.75,0.0,1
Argentina Cordoba,crop,490,462,-32.5,-64.5,0.006293542,1
Argentina Cordoba,crop,490,463,-32.5,-64.25,0.004080007,1
Argentina Cordoba,crop,490,464,-32.5,-64.0,0.008689315,1
Argentina Cordoba,crop,490,465,-32.5,-63.75,0.007846589,1
Argentina Cordoba,crop,490,466,-32.5,-63.5,0.005826501,1
Argentina Cordoba,crop,490,467,-32.5,-63.25,0.005825026,1
Argentina Cordoba,crop,490,468,-32.5,-63.0,0.005488086,1
Argentina Cordoba,crop,490,469,-32.5,-62.75,0.006344864,1
Argentina Cordoba,crop,490,470,-32.5,-62.5,0.006324205,1
Argentina Cordoba,crop,490,471,-32.5,-62.25,0.009001577,1
Argentina Cordoba,crop,490,472,-32.5,-62.0,0.005006128,1
Argentina Cordoba,crop,491,460,-32.75,-65.0,0.0,1
Argentina Cordoba,crop,491,461,-32.75,-64.75,0.003840314,1
Argentina Cordoba,crop,491,462,-32.75,-64.5,0.007385439,1
Argentina Cordoba,crop,491,463,-32.75,-64.25,0.007455328,1
Argentina Cordoba,crop,491,464,-32.75,-64.0,0.007275175,1
Argentina Cordoba,crop,491,465,-32.75,-63.75,0.006393782,1
Argentina Cordoba,crop,491,466,-32.75,-63.5,0.005115768,1
Argentina Cordoba,crop,491,467,-32.75,-63.25,0.006061854,1
Argentina Cordoba,crop,491,468,-32.75,-63.0,0.005845409,1
Argentina Cordoba,crop,491,469,-32.75,-62.75,0.007498859,1
Argentina Cordoba,crop,491,470,-32.75,-62.5,0.007605664,1
Argentina Cordoba,crop,491,471,-32.75,-62.25,0.008516613,1
Argentina Cordoba,crop,491,472,-32.75,-62.0,0.007112802,1
Argentina Cordoba,crop,492,460,-33.0,-65.0,0.000711406,1
Argentina Cordoba,crop,492,461,-33.0,-64.75,0.006987656,1
Argentina Cordoba,crop,492,462,-33.0,-64.5,0.004777786,1
Argentina Cordoba,crop,492,463,-33.0,-64.25,0.005139561,1
Argentina Cordoba,crop,492,464,-33.0,-64.0,0.006677912,1
Argentina Cordoba,crop,492,465,-33.0,-63.75,0.006148723,1
Argentina Cordoba,crop,492,466,-33.0,-63.5,0.005128048,1
Argentina Cordoba,crop,492,467,-33.0,-63.25,0.005303274,1
Argentina Cordoba,crop,492,468,-33.0,-63.0,0.005447399,1
Argentina Cordoba,crop,492,469,-33.0,-62.75,0.007619197,1
Argentina Cordoba,crop,492,470,-33.0,-62.5,0.008181367,1
Argentina Cordoba,crop,492,471,-33.0,-62.25,0.006991974,1
Argentina Cordoba,crop,492,472,-33.0,-62.0,0.007195275,1
Argentina Cordoba,crop,493,459,-33.25,-65.25,0.001198723,1
Argentina Cordoba,crop,493,460,-33.25,-65.0,0.005204722,1
Argentina Cordoba,crop,493,461,-33.25,-64.75,0.006930549,1
Argentina Cordoba,crop,493,462,-33.25,-64.5,0.00549212,1
Argentina Cordoba,crop,493,463,-33.25,-64.25,0.006634289,1
Argentina Cordoba,crop,493,464,-33.25,-64.0,0.006253564,1
Argentina Cordoba,crop,493,465,-33.25,-63.75,0.006585499,1
Argentina Cordoba,crop,493,466,-33.25,-63.5,0.00716698,1
Argentina Cordoba,crop,493,467,-33.25,-63.25,0.005200305,1
Argentina Cordoba,crop,493,468,-33.25,-63.0,0.00435285,1
Argentina Cordoba,crop,493,469,-33.25,-62.75,0.006086561,1
Argentina Cordoba,crop,493,470,-33.25,-62.5,0.008026679,1
Argentina Cordoba,crop,493,471,-33.25,-62.25,0.009179015,1
Argentina Cordoba,crop,493,472,-33.25,-62.0,0.00110044,1
Argentina Cordoba,crop,494,460,-33.5,-65.0,0.00540859,1
Argentina Cordoba,crop,494,461,-33.5,-64.75,0.006712438,1
Argentina Cordoba,crop,494,462,-33.5,-64.5,0.006923984,1
Argentina Cordoba,crop,494,463,-33.5,-64.25,0.006846268,1
Argentina Cordoba,crop,494,464,-33.5,-64.0,0.006526584,1
Argentina Cordoba,crop,494,465,-33.5,-63.75,0.006836534,1
Argentina Cordoba,crop,494,466,-33.5,-63.5,0.003709249,1
Argentina Cordoba,crop,494,467,-33.5,-63.25,0.003669583,1
Argentina Cordoba,crop,494,468,-33.5,-63.0,0.005575749,1
Argentina Cordoba,crop,494,469,-33.5,-62.75,0.006209615,1
Argentina Cordoba,crop,494,470,-33.5,-62.5,0.005777192,1
Argentina Cordoba,crop,494,471,-33.5,-62.25,0.002894888,1
Argentina Cordoba,crop,495,460,-33.75,-65.0,0.002243702,1
Argentina Cordoba,crop,495,461,-33.75,-64.75,0.005699774,1
Argentina Cordoba,crop,495,462,-33.75,-64.5,0.006447436,1
Argentina Cordoba,crop,495,463,-33.75,-64.25,0.004226059,1
Argentina Cordoba,crop,495,464,-33.75,-64.0,0.007501475,1
Argentina Cordoba,crop,495,465,-33.75,-63.75,0.006613956,1
Argentina Cordoba,crop,495,466,-33.75,-63.5,0.00066594,1
Argentina Cordoba,crop,495,467,-33.75,-63.25,0.002103094,1
Argentina Cordoba,crop,495,468,-33.75,-63.0,0.006220271,1
Argentina Cordoba,crop,495,469,-33.75,-62.75,0.006795181,1
Argentina Cordoba,crop,495,470,-33.75,-62.5,0.004318019,1
Argentina Cordoba,crop,496,460,-34.0,-65.0,0.000925207,1
Argentina Cordoba,crop,496,461,-34.0,-64.75,0.004058093,1
Argentina Cordoba,crop,496,462,-34.0,-64.5,0.006076437,1
Argentina Cordoba,crop,496,463,-34.0,-64.25,0.005307017,1
Argentina Cordoba,crop,496,464,-34.0,-64.0,0.004974997,1
Argentina Cordoba,crop,496,465,-34.0,-63.75,0.003810971,1
Argentina Cordoba,crop,496,466,-34.0,-63.5,0.00361561,1
Argentina Cordoba,crop,496,467,-34.0,-63.25,0.005732946,1
Argentina Cordoba,crop,496,468,-34.0,-63.0,0.005497281,1
Argentina Cordoba,crop,496,469,-34.0,-62.75,0.005192556,1
Argentina Cordoba,crop,496,470,-34.0,-62.5,9.5454e-05,1
Argentina Cordoba,crop,497,460,-34.25,-65.0,0.003993173,1
Argentina Cordoba,crop,497,461,-34.25,-64.75,0.005701738,1
Argentina Cordoba,crop,497,462,-34.25,-64.5,0.005061618,1
Argentina Cordoba,crop,497,463,-34.25,-64.25,0.006417993,1
Argentina Cordoba,crop,497,464,-34.25,-64.0,0.00706126,1
Argentina Cordoba,crop,497,465,-34.25,-63.75,0.002676989,1
Argentina Cordoba,crop,497,466,-34.25,-63.5,0.004524297,1
Argentina Cordoba,crop,497,467,-34.25,-63.25,0.005270187,1
Argentina Cordoba,crop,497,468,-34.25,-63.0,0.005731068,1
Argentina Cordoba,crop,497,469,-34.25,-62.75,0.000746393,1
Argentina Cordoba,crop,498,460,-34.5,-65.0,0.002655437,1
Argentina Cordoba,crop,498,461,-34.5,-64.75,0.004757871,1
Argentina Cordoba,crop,498,462,-34.5,-64.5,0.004232369,1
Argentina Cordoba,crop,498,463,-34.5,-64.25,0.004628869,1
Argentina Cordoba,crop,498,464,-34.5,-64.0,0.001736512,1
Argentina Cordoba,crop,498,465,-34.5,-63.75,0.002997879,1
Argentina Cordoba,crop,498,466,-34.5,-63.5,0.003201031,1
Argentina Cordoba,crop,499,460,-34.75,-65.0,0.001091451,1
Argentina Cordoba,crop,499,461,-34.75,-64.75,0.002414001,1
Argentina Cordoba,crop,499,462,-34.75,-64.5,0.004972927,1
Argentina Cordoba,crop,499,463,-34.75,-64.25,0.005029764,1
Argentina Cordoba,crop,499,464,-34.75,-64.0,0.003713588,1
Argentina Cordoba,crop,499,465,-34.75,-63.75,0.002686305,1
Argentina Cordoba,crop,499,466,-34.75,-63.5,0.002032701,1
Argentina Cordoba,crop,500,460,-35.0,-65.0,0.0,1
Argentina Cordoba,crop,500,461,-35.0,-64.75,0.001268995,1
Argentina Cordoba,crop,500,462,-35.0,-64.5,0.001949108,1
Argentina Cordoba,crop,500,463,-35.0,-64.25,0.001974425,1
Argentina Cordoba,crop,500,464,-35.0,-64.0,0.001938615,1
Argentina Cordoba,crop,500,465,-35.0,-63.75,0.000617114,1
Argentina Cordoba,crop,500,466,-35.0,-63.5,0.000377989,1
pin:Argentina Cordoba,pin,486,463,-31.5,-64.25,1.0,1
Paraguay Alto Parana,crop,454,498,-23.5,-55.5,0.00058989,1
Paraguay Alto Parana,crop,455,496,-23.75,-56.0,0.003024236,1
Paraguay Alto Parana,crop,455,497,-23.75,-55.75,0.00424344,1
Paraguay Alto Parana,crop,455,498,-23.75,-55.5,0.004417589,1
Paraguay Alto Parana,crop,455,501,-23.75,-54.75,0.003412245,1
Paraguay Alto Parana,crop,455,502,-23.75,-54.5,0.001511995,1
Paraguay Alto Parana,crop,456,495,-24.0,-56.25,0.000842067,1
Paraguay Alto Parana,crop,456,496,-24.0,-56.0,0.009081283,1
Paraguay Alto Parana,crop,456,497,-24.0,-55.75,0.007312024,1
Paraguay Alto Parana,crop,456,498,-24.0,-55.5,0.002637458,1
Paraguay Alto Parana,crop,456,499,-24.0,-55.25,0.006737108,1
Paraguay Alto Parana,crop,456,500,-24.0,-55.0,0.013563937,1
Paraguay Alto Parana,crop,456,501,-24.0,-54.75,0.021946,1
Paraguay Alto Parana,crop,456,502,-24.0,-54.5,0.016590348,1
Paraguay Alto Parana,crop,457,495,-24.25,-56.25,0.002821125,1
Paraguay Alto Parana,crop,457,496,-24.25,-56.0,0.012000661,1
Paraguay Alto Parana,crop,457,497,-24.25,-55.75,0.010981738,1
Paraguay Alto Parana,crop,457,498,-24.25,-55.5,0.004452008,1
Paraguay Alto Parana,crop,457,499,-24.25,-55.25,0.003881277,1
Paraguay Alto Parana,crop,457,500,-24.25,-55.0,0.024348184,1
Paraguay Alto Parana,crop,457,501,-24.25,-54.75,0.033242519,1
Paraguay Alto Parana,crop,457,502,-24.25,-54.5,0.028791987,1
Paraguay Alto Parana,crop,458,496,-24.5,-56.0,0.002672042,1
Paraguay Alto Parana,crop,458,497,-24.5,-55.75,0.006765579,1
Paraguay Alto Parana,crop,458,498,-24.5,-55.5,0.005633019,1
Paraguay Alto Parana,crop,458,499,-24.5,-55.25,0.00791857,1
Paraguay Alto Parana,crop,458,500,-24.5,-55.0,0.025291745,1
Paraguay Alto Parana,crop,458,501,-24.5,-54.75,0.028941439,1
Paraguay Alto Parana,crop,458,502,-24.5,-54.5,0.026852764,1
Paraguay Alto Parana,crop,459,497,-24.75,-55.75,0.000783402,1
Paraguay Alto Parana,crop,459,499,-24.75,-55.25,0.016051574,1
Paraguay Alto Parana,crop,459,500,-24.75,-55.0,0.029864242,1
Paraguay Alto Parana,crop,459,501,-24.75,-54.75,0.028440983,1
Paraguay Alto Parana,crop,459,502,-24.75,-54.5,0.012051942,1
Paraguay Alto Parana,crop,460,499,-25.0,-55.25,0.008021992,1
Paraguay Alto Parana,crop,460,500,-25.0,-55.0,0.026258362,1
Paraguay Alto Parana,crop,460,501,-25.0,-54.75,0.025052655,1
Paraguay Alto Parana,crop,460,502,-25.0,-54.5,0.007840172,1
Paraguay Alto Parana,crop,461,499,-25.25,-55.25,0.006471188,1
Paraguay Alto Parana,crop,461,500,-25.25,-55.0,0.017549211,1
Paraguay Alto Parana,crop,461,501,-25.25,-54.75,0.021213264,1
Paraguay Alto Parana,crop,461,502,-25.25,-54.5,0.003182919,0
Paraguay Alto Parana,crop,462,498,-25.5,-55.5,0.00449812,1
Paraguay Alto Parana,crop,462,499,-25.5,-55.25,0.01385078,1
Paraguay Alto Parana,crop,462,500,-25.5,-55.0,0.02147783,1
Paraguay Alto Parana,crop,462,501,-25.5,-54.75,0.013752731,1
Paraguay Alto Parana,crop,463,498,-25.75,-55.5,0.010471272,1
Paraguay Alto Parana,crop,463,499,-25.75,-55.25,0.026814899,1
Paraguay Alto Parana,crop,463,500,-25.75,-55.0,0.032068524,1
Paraguay Alto Parana,crop,463,501,-25.75,-54.75,0.023012184,1
Paraguay Alto Parana,crop,464,498,-26.0,-55.5,0.00698309,1
Paraguay Alto Parana,crop,464,499,-26.0,-55.25,0.027373077,1
Paraguay Alto Parana,crop,464,500,-26.0,-55.0,0.031701561,1
Paraguay Alto Parana,crop,464,501,-26.0,-54.75,0.015584142,1
Paraguay Alto Parana,crop,465,497,-26.25,-55.75,0.001111392,1
Paraguay Alto Parana,crop,465,498,-26.25,-55.5,0.002411906,1
Paraguay Alto Parana,crop,465,499,-26.25,-55.25,0.019285897,1
Paraguay Alto Parana,crop,465,500,-26.25,-55.0,0.021409237,1
Paraguay Alto Parana,crop,465,501,-26.25,-54.75,0.011026783,1
Paraguay Alto Parana,crop,466,496,-26.5,-56.0,0.000762233,1
Paraguay Alto Parana,crop,466,497,-26.5,-55.75,0.004178909,1
Paraguay Alto Parana,crop,466,498,-26.5,-55.5,0.020265888,1
Paraguay Alto Parana,crop,466,499,-26.5,-55.25,0.022464836,1
Paraguay Alto Parana,crop,466,500,-26.5,-55.0,0.020648604,1
Paraguay Alto Parana,crop,466,501,-26.5,-54.75,0.002148776,1
Paraguay Alto Parana,crop,467,494,-26.75,-56.5,0.007859208,1
Paraguay Alto Parana,crop,467,495,-26.75,-56.25,0.004316546,1
Paraguay Alto Parana,crop,467,496,-26.75,-56.0,0.006186028,1
Paraguay Alto Parana,crop,467,497,-26.75,-55.75,0.011626847,1
Paraguay Alto Parana,crop,467,498,-26.75,-55.5,0.010132246,1
Paraguay Alto Parana,crop,467,499,-26.75,-55.25,0.01809541,1
Paraguay Alto Parana,crop,467,500,-26.75,-55.0,0.004791362,1
Paraguay Alto Parana,crop,468,494,-27.0,-56.5,0.005759702,1
Paraguay Alto Parana,crop,468,495,-27.0,-56.25,0.005258917,1
Paraguay Alto Parana,crop,468,496,-27.0,-56.0,0.010934273,1
Paraguay Alto Parana,crop,468,497,-27.0,-55.75,0.010716475,1
Paraguay Alto Parana,crop,468,498,-27.0,-55.5,0.006310085,1
Paraguay Alto Parana,crop,469,493,-27.25,-56.75,0.001840642,1
Paraguay Alto Parana,crop,469,494,-27.25,-56.5,0.007442195,1
Paraguay Alto Parana,crop,469,495,-27.25,-56.25,0.000848549,1
Paraguay Alto Parana,crop,469,496,-27.25,-56.0,0.00471998,1
Paraguay Alto Parana,crop,469,497,-27.25,-55.75,0.006555616,1
Paraguay Alto Parana,crop,470,494,-27.5,-56.5,1.7066e-05,0
Paraguay Alto Parana,crop,470,495,-27.5,-56.25,0.0,1
pin:Paraguay Alto Parana,pin,464,499,-26.0,-55.25,1.0,1
Argentina Buenos Aires (sunflower),crop,493,479,-33.25,-60.25,0.0,1
Argentina Buenos Aires (sunflower),crop,494,476,-33.5,-61.0,0.0,1
Argentina Buenos Aires (sunflower),crop,494,477,-33.5,-60.75,1.7329e-05,1
Argentina Buenos Aires (sunflower),crop,494,478,-33.5,-60.5,6.0676e-05,1
Argentina Buenos Aires (sunflower),crop,494,479,-33.5,-60.25,0.000167033,1
Argentina Buenos Aires (sunflower),crop,494,480,-33.5,-60.0,0.0001001,1
Argentina Buenos Aires (sunflower),crop,494,481,-33.5,-59.75,0.0,1
Argentina Buenos Aires (sunflower),crop,495,475,-33.75,-61.25,0.0,1
Argentina Buenos Aires (sunflower),crop,495,476,-33.75,-61.0,0.0,1
Argentina Buenos Aires (sunflower),crop,495,477,-33.75,-60.75,0.000469965,1
Argentina Buenos Aires (sunflower),crop,495,478,-33.75,-60.5,0.002714676,1
Argentina Buenos Aires (sunflower),crop,495,479,-33.75,-60.25,3.868e-05,1
Argentina Buenos Aires (sunflower),crop,495,480,-33.75,-60.0,0.002138453,1
Argentina Buenos Aires (sunflower),crop,495,481,-33.75,-59.75,0.0,1
Argentina Buenos Aires (sunflower),crop,495,482,-33.75,-59.5,1.9315e-05,1
Argentina Buenos Aires (sunflower),crop,495,483,-33.75,-59.25,0.0,1
Argentina Buenos Aires (sunflower),crop,495,484,-33.75,-59.0,0.0,1
Argentina Buenos Aires (sunflower),crop,496,474,-34.0,-61.5,2.0656e-05,1
Argentina Buenos Aires (sunflower),crop,496,475,-34.0,-61.25,5.149e-05,1
Argentina Buenos Aires (sunflower),crop,496,476,-34.0,-61.0,0.000345982,1
Argentina Buenos Aires (sunflower),crop,496,477,-34.0,-60.75,0.000726323,1
Argentina Buenos Aires (sunflower),crop,496,478,-34.0,-60.5,0.000457899,1
Argentina Buenos Aires (sunflower),crop,496,479,-34.0,-60.25,0.0,1
Argentina Buenos Aires (sunflower),crop,496,480,-34.0,-60.0,6.9564e-05,1
Argentina Buenos Aires (sunflower),crop,496,481,-34.0,-59.75,0.000144987,1
Argentina Buenos Aires (sunflower),crop,496,482,-34.0,-59.5,0.000124132,1
Argentina Buenos Aires (sunflower),crop,496,483,-34.0,-59.25,1.9464e-05,1
Argentina Buenos Aires (sunflower),crop,496,484,-34.0,-59.0,0.0,1
Argentina Buenos Aires (sunflower),crop,496,485,-34.0,-58.75,0.0,1
Argentina Buenos Aires (sunflower),crop,496,486,-34.0,-58.5,0.0,1
Argentina Buenos Aires (sunflower),crop,497,473,-34.25,-61.75,4.002e-05,1
Argentina Buenos Aires (sunflower),crop,497,474,-34.25,-61.5,0.00013302,1
Argentina Buenos Aires (sunflower),crop,497,475,-34.25,-61.25,0.000123834,1
Argentina Buenos Aires (sunflower),crop,497,476,-34.25,-61.0,9.6078e-05,1
Argentina Buenos Aires (sunflower),crop,497,477,-34.25,-60.75,0.000858698,1
Argentina Buenos Aires (sunflower),crop,497,478,-34.25,-60.5,0.000800902,1
Argentina Buenos Aires (sunflower),crop,497,479,-34.25,-60.25,0.003101323,1
Argentina Buenos Aires (sunflower),crop,497,480,-34.25,-60.0,0.002885184,1
Argentina Buenos Aires (sunflower),crop,497,481,-34.25,-59.75,0.000284412,1
Argentina Buenos Aires (sunflower),crop,497,482,-34.25,-59.5,0.00018749,1
Argentina Buenos Aires (sunflower),crop,497,483,-34.25,-59.25,0.000172246,1
Argentina Buenos Aires (sunflower),crop,497,484,-34.25,-59.0,0.000118522,1
Argentina Buenos Aires (sunflower),crop,497,485,-34.25,-58.75,0.0,1
Argentina Buenos Aires (sunflower),crop,497,486,-34.25,-58.5,0.0,1
Argentina Buenos Aires (sunflower),crop,498,466,-34.5,-63.5,0.000126019,1
Argentina Buenos Aires (sunflower),crop,498,467,-34.5,-63.25,0.00034906,1
Argentina Buenos Aires (sunflower),crop,498,468,-34.5,-63.0,0.00034618,1
Argentina Buenos Aires (sunflower),crop,498,469,-34.5,-62.75,0.000226417,1
Argentina Buenos Aires (sunflower),crop,498,470,-34.5,-62.5,3.858e-05,1
Argentina Buenos Aires (sunflower),crop,498,471,-34.5,-62.25,0.000182425,1
Argentina Buenos Aires (sunflower),crop,498,472,-34.5,-62.0,0.00018168,1
Argentina Buenos Aires (sunflower),crop,498,473,-34.5,-61.75,0.000176119,1
Argentina Buenos Aires (sunflower),crop,498,474,-34.5,-61.5,0.000256408,1
Argentina Buenos Aires (sunflower),crop,498,475,-34.5,-61.25,0.000104718,1
Argentina Buenos Aires (sunflower),crop,498,476,-34.5,-61.0,0.000138979,1
Argentina Buenos Aires (sunflower),crop,498,477,-34.5,-60.75,0.000164302,1
Argentina Buenos Aires (sunflower),crop,498,478,-34.5,-60.5,0.000227361,1
Argentina Buenos Aires (sunflower),crop,498,479,-34.5,-60.25,0.000254869,1
Argentina Buenos Aires (sunflower),crop,498,480,-34.5,-60.0,0.000195682,1
Argentina Buenos Aires (sunflower),crop,498,481,-34.5,-59.75,0.000239675,1
Argentina Buenos Aires (sunflower),crop,498,482,-34.5,-59.5,0.000122097,1
Argentina Buenos Aires (sunflower),crop,498,483,-34.5,-59.25,0.000370163,1
Argentina Buenos Aires (sunflower),crop,498,484,-34.5,-59.0,0.000183766,1
Argentina Buenos Aires (sunflower),crop,498,485,-34.5,-58.75,0.0,1
Argentina Buenos Aires (sunflower),crop,498,486,-34.5,-58.5,0.0,1
Argentina Buenos Aires (sunflower),crop,499,466,-34.75,-63.5,0.000110726,1
Argentina Buenos Aires (sunflower),crop,499,467,-34.75,-63.25,0.000258394,1
Argentina Buenos Aires (sunflower),crop,499,468,-34.75,-63.0,0.00021465,1
Argentina Buenos Aires (sunflower),crop,499,469,-34.75,-62.75,0.00026331,1
Argentina Buenos Aires (sunflower),crop,499,470,-34.75,-62.5,0.000558844,1
Argentina Buenos Aires (sunflower),crop,499,471,-34.75,-62.25,9.2156e-05,1
Argentina Buenos Aires (sunflower),crop,499,472,-34.75,-62.0,0.000155463,1
Argentina Buenos Aires (sunflower),crop,499,473,-34.75,-61.75,0.000368772,1
Argentina Buenos Aires (sunflower),crop,499,474,-34.75,-61.5,0.00010586,1
Argentina Buenos Aires (sunflower),crop,499,475,-34.75,-61.25,0.000317183,1
Argentina Buenos Aires (sunflower),crop,499,476,-34.75,-61.0,0.00012448,1
Argentina Buenos Aires (sunflower),crop,499,477,-34.75,-60.75,0.000112216,1
Argentina Buenos Aires (sunflower),crop,499,478,-34.75,-60.5,0.000170409,1
Argentina Buenos Aires (sunflower),crop,499,479,-34.75,-60.25,0.000135453,1
Argentina Buenos Aires (sunflower),crop,499,480,-34.75,-60.0,4.3347e-05,1
Argentina Buenos Aires (sunflower),crop,499,481,-34.75,-59.75,0.000195285,1
Argentina Buenos Aires (sunflower),crop,499,482,-34.75,-59.5,0.000154222,1
Argentina Buenos Aires (sunflower),crop,499,483,-34.75,-59.25,0.000668031,1
Argentina Buenos Aires (sunflower),crop,499,484,-34.75,-59.0,0.000171452,1
Argentina Buenos Aires (sunflower),crop,499,485,-34.75,-58.75,0.000122941,1
Argentina Buenos Aires (sunflower),crop,499,486,-34.75,-58.5,0.0,1
Argentina Buenos Aires (sunflower),crop,499,487,-34.75,-58.25,0.0,1
Argentina Buenos Aires (sunflower),crop,499,488,-34.75,-58.0,0.0,0
Argentina Buenos Aires (sunflower),crop,500,466,-35.0,-63.5,6.4896e-05,1
Argentina Buenos Aires (sunflower),crop,500,467,-35.0,-63.25,0.00032478,1
Argentina Buenos Aires (sunflower),crop,500,468,-35.0,-63.0,0.000355714,1
Argentina Buenos Aires (sunflower),crop,500,469,-35.0,-62.75,0.001291225,1
Argentina Buenos Aires (sunflower),crop,500,470,-35.0,-62.5,0.001040378,1
Argentina Buenos Aires (sunflower),crop,500,471,-35.0,-62.25,0.000815947,1
Argentina Buenos Aires (sunflower),crop,500,472,-35.0,-62.0,0.000530939,1
Argentina Buenos Aires (sunflower),crop,500,473,-35.0,-61.75,0.000485159,1
Argentina Buenos Aires (sunflower),crop,500,474,-35.0,-61.5,9.6476e-05,1
Argentina Buenos Aires (sunflower),crop,500,475,-35.0,-61.25,0.000197619,1
Argentina Buenos Aires (sunflower),crop,500,476,-35.0,-61.0,0.000158542,1
Argentina Buenos Aires (sunflower),crop,500,477,-35.0,-60.75,0.000101093,1
Argentina Buenos Aires (sunflower),crop,500,478,-35.0,-60.5,7.8601e-05,1
Argentina Buenos Aires (sunflower),crop,500,479,-35.0,-60.25,9.9008e-05,1
Argentina Buenos Aires (sunflower),crop,500,480,-35.0,-60.0,3.9971e-05,1
Argentina Buenos Aires (sunflower),crop,500,481,-35.0,-59.75,0.000104023,1
Argentina Buenos Aires (sunflower),crop,500,482,-35.0,-59.5,0.000383321,1
Argentina Buenos Aires (sunflower),crop,500,483,-35.0,-59.25,0.000544941,1
Argentina Buenos Aires (sunflower),crop,500,484,-35.0,-59.0,0.000643602,1
Argentina Buenos Aires (sunflower),crop,500,485,-35.0,-58.75,0.0,1
Argentina Buenos Aires (sunflower),crop,500,486,-35.0,-58.5,0.0,1
Argentina Buenos Aires (sunflower),crop,500,487,-35.0,-58.25,0.000392656,1
Argentina Buenos Aires (sunflower),crop,500,488,-35.0,-58.0,0.000116535,1
Argentina Buenos Aires (sunflower),crop,500,489,-35.0,-57.75,0.000138283,1
Argentina Buenos Aires (sunflower),crop,500,490,-35.0,-57.5,0.0,0
Argentina Buenos Aires (sunflower),crop,501,466,-35.25,-63.5,0.000195633,1
Argentina Buenos Aires (sunflower),crop,501,467,-35.25,-63.25,0.001434076,1
Argentina Buenos Aires (sunflower),crop,501,468,-35.25,-63.0,0.001005423,1
Argentina Buenos Aires (sunflower),crop,501,469,-35.25,-62.75,0.003074709,1
Argentina Buenos Aires (sunflower),crop,501,470,-35.25,-62.5,0.000368673,1
Argentina Buenos Aires (sunflower),crop,501,471,-35.25,-62.25,0.00053367,1
Argentina Buenos Aires (sunflower),crop,501,472,-35.25,-62.0,0.000567235,1
Argentina Buenos Aires (sunflower),crop,501,473,-35.25,-61.75,0.000425228,1
Argentina Buenos Aires (sunflower),crop,501,474,-35.25,-61.5,0.000311026,1
Argentina Buenos Aires (sunflower),crop,501,475,-35.25,-61.25,0.000278702,1
Argentina Buenos Aires (sunflower),crop,501,476,-35.25,-61.0,0.000304075,1
Argentina Buenos Aires (sunflower),crop,501,477,-35.25,-60.75,0.000247917,1
Argentina Buenos Aires (sunflower),crop,501,478,-35.25,-60.5,0.00028039,1
Argentina Buenos Aires (sunflower),crop,501,479,-35.25,-60.25,0.000601297,1
Argentina Buenos Aires (sunflower),crop,501,480,-35.25,-60.0,0.001896941,1
Argentina Buenos Aires (sunflower),crop,501,481,-35.25,-59.75,0.000953237,1
Argentina Buenos Aires (sunflower),crop,501,482,-35.25,-59.5,0.001043606,1
Argentina Buenos Aires (sunflower),crop,501,483,-35.25,-59.25,0.000126317,1
Argentina Buenos Aires (sunflower),crop,501,484,-35.25,-59.0,0.000420014,1
Argentina Buenos Aires (sunflower),crop,501,485,-35.25,-58.75,0.001090577,1
Argentina Buenos Aires (sunflower),crop,501,486,-35.25,-58.5,0.001382189,1
Argentina Buenos Aires (sunflower),crop,501,487,-35.25,-58.25,0.0,1
Argentina Buenos Aires (sunflower),crop,501,488,-35.25,-58.0,9.9e-08,1
Argentina Buenos Aires (sunflower),crop,501,489,-35.25,-57.75,0.0,1
Argentina Buenos Aires (sunflower),crop,501,490,-35.25,-57.5,0.0,1
Argentina Buenos Aires (sunflower),crop,501,491,-35.25,-57.25,0.0,1
Argentina Buenos Aires (sunflower),crop,502,466,-35.5,-63.5,0.000393301,1
Argentina Buenos Aires (sunflower),crop,502,467,-35.5,-63.25,0.001298226,1
Argentina Buenos Aires (sunflower),crop,502,468,-35.5,-63.0,0.001027022,1
Argentina Buenos Aires (sunflower),crop,502,469,-35.5,-62.75,0.000572896,1
Argentina Buenos Aires (sunflower),crop,502,470,-35.5,-62.5,0.001337204,1
Argentina Buenos Aires (sunflower),crop,502,471,-35.5,-62.25,0.000415645,1
Argentina Buenos Aires (sunflower),crop,502,472,-35.5,-62.0,0.00075259,1
Argentina Buenos Aires (sunflower),crop,502,473,-35.5,-61.75,0.000474881,1
Argentina Buenos Aires (sunflower),crop,502,474,-35.5,-61.5,0.000922552,1
Argentina Buenos Aires (sunflower),crop,502,475,-35.5,-61.25,0.000336498,1
Argentina Buenos Aires (sunflower),crop,502,476,-35.5,-61.0,0.000260976,1
Argentina Buenos Aires (sunflower),crop,502,477,-35.5,-60.75,0.000297322,1
Argentina Buenos Aires (sunflower),crop,502,478,-35.5,-60.5,0.000260777,1
Argentina Buenos Aires (sunflower),crop,502,479,-35.5,-60.25,0.001155573,1
Argentina Buenos Aires (sunflower),crop,502,480,-35.5,-60.0,0.001817447,1
Argentina Buenos Aires (sunflower),crop,502,481,-35.5,-59.75,0.001266051,1
Argentina Buenos Aires (sunflower),crop,502,482,-35.5,-59.5,0.000971261,1
Argentina Buenos Aires (sunflower),crop,502,483,-35.5,-59.25,0.001191025,1
Argentina Buenos Aires (sunflower),crop,502,484,-35.5,-59.0,9.9e-08,1
Argentina Buenos Aires (sunflower),crop,502,485,-35.5,-58.75,0.000599013,1
Argentina Buenos Aires (sunflower),crop,502,486,-35.5,-58.5,0.000896335,1
Argentina Buenos Aires (sunflower),crop,502,487,-35.5,-58.25,0.000926872,1
Argentina Buenos Aires (sunflower),crop,502,488,-35.5,-58.0,4.47e-07,1
Argentina Buenos Aires (sunflower),crop,502,489,-35.5,-57.75,3.48e-07,1
Argentina Buenos Aires (sunflower),crop,502,490,-35.5,-57.5,1.99e-07,1
Argentina Buenos Aires (sunflower),crop,502,491,-35.5,-57.25,0.0,1
Argentina Buenos Aires (sunflower),crop,503,466,-35.75,-63.5,0.000459042,1
Argentina Buenos Aires (sunflower),crop,503,467,-35.75,-63.25,0.001259894,1
Argentina Buenos Aires (sunflower),crop,503,468,-35.75,-63.0,0.001992821,1
Argentina Buenos Aires (sunflower),crop,503,469,-35.75,-62.75,0.004285149,1
Argentina Buenos Aires (sunflower),crop,503,470,-35.75,-62.5,0.000412566,1
Argentina Buenos Aires (sunflower),crop,503,471,-35.75,-62.25,0.001770128,1
Argentina Buenos Aires (sunflower),crop,503,472,-35.75,-62.0,0.000200449,1
Argentina Buenos Aires (sunflower),crop,503,473,-35.75,-61.75,0.00138487,1
Argentina Buenos Aires (sunflower),crop,503,474,-35.75,-61.5,0.000959791,1
Argentina Buenos Aires (sunflower),crop,503,475,-35.75,-61.25,0.00077543,1
Argentina Buenos Aires (sunflower),crop,503,476,-35.75,-61.0,0.000856563,1
Argentina Buenos Aires (sunflower),crop,503,477,-35.75,-60.75,3.0288e-05,1
Argentina Buenos Aires (sunflower),crop,503,478,-35.75,-60.5,0.000698071,1
Argentina Buenos Aires (sunflower),crop,503,479,-35.75,-60.25,0.00165528,1
Argentina Buenos Aires (sunflower),crop,503,480,-35.75,-60.0,0.001518189,1
Argentina Buenos Aires (sunflower),crop,503,481,-35.75,-59.75,0.002153945,1
Argentina Buenos Aires (sunflower),crop,503,482,-35.75,-59.5,0.001573601,1
Argentina Buenos Aires (sunflower),crop,503,483,-35.75,-59.25,0.0,1
Argentina Buenos Aires (sunflower),crop,503,484,-35.75,-59.0,0.001216547,1
Argentina Buenos Aires (sunflower),crop,503,485,-35.75,-58.75,0.001606273,1
Argentina Buenos Aires (sunflower),crop,503,486,-35.75,-58.5,0.004173827,1
Argentina Buenos Aires (sunflower),crop,503,487,-35.75,-58.25,0.003082306,1
Argentina Buenos Aires (sunflower),crop,503,488,-35.75,-58.0,4.47e-07,1
Argentina Buenos Aires (sunflower),crop,503,489,-35.75,-57.75,3.48e-07,1
Argentina Buenos Aires (sunflower),crop,503,490,-35.75,-57.5,0.000541714,1
Argentina Buenos Aires (sunflower),crop,504,466,-36.0,-63.5,0.003154948,1
Argentina Buenos Aires (sunflower),crop,504,467,-36.0,-63.25,0.005331684,1
Argentina Buenos Aires (sunflower),crop,504,468,-36.0,-63.0,0.005481189,1
Argentina Buenos Aires (sunflower),crop,504,469,-36.0,-62.75,0.003904162,1
Argentina Buenos Aires (sunflower),crop,504,470,-36.0,-62.5,0.001925889,0
Argentina Buenos Aires (sunflower),crop,504,471,-36.0,-62.25,0.002953457,1
Argentina Buenos Aires (sunflower),crop,504,472,-36.0,-62.0,0.001860595,1
Argentina Buenos Aires (sunflower),crop,504,473,-36.0,-61.75,0.002155087,1
Argentina Buenos Aires (sunflower),crop,504,474,-36.0,-61.5,0.001962483,1
Argentina Buenos Aires (sunflower),crop,504,475,-36.0,-61.25,0.00086694,1
Argentina Buenos Aires (sunflower),crop,504,476,-36.0,-61.0,0.002518199,1
Argentina Buenos Aires (sunflower),crop,504,477,-36.0,-60.75,0.003149834,1
Argentina Buenos Aires (sunflower),crop,504,478,-36.0,-60.5,0.000408445,1
Argentina Buenos Aires (sunflower),crop,504,479,-36.0,-60.25,0.000386648,1
Argentina Buenos Aires (sunflower),crop,504,480,-36.0,-60.0,4.5979e-05,1
Argentina Buenos Aires (sunflower),crop,504,481,-36.0,-59.75,0.000826374,1
Argentina Buenos Aires (sunflower),crop,504,482,-36.0,-59.5,0.002258812,1
Argentina Buenos Aires (sunflower),crop,504,483,-36.0,-59.25,0.001857517,1
Argentina Buenos Aires (sunflower),crop,504,484,-36.0,-59.0,0.001657217,1
Argentina Buenos Aires (sunflower),crop,504,485,-36.0,-58.75,0.001898232,1
Argentina Buenos Aires (sunflower),crop,504,486,-36.0,-58.5,4.47e-07,1
Argentina Buenos Aires (sunflower),crop,504,487,-36.0,-58.25,4.47e-07,1
Argentina Buenos Aires (sunflower),crop,504,488,-36.0,-58.0,0.002122564,1
Argentina Buenos Aires (sunflower),crop,504,489,-36.0,-57.75,0.000907805,1
Argentina Buenos Aires (sunflower),crop,504,490,-36.0,-57.5,0.000386151,1
Argentina Buenos Aires (sunflower),crop,504,491,-36.0,-57.25,7.498e-06,0
Argentina Buenos Aires (sunflower),crop,505,466,-36.25,-63.5,0.00286289,1
Argentina Buenos Aires (sunflower),crop,505,467,-36.25,-63.25,0.007130362,1
Argentina Buenos Aires (sunflower),crop,505,468,-36.25,-63.0,0.007594071,1
Argentina Buenos Aires (sunflower),crop,505,469,-36.25,-62.75,0.005336798,1
Argentina Buenos Aires (sunflower),crop,505,470,-36.25,-62.5,0.004273182,1
Argentina Buenos Aires (sunflower),crop,505,471,-36.25,-62.25,0.003532311,1
Argentina Buenos Aires (sunflower),crop,505,472,-36.25,-62.0,0.002265019,1
Argentina Buenos Aires (sunflower),crop,505,473,-36.25,-61.75,0.002092872,1
Argentina Buenos Aires (sunflower),crop,505,474,-36.25,-61.5,0.003933606,1
Argentina Buenos Aires (sunflower),crop,505,475,-36.25,-61.25,0.001298673,1
Argentina Buenos Aires (sunflower),crop,505,476,-36.25,-61.0,0.000861727,1
Argentina Buenos Aires (sunflower),crop,505,477,-36.25,-60.75,0.000130885,1
Argentina Buenos Aires (sunflower),crop,505,478,-36.25,-60.5,0.0,1
Argentina Buenos Aires (sunflower),crop,505,479,-36.25,-60.25,0.0,1
Argentina Buenos Aires (sunflower),crop,505,480,-36.25,-60.0,0.0,1
Argentina Buenos Aires (sunflower),crop,505,481,-36.25,-59.75,0.00026038,1
Argentina Buenos Aires (sunflower),crop,505,482,-36.25,-59.5,0.003411108,1
Argentina Buenos Aires (sunflower),crop,505,483,-36.25,-59.25,0.0,1
Argentina Buenos Aires (sunflower),crop,505,484,-36.25,-59.0,0.0,1
Argentina Buenos Aires (sunflower),crop,505,485,-36.25,-58.75,0.002573065,1
Argentina Buenos Aires (sunflower),crop,505,486,-36.25,-58.5,4.47e-07,1
Argentina Buenos Aires (sunflower),crop,505,487,-36.25,-58.25,4.47e-07,1
Argentina Buenos Aires (sunflower),crop,505,488,-36.25,-58.0,9.9e-08,1
Argentina Buenos Aires (sunflower),crop,505,489,-36.25,-57.75,0.00014737,1
Argentina Buenos Aires (sunflower),crop,505,490,-36.25,-57.5,0.0,1
Argentina Buenos Aires (sunflower),crop,505,491,-36.25,-57.25,4.369e-06,1
Argentina Buenos Aires (sunflower),crop,505,492,-36.25,-57.0,1.8322e-05,0
Argentina Buenos Aires (sunflower),crop,505,493,-36.25,-56.75,6.107e-06,0
Argentina Buenos Aires (sunflower),crop,506,466,-36.5,-63.5,0.002076685,1
Argentina Buenos Aires (sunflower),crop,506,467,-36.5,-63.25,0.009219013,1
Argentina Buenos Aires (sunflower),crop,506,468,-36.5,-63.0,0.00914225,1
Argentina Buenos Aires (sunflower),crop,506,469,-36.5,-62.75,0.006937857,1
Argentina Buenos Aires (sunflower),crop,506,470,-36.5,-62.5,0.004892355,1
Argentina Buenos Aires (sunflower),crop,506,471,-36.5,-62.25,0.004967182,1
Argentina Buenos Aires (sunflower),crop,506,472,-36.5,-62.0,0.004796177,1
Argentina Buenos Aires (sunflower),crop,506,473,-36.5,-61.75,0.002696999,1
Argentina Buenos Aires (sunflower),crop,506,474,-36.5,-61.5,0.004175962,1
Argentina Buenos Aires (sunflower),crop,506,475,-36.5,-61.25,0.000603929,1
Argentina Buenos Aires (sunflower),crop,506,476,-36.5,-61.0,0.000469965,1
Argentina Buenos Aires (sunflower),crop,506,477,-36.5,-60.75,0.0,1
Argentina Buenos Aires (sunflower),crop,506,478,-36.5,-60.5,0.000545835,1
Argentina Buenos Aires (sunflower),crop,506,479,-36.5,-60.25,0.000123934,1
Argentina Buenos Aires (sunflower),crop,506,480,-36.5,-60.0,1.99e-07,1
Argentina Buenos Aires (sunflower),crop,506,481,-36.5,-59.75,4.47e-07,1
Argentina Buenos Aires (sunflower),crop,506,482,-36.5,-59.5,0.000701348,1
Argentina Buenos Aires (sunflower),crop,506,483,-36.5,-59.25,0.001292715,1
Argentina Buenos Aires (sunflower),crop,506,484,-36.5,-59.0,0.0,1
Argentina Buenos Aires (sunflower),crop,506,485,-36.5,-58.75,0.002198384,1
Argentina Buenos Aires (sunflower),crop,506,486,-36.5,-58.5,0.002294215,1
Argentina Buenos Aires (sunflower),crop,506,487,-36.5,-58.25,3.48e-07,1
Argentina Buenos Aires (sunflower),crop,506,488,-36.5,-58.0,0.0,1
Argentina Buenos Aires (sunflower),crop,506,489,-36.5,-57.75,0.0,1
Argentina Buenos Aires (sunflower),crop,506,490,-36.5,-57.5,0.0,1
Argentina Buenos Aires (sunflower),crop,506,491,-36.5,-57.25,1.8322e-05,1
Argentina Buenos Aires (sunflower),crop,506,492,-36.5,-57.0,5.4966e-05,1
Argentina Buenos Aires (sunflower),crop,506,493,-36.5,-56.75,1.8322e-05,1
Argentina Buenos Aires (sunflower),crop,507,466,-36.75,-63.5,0.001110637,1
Argentina Buenos Aires (sunflower),crop,507,467,-36.75,-63.25,0.006651857,1
Argentina Buenos Aires (sunflower),crop,507,468,-36.75,-63.0,0.010316492,1
Argentina Buenos Aires (sunflower),crop,507,469,-36.75,-62.75,0.005054869,1
Argentina Buenos Aires (sunflower),crop,507,470,-36.75,-62.5,0.00203453,1
Argentina Buenos Aires (sunflower),crop,507,471,-36.75,-62.25,0.001543859,1
Argentina Buenos Aires (sunflower),crop,507,472,-36.75,-62.0,3.48e-07,1
Argentina Buenos Aires (sunflower),crop,507,473,-36.75,-61.75,0.000483024,1
Argentina Buenos Aires (sunflower),crop,507,474,-36.75,-61.5,0.002542777,1
Argentina Buenos Aires (sunflower),crop,507,475,-36.75,-61.25,0.000972453,1
Argentina Buenos Aires (sunflower),crop,507,476,-36.75,-61.0,0.0,1
Argentina Buenos Aires (sunflower),crop,507,477,-36.75,-60.75,0.0,1
Argentina Buenos Aires (sunflower),crop,507,478,-36.75,-60.5,0.001178115,1
Argentina Buenos Aires (sunflower),crop,507,479,-36.75,-60.25,0.001927676,1
Argentina Buenos Aires (sunflower),crop,507,480,-36.75,-60.0,0.001777278,1
Argentina Buenos Aires (sunflower),crop,507,481,-36.75,-59.75,0.002889653,1
Argentina Buenos Aires (sunflower),crop,507,482,-36.75,-59.5,4.47e-07,1
Argentina Buenos Aires (sunflower),crop,507,483,-36.75,-59.25,5e-08,1
Argentina Buenos Aires (sunflower),crop,507,484,-36.75,-59.0,0.004222934,1
Argentina Buenos Aires (sunflower),crop,507,485,-36.75,-58.75,0.003220788,1
Argentina Buenos Aires (sunflower),crop,507,486,-36.75,-58.5,1.341e-06,1
Argentina Buenos Aires (sunflower),crop,507,487,-36.75,-58.25,0.000427512,1
Argentina Buenos Aires (sunflower),crop,507,488,-36.75,-58.0,0.000619818,1
Argentina Buenos Aires (sunflower),crop,507,489,-36.75,-57.75,0.002397145,1
Argentina Buenos Aires (sunflower),crop,507,490,-36.75,-57.5,0.001572906,1
Argentina Buenos Aires (sunflower),crop,507,491,-36.75,-57.25,0.001309596,1
Argentina Buenos Aires (sunflower),crop,507,492,-36.75,-57.0,9.7767e-05,1
Argentina Buenos Aires (sunflower),crop,507,493,-36.75,-56.75,3.0537e-05,1
Argentina Buenos Aires (sunflower),crop,508,466,-37.0,-63.5,0.001409746,1
Argentina Buenos Aires (sunflower),crop,508,467,-37.0,-63.25,0.003534694,1
Argentina Buenos Aires (sunflower),crop,508,468,-37.0,-63.0,0.002175196,1
Argentina Buenos Aires (sunflower),crop,508,469,-37.0,-62.75,0.001863426,1
Argentina Buenos Aires (sunflower),crop,508,470,-37.0,-62.5,0.002490741,0
Argentina Buenos Aires (sunflower),crop,508,471,-37.0,-62.25,0.005254772,1
Argentina Buenos Aires (sunflower),crop,508,472,-37.0,-62.0,0.003901331,1
Argentina Buenos Aires (sunflower),crop,508,473,-37.0,-61.75,0.003184641,1
Argentina Buenos Aires (sunflower),crop,508,474,-37.0,-61.5,4.47e-07,1
Argentina Buenos Aires (sunflower),crop,508,475,-37.0,-61.25,2.48e-07,1
Argentina Buenos Aires (sunflower),crop,508,476,-37.0,-61.0,0.000496232,1
Argentina Buenos Aires (sunflower),crop,508,477,-37.0,-60.75,0.0,1
Argentina Buenos Aires (sunflower),crop,508,478,-37.0,-60.5,0.000663413,1
Argentina Buenos Aires (sunflower),crop,508,479,-37.0,-60.25,0.003633603,1
Argentina Buenos Aires (sunflower),crop,508,480,-37.0,-60.0,0.005332578,1
Argentina Buenos Aires (sunflower),crop,508,481,-37.0,-59.75,0.003401426,1
Argentina Buenos Aires (sunflower),crop,508,482,-37.0,-59.5,0.006504288,1
Argentina Buenos Aires (sunflower),crop,508,483,-37.0,-59.25,0.003116169,1
Argentina Buenos Aires (sunflower),crop,508,484,-37.0,-59.0,0.009312013,1
Argentina Buenos Aires (sunflower),crop,508,485,-37.0,-58.75,0.002337561,1
Argentina Buenos Aires (sunflower),crop,508,486,-37.0,-58.5,1.341e-06,1
Argentina Buenos Aires (sunflower),crop,508,487,-37.0,-58.25,1.192e-06,1
Argentina Buenos Aires (sunflower),crop,508,488,-37.0,-58.0,5.96e-07,1
Argentina Buenos Aires (sunflower),crop,508,489,-37.0,-57.75,1.49e-07,1
Argentina Buenos Aires (sunflower),crop,508,490,-37.0,-57.5,0.004213351,1
Argentina Buenos Aires (sunflower),crop,508,491,-37.0,-57.25,0.002820883,1
Argentina Buenos Aires (sunflower),crop,508,492,-37.0,-57.0,0.000576868,1
Argentina Buenos Aires (sunflower),crop,508,493,-37.0,-56.75,6.107e-06,0
Argentina Buenos Aires (sunflower),crop,509,466,-37.25,-63.5,0.000616938,1
Argentina Buenos Aires (sunflower),crop,509,467,-37.25,-63.25,0.002128125,1
Argentina Buenos Aires (sunflower),crop,509,468,-37.25,-63.0,0.003958184,1
Argentina Buenos Aires (sunflower),crop,509,469,-37.25,-62.75,0.004261017,1
Argentina Buenos Aires (sunflower),crop,509,470,-37.25,-62.5,0.005164205,1
Argentina Buenos Aires (sunflower),crop,509,471,-37.25,-62.25,0.003430473,1
Argentina Buenos Aires (sunflower),crop,509,472,-37.25,-62.0,0.002771379,1
Argentina Buenos Aires (sunflower),crop,509,473,-37.25,-61.75,0.005503185,1
Argentina Buenos Aires (sunflower),crop,509,474,-37.25,-61.5,0.000694694,1
Argentina Buenos Aires (sunflower),crop,509,475,-37.25,-61.25,0.000906613,1
Argentina Buenos Aires (sunflower),crop,509,476,-37.25,-61.0,1.99e-07,1
Argentina Buenos Aires (sunflower),crop,509,477,-37.25,-60.75,0.0,1
Argentina Buenos Aires (sunflower),crop,509,478,-37.25,-60.5,0.000666938,1
Argentina Buenos Aires (sunflower),crop,509,479,-37.25,-60.25,0.00791036,1
Argentina Buenos Aires (sunflower),crop,509,480,-37.25,-60.0,0.003411952,1
Argentina Buenos Aires (sunflower),crop,509,481,-37.25,-59.75,0.007495361,1
Argentina Buenos Aires (sunflower),crop,509,482,-37.25,-59.5,0.007708322,1
Argentina Buenos Aires (sunflower),crop,509,483,-37.25,-59.25,0.00393013,1
Argentina Buenos Aires (sunflower),crop,509,484,-37.25,-59.0,0.008515779,1
Argentina Buenos Aires (sunflower),crop,509,485,-37.25,-58.75,0.007375399,1
Argentina Buenos Aires (sunflower),crop,509,486,-37.25,-58.5,1.341e-06,1
Argentina Buenos Aires (sunflower),crop,509,487,-37.25,-58.25,1.341e-06,1
Argentina Buenos Aires (sunflower),crop,509,488,-37.25,-58.0,8.94e-07,1
Argentina Buenos Aires (sunflower),crop,509,489,-37.25,-57.75,0.0,1
Argentina Buenos Aires (sunflower),crop,509,490,-37.25,-57.5,0.00307178,1
Argentina Buenos Aires (sunflower),crop,509,491,-37.25,-57.25,0.002085722,1
Argentina Buenos Aires (sunflower),crop,509,492,-37.25,-57.0,0.000114996,1
Argentina Buenos Aires (sunflower),crop,510,466,-37.5,-63.5,0.001219725,1
Argentina Buenos Aires (sunflower),crop,510,467,-37.5,-63.25,0.002673762,1
Argentina Buenos Aires (sunflower),crop,510,468,-37.5,-63.0,0.001790833,1
Argentina Buenos Aires (sunflower),crop,510,469,-37.5,-62.75,0.001510542,1
Argentina Buenos Aires (sunflower),crop,510,470,-37.5,-62.5,0.00189004,1
Argentina Buenos Aires (sunflower),crop,510,471,-37.5,-62.25,0.00312749,1
Argentina Buenos Aires (sunflower),crop,510,472,-37.5,-62.0,0.003052365,1
Argentina Buenos Aires (sunflower),crop,510,473,-37.5,-61.75,0.003237571,1
Argentina Buenos Aires (sunflower),crop,510,474,-37.5,-61.5,0.00852556,1
Argentina Buenos Aires (sunflower),crop,510,475,-37.5,-61.25,0.000858797,1
Argentina Buenos Aires (sunflower),crop,510,476,-37.5,-61.0,0.001251751,1
Argentina Buenos Aires (sunflower),crop,510,477,-37.5,-60.75,0.002409062,1
Argentina Buenos Aires (sunflower),crop,510,478,-37.5,-60.5,0.0,1
Argentina Buenos Aires (sunflower),crop,510,479,-37.5,-60.25,0.000847377,1
Argentina Buenos Aires (sunflower),crop,510,480,-37.5,-60.0,0.0,1
Argentina Buenos Aires (sunflower),crop,510,481,-37.5,-59.75,0.002568597,1
Argentina Buenos Aires (sunflower),crop,510,482,-37.5,-59.5,0.004349847,1
Argentina Buenos Aires (sunflower),crop,510,483,-37.5,-59.25,0.005399262,1
Argentina Buenos Aires (sunflower),crop,510,484,-37.5,-59.0,0.005346381,1
Argentina Buenos Aires (sunflower),crop,510,485,-37.5,-58.75,0.010297078,1
Argentina Buenos Aires (sunflower),crop,510,486,-37.5,-58.5,0.006979516,1
Argentina Buenos Aires (sunflower),crop,510,487,-37.5,-58.25,0.002439996,1
Argentina Buenos Aires (sunflower),crop,510,488,-37.5,-58.0,0.001256915,1
Argentina Buenos Aires (sunflower),crop,510,489,-37.5,-57.75,0.0,1
Argentina Buenos Aires (sunflower),crop,510,490,-37.5,-57.5,0.005451397,1
Argentina Buenos Aires (sunflower),crop,510,491,-37.5,-57.25,0.001288097,1
Argentina Buenos Aires (sunflower),crop,511,466,-37.75,-63.5,0.000958798,1
Argentina Buenos Aires (sunflower),crop,511,467,-37.75,-63.25,0.000851896,1
Argentina Buenos Aires (sunflower),crop,511,468,-37.75,-63.0,0.000671109,1
Argentina Buenos Aires (sunflower),crop,511,469,-37.75,-62.75,0.001668488,1
Argentina Buenos Aires (sunflower),crop,511,470,-37.75,-62.5,0.00145359,1
Argentina Buenos Aires (sunflower),crop,511,471,-37.75,-62.25,0.000399359,1
Argentina Buenos Aires (sunflower),crop,511,472,-37.75,-62.0,0.002356479,1
Argentina Buenos Aires (sunflower),crop,511,473,-37.75,-61.75,0.003795521,1
Argentina Buenos Aires (sunflower),crop,511,474,-37.75,-61.5,0.008830678,1
Argentina Buenos Aires (sunflower),crop,511,475,-37.75,-61.25,0.001643115,1
Argentina Buenos Aires (sunflower),crop,511,476,-37.75,-61.0,0.002146447,1
Argentina Buenos Aires (sunflower),crop,511,477,-37.75,-60.75,0.0,1
Argentina Buenos Aires (sunflower),crop,511,478,-37.75,-60.5,0.000727465,1
Argentina Buenos Aires (sunflower),crop,511,479,-37.75,-60.25,0.002204541,1
Argentina Buenos Aires (sunflower),crop,511,480,-37.75,-60.0,0.0,1
Argentina Buenos Aires (sunflower),crop,511,481,-37.75,-59.75,0.000803385,1
Argentina Buenos Aires (sunflower),crop,511,482,-37.75,-59.5,0.000986058,1
Argentina Buenos Aires (sunflower),crop,511,483,-37.75,-59.25,0.008920748,1
Argentina Buenos Aires (sunflower),crop,511,484,-37.75,-59.0,0.009061762,1
Argentina Buenos Aires (sunflower),crop,511,485,-37.75,-58.75,0.010364209,1
Argentina Buenos Aires (sunflower),crop,511,486,-37.75,-58.5,0.010649565,1
Argentina Buenos Aires (sunflower),crop,511,487,-37.75,-58.25,0.008752325,1
Argentina Buenos Aires (sunflower),crop,511,488,-37.75,-58.0,0.005722751,1
Argentina Buenos Aires (sunflower),crop,511,489,-37.75,-57.75,0.005766495,1
Argentina Buenos Aires (sunflower),crop,511,490,-37.75,-57.5,0.002104937,1
Argentina Buenos Aires (sunflower),crop,512,466,-38.0,-63.5,0.000236944,1
Argentina Buenos Aires (sunflower),crop,512,467,-38.0,-63.25,0.000749114,1
Argentina Buenos Aires (sunflower),crop,512,468,-38.0,-63.0,0.000702242,1
Argentina Buenos Aires (sunflower),crop,512,469,-38.0,-62.75,0.000894101,1
Argentina Buenos Aires (sunflower),crop,512,470,-38.0,-62.5,0.001116397,1
Argentina Buenos Aires (sunflower),crop,512,471,-38.0,-62.25,0.000578308,1
Argentina Buenos Aires (sunflower),crop,512,472,-38.0,-62.0,0.0,1
Argentina Buenos Aires (sunflower),crop,512,473,-38.0,-61.75,0.000762918,1
Argentina Buenos Aires (sunflower),crop,512,474,-38.0,-61.5,0.002697148,1
Argentina Buenos Aires (sunflower),crop,512,475,-38.0,-61.25,0.003932315,1
Argentina Buenos Aires (sunflower),crop,512,476,-38.0,-61.0,0.000579251,1
Argentina Buenos Aires (sunflower),crop,512,477,-38.0,-60.75,0.002525945,1
Argentina Buenos Aires (sunflower),crop,512,478,-38.0,-60.5,0.004277155,1
Argentina Buenos Aires (sunflower),crop,512,479,-38.0,-60.25,0.003201622,1
Argentina Buenos Aires (sunflower),crop,512,480,-38.0,-60.0,0.002134133,1
Argentina Buenos Aires (sunflower),crop,512,481,-38.0,-59.75,0.00465988,1
Argentina Buenos Aires (sunflower),crop,512,482,-38.0,-59.5,0.00584008,1
Argentina Buenos Aires (sunflower),crop,512,483,-38.0,-59.25,0.009851641,1
Argentina Buenos Aires (sunflower),crop,512,484,-38.0,-59.0,0.010745395,1
Argentina Buenos Aires (sunflower),crop,512,485,-38.0,-58.75,0.007500823,1
Argentina Buenos Aires (sunflower),crop,512,486,-38.0,-58.5,0.005349261,1
Argentina Buenos Aires (sunflower),crop,512,487,-38.0,-58.25,0.012117554,1
Argentina Buenos Aires (sunflower),crop,512,488,-38.0,-58.0,0.010931792,1
Argentina Buenos Aires (sunflower),crop,512,489,-38.0,-57.75,0.034943261,1
Argentina Buenos Aires (sunflower),crop,512,490,-38.0,-57.5,9.9e-08,0
Argentina Buenos Aires (sunflower),crop,513,466,-38.25,-63.5,0.0,1
Argentina Buenos Aires (sunflower),crop,513,467,-38.25,-63.25,0.000453133,1
Argentina Buenos Aires (sunflower),crop,513,468,-38.25,-63.0,0.000195533,1
Argentina Buenos Aires (sunflower),crop,513,469,-38.25,-62.75,0.000326667,1
Argentina Buenos Aires (sunflower),crop,513,470,-38.25,-62.5,0.00044787,1
Argentina Buenos Aires (sunflower),crop,513,471,-38.25,-62.25,0.000377114,1
Argentina Buenos Aires (sunflower),crop,513,472,-38.25,-62.0,0.000270807,1
Argentina Buenos Aires (sunflower),crop,513,473,-38.25,-61.75,0.001311334,1
Argentina Buenos Aires (sunflower),crop,513,474,-38.25,-61.5,0.003112843,1
Argentina Buenos Aires (sunflower),crop,513,475,-38.25,-61.25,0.005308049,1
Argentina Buenos Aires (sunflower),crop,513,476,-38.25,-61.0,0.001696542,1
Argentina Buenos Aires (sunflower),crop,513,477,-38.25,-60.75,0.004924679,1
Argentina Buenos Aires (sunflower),crop,513,478,-38.25,-60.5,0.009467775,1
Argentina Buenos Aires (sunflower),crop,513,479,-38.25,-60.25,0.007532601,1
Argentina Buenos Aires (sunflower),crop,513,480,-38.25,-60.0,0.008319997,1
Argentina Buenos Aires (sunflower),crop,513,481,-38.25,-59.75,0.007615571,1
Argentina Buenos Aires (sunflower),crop,513,482,-38.25,-59.5,0.007480663,1
Argentina Buenos Aires (sunflower),crop,513,483,-38.25,-59.25,0.009793647,1
Argentina Buenos Aires (sunflower),crop,513,484,-38.25,-59.0,0.012277138,1
Argentina Buenos Aires (sunflower),crop,513,485,-38.25,-58.75,0.009637935,1
Argentina Buenos Aires (sunflower),crop,513,486,-38.25,-58.5,0.005716991,1
Argentina Buenos Aires (sunflower),crop,513,487,-38.25,-58.25,0.009273582,1
Argentina Buenos Aires (sunflower),crop,513,488,-38.25,-58.0,0.00849408,1
Argentina Buenos Aires (sunflower),crop,513,489,-38.25,-57.75,0.000102136,0
Argentina Buenos Aires (sunflower),crop,514,466,-38.5,-63.5,0.0,1
Argentina Buenos Aires (sunflower),crop,514,467,-38.5,-63.25,0.0,1
Argentina Buenos Aires (sunflower),crop,514,468,-38.5,-63.0,0.0,1
Argentina Buenos Aires (sunflower),crop,514,469,-38.5,-62.75,0.000289824,1
Argentina Buenos Aires (sunflower),crop,514,470,-38.5,-62.5,8.6446e-05,1
Argentina Buenos Aires (sunflower),crop,514,471,-38.5,-62.25,0.000152286,1
Argentina Buenos Aires (sunflower),crop,514,472,-38.5,-62.0,0.000265693,1
Argentina Buenos Aires (sunflower),crop,514,473,-38.5,-61.75,0.002389449,1
Argentina Buenos Aires (sunflower),crop,514,474,-38.5,-61.5,0.004106051,1
Argentina Buenos Aires (sunflower),crop,514,475,-38.5,-61.25,0.004806952,1
Argentina Buenos Aires (sunflower),crop,514,476,-38.5,-61.0,0.003967469,1
Argentina Buenos Aires (sunflower),crop,514,477,-38.5,-60.75,0.00419478,1
Argentina Buenos Aires (sunflower),crop,514,478,-38.5,-60.5,0.008570645,1
Argentina Buenos Aires (sunflower),crop,514,479,-38.5,-60.25,0.009103322,1
Argentina Buenos Aires (sunflower),crop,514,480,-38.5,-60.0,0.009922447,1
Argentina Buenos Aires (sunflower),crop,514,481,-38.5,-59.75,0.008642493,1
Argentina Buenos Aires (sunflower),crop,514,482,-38.5,-59.5,0.006253938,1
Argentina Buenos Aires (sunflower),crop,514,483,-38.5,-59.25,0.008939666,1
Argentina Buenos Aires (sunflower),crop,514,484,-38.5,-59.0,0.008559076,1
Argentina Buenos Aires (sunflower),crop,514,485,-38.5,-58.75,0.004729443,1
Argentina Buenos Aires (sunflower),crop,514,486,-38.5,-58.5,0.002880963,1
Argentina Buenos Aires (sunflower),crop,514,487,-38.5,-58.25,0.000571208,0
Argentina Buenos Aires (sunflower),crop,515,466,-38.75,-63.5,0.0,1
Argentina Buenos Aires (sunflower),crop,515,467,-38.75,-63.25,0.0,1
Argentina Buenos Aires (sunflower),crop,515,468,-38.75,-63.0,0.0,1
Argentina Buenos Aires (sunflower),crop,515,469,-38.75,-62.75,0.0,1
Argentina Buenos Aires (sunflower),crop,515,470,-38.75,-62.5,0.0,1
Argentina Buenos Aires (sunflower),crop,515,471,-38.75,-62.25,0.0,1
Argentina Buenos Aires (sunflower),crop,515,472,-38.75,-62.0,0.000315247,1
Argentina Buenos Aires (sunflower),crop,515,473,-38.75,-61.75,0.001691328,1
Argentina Buenos Aires (sunflower),crop,515,474,-38.75,-61.5,0.003072971,1
Argentina Buenos Aires (sunflower),crop,515,475,-38.75,-61.25,0.002572767,1
Argentina Buenos Aires (sunflower),crop,515,476,-38.75,-61.0,0.003295963,1
Argentina Buenos Aires (sunflower),crop,515,477,-38.75,-60.75,0.002152753,1
Argentina Buenos Aires (sunflower),crop,515,478,-38.75,-60.5,0.005020559,1
Argentina Buenos Aires (sunflower),crop,515,479,-38.75,-60.25,0.005249111,1
Argentina Buenos Aires (sunflower),crop,515,480,-38.75,-60.0,0.004189815,1
Argentina Buenos Aires (sunflower),crop,515,481,-38.75,-59.75,0.001918242,1
Argentina Buenos Aires (sunflower),crop,515,482,-38.75,-59.5,0.0,1
Argentina Buenos Aires (sunflower),crop,515,483,-38.75,-59.25,0.001257957,0
Argentina Buenos Aires (sunflower),crop,516,466,-39.0,-63.5,0.0,1
Argentina Buenos Aires (sunflower),crop,516,467,-39.0,-63.25,0.0,1
Argentina Buenos Aires (sunflower),crop,516,468,-39.0,-63.0,0.0,1
Argentina Buenos Aires (sunflower),crop,516,469,-39.0,-62.75,0.0,1
Argentina Buenos Aires (sunflower),crop,516,470,-39.0,-62.5,0.0,1
Argentina Buenos Aires (sunflower),crop,516,471,-39.0,-62.25,0.0,1
Argentina Buenos Aires (sunflower),crop,516,472,-39.0,-62.0,0.0,0
Argentina Buenos Aires (sunflower),crop,516,473,-39.0,-61.75,0.0,0
Argentina Buenos Aires (sunflower),crop,516,474,-39.0,-61.5,0.0,1
Argentina Buenos Aires (sunflower),crop,516,475,-39.0,-61.25,0.0,1
Argentina Buenos Aires (sunflower),crop,516,476,-39.0,-61.0,0.0,0
Argentina Buenos Aires (sunflower),crop,516,477,-39.0,-60.75,0.0,0
Argentina Buenos Aires (sunflower),crop,517,466,-39.25,-63.5,0.0,1
Argentina Buenos Aires (sunflower),crop,517,467,-39.25,-63.25,0.0,1
Argentina Buenos Aires (sunflower),crop,517,468,-39.25,-63.0,0.0,1
Argentina Buenos Aires (sunflower),crop,517,469,-39.25,-62.75,0.005112913,1
Argentina Buenos Aires (sunflower),crop,517,470,-39.25,-62.5,0.004771152,1
Argentina Buenos Aires (sunflower),crop,517,471,-39.25,-62.25,0.0,1
Argentina Buenos Aires (sunflower),crop,517,472,-39.25,-62.0,0.0,0
Argentina Buenos Aires (sunflower),crop,518,466,-39.5,-63.5,0.0,1
Argentina Buenos Aires (sunflower),crop,518,467,-39.5,-63.25,0.0,1
Argentina Buenos Aires (sunflower),crop,518,468,-39.5,-63.0,0.00018461,1
Argentina Buenos Aires (sunflower),crop,518,469,-39.5,-62.75,0.001360491,1
Argentina Buenos Aires (sunflower),crop,518,470,-39.5,-62.5,0.002607177,1
Argentina Buenos Aires (sunflower),crop,518,471,-39.5,-62.25,0.0,1
Argentina Buenos Aires (sunflower),crop,519,466,-39.75,-63.5,0.0,1
Argentina Buenos Aires (sunflower),crop,519,467,-39.75,-63.25,0.0,1
Argentina Buenos Aires (sunflower),crop,519,468,-39.75,-63.0,0.0,1
Argentina Buenos Aires (sunflower),crop,519,469,-39.75,-62.75,0.002770635,1
Argentina Buenos Aires (sunflower),crop,519,470,-39.75,-62.5,0.002325545,1
Argentina Buenos Aires (sunflower),crop,519,471,-39.75,-62.25,0.0,1
Argentina Buenos Aires (sunflower),crop,520,466,-40.0,-63.5,0.0,1
Argentina Buenos Aires (sunflower),crop,520,467,-40.0,-63.25,0.0,1
Argentina Buenos Aires (sunflower),crop,520,468,-40.0,-63.0,0.0,1
Argentina Buenos Aires (sunflower),crop,520,469,-40.0,-62.75,0.0,1
Argentina Buenos Aires (sunflower),crop,520,470,-40.0,-62.5,0.0,1
Argentina Buenos Aires (sunflower),crop,521,466,-40.25,-63.5,0.0,1
Argentina Buenos Aires (sunflower),crop,521,467,-40.25,-63.25,0.0,1
Argentina Buenos Aires (sunflower),crop,521,468,-40.25,-63.0,0.0,1
Argentina Buenos Aires (sunflower),crop,521,469,-40.25,-62.75,0.0,1
Argentina Buenos Aires (sunflower),crop,521,470,-40.25,-62.5,0.0,1
Argentina Buenos Aires (sunflower),crop,521,472,-40.25,-62.0,0.0,0
Argentina Buenos Aires (sunflower),crop,522,466,-40.5,-63.5,0.0,1
Argentina Buenos Aires (sunflower),crop,522,467,-40.5,-63.25,0.0,1
Argentina Buenos Aires (sunflower),crop,522,468,-40.5,-63.0,0.0,1
Argentina Buenos Aires (sunflower),crop,522,469,-40.5,-62.75,0.0,1
Argentina Buenos Aires (sunflower),crop,522,470,-40.5,-62.5,0.0,1
Argentina Buenos Aires (sunflower),crop,522,471,-40.5,-62.25,0.0,0
Argentina Buenos Aires (sunflower),crop,522,472,-40.5,-62.0,0.0,0
Argentina Buenos Aires (sunflower),crop,523,466,-40.75,-63.5,0.0,1
Argentina Buenos Aires (sunflower),crop,523,467,-40.75,-63.25,0.000247023,1
Argentina Buenos Aires (sunflower),crop,523,468,-40.75,-63.0,0.0,1
Argentina Buenos Aires (sunflower),crop,523,469,-40.75,-62.75,0.0,1
Argentina Buenos Aires (sunflower),crop,523,470,-40.75,-62.5,0.0,1
Argentina Buenos Aires (sunflower),crop,523,471,-40.75,-62.25,0.0,0
Argentina Buenos Aires (sunflower),crop,524,469,-41.0,-62.75,0.0,1
Argentina Buenos Aires (sunflower),crop,524,470,-41.0,-62.5,0.0,0
pin:Argentina Buenos Aires (sunflower),pin,514,479,-38.5,-60.25,1.0,1
India Madhya Pradesh,crop,253,1032,26.75,78.0,1.8323e-05,1
India Madhya Pradesh,crop,253,1033,26.75,78.25,3.9584e-05,1
India Madhya Pradesh,crop,253,1034,26.75,78.5,1.153e-05,1
India Madhya Pradesh,crop,253,1035,26.75,78.75,1.395e-06,1
India Madhya Pradesh,crop,254,1030,26.5,77.5,1.5e-05,1
India Madhya Pradesh,crop,254,1031,26.5,77.75,1.6616e-05,1
India Madhya Pradesh,crop,254,1032,26.5,78.0,3.3011e-05,1
India Madhya Pradesh,crop,254,1033,26.5,78.25,2.4144e-05,1
India Madhya Pradesh,crop,254,1034,26.5,78.5,8.537e-06,1
India Madhya Pradesh,crop,254,1035,26.5,78.75,5.086e-06,1
India Madhya Pradesh,crop,254,1036,26.5,79.0,9.55e-07,1
India Madhya Pradesh,crop,255,1028,26.25,77.0,0.000472957,1
India Madhya Pradesh,crop,255,1029,26.25,77.25,0.000307807,1
India Madhya Pradesh,crop,255,1030,26.25,77.5,2.5337e-05,1
India Madhya Pradesh,crop,255,1031,26.25,77.75,4.48e-06,1
India Madhya Pradesh,crop,255,1032,26.25,78.0,1.0649e-05,1
India Madhya Pradesh,crop,255,1033,26.25,78.25,0.000173099,1
India Madhya Pradesh,crop,255,1034,26.25,78.5,3.3067e-05,1
India Madhya Pradesh,crop,255,1035,26.25,78.75,5.2308e-05,1
India Madhya Pradesh,crop,255,1036,26.25,79.0,2.39e-07,1
India Madhya Pradesh,crop,256,1026,26.0,76.5,0.0,1
India Madhya Pradesh,crop,256,1027,26.0,76.75,0.000287299,1
India Madhya Pradesh,crop,256,1028,26.0,77.0,0.000312838,1
India Madhya Pradesh,crop,256,1029,26.0,77.25,0.000695224,1
India Madhya Pradesh,crop,256,1030,26.0,77.5,0.000202953,1
India Madhya Pradesh,crop,256,1031,26.0,77.75,0.00030397,1
India Madhya Pradesh,crop,256,1032,26.0,78.0,5.9579e-05,1
India Madhya Pradesh,crop,256,1033,26.0,78.25,8.0729e-05,1
India Madhya Pradesh,crop,256,1034,26.0,78.5,0.000178387,1
India Madhya Pradesh,crop,256,1035,26.0,78.75,6.7473e-05,1
India Madhya Pradesh,crop,257,1026,25.75,76.5,0.000282434,1
India Madhya Pradesh,crop,257,1027,25.75,76.75,0.000487443,1
India Madhya Pradesh,crop,257,1028,25.75,77.0,0.000835826,1
India Madhya Pradesh,crop,257,1029,25.75,77.25,5.06e-05,1
India Madhya Pradesh,crop,257,1030,25.75,77.5,0.001017426,1
India Madhya Pradesh,crop,257,1031,25.75,77.75,0.001338801,1
India Madhya Pradesh,crop,257,1032,25.75,78.0,0.001091766,1
India Madhya Pradesh,crop,257,1033,25.75,78.25,0.000505325,1
India Madhya Pradesh,crop,257,1034,25.75,78.5,0.000159347,1
India Madhya Pradesh,crop,257,1035,25.75,78.75,3.6592e-05,1
India Madhya Pradesh,crop,258,1026,25.5,76.5,0.000145008,1
India Madhya Pradesh,crop,258,1027,25.5,76.75,0.000418188,1
India Madhya Pradesh,crop,258,1028,25.5,77.0,0.000948043,1
India Madhya Pradesh,crop,258,1029,25.5,77.25,0.000609703,1
India Madhya Pradesh,crop,258,1030,25.5,77.5,0.00260005,1
India Madhya Pradesh,crop,258,1031,25.5,77.75,0.001281812,1
India Madhya Pradesh,crop,258,1032,25.5,78.0,0.003245756,1
India Madhya Pradesh,crop,258,1033,25.5,78.25,0.000839406,1
India Madhya Pradesh,crop,258,1034,25.5,78.5,0.000396946,1
India Madhya Pradesh,crop,258,1035,25.5,78.75,0.001514012,1
India Madhya Pradesh,crop,258,1041,25.5,80.25,9.5564e-05,1
India Madhya Pradesh,crop,259,1029,25.25,77.25,3.3379e-05,1
India Madhya Pradesh,crop,259,1030,25.25,77.5,0.001184007,1
India Madhya Pradesh,crop,259,1031,25.25,77.75,0.000618332,1
India Madhya Pradesh,crop,259,1032,25.25,78.0,0.003724845,1
India Madhya Pradesh,crop,259,1033,25.25,78.25,0.002068341,1
India Madhya Pradesh,crop,259,1034,25.25,78.5,0.0006478,1
India Madhya Pradesh,crop,259,1035,25.25,78.75,0.002928677,1
India Madhya Pradesh,crop,259,1036,25.25,79.0,0.000232641,1
India Madhya Pradesh,crop,259,1037,25.25,79.25,0.000471066,1
India Madhya Pradesh,crop,259,1038,25.25,79.5,3.4994e-05,1
India Madhya Pradesh,crop,259,1039,25.25,79.75,0.000112474,1
India Madhya Pradesh,crop,259,1040,25.25,80.0,0.000639722,1
India Madhya Pradesh,crop,259,1041,25.25,80.25,0.000561728,1
India Madhya Pradesh,crop,259,1043,25.25,80.75,3.654e-06,1
India Madhya Pradesh,crop,259,1045,25.25,81.25,0.000115944,1
India Madhya Pradesh,crop,259,1046,25.25,81.5,3.635e-06,1
India Madhya Pradesh,crop,260,1019,25.0,74.75,2.956e-06,1
India Madhya Pradesh,crop,260,1020,25.0,75.0,0.001192563,1
India Madhya Pradesh,crop,260,1021,25.0,75.25,0.002206262,1
India Madhya Pradesh,crop,260,1027,25.0,76.75,0.0,1
India Madhya Pradesh,crop,260,1028,25.0,77.0,0.006367876,1
India Madhya Pradesh,crop,260,1029,25.0,77.25,0.001896931,1
India Madhya Pradesh,crop,260,1030,25.0,77.5,0.00118039,1
India Madhya Pradesh,crop,260,1031,25.0,77.75,0.002365995,1
India Madhya Pradesh,crop,260,1032,25.0,78.0,0.004105377,1
India Madhya Pradesh,crop,260,1033,25.0,78.25,0.001354003,1
India Madhya Pradesh,crop,260,1034,25.0,78.5,2.8311e-05,1
India Madhya Pradesh,crop,260,1035,25.0,78.75,0.000462234,1
India Madhya Pradesh,crop,260,1036,25.0,79.0,0.000599898,1
India Madhya Pradesh,crop,260,1037,25.0,79.25,0.00025359,1
India Madhya Pradesh,crop,260,1038,25.0,79.5,0.000306614,1
India Madhya Pradesh,crop,260,1039,25.0,79.75,0.000123931,1
India Madhya Pradesh,crop,260,1040,25.0,80.0,0.000436475,1
India Madhya Pradesh,crop,260,1041,25.0,80.25,0.000115816,1
India Madhya Pradesh,crop,260,1042,25.0,80.5,0.000722599,1
India Madhya Pradesh,crop,260,1043,25.0,80.75,0.001399408,1
India Madhya Pradesh,crop,260,1044,25.0,81.0,0.000231282,1
India Madhya Pradesh,crop,260,1045,25.0,81.25,1.1145e-05,1
India Madhya Pradesh,crop,260,1046,25.0,81.5,0.000254343,1
India Madhya Pradesh,crop,260,1047,25.0,81.75,0.000269802,1
India Madhya Pradesh,crop,261,1019,24.75,74.75,0.000756694,1
India Madhya Pradesh,crop,261,1020,24.75,75.0,0.002303644,1
India Madhya Pradesh,crop,261,1021,24.75,75.25,0.001126577,1
India Madhya Pradesh,crop,261,1022,24.75,75.5,0.000333695,1
India Madhya Pradesh,crop,261,1023,24.75,75.75,7.89e-07,1
India Madhya Pradesh,crop,261,1027,24.75,76.75,0.000385012,1
India Madhya Pradesh,crop,261,1028,24.75,77.0,0.00221893,1
India Madhya Pradesh,crop,261,1029,24.75,77.25,0.001910554,1
India Madhya Pradesh,crop,261,1030,24.75,77.5,0.002221409,1
India Madhya Pradesh,crop,261,1031,24.75,77.75,0.003782092,1
India Madhya Pradesh,crop,261,1032,24.75,78.0,0.00649759,1
India Madhya Pradesh,crop,261,1033,24.75,78.25,0.00278523,1
India Madhya Pradesh,crop,261,1035,24.75,78.75,0.000270077,1
India Madhya Pradesh,crop,261,1036,24.75,79.0,0.000512963,1
India Madhya Pradesh,crop,261,1037,24.75,79.25,0.000615192,1
India Madhya Pradesh,crop,261,1038,24.75,79.5,0.000640401,1
India Madhya Pradesh,crop,261,1039,24.75,79.75,9.6905e-05,1
India Madhya Pradesh,crop,261,1040,24.75,80.0,0.000141189,1
India Madhya Pradesh,crop,261,1041,24.75,80.25,5.6806e-05,1
India Madhya Pradesh,crop,261,1042,24.75,80.5,0.000751259,1
India Madhya Pradesh,crop,261,1043,24.75,80.75,0.000723737,1
India Madhya Pradesh,crop,261,1044,24.75,81.0,3.9438e-05,1
India Madhya Pradesh,crop,261,1045,24.75,81.25,0.00017857,1
India Madhya Pradesh,crop,261,1046,24.75,81.5,2.8752e-05,1
India Madhya Pradesh,crop,261,1047,24.75,81.75,0.000227665,1
India Madhya Pradesh,crop,261,1048,24.75,82.0,0.000900857,1
India Madhya Pradesh,crop,261,1049,24.75,82.25,0.000468458,1
India Madhya Pradesh,crop,261,1050,24.75,82.5,6.43e-07,1
India Madhya Pradesh,crop,261,1051,24.75,82.75,2.02e-07,1
India Madhya Pradesh,crop,262,1019,24.5,74.75,0.003858232,1
India Madhya Pradesh,crop,262,1020,24.5,75.0,0.003383512,1
India Madhya Pradesh,crop,262,1021,24.5,75.25,0.00276138,1
India Madhya Pradesh,crop,262,1022,24.5,75.5,0.001929924,1
India Madhya Pradesh,crop,262,1023,24.5,75.75,0.00133333,1
India Madhya Pradesh,crop,262,1027,24.5,76.75,0.001760754,1
India Madhya Pradesh,crop,262,1028,24.5,77.0,0.00416312,1
India Madhya Pradesh,crop,262,1029,24.5,77.25,0.002808914,1
India Madhya Pradesh,crop,262,1030,24.5,77.5,0.002031767,1
India Madhya Pradesh,crop,262,1031,24.5,77.75,0.004957929,1
India Madhya Pradesh,crop,262,1032,24.5,78.0,0.003620101,1
India Madhya Pradesh,crop,262,1033,24.5,78.25,0.001761616,1
India Madhya Pradesh,crop,262,1034,24.5,78.5,5.8348e-05,1
India Madhya Pradesh,crop,262,1036,24.5,79.0,0.000253094,1
India Madhya Pradesh,crop,262,1037,24.5,79.25,0.00119943,1
India Madhya Pradesh,crop,262,1038,24.5,79.5,0.000580951,1
India Madhya Pradesh,crop,262,1039,24.5,79.75,0.000354919,1
India Madhya Pradesh,crop,262,1040,24.5,80.0,0.000239471,1
India Madhya Pradesh,crop,262,1041,24.5,80.25,0.000232916,1
India Madhya Pradesh,crop,262,1042,24.5,80.5,0.000149488,1
India Madhya Pradesh,crop,262,1043,24.5,80.75,0.000310506,1
India Madhya Pradesh,crop,262,1044,24.5,81.0,4.0815e-05,1
India Madhya Pradesh,crop,262,1045,24.5,81.25,0.000385783,1
India Madhya Pradesh,crop,262,1046,24.5,81.5,0.000214428,1
India Madhya Pradesh,crop,262,1047,24.5,81.75,0.000635976,1
India Madhya Pradesh,crop,262,1048,24.5,82.0,2.9339e-05,1
India Madhya Pradesh,crop,262,1049,24.5,82.25,1.0172e-05,1
India Madhya Pradesh,crop,262,1050,24.5,82.5,1.707e-06,1
India Madhya Pradesh,crop,262,1051,24.5,82.75,6.24e-07,1
India Madhya Pradesh,crop,263,1019,24.25,74.75,0.001852077,1
India Madhya Pradesh,crop,263,1020,24.25,75.0,0.00664515,1
India Madhya Pradesh,crop,263,1021,24.25,75.25,0.004080334,1
India Madhya Pradesh,crop,263,1022,24.25,75.5,0.00425448,1
India Madhya Pradesh,crop,263,1023,24.25,75.75,0.002252144,1
India Madhya Pradesh,crop,263,1024,24.25,76.0,8.0234e-05,1
India Madhya Pradesh,crop,263,1025,24.25,76.25,0.003924475,1
India Madhya Pradesh,crop,263,1026,24.25,76.5,0.003393666,1
India Madhya Pradesh,crop,263,1027,24.25,76.75,0.002670607,1
India Madhya Pradesh,crop,263,1028,24.25,77.0,0.007435847,1
India Madhya Pradesh,crop,263,1029,24.25,77.25,0.006199918,1
India Madhya Pradesh,crop,263,1030,24.25,77.5,0.003215334,1
India Madhya Pradesh,crop,263,1031,24.25,77.75,0.00222084,1
India Madhya Pradesh,crop,263,1032,24.25,78.0,0.005627284,1
India Madhya Pradesh,crop,263,1033,24.25,78.25,0.002106768,1
India Madhya Pradesh,crop,263,1034,24.25,78.5,0.002891223,1
India Madhya Pradesh,crop,263,1035,24.25,78.75,0.001749719,1
India Madhya Pradesh,crop,263,1036,24.25,79.0,0.003674153,1
India Madhya Pradesh,crop,263,1037,24.25,79.25,0.000751076,1
India Madhya Pradesh,crop,263,1038,24.25,79.5,0.000762092,1
India Madhya Pradesh,crop,263,1039,24.25,79.75,0.000519903,1
India Madhya Pradesh,crop,263,1040,24.25,80.0,0.000165021,1
India Madhya Pradesh,crop,263,1041,24.25,80.25,0.000190229,1
India Madhya Pradesh,crop,263,1042,24.25,80.5,4.847e-06,1
India Madhya Pradesh,crop,263,1043,24.25,80.75,0.000955277,1
India Madhya Pradesh,crop,263,1044,24.25,81.0,0.000638491,1
India Madhya Pradesh,crop,263,1045,24.25,81.25,0.000196104,1
India Madhya Pradesh,crop,263,1046,24.25,81.5,6.852e-05,1
India Madhya Pradesh,crop,263,1047,24.25,81.75,2.3666e-05,1
India Madhya Pradesh,crop,263,1048,24.25,82.0,2.534e-06,1
India Madhya Pradesh,crop,263,1049,24.25,82.25,1.616e-06,1
India Madhya Pradesh,crop,263,1050,24.25,82.5,1.763e-06,1
India Madhya Pradesh,crop,263,1051,24.25,82.75,3.67e-07,1
India Madhya Pradesh,crop,264,1020,24.0,75.0,0.001633426,1
India Madhya Pradesh,crop,264,1021,24.0,75.25,0.004649736,1
India Madhya Pradesh,crop,264,1022,24.0,75.5,0.003807558,1
India Madhya Pradesh,crop,264,1023,24.0,75.75,0.000815189,1
India Madhya Pradesh,crop,264,1024,24.0,76.0,0.003126875,1
India Madhya Pradesh,crop,264,1025,24.0,76.25,0.005415518,1
India Madhya Pradesh,crop,264,1026,24.0,76.5,0.006857136,1
India Madhya Pradesh,crop,264,1027,24.0,76.75,0.006772937,1
India Madhya Pradesh,crop,264,1028,24.0,77.0,0.010770007,1
India Madhya Pradesh,crop,264,1029,24.0,77.25,0.010694988,1
India Madhya Pradesh,crop,264,1030,24.0,77.5,0.006535834,1
India Madhya Pradesh,crop,264,1031,24.0,77.75,0.003607671,1
India Madhya Pradesh,crop,264,1032,24.0,78.0,0.007930707,1
India Madhya Pradesh,crop,264,1033,24.0,78.25,0.00353278,1
India Madhya Pradesh,crop,264,1034,24.0,78.5,0.003269845,1
India Madhya Pradesh,crop,264,1035,24.0,78.75,0.004250165,1
India Madhya Pradesh,crop,264,1036,24.0,79.0,0.004093847,1
India Madhya Pradesh,crop,264,1037,24.0,79.25,0.000616459,1
India Madhya Pradesh,crop,264,1038,24.0,79.5,0.000984763,1
India Madhya Pradesh,crop,264,1039,24.0,79.75,0.000910441,1
India Madhya Pradesh,crop,264,1040,24.0,80.0,8.442e-05,1
India Madhya Pradesh,crop,264,1041,24.0,80.25,8.1978e-05,1
India Madhya Pradesh,crop,264,1042,24.0,80.5,0.000151306,1
India Madhya Pradesh,crop,264,1043,24.0,80.75,3.1836e-05,1
India Madhya Pradesh,crop,264,1044,24.0,81.0,0.000172989,1
India Madhya Pradesh,crop,264,1045,24.0,81.25,0.000125528,1
India Madhya Pradesh,crop,264,1046,24.0,81.5,9.0938e-05,1
India Madhya Pradesh,crop,264,1047,24.0,81.75,1.3017e-05,1
India Madhya Pradesh,crop,264,1048,24.0,82.0,1.7883e-05,1
India Madhya Pradesh,crop,264,1049,24.0,82.25,3.837e-06,1
India Madhya Pradesh,crop,264,1050,24.0,82.5,1.781e-06,1
India Madhya Pradesh,crop,264,1051,24.0,82.75,4.59e-07,1
India Madhya Pradesh,crop,265,1020,23.75,75.0,0.003133117,1
India Madhya Pradesh,crop,265,1021,23.75,75.25,0.00698002,1
India Madhya Pradesh,crop,265,1022,23.75,75.5,0.007734291,1
India Madhya Pradesh,crop,265,1023,23.75,75.75,0.00741925,1
India Madhya Pradesh,crop,265,1024,23.75,76.0,0.005111016,1
India Madhya Pradesh,crop,265,1025,23.75,76.25,0.003559898,1
India Madhya Pradesh,crop,265,1026,23.75,76.5,0.005048059,1
India Madhya Pradesh,crop,265,1027,23.75,76.75,0.005146432,1
India Madhya Pradesh,crop,265,1028,23.75,77.0,0.009050142,1
India Madhya Pradesh,crop,265,1029,23.75,77.25,0.010224602,1
India Madhya Pradesh,crop,265,1030,23.75,77.5,0.00319119,1
India Madhya Pradesh,crop,265,1031,23.75,77.75,0.005329483,1
India Madhya Pradesh,crop,265,1032,23.75,78.0,0.011081579,1
India Madhya Pradesh,crop,265,1033,23.75,78.25,0.002087086,1
India Madhya Pradesh,crop,265,1034,23.75,78.5,0.002505623,1
India Madhya Pradesh,crop,265,1035,23.75,78.75,0.003895649,1
India Madhya Pradesh,crop,265,1036,23.75,79.0,0.001921533,1
India Madhya Pradesh,crop,265,1037,23.75,79.25,0.001124135,1
India Madhya Pradesh,crop,265,1038,23.75,79.5,0.00089825,1
India Madhya Pradesh,crop,265,1039,23.75,79.75,0.00074957,1
India Madhya Pradesh,crop,265,1040,23.75,80.0,0.000124702,1
India Madhya Pradesh,crop,265,1041,23.75,80.25,2.1059e-05,1
India Madhya Pradesh,crop,265,1042,23.75,80.5,1.6175e-05,1
India Madhya Pradesh,crop,265,1043,23.75,80.75,5.8954e-05,1
India Madhya Pradesh,crop,265,1044,23.75,81.0,2.9284e-05,1
India Madhya Pradesh,crop,265,1045,23.75,81.25,0.000190964,1
India Madhya Pradesh,crop,265,1046,23.75,81.5,0.000137187,1
India Madhya Pradesh,crop,265,1049,23.75,82.25,0.0,1
India Madhya Pradesh,crop,265,1050,23.75,82.5,1.1e-07,1
India Madhya Pradesh,crop,266,1018,23.5,74.5,0.001618958,1
India Madhya Pradesh,crop,266,1019,23.5,74.75,0.008983587,1
India Madhya Pradesh,crop,266,1020,23.5,75.0,0.003180596,1
India Madhya Pradesh,crop,266,1021,23.5,75.25,0.006612304,1
India Madhya Pradesh,crop,266,1022,23.5,75.5,0.010611817,1
India Madhya Pradesh,crop,266,1023,23.5,75.75,0.008863108,1
India Madhya Pradesh,crop,266,1024,23.5,76.0,0.00796012,1
India Madhya Pradesh,crop,266,1025,23.5,76.25,0.00861016,1
India Madhya Pradesh,crop,266,1026,23.5,76.5,0.003159996,1
India Madhya Pradesh,crop,266,1027,23.5,76.75,0.00071441,1
India Madhya Pradesh,crop,266,1028,23.5,77.0,0.000570045,1
India Madhya Pradesh,crop,266,1029,23.5,77.25,0.003162255,1
India Madhya Pradesh,crop,266,1030,23.5,77.5,0.00417599,1
India Madhya Pradesh,crop,266,1031,23.5,77.75,0.004216511,1
India Madhya Pradesh,crop,266,1032,23.5,78.0,0.007437867,1
India Madhya Pradesh,crop,266,1033,23.5,78.25,0.001179656,1
India Madhya Pradesh,crop,266,1034,23.5,78.5,0.000825214,1
India Madhya Pradesh,crop,266,1035,23.5,78.75,0.002676666,1
India Madhya Pradesh,crop,266,1036,23.5,79.0,0.001790368,1
India Madhya Pradesh,crop,266,1037,23.5,79.25,0.001488198,1
India Madhya Pradesh,crop,266,1038,23.5,79.5,0.000918961,1
India Madhya Pradesh,crop,266,1039,23.5,79.75,0.000302611,1
India Madhya Pradesh,crop,266,1040,23.5,80.0,7.0815e-05,1
India Madhya Pradesh,crop,266,1041,23.5,80.25,4.019e-05,1
India Madhya Pradesh,crop,266,1042,23.5,80.5,2.0527e-05,1
India Madhya Pradesh,crop,266,1043,23.5,80.75,5.3979e-05,1
India Madhya Pradesh,crop,266,1044,23.5,81.0,4.7589e-05,1
India Madhya Pradesh,crop,266,1045,23.5,81.25,4.48e-06,1
India Madhya Pradesh,crop,266,1046,23.5,81.5,8.8422e-05,1
India Madhya Pradesh,crop,266,1047,23.5,81.75,0.000190908,1
India Madhya Pradesh,crop,266,1048,23.5,82.0,2.94e-07,1
India Madhya Pradesh,crop,267,1018,23.25,74.5,0.002236776,1
India Madhya Pradesh,crop,267,1019,23.25,74.75,0.005832495,1
India Madhya Pradesh,crop,267,1020,23.25,75.0,0.004094379,1
India Madhya Pradesh,crop,267,1021,23.25,75.25,0.002435726,1
India Madhya Pradesh,crop,267,1022,23.25,75.5,0.00330741,1
India Madhya Pradesh,crop,267,1023,23.25,75.75,0.005193581,1
India Madhya Pradesh,crop,267,1024,23.25,76.0,0.002061088,1
India Madhya Pradesh,crop,267,1025,23.25,76.25,0.009412718,1
India Madhya Pradesh,crop,267,1026,23.25,76.5,0.005462741,1
India Madhya Pradesh,crop,267,1027,23.25,76.75,0.000914811,1
India Madhya Pradesh,crop,267,1028,23.25,77.0,0.00343639,1
India Madhya Pradesh,crop,267,1029,23.25,77.25,0.005994321,1
India Madhya Pradesh,crop,267,1030,23.25,77.5,0.003102731,1
India Madhya Pradesh,crop,267,1031,23.25,77.75,0.00105701,1
India Madhya Pradesh,crop,267,1032,23.25,78.0,0.000852368,1
India Madhya Pradesh,crop,267,1033,23.25,78.25,0.001804322,1
India Madhya Pradesh,crop,267,1034,23.25,78.5,0.002515575,1
India Madhya Pradesh,crop,267,1035,23.25,78.75,0.002332377,1
India Madhya Pradesh,crop,267,1036,23.25,79.0,0.001338856,1
India Madhya Pradesh,crop,267,1037,23.25,79.25,0.000954671,1
India Madhya Pradesh,crop,267,1038,23.25,79.5,0.000204587,1
India Madhya Pradesh,crop,267,1039,23.25,79.75,7.2008e-05,1
India Madhya Pradesh,crop,267,1040,23.25,80.0,3.9382e-05,1
India Madhya Pradesh,crop,267,1041,23.25,80.25,1.7203e-05,1
India Madhya Pradesh,crop,267,1042,23.25,80.5,7.895e-06,1
India Madhya Pradesh,crop,267,1043,23.25,80.75,4.9591e-05,1
India Madhya Pradesh,crop,267,1044,23.25,81.0,1.5771e-05,1
India Madhya Pradesh,crop,267,1045,23.25,81.25,0.000155125,1
India Madhya Pradesh,crop,267,1046,23.25,81.5,0.000328444,1
India Madhya Pradesh,crop,267,1047,23.25,81.75,0.000357673,1
India Madhya Pradesh,crop,267,1048,23.25,82.0,9.1819e-05,1
India Madhya Pradesh,crop,268,1017,23.0,74.25,0.000568576,1
India Madhya Pradesh,crop,268,1018,23.0,74.5,0.003445368,1
India Madhya Pradesh,crop,268,1019,23.0,74.75,0.004003607,1
India Madhya Pradesh,crop,268,1020,23.0,75.0,0.005253692,1
India Madhya Pradesh,crop,268,1021,23.0,75.25,0.002341172,1
India Madhya Pradesh,crop,268,1022,23.0,75.5,0.001003601,1
India Madhya Pradesh,crop,268,1023,23.0,75.75,0.001015939,1
India Madhya Pradesh,crop,268,1024,23.0,76.0,0.003900441,1
India Madhya Pradesh,crop,268,1025,23.0,76.25,0.002435065,1
India Madhya Pradesh,crop,268,1026,23.0,76.5,0.007432322,1
India Madhya Pradesh,crop,268,1027,23.0,76.75,0.007423748,1
India Madhya Pradesh,crop,268,1028,23.0,77.0,0.010559545,1
India Madhya Pradesh,crop,268,1029,23.0,77.25,0.01164584,1
India Madhya Pradesh,crop,268,1030,23.0,77.5,0.003079102,1
India Madhya Pradesh,crop,268,1031,23.0,77.75,0.004813931,1
India Madhya Pradesh,crop,268,1032,23.0,78.0,0.003191925,1
India Madhya Pradesh,crop,268,1033,23.0,78.25,0.001995671,1
India Madhya Pradesh,crop,268,1034,23.0,78.5,0.000784032,1
India Madhya Pradesh,crop,268,1035,23.0,78.75,0.000175027,1
India Madhya Pradesh,crop,268,1036,23.0,79.0,0.000507896,1
India Madhya Pradesh,crop,268,1037,23.0,79.25,0.000288896,1
India Madhya Pradesh,crop,268,1038,23.0,79.5,0.000582787,1
India Madhya Pradesh,crop,268,1039,23.0,79.75,5.0123e-05,1
India Madhya Pradesh,crop,268,1040,23.0,80.0,9.749e-06,1
India Madhya Pradesh,crop,268,1041,23.0,80.25,7.014e-06,1
India Madhya Pradesh,crop,268,1042,23.0,80.5,6.224e-06,1
India Madhya Pradesh,crop,268,1043,23.0,80.75,8.225e-06,1
India Madhya Pradesh,crop,268,1044,23.0,81.0,2.791e-06,1
India Madhya Pradesh,crop,268,1045,23.0,81.25,7.289e-06,1
India Madhya Pradesh,crop,268,1046,23.0,81.5,9.4848e-05,1
India Madhya Pradesh,crop,268,1047,23.0,81.75,9.6556e-05,1
India Madhya Pradesh,crop,269,1017,22.75,74.25,1.9792e-05,1
India Madhya Pradesh,crop,269,1018,22.75,74.5,0.00230917,1
India Madhya Pradesh,crop,269,1019,22.75,74.75,0.008056364,1
India Madhya Pradesh,crop,269,1020,22.75,75.0,0.007553682,1
India Madhya Pradesh,crop,269,1021,22.75,75.25,0.000924964,1
India Madhya Pradesh,crop,269,1022,22.75,75.5,0.000994219,1
India Madhya Pradesh,crop,269,1023,22.75,75.75,0.005924608,1
India Madhya Pradesh,crop,269,1024,22.75,76.0,0.002594523,1
India Madhya Pradesh,crop,269,1025,22.75,76.25,0.008739507,1
India Madhya Pradesh,crop,269,1026,22.75,76.5,0.013564215,1
India Madhya Pradesh,crop,269,1027,22.75,76.75,0.013084502,1
India Madhya Pradesh,crop,269,1028,22.75,77.0,0.005856987,1
India Madhya Pradesh,crop,269,1029,22.75,77.25,0.002049558,1
India Madhya Pradesh,crop,269,1030,22.75,77.5,0.005369728,1
India Madhya Pradesh,crop,269,1031,22.75,77.75,0.004531736,1
India Madhya Pradesh,crop,269,1032,22.75,78.0,0.000577132,1
India Madhya Pradesh,crop,269,1033,22.75,78.25,0.001216376,1
India Madhya Pradesh,crop,269,1034,22.75,78.5,0.001055156,1
India Madhya Pradesh,crop,269,1035,22.75,78.75,0.000563858,1
India Madhya Pradesh,crop,269,1036,22.75,79.0,0.000779534,1
India Madhya Pradesh,crop,269,1037,22.75,79.25,0.00040227,1
India Madhya Pradesh,crop,269,1038,22.75,79.5,3.8336e-05,1
India Madhya Pradesh,crop,269,1039,22.75,79.75,0.000156245,1
India Madhya Pradesh,crop,269,1040,22.75,80.0,0.00010737,1
India Madhya Pradesh,crop,269,1041,22.75,80.25,5.128e-05,1
India Madhya Pradesh,crop,269,1042,22.75,80.5,1.5735e-05,1
India Madhya Pradesh,crop,269,1043,22.75,80.75,7.271e-06,1
India Madhya Pradesh,crop,269,1044,22.75,81.0,1.9076e-05,1
India Madhya Pradesh,crop,269,1045,22.75,81.25,1.2485e-05,1
India Madhya Pradesh,crop,269,1046,22.75,81.5,4.5588e-05,1
India Madhya Pradesh,crop,269,1047,22.75,81.75,4.8397e-05,1
India Madhya Pradesh,crop,270,1016,22.5,74.0,0.000118661,1
India Madhya Pradesh,crop,270,1017,22.5,74.25,0.000463575,1
India Madhya Pradesh,crop,270,1018,22.5,74.5,0.001682594,1
India Madhya Pradesh,crop,270,1019,22.5,74.75,0.010692344,1
India Madhya Pradesh,crop,270,1020,22.5,75.0,0.012185205,1
India Madhya Pradesh,crop,270,1021,22.5,75.25,0.009740409,1
India Madhya Pradesh,crop,270,1022,22.5,75.5,0.006940987,1
India Madhya Pradesh,crop,270,1023,22.5,75.75,0.013477005,1
India Madhya Pradesh,crop,270,1024,22.5,76.0,0.009100412,1
India Madhya Pradesh,crop,270,1025,22.5,76.25,0.010038742,1
India Madhya Pradesh,crop,270,1026,22.5,76.5,0.005764819,1
India Madhya Pradesh,crop,270,1027,22.5,76.75,0.006822674,1
India Madhya Pradesh,crop,270,1028,22.5,77.0,0.003629263,1
India Madhya Pradesh,crop,270,1029,22.5,77.25,0.001745386,1
India Madhya Pradesh,crop,270,1030,22.5,77.5,0.000958031,1
India Madhya Pradesh,crop,270,1031,22.5,77.75,0.002128305,1
India Madhya Pradesh,crop,270,1032,22.5,78.0,0.001157514,1
India Madhya Pradesh,crop,270,1033,22.5,78.25,0.0002537,1
India Madhya Pradesh,crop,270,1034,22.5,78.5,0.000336982,1
India Madhya Pradesh,crop,270,1035,22.5,78.75,0.00011286,1
India Madhya Pradesh,crop,270,1036,22.5,79.0,0.000107095,1
India Madhya Pradesh,crop,270,1037,22.5,79.25,6.6592e-05,1
India Madhya Pradesh,crop,270,1038,22.5,79.5,0.000268553,1
India Madhya Pradesh,crop,270,1039,22.5,79.75,0.000103826,1
India Madhya Pradesh,crop,270,1040,22.5,80.0,4.2889e-05,1
India Madhya Pradesh,crop,270,1041,22.5,80.25,1.3274e-05,1
India Madhya Pradesh,crop,270,1042,22.5,80.5,1.2393e-05,1
India Madhya Pradesh,crop,270,1043,22.5,80.75,1.9957e-05,1
India Madhya Pradesh,crop,270,1044,22.5,81.0,6.922e-06,1
India Madhya Pradesh,crop,270,1045,22.5,81.25,8.81e-07,1
India Madhya Pradesh,crop,270,1046,22.5,81.5,1.0153e-05,1
India Madhya Pradesh,crop,271,1016,22.25,74.0,0.000134249,1
India Madhya Pradesh,crop,271,1017,22.25,74.25,0.001905156,1
India Madhya Pradesh,crop,271,1018,22.25,74.5,0.005990263,1
India Madhya Pradesh,crop,271,1019,22.25,74.75,0.00896082,1
India Madhya Pradesh,crop,271,1020,22.25,75.0,0.0089447,1
India Madhya Pradesh,crop,271,1021,22.25,75.25,0.007000878,1
India Madhya Pradesh,crop,271,1022,22.25,75.5,0.001371354,1
India Madhya Pradesh,crop,271,1023,22.25,75.75,0.000973196,1
India Madhya Pradesh,crop,271,1024,22.25,76.0,0.001639265,1
India Madhya Pradesh,crop,271,1025,22.25,76.25,0.008111389,1
India Madhya Pradesh,crop,271,1026,22.25,76.5,0.005796197,1
India Madhya Pradesh,crop,271,1027,22.25,76.75,0.003795367,1
India Madhya Pradesh,crop,271,1028,22.25,77.0,0.003774418,1
India Madhya Pradesh,crop,271,1029,22.25,77.25,0.004419757,1
India Madhya Pradesh,crop,271,1030,22.25,77.5,0.000664085,1
India Madhya Pradesh,crop,271,1031,22.25,77.75,0.001960567,1
India Madhya Pradesh,crop,271,1032,22.25,78.0,0.005995037,1
India Madhya Pradesh,crop,271,1033,22.25,78.25,0.000415324,1
India Madhya Pradesh,crop,271,1034,22.25,78.5,0.000192322,1
India Madhya Pradesh,crop,271,1035,22.25,78.75,0.000164488,1
India Madhya Pradesh,crop,271,1036,22.25,79.0,0.000187732,1
India Madhya Pradesh,crop,271,1037,22.25,79.25,4.8159e-05,1
India Madhya Pradesh,crop,271,1038,22.25,79.5,9.0919e-05,1
India Madhya Pradesh,crop,271,1039,22.25,79.75,0.000131403,1
India Madhya Pradesh,crop,271,1040,22.25,80.0,0.00010368,1
India Madhya Pradesh,crop,271,1041,22.25,80.25,5.5e-08,1
India Madhya Pradesh,crop,271,1042,22.25,80.5,1.873e-06,1
India Madhya Pradesh,crop,271,1043,22.25,80.75,7.3e-08,1
India Madhya Pradesh,crop,271,1044,22.25,81.0,2.056e-06,1
India Madhya Pradesh,crop,272,1017,22.0,74.25,7.5497e-05,1
India Madhya Pradesh,crop,272,1018,22.0,74.5,0.000770886,1
India Madhya Pradesh,crop,272,1019,22.0,74.75,0.000218944,1
India Madhya Pradesh,crop,272,1020,22.0,75.0,0.001663225,1
India Madhya Pradesh,crop,272,1021,22.0,75.25,0.001231633,1
India Madhya Pradesh,crop,272,1022,22.0,75.5,0.000547003,1
India Madhya Pradesh,crop,272,1023,22.0,75.75,0.000686595,1
India Madhya Pradesh,crop,272,1024,22.0,76.0,0.000855141,1
India Madhya Pradesh,crop,272,1025,22.0,76.25,0.007269945,1
India Madhya Pradesh,crop,272,1026,22.0,76.5,0.006732104,1
India Madhya Pradesh,crop,272,1027,22.0,76.75,0.007042169,1
India Madhya Pradesh,crop,272,1028,22.0,77.0,0.008989076,1
India Madhya Pradesh,crop,272,1029,22.0,77.25,0.000748267,1
India Madhya Pradesh,crop,272,1030,22.0,77.5,0.002961487,1
India Madhya Pradesh,crop,272,1031,22.0,77.75,0.005677334,1
India Madhya Pradesh,crop,272,1032,22.0,78.0,0.002338381,1
India Madhya Pradesh,crop,272,1033,22.0,78.25,0.00438737,1
India Madhya Pradesh,crop,272,1034,22.0,78.5,0.000139555,1
India Madhya Pradesh,crop,272,1035,22.0,78.75,0.000134231,1
India Madhya Pradesh,crop,272,1036,22.0,79.0,0.000238094,1
India Madhya Pradesh,crop,272,1037,22.0,79.25,0.000106323,1
India Madhya Pradesh,crop,272,1038,22.0,79.5,0.000125987,1
India Madhya Pradesh,crop,272,1039,22.0,79.75,0.000224875,1
India Madhya Pradesh,crop,272,1040,22.0,80.0,0.0,1
India Madhya Pradesh,crop,272,1041,22.0,80.25,7.3e-08,1
India Madhya Pradesh,crop,272,1042,22.0,80.5,1.1e-07,1
India Madhya Pradesh,crop,272,1043,22.0,80.75,0.0,1
India Madhya Pradesh,crop,273,1018,21.75,74.5,0.00038481,1
India Madhya Pradesh,crop,273,1019,21.75,74.75,0.00050169,1
India Madhya Pradesh,crop,273,1020,21.75,75.0,0.001556167,1
India Madhya Pradesh,crop,273,1021,21.75,75.25,0.000691313,1
India Madhya Pradesh,crop,273,1022,21.75,75.5,0.000654171,1
India Madhya Pradesh,crop,273,1023,21.75,75.75,0.000997927,1
India Madhya Pradesh,crop,273,1024,21.75,76.0,0.004079104,1
India Madhya Pradesh,crop,273,1025,21.75,76.25,0.007893602,1
India Madhya Pradesh,crop,273,1026,21.75,76.5,0.007426924,1
India Madhya Pradesh,crop,273,1027,21.75,76.75,0.010542874,1
India Madhya Pradesh,crop,273,1028,21.75,77.0,0.006573436,1
India Madhya Pradesh,crop,273,1029,21.75,77.25,0.000262807,1
India Madhya Pradesh,crop,273,1030,21.75,77.5,0.002141028,1
India Madhya Pradesh,crop,273,1031,21.75,77.75,0.00604538,1
India Madhya Pradesh,crop,273,1032,21.75,78.0,0.004053491,1
India Madhya Pradesh,crop,273,1033,21.75,78.25,0.005908928,1
India Madhya Pradesh,crop,273,1034,21.75,78.5,0.000507088,1
India Madhya Pradesh,crop,273,1035,21.75,78.75,0.000225187,1
India Madhya Pradesh,crop,273,1036,21.75,79.0,0.000188742,1
India Madhya Pradesh,crop,273,1037,21.75,79.25,5.2033e-05,1
India Madhya Pradesh,crop,273,1038,21.75,79.5,7.0209e-05,1
India Madhya Pradesh,crop,273,1039,21.75,79.75,0.0,1
India Madhya Pradesh,crop,273,1040,21.75,80.0,0.0,1
India Madhya Pradesh,crop,273,1041,21.75,80.25,1.29e-07,1
India Madhya Pradesh,crop,273,1042,21.75,80.5,9.2e-08,1
India Madhya Pradesh,crop,273,1043,21.75,80.75,1.8e-08,1
India Madhya Pradesh,crop,274,1020,21.5,75.0,0.000288805,1
India Madhya Pradesh,crop,274,1021,21.5,75.25,0.000300977,1
India Madhya Pradesh,crop,274,1022,21.5,75.5,0.000424266,1
India Madhya Pradesh,crop,274,1023,21.5,75.75,0.001086919,1
India Madhya Pradesh,crop,274,1024,21.5,76.0,0.001538137,1
India Madhya Pradesh,crop,274,1025,21.5,76.25,0.000747789,1
India Madhya Pradesh,crop,274,1026,21.5,76.5,0.000841536,1
India Madhya Pradesh,crop,274,1027,21.5,76.75,0.000276375,1
India Madhya Pradesh,crop,274,1030,21.5,77.5,0.000793818,1
India Madhya Pradesh,crop,274,1031,21.5,77.75,0.001706536,1
India Madhya Pradesh,crop,274,1032,21.5,78.0,0.001513259,1
India Madhya Pradesh,crop,274,1034,21.5,78.5,1.2118e-05,1
India Madhya Pradesh,crop,274,1035,21.5,78.75,7.3679e-05,1
India Madhya Pradesh,crop,274,1039,21.5,79.75,0.0,1
India Madhya Pradesh,crop,274,1041,21.5,80.25,0.0,1
India Madhya Pradesh,crop,274,1042,21.5,80.5,0.0,1
India Madhya Pradesh,crop,274,1043,21.5,80.75,0.0,1
India Madhya Pradesh,crop,275,1025,21.25,76.25,0.000731669,1
India Madhya Pradesh,crop,275,1026,21.25,76.5,0.000276246,1
pin:India Madhya Pradesh,pin,269,1023,22.75,75.75,1.0,1
India Maharashtra,crop,272,1016,22.0,74.0,1.231e-06,1
India Maharashtra,crop,272,1017,22.0,74.25,3.9137e-05,1
India Maharashtra,crop,272,1018,22.0,74.5,0.0,1
India Maharashtra,crop,273,1015,21.75,73.75,0.000256705,1
India Maharashtra,crop,273,1016,21.75,74.0,0.000871544,1
India Maharashtra,crop,273,1017,21.75,74.25,0.000574075,1
India Maharashtra,crop,273,1018,21.75,74.5,0.000488605,1
India Maharashtra,crop,273,1028,21.75,77.0,0.000845905,1
India Maharashtra,crop,273,1029,21.75,77.25,9.9991e-05,1
India Maharashtra,crop,273,1030,21.75,77.5,4.7732e-05,1
India Maharashtra,crop,273,1036,21.75,79.0,0.0,1
India Maharashtra,crop,273,1037,21.75,79.25,0.000104497,1
India Maharashtra,crop,273,1038,21.75,79.5,0.0,1
India Maharashtra,crop,274,1015,21.5,73.75,0.000231524,1
India Maharashtra,crop,274,1016,21.5,74.0,0.000663114,1
India Maharashtra,crop,274,1017,21.5,74.25,0.001505806,1
India Maharashtra,crop,274,1018,21.5,74.5,0.001556625,1
India Maharashtra,crop,274,1019,21.5,74.75,0.000663948,1
India Maharashtra,crop,274,1020,21.5,75.0,0.000632593,1
India Maharashtra,crop,274,1021,21.5,75.25,0.000435803,1
India Maharashtra,crop,274,1022,21.5,75.5,0.000302642,1
India Maharashtra,crop,274,1023,21.5,75.75,0.000355631,1
India Maharashtra,crop,274,1024,21.5,76.0,0.000144614,1
India Maharashtra,crop,274,1027,21.5,76.75,0.004142238,1
India Maharashtra,crop,274,1028,21.5,77.0,0.002406953,1
India Maharashtra,crop,274,1029,21.5,77.25,0.0,1
India Maharashtra,crop,274,1030,21.5,77.5,0.000791894,1
India Maharashtra,crop,274,1031,21.5,77.75,0.001105822,1
India Maharashtra,crop,274,1032,21.5,78.0,0.001021123,1
India Maharashtra,crop,274,1033,21.5,78.25,0.004335899,1
India Maharashtra,crop,274,1034,21.5,78.5,0.003623176,1
India Maharashtra,crop,274,1035,21.5,78.75,0.002983344,1
India Maharashtra,crop,274,1036,21.5,79.0,0.00174555,1
India Maharashtra,crop,274,1037,21.5,79.25,0.000537922,1
India Maharashtra,crop,274,1038,21.5,79.5,0.000428669,1
India Maharashtra,crop,274,1039,21.5,79.75,9.0582e-05,1
India Maharashtra,crop,274,1040,21.5,80.0,0.002330098,1
India Maharashtra,crop,274,1041,21.5,80.25,0.000978377,1
India Maharashtra,crop,274,1042,21.5,80.5,9.576e-06,1
India Maharashtra,crop,275,1014,21.25,73.5,0.000158633,1
India Maharashtra,crop,275,1015,21.25,73.75,0.000721714,1
India Maharashtra,crop,275,1016,21.25,74.0,0.001400057,1
India Maharashtra,crop,275,1017,21.25,74.25,0.00089372,1
India Maharashtra,crop,275,1018,21.25,74.5,0.000538819,1
India Maharashtra,crop,275,1019,21.25,74.75,0.000474126,1
India Maharashtra,crop,275,1020,21.25,75.0,0.000385067,1
India Maharashtra,crop,275,1021,21.25,75.25,0.000457979,1
India Maharashtra,crop,275,1022,21.25,75.5,0.000547185,1
India Maharashtra,crop,275,1023,21.25,75.75,0.000581085,1
India Maharashtra,crop,275,1024,21.25,76.0,0.000149663,1
India Maharashtra,crop,275,1026,21.25,76.5,0.004751946,1
India Maharashtra,crop,275,1027,21.25,76.75,0.003873142,1
India Maharashtra,crop,275,1028,21.25,77.0,0.004159908,1
India Maharashtra,crop,275,1029,21.25,77.25,0.004637185,1
India Maharashtra,crop,275,1030,21.25,77.5,0.004628089,1
India Maharashtra,crop,275,1031,21.25,77.75,0.004762085,1
India Maharashtra,crop,275,1032,21.25,78.0,0.002957663,1
India Maharashtra,crop,275,1033,21.25,78.25,0.005770127,1
India Maharashtra,crop,275,1034,21.25,78.5,0.005210029,1
India Maharashtra,crop,275,1035,21.25,78.75,0.003592279,1
India Maharashtra,crop,275,1036,21.25,79.0,0.002792458,1
India Maharashtra,crop,275,1037,21.25,79.25,0.000359386,1
India Maharashtra,crop,275,1038,21.25,79.5,0.000107209,1
India Maharashtra,crop,275,1039,21.25,79.75,0.000241121,1
India Maharashtra,crop,275,1040,21.25,80.0,0.000881203,1
India Maharashtra,crop,275,1041,21.25,80.25,0.002300766,1
India Maharashtra,crop,275,1042,21.25,80.5,0.000373656,1
India Maharashtra,crop,276,1015,21.0,73.75,0.000150247,1
India Maharashtra,crop,276,1016,21.0,74.0,0.000722528,1
India Maharashtra,crop,276,1017,21.0,74.25,0.000961709,1
India Maharashtra,crop,276,1018,21.0,74.5,0.000438995,1
India Maharashtra,crop,276,1019,21.0,74.75,0.000288081,1
India Maharashtra,crop,276,1020,21.0,75.0,0.000413815,1
India Maharashtra,crop,276,1021,21.0,75.25,0.000213312,1
India Maharashtra,crop,276,1022,21.0,75.5,0.000290793,1
India Maharashtra,crop,276,1023,21.0,75.75,0.000652391,1
India Maharashtra,crop,276,1024,21.0,76.0,0.002024222,1
India Maharashtra,crop,276,1025,21.0,76.25,0.005907273,1
India Maharashtra,crop,276,1026,21.0,76.5,0.009130361,1
India Maharashtra,crop,276,1027,21.0,76.75,0.004283223,1
India Maharashtra,crop,276,1028,21.0,77.0,0.004952323,1
India Maharashtra,crop,276,1029,21.0,77.25,0.005981019,1
India Maharashtra,crop,276,1030,21.0,77.5,0.004302645,1
India Maharashtra,crop,276,1031,21.0,77.75,0.003182783,1
India Maharashtra,crop,276,1032,21.0,78.0,0.001858516,1
India Maharashtra,crop,276,1033,21.0,78.25,0.002414171,1
India Maharashtra,crop,276,1034,21.0,78.5,0.002312323,1
India Maharashtra,crop,276,1035,21.0,78.75,0.002122418,1
India Maharashtra,crop,276,1036,21.0,79.0,0.003131942,1
India Maharashtra,crop,276,1037,21.0,79.25,0.000925013,1
India Maharashtra,crop,276,1038,21.0,79.5,0.000762791,1
India Maharashtra,crop,276,1039,21.0,79.75,0.000405637,1
India Maharashtra,crop,276,1040,21.0,80.0,0.00109391,1
India Maharashtra,crop,276,1041,21.0,80.25,0.001332277,1
India Maharashtra,crop,276,1042,21.0,80.5,0.000401089,1
India Maharashtra,crop,277,1014,20.75,73.5,7.09e-07,1
India Maharashtra,crop,277,1015,20.75,73.75,0.000115929,1
India Maharashtra,crop,277,1016,20.75,74.0,0.001142247,1
India Maharashtra,crop,277,1017,20.75,74.25,0.001182448,1
India Maharashtra,crop,277,1018,20.75,74.5,0.000331014,1
India Maharashtra,crop,277,1019,20.75,74.75,0.000338045,1
India Maharashtra,crop,277,1020,20.75,75.0,0.000290751,1
India Maharashtra,crop,277,1021,20.75,75.25,0.000250696,1
India Maharashtra,crop,277,1022,20.75,75.5,0.000554924,1
India Maharashtra,crop,277,1023,20.75,75.75,0.000801156,1
India Maharashtra,crop,277,1024,20.75,76.0,0.007672934,1
India Maharashtra,crop,277,1025,20.75,76.25,0.010781928,1
India Maharashtra,crop,277,1026,20.75,76.5,0.00884326,1
India Maharashtra,crop,277,1027,20.75,76.75,0.00553998,1
India Maharashtra,crop,277,1028,20.75,77.0,0.004135271,1
India Maharashtra,crop,277,1029,20.75,77.25,0.00404206,1
India Maharashtra,crop,277,1030,20.75,77.5,0.00764137,1
India Maharashtra,crop,277,1031,20.75,77.75,0.004906094,1
India Maharashtra,crop,277,1032,20.75,78.0,0.004435263,1
India Maharashtra,crop,277,1033,20.75,78.25,0.003294018,1
India Maharashtra,crop,277,1034,20.75,78.5,0.005858728,1
India Maharashtra,crop,277,1035,20.75,78.75,0.001982895,1
India Maharashtra,crop,277,1036,20.75,79.0,0.00312752,1
India Maharashtra,crop,277,1037,20.75,79.25,0.003636193,1
India Maharashtra,crop,277,1038,20.75,79.5,0.002062003,1
India Maharashtra,crop,277,1039,20.75,79.75,0.000319102,1
India Maharashtra,crop,277,1040,20.75,80.0,0.001391921,1
India Maharashtra,crop,277,1041,20.75,80.25,7.5186e-05,1
India Maharashtra,crop,277,1042,20.75,80.5,2.816e-06,1
India Maharashtra,crop,278,1013,20.5,73.25,0.0,1
India Maharashtra,crop,278,1014,20.5,73.5,0.001389626,1
India Maharashtra,crop,278,1015,20.5,73.75,0.001763178,1
India Maharashtra,crop,278,1016,20.5,74.0,0.001056755,1
India Maharashtra,crop,278,1017,20.5,74.25,0.000522338,1
India Maharashtra,crop,278,1018,20.5,74.5,0.00054514,1
India Maharashtra,crop,278,1019,20.5,74.75,0.000600716,1
India Maharashtra,crop,278,1020,20.5,75.0,0.000647154,1
India Maharashtra,crop,278,1021,20.5,75.25,0.000450386,1
India Maharashtra,crop,278,1022,20.5,75.5,0.000319853,1
India Maharashtra,crop,278,1023,20.5,75.75,0.001344335,1
India Maharashtra,crop,278,1024,20.5,76.0,0.004021907,1
India Maharashtra,crop,278,1025,20.5,76.25,0.006341532,1
India Maharashtra,crop,278,1026,20.5,76.5,0.013072451,1
India Maharashtra,crop,278,1027,20.5,76.75,0.008167588,1
India Maharashtra,crop,278,1028,20.5,77.0,0.009594098,1
India Maharashtra,crop,278,1029,20.5,77.25,0.010641778,1
India Maharashtra,crop,278,1030,20.5,77.5,0.010207352,1
India Maharashtra,crop,278,1031,20.5,77.75,0.002527576,1
India Maharashtra,crop,278,1032,20.5,78.0,0.003879233,1
India Maharashtra,crop,278,1033,20.5,78.25,0.003611514,1
India Maharashtra,crop,278,1034,20.5,78.5,0.002147599,1
India Maharashtra,crop,278,1035,20.5,78.75,0.004620621,1
India Maharashtra,crop,278,1036,20.5,79.0,0.002752529,1
India Maharashtra,crop,278,1037,20.5,79.25,0.001694167,1
India Maharashtra,crop,278,1038,20.5,79.5,0.001589003,1
India Maharashtra,crop,278,1039,20.5,79.75,0.000626293,1
India Maharashtra,crop,278,1040,20.5,80.0,4.4039e-05,1
India Maharashtra,crop,278,1041,20.5,80.25,1.898e-06,1
India Maharashtra,crop,278,1042,20.5,80.5,1.25e-07,1
India Maharashtra,crop,279,1013,20.25,73.25,4.2224e-05,1
India Maharashtra,crop,279,1014,20.25,73.5,0.001516737,1
India Maharashtra,crop,279,1015,20.25,73.75,0.000425769,1
India Maharashtra,crop,279,1016,20.25,74.0,0.001537495,1
India Maharashtra,crop,279,1017,20.25,74.25,0.001697213,1
India Maharashtra,crop,279,1018,20.25,74.5,0.00230957,1
India Maharashtra,crop,279,1019,20.25,74.75,0.00150833,1
India Maharashtra,crop,279,1020,20.25,75.0,0.000332829,1
India Maharashtra,crop,279,1021,20.25,75.25,0.000334498,1
India Maharashtra,crop,279,1022,20.25,75.5,0.000347871,1
India Maharashtra,crop,279,1023,20.25,75.75,0.002622706,1
India Maharashtra,crop,279,1024,20.25,76.0,0.001885804,1
India Maharashtra,crop,279,1025,20.25,76.25,0.002681432,1
India Maharashtra,crop,279,1026,20.25,76.5,0.001140015,1
India Maharashtra,crop,279,1027,20.25,76.75,0.004485812,1
India Maharashtra,crop,279,1028,20.25,77.0,0.010313351,1
India Maharashtra,crop,279,1029,20.25,77.25,0.013509944,1
India Maharashtra,crop,279,1030,20.25,77.5,0.017867622,1
India Maharashtra,crop,279,1031,20.25,77.75,0.00284503,1
India Maharashtra,crop,279,1032,20.25,78.0,0.003314254,1
India Maharashtra,crop,279,1033,20.25,78.25,0.004394228,1
India Maharashtra,crop,279,1034,20.25,78.5,0.002811296,1
India Maharashtra,crop,279,1035,20.25,78.75,0.002541011,1
India Maharashtra,crop,279,1036,20.25,79.0,0.001878064,1
India Maharashtra,crop,279,1037,20.25,79.25,0.000557282,1
India Maharashtra,crop,279,1038,20.25,79.5,0.00012563,1
India Maharashtra,crop,279,1039,20.25,79.75,0.000414754,1
India Maharashtra,crop,279,1040,20.25,80.0,0.000250488,1
India Maharashtra,crop,279,1041,20.25,80.25,2.003e-06,1
India Maharashtra,crop,279,1042,20.25,80.5,5.424e-06,1
India Maharashtra,crop,280,1011,20.0,72.75,0.001534595,1
India Maharashtra,crop,280,1012,20.0,73.0,0.001602417,1
India Maharashtra,crop,280,1013,20.0,73.25,0.001716239,1
India Maharashtra,crop,280,1014,20.0,73.5,0.001641992,1
India Maharashtra,crop,280,1015,20.0,73.75,0.000932502,1
India Maharashtra,crop,280,1016,20.0,74.0,8.8204e-05,1
India Maharashtra,crop,280,1017,20.0,74.25,9.4629e-05,1
India Maharashtra,crop,280,1018,20.0,74.5,0.000442104,1
India Maharashtra,crop,280,1019,20.0,74.75,0.00056112,1
India Maharashtra,crop,280,1020,20.0,75.0,0.000328073,1
India Maharashtra,crop,280,1021,20.0,75.25,0.00019076,1
India Maharashtra,crop,280,1022,20.0,75.5,0.000535731,1
India Maharashtra,crop,280,1023,20.0,75.75,0.004515352,1
India Maharashtra,crop,280,1024,20.0,76.0,0.009820824,1
India Maharashtra,crop,280,1025,20.0,76.25,0.007341398,1
India Maharashtra,crop,280,1026,20.0,76.5,0.003362924,1
India Maharashtra,crop,280,1027,20.0,76.75,0.00286489,1
India Maharashtra,crop,280,1028,20.0,77.0,0.001795806,1
India Maharashtra,crop,280,1029,20.0,77.25,0.00530082,1
India Maharashtra,crop,280,1030,20.0,77.5,0.004714144,1
India Maharashtra,crop,280,1031,20.0,77.75,0.004916441,1
India Maharashtra,crop,280,1032,20.0,78.0,0.003734473,1
India Maharashtra,crop,280,1033,20.0,78.25,0.00315222,1
India Maharashtra,crop,280,1034,20.0,78.5,0.002789871,1
India Maharashtra,crop,280,1035,20.0,78.75,0.003698174,1
India Maharashtra,crop,280,1036,20.0,79.0,0.002311343,1
India Maharashtra,crop,280,1037,20.0,79.25,0.000691903,1
India Maharashtra,crop,280,1038,20.0,79.5,0.000295382,1
India Maharashtra,crop,280,1039,20.0,79.75,0.000629088,1
India Maharashtra,crop,280,1040,20.0,80.0,2.1529e-05,1
India Maharashtra,crop,280,1041,20.0,80.25,2.5e-07,1
India Maharashtra,crop,280,1042,20.0,80.5,4.8e-07,1
India Maharashtra,crop,281,1011,19.75,72.75,0.002372489,1
India Maharashtra,crop,281,1012,19.75,73.0,0.002467431,1
India Maharashtra,crop,281,1013,19.75,73.25,0.000490148,1
India Maharashtra,crop,281,1014,19.75,73.5,0.001330233,1
India Maharashtra,crop,281,1015,19.75,73.75,0.000780816,1
India Maharashtra,crop,281,1016,19.75,74.0,0.001599663,1
India Maharashtra,crop,281,1017,19.75,74.25,0.001048703,1
India Maharashtra,crop,281,1018,19.75,74.5,0.000113655,1
India Maharashtra,crop,281,1019,19.75,74.75,0.000284472,1
India Maharashtra,crop,281,1020,19.75,75.0,0.00043305,1
India Maharashtra,crop,281,1021,19.75,75.25,0.000382585,1
India Maharashtra,crop,281,1022,19.75,75.5,0.000552817,1
India Maharashtra,crop,281,1023,19.75,75.75,0.002689714,1
India Maharashtra,crop,281,1024,19.75,76.0,0.003104426,1
India Maharashtra,crop,281,1025,19.75,76.25,0.002815782,1
India Maharashtra,crop,281,1026,19.75,76.5,0.002340257,1
India Maharashtra,crop,281,1027,19.75,76.75,0.00322968,1
India Maharashtra,crop,281,1028,19.75,77.0,0.002756659,1
India Maharashtra,crop,281,1029,19.75,77.25,0.002844216,1
India Maharashtra,crop,281,1030,19.75,77.5,0.002561872,1
India Maharashtra,crop,281,1031,19.75,77.75,0.005061994,1
India Maharashtra,crop,281,1032,19.75,78.0,0.006950572,1
India Maharashtra,crop,281,1033,19.75,78.25,0.005541148,1
India Maharashtra,crop,281,1035,19.75,78.75,0.001517384,1
India Maharashtra,crop,281,1036,19.75,79.0,0.002063275,1
India Maharashtra,crop,281,1037,19.75,79.25,0.001649147,1
India Maharashtra,crop,281,1038,19.75,79.5,0.000445421,1
India Maharashtra,crop,281,1039,19.75,79.75,0.000532289,1
India Maharashtra,crop,281,1040,19.75,80.0,1.335e-06,1
India Maharashtra,crop,281,1041,19.75,80.25,2.29e-07,1
India Maharashtra,crop,281,1042,19.75,80.5,8.14e-07,1
India Maharashtra,crop,282,1011,19.5,72.75,0.001385558,0
India Maharashtra,crop,282,1012,19.5,73.0,0.002455853,1
India Maharashtra,crop,282,1013,19.5,73.25,0.001823364,1
India Maharashtra,crop,282,1014,19.5,73.5,0.000884562,1
India Maharashtra,crop,282,1015,19.5,73.75,8.5179e-05,1
India Maharashtra,crop,282,1016,19.5,74.0,0.000289145,1
India Maharashtra,crop,282,1017,19.5,74.25,0.000493027,1
India Maharashtra,crop,282,1018,19.5,74.5,0.000207638,1
India Maharashtra,crop,282,1019,19.5,74.75,0.000129844,1
India Maharashtra,crop,282,1020,19.5,75.0,0.000113551,1
India Maharashtra,crop,282,1021,19.5,75.25,0.000872587,0
India Maharashtra,crop,282,1022,19.5,75.5,0.001624781,1
India Maharashtra,crop,282,1023,19.5,75.75,0.002742578,1
India Maharashtra,crop,282,1024,19.5,76.0,0.002173509,1
India Maharashtra,crop,282,1025,19.5,76.25,0.002433218,1
India Maharashtra,crop,282,1026,19.5,76.5,0.001967186,1
India Maharashtra,crop,282,1027,19.5,76.75,0.002409081,1
India Maharashtra,crop,282,1028,19.5,77.0,0.001982999,1
India Maharashtra,crop,282,1029,19.5,77.25,0.00291016,1
India Maharashtra,crop,282,1030,19.5,77.5,0.005214828,1
India Maharashtra,crop,282,1031,19.5,77.75,0.003480293,1
India Maharashtra,crop,282,1032,19.5,78.0,0.006457024,1
India Maharashtra,crop,282,1033,19.5,78.25,0.00322023,1
India Maharashtra,crop,282,1036,19.5,79.0,0.000170524,1
India Maharashtra,crop,282,1037,19.5,79.25,0.00017307,1
India Maharashtra,crop,282,1038,19.5,79.5,0.000126443,1
India Maharashtra,crop,282,1039,19.5,79.75,2.1e-08,1
India Maharashtra,crop,282,1040,19.5,80.0,1.773e-06,1
India Maharashtra,crop,282,1041,19.5,80.25,1.67e-07,1
India Maharashtra,crop,282,1042,19.5,80.5,7.93e-07,1
India Maharashtra,crop,282,1043,19.5,80.75,0.0,1
India Maharashtra,crop,283,1011,19.25,72.75,0.000348225,0
India Maharashtra,crop,283,1012,19.25,73.0,0.002901941,1
India Maharashtra,crop,283,1013,19.25,73.25,0.002141924,1
India Maharashtra,crop,283,1014,19.25,73.5,0.000708655,1
India Maharashtra,crop,283,1015,19.25,73.75,3.901e-06,1
India Maharashtra,crop,283,1016,19.25,74.0,2.5201e-05,1
India Maharashtra,crop,283,1017,19.25,74.25,0.000572469,1
India Maharashtra,crop,283,1018,19.25,74.5,0.000203903,1
India Maharashtra,crop,283,1019,19.25,74.75,0.000862114,1
India Maharashtra,crop,283,1020,19.25,75.0,0.001299003,1
India Maharashtra,crop,283,1021,19.25,75.25,0.002012143,1
India Maharashtra,crop,283,1022,19.25,75.5,0.004929542,1
India Maharashtra,crop,283,1023,19.25,75.75,0.005476351,1
India Maharashtra,crop,283,1024,19.25,76.0,0.006164896,1
India Maharashtra,crop,283,1025,19.25,76.25,0.003743548,1
India Maharashtra,crop,283,1026,19.25,76.5,0.002377308,1
India Maharashtra,crop,283,1027,19.25,76.75,0.000742034,1
India Maharashtra,crop,283,1028,19.25,77.0,8.8996e-05,1
India Maharashtra,crop,283,1029,19.25,77.25,0.003498881,1
India Maharashtra,crop,283,1030,19.25,77.5,0.00766945,1
India Maharashtra,crop,283,1031,19.25,77.75,0.004947525,1
India Maharashtra,crop,283,1032,19.25,78.0,0.001665315,1
India Maharashtra,crop,283,1040,19.25,80.0,2.295e-06,1
India Maharashtra,crop,283,1041,19.25,80.25,9.18e-07,1
India Maharashtra,crop,283,1042,19.25,80.5,1.25e-07,1
India Maharashtra,crop,283,1043,19.25,80.75,0.0,1
India Maharashtra,crop,284,1011,19.0,72.75,3.9971e-05,0
India Maharashtra,crop,284,1012,19.0,73.0,0.001437754,1
India Maharashtra,crop,284,1013,19.0,73.25,0.001818462,1
India Maharashtra,crop,284,1014,19.0,73.5,0.0,1
India Maharashtra,crop,284,1015,19.0,73.75,0.000117723,1
India Maharashtra,crop,284,1016,19.0,74.0,0.000155921,1
India Maharashtra,crop,284,1017,19.0,74.25,0.000129969,1
India Maharashtra,crop,284,1018,19.0,74.5,0.001616373,1
India Maharashtra,crop,284,1019,19.0,74.75,0.001480709,1
India Maharashtra,crop,284,1020,19.0,75.0,0.003013802,1
India Maharashtra,crop,284,1021,19.0,75.25,0.004630551,1
India Maharashtra,crop,284,1022,19.0,75.5,0.005449752,1
India Maharashtra,crop,284,1023,19.0,75.75,0.003433729,1
India Maharashtra,crop,284,1024,19.0,76.0,0.004481869,1
India Maharashtra,crop,284,1025,19.0,76.25,0.005759342,1
India Maharashtra,crop,284,1026,19.0,76.5,0.005046181,1
India Maharashtra,crop,284,1027,19.0,76.75,0.003476663,1
India Maharashtra,crop,284,1028,19.0,77.0,0.006795256,1
India Maharashtra,crop,284,1029,19.0,77.25,0.008847516,1
India Maharashtra,crop,284,1030,19.0,77.5,0.008869818,1
India Maharashtra,crop,284,1031,19.0,77.75,0.005008609,1
India Maharashtra,crop,284,1040,19.0,80.0,2.024e-06,1
India Maharashtra,crop,284,1041,19.0,80.25,8.14e-07,1
India Maharashtra,crop,285,1011,18.75,72.75,0.000402716,0
India Maharashtra,crop,285,1012,18.75,73.0,0.001320782,1
India Maharashtra,crop,285,1013,18.75,73.25,0.000737048,1
India Maharashtra,crop,285,1014,18.75,73.5,0.000114114,1
India Maharashtra,crop,285,1015,18.75,73.75,0.000472979,1
India Maharashtra,crop,285,1016,18.75,74.0,0.000253972,1
India Maharashtra,crop,285,1017,18.75,74.25,0.000616133,1
India Maharashtra,crop,285,1018,18.75,74.5,0.000953385,1
India Maharashtra,crop,285,1019,18.75,74.75,0.000778646,1
India Maharashtra,crop,285,1020,18.75,75.0,0.001164673,1
India Maharashtra,crop,285,1021,18.75,75.25,0.001471363,1
India Maharashtra,crop,285,1022,18.75,75.5,0.000960269,1
India Maharashtra,crop,285,1023,18.75,75.75,0.002717856,1
India Maharashtra,crop,285,1024,18.75,76.0,0.003019247,1
India Maharashtra,crop,285,1025,18.75,76.25,0.002531331,1
India Maharashtra,crop,285,1026,18.75,76.5,0.001338953,1
India Maharashtra,crop,285,1027,18.75,76.75,0.002714769,1
India Maharashtra,crop,285,1028,18.75,77.0,0.007169788,1
India Maharashtra,crop,285,1029,18.75,77.25,0.007711236,1
India Maharashtra,crop,285,1030,18.75,77.5,0.004112781,1
India Maharashtra,crop,285,1031,18.75,77.75,0.00260441,1
India Maharashtra,crop,285,1040,18.75,80.0,2.92e-07,1
India Maharashtra,crop,285,1041,18.75,80.25,1.88e-07,1
India Maharashtra,crop,286,1012,18.5,73.0,0.001062722,1
India Maharashtra,crop,286,1013,18.5,73.25,0.000780148,1
India Maharashtra,crop,286,1014,18.5,73.5,5.01e-07,1
India Maharashtra,crop,286,1015,18.5,73.75,7.9671e-05,1
India Maharashtra,crop,286,1016,18.5,74.0,0.000443919,1
India Maharashtra,crop,286,1017,18.5,74.25,0.000301495,1
India Maharashtra,crop,286,1018,18.5,74.5,0.000250759,1
India Maharashtra,crop,286,1019,18.5,74.75,0.000702188,1
India Maharashtra,crop,286,1020,18.5,75.0,0.000789369,1
India Maharashtra,crop,286,1021,18.5,75.25,0.001658806,1
India Maharashtra,crop,286,1022,18.5,75.5,0.003060595,1
India Maharashtra,crop,286,1023,18.5,75.75,0.002535023,1
India Maharashtra,crop,286,1024,18.5,76.0,0.003370017,1
India Maharashtra,crop,286,1025,18.5,76.25,0.002510573,1
India Maharashtra,crop,286,1026,18.5,76.5,0.002018714,1
India Maharashtra,crop,286,1027,18.5,76.75,0.000485371,1
India Maharashtra,crop,286,1028,18.5,77.0,0.004378498,1
India Maharashtra,crop,286,1029,18.5,77.25,0.004690779,1
India Maharashtra,crop,286,1030,18.5,77.5,0.004871713,1
India Maharashtra,crop,287,1012,18.25,73.0,0.000189676,1
India Maharashtra,crop,287,1013,18.25,73.25,0.000916063,1
India Maharashtra,crop,287,1014,18.25,73.5,0.000166227,1
India Maharashtra,crop,287,1015,18.25,73.75,0.00020793,1
India Maharashtra,crop,287,1016,18.25,74.0,0.000280174,1
India Maharashtra,crop,287,1017,18.25,74.25,0.000681159,1
India Maharashtra,crop,287,1018,18.25,74.5,0.000447695,1
India Maharashtra,crop,287,1019,18.25,74.75,0.000267386,1
India Maharashtra,crop,287,1020,18.25,75.0,0.000523569,1
India Maharashtra,crop,287,1021,18.25,75.25,0.000252595,1
India Maharashtra,crop,287,1022,18.25,75.5,0.000296572,1
India Maharashtra,crop,287,1023,18.25,75.75,0.000485183,1
India Maharashtra,crop,287,1024,18.25,76.0,0.005695505,1
India Maharashtra,crop,287,1025,18.25,76.25,0.002855148,1
India Maharashtra,crop,287,1026,18.25,76.5,0.00359812,1
India Maharashtra,crop,287,1027,18.25,76.75,0.001028717,1
India Maharashtra,crop,287,1028,18.25,77.0,0.001344335,1
India Maharashtra,crop,287,1030,18.25,77.5,0.001010212,1
India Maharashtra,crop,288,1012,18.0,73.0,0.003139745,0
India Maharashtra,crop,288,1013,18.0,73.25,0.006327033,1
India Maharashtra,crop,288,1014,18.0,73.5,0.000138189,1
India Maharashtra,crop,288,1015,18.0,73.75,6.7238e-05,1
India Maharashtra,crop,288,1016,18.0,74.0,0.001464478,1
India Maharashtra,crop,288,1017,18.0,74.25,0.002430068,1
India Maharashtra,crop,288,1018,18.0,74.5,0.001175083,1
India Maharashtra,crop,288,1019,18.0,74.75,0.000142966,1
India Maharashtra,crop,288,1020,18.0,75.0,0.000231441,1
India Maharashtra,crop,288,1021,18.0,75.25,0.000643316,1
India Maharashtra,crop,288,1022,18.0,75.5,0.000138877,1
India Maharashtra,crop,288,1023,18.0,75.75,0.000889756,1
India Maharashtra,crop,288,1024,18.0,76.0,0.003050853,1
India Maharashtra,crop,288,1025,18.0,76.25,0.004075314,1
India Maharashtra,crop,288,1026,18.0,76.5,0.004147746,1
India Maharashtra,crop,288,1027,18.0,76.75,0.001580345,1
India Maharashtra,crop,289,1012,17.75,73.0,0.001119612,0
India Maharashtra,crop,289,1013,17.75,73.25,0.008817726,1
India Maharashtra,crop,289,1014,17.75,73.5,0.00451458,1
India Maharashtra,crop,289,1015,17.75,73.75,0.000745413,1
India Maharashtra,crop,289,1016,17.75,74.0,0.002999512,1
India Maharashtra,crop,289,1017,17.75,74.25,0.002100701,1
India Maharashtra,crop,289,1018,17.75,74.5,0.001101212,1
India Maharashtra,crop,289,1019,17.75,74.75,0.000766818,1
India Maharashtra,crop,289,1020,17.75,75.0,0.000102682,1
India Maharashtra,crop,289,1021,17.75,75.25,0.000261837,1
India Maharashtra,crop,289,1022,17.75,75.5,0.000219132,1
India Maharashtra,crop,289,1023,17.75,75.75,0.000317559,1
India Maharashtra,crop,289,1024,17.75,76.0,0.000721443,1
India Maharashtra,crop,289,1025,17.75,76.25,0.001934203,1
India Maharashtra,crop,289,1026,17.75,76.5,0.002014458,1
India Maharashtra,crop,290,1013,17.5,73.25,0.007389839,1
India Maharashtra,crop,290,1014,17.5,73.5,0.007588923,1
India Maharashtra,crop,290,1015,17.5,73.75,4.0472e-05,1
India Maharashtra,crop,290,1016,17.5,74.0,0.001914864,1
India Maharashtra,crop,290,1017,17.5,74.25,0.002687085,1
India Maharashtra,crop,290,1018,17.5,74.5,0.002001566,1
India Maharashtra,crop,290,1019,17.5,74.75,0.000441332,1
India Maharashtra,crop,290,1020,17.5,75.0,0.00037933,1
India Maharashtra,crop,290,1021,17.5,75.25,0.000287184,1
India Maharashtra,crop,290,1022,17.5,75.5,0.00020793,1
India Maharashtra,crop,290,1023,17.5,75.75,0.000481261,1
India Maharashtra,crop,290,1024,17.5,76.0,0.000491504,1
India Maharashtra,crop,290,1025,17.5,76.25,0.000225016,1
India Maharashtra,crop,291,1013,17.25,73.25,0.006675029,1
India Maharashtra,crop,291,1014,17.25,73.5,0.007759802,1
India Maharashtra,crop,291,1015,17.25,73.75,0.0005984,1
India Maharashtra,crop,291,1016,17.25,74.0,0.002218591,1
India Maharashtra,crop,291,1017,17.25,74.25,0.001347339,1
India Maharashtra,crop,291,1018,17.25,74.5,0.001246014,1
India Maharashtra,crop,291,1019,17.25,74.75,0.000200774,1
India Maharashtra,crop,291,1020,17.25,75.0,0.000881266,1
India Maharashtra,crop,291,1021,17.25,75.25,0.000255974,1
India Maharashtra,crop,291,1022,17.25,75.5,0.000219132,1
India Maharashtra,crop,292,1013,17.0,73.25,0.005516406,0
India Maharashtra,crop,292,1014,17.0,73.5,0.009135055,1
India Maharashtra,crop,292,1015,17.0,73.75,0.002750651,1
India Maharashtra,crop,292,1016,17.0,74.0,0.000829111,1
India Maharashtra,crop,292,1017,17.0,74.25,0.00190168,1
India Maharashtra,crop,292,1018,17.0,74.5,0.001576423,1
India Maharashtra,crop,292,1019,17.0,74.75,0.000123544,1
India Maharashtra,crop,292,1020,17.0,75.0,0.00081626,1
India Maharashtra,crop,292,1021,17.0,75.25,0.000158007,1
India Maharashtra,crop,292,1022,17.0,75.5,0.000154774,1
India Maharashtra,crop,293,1013,16.75,73.25,0.001407129,0
India Maharashtra,crop,293,1014,16.75,73.5,0.008735718,1
India Maharashtra,crop,293,1015,16.75,73.75,0.003968689,1
India Maharashtra,crop,293,1016,16.75,74.0,1.6982e-05,1
India Maharashtra,crop,293,1017,16.75,74.25,0.00139601,1
India Maharashtra,crop,293,1018,16.75,74.5,0.001536827,1
India Maharashtra,crop,293,1019,16.75,74.75,0.000445212,1
India Maharashtra,crop,294,1013,16.5,73.25,0.001752997,0
India Maharashtra,crop,294,1014,16.5,73.5,0.008068015,1
India Maharashtra,crop,294,1015,16.5,73.75,0.00347781,1
India Maharashtra,crop,294,1016,16.5,74.0,0.000503375,1
India Maharashtra,crop,294,1017,16.5,74.25,0.00096344,1
India Maharashtra,crop,295,1014,16.25,73.5,0.006769805,1
India Maharashtra,crop,295,1015,16.25,73.75,0.004851498,1
India Maharashtra,crop,295,1016,16.25,74.0,0.000486706,1
India Maharashtra,crop,295,1017,16.25,74.25,0.00154077,1
India Maharashtra,crop,295,1018,16.25,74.5,0.000351042,1
India Maharashtra,crop,296,1014,16.0,73.5,0.002625,0
India Maharashtra,crop,296,1015,16.0,73.75,0.004928687,1
India Maharashtra,crop,296,1016,16.0,74.0,0.000305083,1
India Maharashtra,crop,296,1017,16.0,74.25,0.001617834,1
India Maharashtra,crop,297,1015,15.75,73.75,0.001781578,1
India Maharashtra,crop,297,1016,15.75,74.0,0.002050654,1
India Maharashtra,crop,297,1017,15.75,74.25,0.000367815,1
pin:India Maharashtra,pin,281,1023,19.75,75.75,1.0,1
China Heilongjiang,crop,146,1206,53.5,121.5,0.0,1
China Heilongjiang,crop,146,1207,53.5,121.75,1.1534e-05,1
China Heilongjiang,crop,146,1208,53.5,122.0,5.656e-06,1
China Heilongjiang,crop,146,1209,53.5,122.25,5.3464e-05,1
China Heilongjiang,crop,146,1210,53.5,122.5,4.0898e-05,1
China Heilongjiang,crop,146,1211,53.5,122.75,2.282e-05,1
China Heilongjiang,crop,146,1212,53.5,123.0,5.7266e-05,1
China Heilongjiang,crop,146,1213,53.5,123.25,4.8357e-05,1
China Heilongjiang,crop,146,1214,53.5,123.5,5.3647e-05,1
China Heilongjiang,crop,146,1215,53.5,123.75,2.8881e-05,1
China Heilongjiang,crop,146,1216,53.5,124.0,2.1906e-05,1
China Heilongjiang,crop,146,1217,53.5,124.25,0.0,1
China Heilongjiang,crop,147,1206,53.25,121.5,7.72e-06,1
China Heilongjiang,crop,147,1207,53.25,121.75,1.2749e-05,1
China Heilongjiang,crop,147,1208,53.25,122.0,8.321e-06,1
China Heilongjiang,crop,147,1209,53.25,122.25,1.6785e-05,1
China Heilongjiang,crop,147,1210,53.25,122.5,2.1083e-05,1
China Heilongjiang,crop,147,1211,53.25,122.75,1.4003e-05,1
China Heilongjiang,crop,147,1212,53.25,123.0,3.3805e-05,1
China Heilongjiang,crop,147,1213,53.25,123.25,6.727e-06,1
China Heilongjiang,crop,147,1214,53.25,123.5,3.4067e-05,1
China Heilongjiang,crop,147,1215,53.25,123.75,5.4797e-05,1
China Heilongjiang,crop,147,1216,53.25,124.0,3.8835e-05,1
China Heilongjiang,crop,147,1217,53.25,124.25,0.000173874,1
China Heilongjiang,crop,147,1218,53.25,124.5,5.2054e-05,1
China Heilongjiang,crop,147,1219,53.25,124.75,5.2628e-05,1
China Heilongjiang,crop,147,1220,53.25,125.0,2.9482e-05,1
China Heilongjiang,crop,147,1221,53.25,125.25,4.1721e-05,1
China Heilongjiang,crop,148,1207,53.0,121.75,1.8026e-05,1
China Heilongjiang,crop,148,1208,53.0,122.0,6.01e-05,1
China Heilongjiang,crop,148,1209,53.0,122.25,6.4032e-05,1
China Heilongjiang,crop,148,1210,53.0,122.5,8.3769e-05,1
China Heilongjiang,crop,148,1211,53.0,122.75,6.0701e-05,1
China Heilongjiang,crop,148,1212,53.0,123.0,2.9887e-05,1
China Heilongjiang,crop,148,1213,53.0,123.25,3.2199e-05,1
China Heilongjiang,crop,148,1214,53.0,123.5,9.745e-06,1
China Heilongjiang,crop,148,1215,53.0,123.75,6.53e-07,1
China Heilongjiang,crop,148,1216,53.0,124.0,2.3852e-05,1
China Heilongjiang,crop,148,1217,53.0,124.25,3.4785e-05,1
China Heilongjiang,crop,148,1218,53.0,124.5,1.6955e-05,1
China Heilongjiang,crop,148,1219,53.0,124.75,6.6527e-05,1
China Heilongjiang,crop,148,1220,53.0,125.0,5.0382e-05,1
China Heilongjiang,crop,148,1221,53.0,125.25,0.000138997,1
China Heilongjiang,crop,148,1222,53.0,125.5,0.000172541,1
China Heilongjiang,crop,148,1223,53.0,125.75,0.00013756,1
China Heilongjiang,crop,149,1205,52.75,121.25,3.671e-06,1
China Heilongjiang,crop,149,1206,52.75,121.5,8.203e-06,1
China Heilongjiang,crop,149,1207,52.75,121.75,1.6602e-05,1
China Heilongjiang,crop,149,1208,52.75,122.0,1.5988e-05,1
China Heilongjiang,crop,149,1209,52.75,122.25,7.367e-06,1
China Heilongjiang,crop,149,1210,52.75,122.5,1.2762e-05,1
China Heilongjiang,crop,149,1211,52.75,122.75,1.4134e-05,1
China Heilongjiang,crop,149,1212,52.75,123.0,2.2925e-05,1
China Heilongjiang,crop,149,1213,52.75,123.25,2.8855e-05,1
China Heilongjiang,crop,149,1214,52.75,123.5,1.0136e-05,1
China Heilongjiang,crop,149,1215,52.75,123.75,2.6987e-05,1
China Heilongjiang,crop,149,1216,52.75,124.0,9.849e-06,1
China Heilongjiang,crop,149,1217,52.75,124.25,8.477e-06,1
China Heilongjiang,crop,149,1218,52.75,124.5,3.1402e-05,1
China Heilongjiang,crop,149,1219,52.75,124.75,7.97e-07,1
China Heilongjiang,crop,149,1220,52.75,125.0,0.000167434,1
China Heilongjiang,crop,149,1221,52.75,125.25,0.000216522,1
China Heilongjiang,crop,149,1222,52.75,125.5,0.00030421,1
China Heilongjiang,crop,149,1223,52.75,125.75,0.000676907,1
China Heilongjiang,crop,149,1224,52.75,126.0,0.000542664,1
China Heilongjiang,crop,150,1205,52.5,121.25,6.27e-07,1
China Heilongjiang,crop,150,1206,52.5,121.5,3.109e-06,1
China Heilongjiang,crop,150,1207,52.5,121.75,5.042e-06,1
China Heilongjiang,crop,150,1208,52.5,122.0,6.4e-07,1
China Heilongjiang,crop,150,1209,52.5,122.25,1.3e-08,1
China Heilongjiang,crop,150,1210,52.5,122.5,1.5858e-05,1
China Heilongjiang,crop,150,1211,52.5,122.75,2.025e-06,1
China Heilongjiang,crop,150,1212,52.5,123.0,1.1495e-05,1
China Heilongjiang,crop,150,1213,52.5,123.25,5.93e-06,1
China Heilongjiang,crop,150,1214,52.5,123.5,9.1e-08,1
China Heilongjiang,crop,150,1215,52.5,123.75,4.7e-07,1
China Heilongjiang,crop,150,1216,52.5,124.0,2.012e-06,1
China Heilongjiang,crop,150,1217,52.5,124.25,1.0176e-05,1
China Heilongjiang,crop,150,1218,52.5,124.5,0.000113016,1
China Heilongjiang,crop,150,1219,52.5,124.75,9.8151e-05,1
China Heilongjiang,crop,150,1220,52.5,125.0,0.000242347,1
China Heilongjiang,crop,150,1221,52.5,125.25,0.000244175,1
China Heilongjiang,crop,150,1222,52.5,125.5,0.000308077,1
China Heilongjiang,crop,150,1223,52.5,125.75,0.000792966,1
China Heilongjiang,crop,150,1224,52.5,126.0,0.000710451,1
China Heilongjiang,crop,150,1225,52.5,126.25,0.000566255,1
China Heilongjiang,crop,151,1207,52.25,121.75,2.6e-08,1
China Heilongjiang,crop,151,1208,52.25,122.0,0.0,1
China Heilongjiang,crop,151,1210,52.25,122.5,9.1e-08,1
China Heilongjiang,crop,151,1211,52.25,122.75,1.2004e-05,1
China Heilongjiang,crop,151,1212,52.25,123.0,1.2853e-05,1
China Heilongjiang,crop,151,1213,52.25,123.25,2.3343e-05,1
China Heilongjiang,crop,151,1214,52.25,123.5,3.779e-05,1
China Heilongjiang,crop,151,1215,52.25,123.75,6.462e-05,1
China Heilongjiang,crop,151,1216,52.25,124.0,4.1356e-05,1
China Heilongjiang,crop,151,1217,52.25,124.25,4.2623e-05,1
China Heilongjiang,crop,151,1218,52.25,124.5,6.9544e-05,1
China Heilongjiang,crop,151,1219,52.25,124.75,0.000239251,1
China Heilongjiang,crop,151,1220,52.25,125.0,2.6974e-05,1
China Heilongjiang,crop,151,1221,52.25,125.25,9.0718e-05,1
China Heilongjiang,crop,151,1222,52.25,125.5,0.00032093,1
China Heilongjiang,crop,151,1223,52.25,125.75,0.000696239,1
China Heilongjiang,crop,151,1224,52.25,126.0,0.001515461,1
China Heilongjiang,crop,151,1225,52.25,126.25,0.000609701,1
China Heilongjiang,crop,151,1226,52.25,126.5,0.000566516,1
China Heilongjiang,crop,152,1211,52.0,122.75,5.147e-06,1
China Heilongjiang,crop,152,1212,52.0,123.0,2.456e-06,1
China Heilongjiang,crop,152,1213,52.0,123.25,1.254e-05,1
China Heilongjiang,crop,152,1214,52.0,123.5,0.000152791,1
China Heilongjiang,crop,152,1215,52.0,123.75,2.3852e-05,1
China Heilongjiang,crop,152,1216,52.0,124.0,7.8e-08,1
China Heilongjiang,crop,152,1217,52.0,124.25,6.14e-07,1
China Heilongjiang,crop,152,1218,52.0,124.5,9.3109e-05,1
China Heilongjiang,crop,152,1219,52.0,124.75,0.000104081,1
China Heilongjiang,crop,152,1220,52.0,125.0,4.115e-06,1
China Heilongjiang,crop,152,1221,52.0,125.25,6.7467e-05,1
China Heilongjiang,crop,152,1222,52.0,125.5,0.000103598,1
China Heilongjiang,crop,152,1223,52.0,125.75,0.000335978,1
China Heilongjiang,crop,152,1224,52.0,126.0,0.000438897,1
China Heilongjiang,crop,152,1225,52.0,126.25,0.000468156,1
China Heilongjiang,crop,152,1226,52.0,126.5,0.000330244,1
China Heilongjiang,crop,153,1211,51.75,122.75,1.9972e-05,1
China Heilongjiang,crop,153,1212,51.75,123.0,1.7491e-05,1
China Heilongjiang,crop,153,1213,51.75,123.25,3.4354e-05,1
China Heilongjiang,crop,153,1214,51.75,123.5,6.3039e-05,1
China Heilongjiang,crop,153,1215,51.75,123.75,1.2174e-05,1
China Heilongjiang,crop,153,1216,51.75,124.0,4.0337e-05,1
China Heilongjiang,crop,153,1217,51.75,124.25,9.9927e-05,1
China Heilongjiang,crop,153,1218,51.75,124.5,0.00010126,1
China Heilongjiang,crop,153,1219,51.75,124.75,2.417e-06,1
China Heilongjiang,crop,153,1220,51.75,125.0,3.906e-06,1
China Heilongjiang,crop,153,1221,51.75,125.25,3.1245e-05,1
China Heilongjiang,crop,153,1222,51.75,125.5,4.0507e-05,1
China Heilongjiang,crop,153,1223,51.75,125.75,0.000152948,1
China Heilongjiang,crop,153,1224,51.75,126.0,0.000156252,1
China Heilongjiang,crop,153,1225,51.75,126.25,0.000148036,1
China Heilongjiang,crop,153,1226,51.75,126.5,0.001072279,1
China Heilongjiang,crop,153,1227,51.75,126.75,0.000443011,1
China Heilongjiang,crop,154,1211,51.5,122.75,6.01e-07,1
China Heilongjiang,crop,154,1212,51.5,123.0,2.0835e-05,1
China Heilongjiang,crop,154,1213,51.5,123.25,4.5091e-05,1
China Heilongjiang,crop,154,1214,51.5,123.5,3.5073e-05,1
China Heilongjiang,crop,154,1215,51.5,123.75,2.393e-05,1
China Heilongjiang,crop,154,1216,51.5,124.0,6.9322e-05,1
China Heilongjiang,crop,154,1217,51.5,124.25,5.5581e-05,1
China Heilongjiang,crop,154,1218,51.5,124.5,4.036e-06,1
China Heilongjiang,crop,154,1219,51.5,124.75,1.829e-06,1
China Heilongjiang,crop,154,1220,51.5,125.0,1.189e-06,1
China Heilongjiang,crop,154,1222,51.5,125.5,0.000182978,1
China Heilongjiang,crop,154,1223,51.5,125.75,0.000465008,1
China Heilongjiang,crop,154,1224,51.5,126.0,0.000208202,1
China Heilongjiang,crop,154,1225,51.5,126.25,0.000585,1
China Heilongjiang,crop,154,1226,51.5,126.5,0.000335011,1
China Heilongjiang,crop,154,1227,51.5,126.75,0.000361985,1
China Heilongjiang,crop,155,1213,51.25,123.25,3.187e-06,1
China Heilongjiang,crop,155,1214,51.25,123.5,1.1821e-05,1
China Heilongjiang,crop,155,1215,51.25,123.75,0.0,1
China Heilongjiang,crop,155,1217,51.25,124.25,1.084e-06,1
China Heilongjiang,crop,155,1223,51.25,125.75,0.000296386,1
China Heilongjiang,crop,155,1224,51.25,126.0,0.001745842,1
China Heilongjiang,crop,155,1225,51.25,126.25,0.001694363,1
China Heilongjiang,crop,155,1226,51.25,126.5,0.002338653,1
China Heilongjiang,crop,155,1227,51.25,126.75,0.00192899,1
China Heilongjiang,crop,155,1228,51.25,127.0,0.000200573,1
China Heilongjiang,crop,156,1224,51.0,126.0,0.001435519,1
China Heilongjiang,crop,156,1225,51.0,126.25,0.001709607,1
China Heilongjiang,crop,156,1226,51.0,126.5,0.001275674,1
China Heilongjiang,crop,156,1227,51.0,126.75,0.001361024,1
China Heilongjiang,crop,156,1228,51.0,127.0,0.00034618,1
China Heilongjiang,crop,157,1223,50.75,125.75,9.1515e-05,1
China Heilongjiang,crop,157,1224,50.75,126.0,0.000573936,1
China Heilongjiang,crop,157,1225,50.75,126.25,4.3655e-05,1
China Heilongjiang,crop,157,1226,50.75,126.5,9.5682e-05,1
China Heilongjiang,crop,157,1227,50.75,126.75,0.000338852,1
China Heilongjiang,crop,157,1228,50.75,127.0,0.000371952,1
China Heilongjiang,crop,157,1229,50.75,127.25,0.000422177,1
China Heilongjiang,crop,158,1222,50.5,125.5,0.000502119,1
China Heilongjiang,crop,158,1223,50.5,125.75,0.001414475,1
China Heilongjiang,crop,158,1224,50.5,126.0,0.000786291,1
China Heilongjiang,crop,158,1225,50.5,126.25,5.0499e-05,1
China Heilongjiang,crop,158,1226,50.5,126.5,0.000241759,1
China Heilongjiang,crop,158,1227,50.5,126.75,0.000225653,1
China Heilongjiang,crop,158,1228,50.5,127.0,0.00049031,1
China Heilongjiang,crop,158,1229,50.5,127.25,0.000811214,1
China Heilongjiang,crop,159,1221,50.25,125.25,0.000512438,1
China Heilongjiang,crop,159,1222,50.25,125.5,0.00292185,1
China Heilongjiang,crop,159,1223,50.25,125.75,0.002459585,1
China Heilongjiang,crop,159,1224,50.25,126.0,0.000536355,1
China Heilongjiang,crop,159,1225,50.25,126.25,0.000207026,1
China Heilongjiang,crop,159,1226,50.25,126.5,0.000141505,1
China Heilongjiang,crop,159,1227,50.25,126.75,7.0014e-05,1
China Heilongjiang,crop,159,1228,50.25,127.0,0.000348126,1
China Heilongjiang,crop,159,1229,50.25,127.25,0.000892972,1
China Heilongjiang,crop,159,1230,50.25,127.5,0.000290769,1
China Heilongjiang,crop,160,1221,50.0,125.25,0.002125906,1
China Heilongjiang,crop,160,1222,50.0,125.5,0.003751169,1
China Heilongjiang,crop,160,1223,50.0,125.75,0.002801924,1
China Heilongjiang,crop,160,1224,50.0,126.0,0.000365734,1
China Heilongjiang,crop,160,1225,50.0,126.25,0.000211493,1
China Heilongjiang,crop,160,1226,50.0,126.5,0.000258152,1
China Heilongjiang,crop,160,1227,50.0,126.75,0.000303936,1
China Heilongjiang,crop,160,1228,50.0,127.0,0.000365342,1
China Heilongjiang,crop,160,1229,50.0,127.25,0.000606043,1
China Heilongjiang,crop,160,1230,50.0,127.5,4.2962e-05,1
China Heilongjiang,crop,161,1221,49.75,125.25,0.002681959,1
China Heilongjiang,crop,161,1222,49.75,125.5,0.004389398,1
China Heilongjiang,crop,161,1223,49.75,125.75,0.003937844,1
China Heilongjiang,crop,161,1224,49.75,126.0,0.002864049,1
China Heilongjiang,crop,161,1225,49.75,126.25,0.002068928,1
China Heilongjiang,crop,161,1226,49.75,126.5,0.000211898,1
China Heilongjiang,crop,161,1227,49.75,126.75,0.000100371,1
China Heilongjiang,crop,161,1228,49.75,127.0,0.000335678,1
China Heilongjiang,crop,161,1229,49.75,127.25,0.001365347,1
China Heilongjiang,crop,161,1230,49.75,127.5,0.001356269,1
China Heilongjiang,crop,161,1231,49.75,127.75,0.000190698,1
China Heilongjiang,crop,162,1221,49.5,125.25,0.003219085,1
China Heilongjiang,crop,162,1222,49.5,125.5,0.005166519,1
China Heilongjiang,crop,162,1223,49.5,125.75,0.004384395,1
China Heilongjiang,crop,162,1224,49.5,126.0,0.004383272,1
China Heilongjiang,crop,162,1225,49.5,126.25,0.002885902,1
China Heilongjiang,crop,162,1226,49.5,126.5,0.000818372,1
China Heilongjiang,crop,162,1227,49.5,126.75,0.000433685,1
China Heilongjiang,crop,162,1228,49.5,127.0,0.001751537,1
China Heilongjiang,crop,162,1229,49.5,127.25,0.002164649,1
China Heilongjiang,crop,162,1230,49.5,127.5,0.002098096,1
China Heilongjiang,crop,162,1231,49.5,127.75,0.00217118,1
China Heilongjiang,crop,162,1232,49.5,128.0,0.002113745,1
China Heilongjiang,crop,162,1233,49.5,128.25,0.002118499,1
China Heilongjiang,crop,162,1234,49.5,128.5,0.002515414,1
China Heilongjiang,crop,162,1235,49.5,128.75,0.002074479,1
China Heilongjiang,crop,162,1236,49.5,129.0,0.000528988,1
China Heilongjiang,crop,162,1237,49.5,129.25,0.000395203,1
China Heilongjiang,crop,162,1238,49.5,129.5,0.000328781,1
China Heilongjiang,crop,163,1219,49.25,124.75,0.000488782,1
China Heilongjiang,crop,163,1220,49.25,125.0,0.001580537,1
China Heilongjiang,crop,163,1221,49.25,125.25,0.004602642,1
China Heilongjiang,crop,163,1222,49.25,125.5,0.005764046,1
China Heilongjiang,crop,163,1223,49.25,125.75,0.004517004,1
China Heilongjiang,crop,163,1224,49.25,126.0,0.004555944,1
China Heilongjiang,crop,163,1225,49.25,126.25,0.003634665,1
China Heilongjiang,crop,163,1226,49.25,126.5,0.003629231,1
China Heilongjiang,crop,163,1227,49.25,126.75,0.00271903,1
China Heilongjiang,crop,163,1228,49.25,127.0,0.00210562,1
China Heilongjiang,crop,163,1229,49.25,127.25,0.002103151,1
China Heilongjiang,crop,163,1230,49.25,127.5,0.002187116,1
China Heilongjiang,crop,163,1231,49.25,127.75,0.00205435,1
China Heilongjiang,crop,163,1232,49.25,128.0,0.00243218,1
China Heilongjiang,crop,163,1233,49.25,128.25,0.002334774,1
China Heilongjiang,crop,163,1234,49.25,128.5,0.001477762,1
China Heilongjiang,crop,163,1235,49.25,128.75,0.001678022,1
China Heilongjiang,crop,163,1236,49.25,129.0,0.001433063,1
China Heilongjiang,crop,163,1237,49.25,129.25,0.00149089,1
China Heilongjiang,crop,163,1238,49.25,129.5,0.002348646,1
China Heilongjiang,crop,163,1239,49.25,129.75,0.000943785,1
China Heilongjiang,crop,164,1219,49.0,124.75,0.001691907,1
China Heilongjiang,crop,164,1220,49.0,125.0,0.005557333,1
China Heilongjiang,crop,164,1221,49.0,125.25,0.005546426,1
China Heilongjiang,crop,164,1222,49.0,125.5,0.005687605,1
China Heilongjiang,crop,164,1223,49.0,125.75,0.004827824,1
China Heilongjiang,crop,164,1224,49.0,126.0,0.004276891,1
China Heilongjiang,crop,164,1225,49.0,126.25,0.00338789,1
China Heilongjiang,crop,164,1226,49.0,126.5,0.002555058,1
China Heilongjiang,crop,164,1227,49.0,126.75,0.002726384,1
China Heilongjiang,crop,164,1228,49.0,127.0,0.003436639,1
China Heilongjiang,crop,164,1229,49.0,127.25,0.002841908,1
China Heilongjiang,crop,164,1230,49.0,127.5,0.000838084,1
China Heilongjiang,crop,164,1231,49.0,127.75,0.000338982,1
China Heilongjiang,crop,164,1232,49.0,128.0,0.000892632,1
China Heilongjiang,crop,164,1233,49.0,128.25,0.0003603,1
China Heilongjiang,crop,164,1234,49.0,128.5,0.000696239,1
China Heilongjiang,crop,164,1235,49.0,128.75,0.00127698,1
China Heilongjiang,crop,164,1236,49.0,129.0,0.000647177,1
China Heilongjiang,crop,164,1237,49.0,129.25,0.000331262,1
China Heilongjiang,crop,164,1238,49.0,129.5,0.000971803,1
China Heilongjiang,crop,164,1239,49.0,129.75,0.001197365,1
China Heilongjiang,crop,164,1240,49.0,130.0,0.001855579,1
China Heilongjiang,crop,164,1241,49.0,130.25,0.000683908,1
China Heilongjiang,crop,164,1242,49.0,130.5,0.000380782,1
China Heilongjiang,crop,165,1218,48.75,124.5,6.061e-06,1
China Heilongjiang,crop,165,1219,48.75,124.75,2.8711e-05,1
China Heilongjiang,crop,165,1220,48.75,125.0,0.001256355,1
China Heilongjiang,crop,165,1221,48.75,125.25,0.002159489,1
China Heilongjiang,crop,165,1222,48.75,125.5,2.0403e-05,1
China Heilongjiang,crop,165,1223,48.75,125.75,0.000578939,1
China Heilongjiang,crop,165,1224,48.75,126.0,0.0038387,1
China Heilongjiang,crop,165,1225,48.75,126.25,0.00416108,1
China Heilongjiang,crop,165,1226,48.75,126.5,0.003151082,1
China Heilongjiang,crop,165,1227,48.75,126.75,0.003125715,1
China Heilongjiang,crop,165,1228,48.75,127.0,0.002689261,1
China Heilongjiang,crop,165,1229,48.75,127.25,0.001726549,1
China Heilongjiang,crop,165,1230,48.75,127.5,0.000868806,1
China Heilongjiang,crop,165,1231,48.75,127.75,0.000292193,1
China Heilongjiang,crop,165,1232,48.75,128.0,0.000160223,1
China Heilongjiang,crop,165,1233,48.75,128.25,5.0747e-05,1
China Heilongjiang,crop,165,1234,48.75,128.5,0.000281233,1
China Heilongjiang,crop,165,1235,48.75,128.75,0.00144798,1
China Heilongjiang,crop,165,1236,48.75,129.0,0.001299826,1
China Heilongjiang,crop,165,1237,48.75,129.25,0.000116791,1
China Heilongjiang,crop,165,1238,48.75,129.5,0.000110012,1
China Heilongjiang,crop,165,1239,48.75,129.75,5.3334e-05,1
China Heilongjiang,crop,165,1240,48.75,130.0,0.001567358,1
China Heilongjiang,crop,165,1241,48.75,130.25,0.002205769,1
China Heilongjiang,crop,165,1242,48.75,130.5,0.001747488,1
China Heilongjiang,crop,166,1216,48.5,124.0,3.096e-06,1
China Heilongjiang,crop,166,1217,48.5,124.25,0.00019527,1
China Heilongjiang,crop,166,1218,48.5,124.5,0.00031244,1
China Heilongjiang,crop,166,1219,48.5,124.75,0.002693768,1
China Heilongjiang,crop,166,1220,48.5,125.0,0.00059605,1
China Heilongjiang,crop,166,1221,48.5,125.25,0.001402301,1
China Heilongjiang,crop,166,1222,48.5,125.5,8.1549e-05,1
China Heilongjiang,crop,166,1223,48.5,125.75,0.001282467,1
China Heilongjiang,crop,166,1224,48.5,126.0,0.003762768,1
China Heilongjiang,crop,166,1225,48.5,126.25,0.003672416,1
China Heilongjiang,crop,166,1226,48.5,126.5,0.003217635,1
China Heilongjiang,crop,166,1227,48.5,126.75,0.002956191,1
China Heilongjiang,crop,166,1228,48.5,127.0,0.002282393,1
China Heilongjiang,crop,166,1229,48.5,127.25,0.001248635,1
China Heilongjiang,crop,166,1230,48.5,127.5,0.000591309,1
China Heilongjiang,crop,166,1231,48.5,127.75,0.000631606,1
China Heilongjiang,crop,166,1232,48.5,128.0,0.000250772,1
China Heilongjiang,crop,166,1233,48.5,128.25,5.395e-06,1
China Heilongjiang,crop,166,1234,48.5,128.5,1.8104e-05,1
China Heilongjiang,crop,166,1235,48.5,128.75,5.4692e-05,1
China Heilongjiang,crop,166,1236,48.5,129.0,3.4785e-05,1
China Heilongjiang,crop,166,1237,48.5,129.25,3.3022e-05,1
China Heilongjiang,crop,166,1238,48.5,129.5,0.00018674,1
China Heilongjiang,crop,166,1239,48.5,129.75,4.0585e-05,1
China Heilongjiang,crop,166,1240,48.5,130.0,0.000838436,1
China Heilongjiang,crop,166,1241,48.5,130.25,0.00225009,1
China Heilongjiang,crop,166,1242,48.5,130.5,0.000787336,1
China Heilongjiang,crop,166,1243,48.5,130.75,3.1363e-05,1
China Heilongjiang,crop,166,1257,48.5,134.25,1.1129e-05,1
China Heilongjiang,crop,167,1215,48.25,123.75,0.001273806,1
China Heilongjiang,crop,167,1216,48.25,124.0,0.000549039,1
China Heilongjiang,crop,167,1217,48.25,124.25,0.000417448,1
China Heilongjiang,crop,167,1218,48.25,124.5,0.001812709,1
China Heilongjiang,crop,167,1219,48.25,124.75,0.014378608,1
China Heilongjiang,crop,167,1220,48.25,125.0,0.012514969,1
China Heilongjiang,crop,167,1221,48.25,125.25,0.002811094,1
China Heilongjiang,crop,167,1222,48.25,125.5,0.001331451,1
China Heilongjiang,crop,167,1223,48.25,125.75,0.002059967,1
China Heilongjiang,crop,167,1224,48.25,126.0,0.003145635,1
China Heilongjiang,crop,167,1225,48.25,126.25,0.004186905,1
China Heilongjiang,crop,167,1226,48.25,126.5,0.00265812,1
China Heilongjiang,crop,167,1227,48.25,126.75,0.002606798,1
China Heilongjiang,crop,167,1228,48.25,127.0,0.002788313,1
China Heilongjiang,crop,167,1229,48.25,127.25,0.002026893,1
China Heilongjiang,crop,167,1230,48.25,127.5,0.000796206,1
China Heilongjiang,crop,167,1231,48.25,127.75,0.000229128,1
China Heilongjiang,crop,167,1232,48.25,128.0,2.103e-05,1
China Heilongjiang,crop,167,1233,48.25,128.25,7.7734e-05,1
China Heilongjiang,crop,167,1234,48.25,128.5,8.6408e-05,1
China Heilongjiang,crop,167,1235,48.25,128.75,0.000220833,1
China Heilongjiang,crop,167,1236,48.25,129.0,2.7118e-05,1
China Heilongjiang,crop,167,1237,48.25,129.25,0.000687422,1
China Heilongjiang,crop,167,1238,48.25,129.5,0.000640397,1
China Heilongjiang,crop,167,1239,48.25,129.75,6.5208e-05,1
China Heilongjiang,crop,167,1240,48.25,130.0,0.000553062,1
China Heilongjiang,crop,167,1241,48.25,130.25,0.000174984,1
China Heilongjiang,crop,167,1242,48.25,130.5,2.626e-06,1
China Heilongjiang,crop,167,1243,48.25,130.75,3.27e-07,1
China Heilongjiang,crop,167,1253,48.25,133.25,7.433e-06,1
China Heilongjiang,crop,167,1254,48.25,133.5,2.6412e-05,1
China Heilongjiang,crop,167,1255,48.25,133.75,1.7621e-05,1
China Heilongjiang,crop,167,1256,48.25,134.0,0.000321701,1
China Heilongjiang,crop,167,1257,48.25,134.25,0.000753831,1
China Heilongjiang,crop,167,1258,48.25,134.5,0.000200377,1
China Heilongjiang,crop,168,1213,48.0,123.25,0.000840552,1
China Heilongjiang,crop,168,1214,48.0,123.5,0.00135286,1
China Heilongjiang,crop,168,1215,48.0,123.75,0.000452286,1
China Heilongjiang,crop,168,1216,48.0,124.0,1.1299e-05,1
China Heilongjiang,crop,168,1217,48.0,124.25,0.001255885,1
China Heilongjiang,crop,168,1218,48.0,124.5,0.002523186,1
China Heilongjiang,crop,168,1219,48.0,124.75,0.003261198,1
China Heilongjiang,crop,168,1220,48.0,125.0,0.002804498,1
China Heilongjiang,crop,168,1221,48.0,125.25,0.002205077,1
China Heilongjiang,crop,168,1222,48.0,125.5,0.006165702,1
China Heilongjiang,crop,168,1223,48.0,125.75,0.009810569,1
China Heilongjiang,crop,168,1224,48.0,126.0,0.008782336,1
China Heilongjiang,crop,168,1225,48.0,126.25,0.006279619,1
China Heilongjiang,crop,168,1226,48.0,126.5,0.004480273,1
China Heilongjiang,crop,168,1227,48.0,126.75,0.007484286,1
China Heilongjiang,crop,168,1228,48.0,127.0,0.00314506,1
China Heilongjiang,crop,168,1229,48.0,127.25,0.002679804,1
China Heilongjiang,crop,168,1230,48.0,127.5,0.001588506,1
China Heilongjiang,crop,168,1231,48.0,127.75,0.000757384,1
China Heilongjiang,crop,168,1232,48.0,128.0,0.000507749,1
China Heilongjiang,crop,168,1233,48.0,128.25,9.3135e-05,1
China Heilongjiang,crop,168,1234,48.0,128.5,0.000324784,1
China Heilongjiang,crop,168,1235,48.0,128.75,0.00085577,1
China Heilongjiang,crop,168,1236,48.0,129.0,0.000464852,1
China Heilongjiang,crop,168,1237,48.0,129.25,0.000133524,1
China Heilongjiang,crop,168,1238,48.0,129.5,3.2212e-05,1
China Heilongjiang,crop,168,1239,48.0,129.75,2.48e-07,1
China Heilongjiang,crop,168,1240,48.0,130.0,2.691e-06,1
China Heilongjiang,crop,168,1241,48.0,130.25,2.612e-06,1
China Heilongjiang,crop,168,1242,48.0,130.5,1.541e-06,1
China Heilongjiang,crop,168,1243,48.0,130.75,0.000121964,1
China Heilongjiang,crop,168,1251,48.0,132.75,0.000204427,1
China Heilongjiang,crop,168,1252,48.0,133.0,0.000820397,1
China Heilongjiang,crop,168,1253,48.0,133.25,0.002015163,1
China Heilongjiang,crop,168,1254,48.0,133.5,0.000893142,1
China Heilongjiang,crop,168,1255,48.0,133.75,0.000677599,1
China Heilongjiang,crop,168,1256,48.0,134.0,0.001888431,1
China Heilongjiang,crop,168,1257,48.0,134.25,0.000732213,1
China Heilongjiang,crop,168,1258,48.0,134.5,0.000307528,1
China Heilongjiang,crop,169,1211,47.75,122.75,4.0298e-05,1
China Heilongjiang,crop,169,1212,47.75,123.0,0.000876004,1
China Heilongjiang,crop,169,1213,47.75,123.25,0.002158013,1
China Heilongjiang,crop,169,1214,47.75,123.5,0.001203622,1
China Heilongjiang,crop,169,1215,47.75,123.75,0.000145424,1
China Heilongjiang,crop,169,1216,47.75,124.0,0.000310546,1
China Heilongjiang,crop,169,1217,47.75,124.25,0.00012067,1
China Heilongjiang,crop,169,1218,47.75,124.5,0.000459953,1
China Heilongjiang,crop,169,1219,47.75,124.75,0.000821703,1
China Heilongjiang,crop,169,1220,47.75,125.0,0.002913843,1
China Heilongjiang,crop,169,1221,47.75,125.25,0.00359216,1
China Heilongjiang,crop,169,1222,47.75,125.5,0.005394772,1
China Heilongjiang,crop,169,1223,47.75,125.75,0.009297752,1
China Heilongjiang,crop,169,1224,47.75,126.0,0.007393175,1
China Heilongjiang,crop,169,1225,47.75,126.25,0.009792111,1
China Heilongjiang,crop,169,1226,47.75,126.5,0.010367497,1
China Heilongjiang,crop,169,1227,47.75,126.75,0.007431631,1
China Heilongjiang,crop,169,1228,47.75,127.0,0.003065145,1
China Heilongjiang,crop,169,1229,47.75,127.25,0.000554603,1
China Heilongjiang,crop,169,1230,47.75,127.5,0.000601955,1
China Heilongjiang,crop,169,1231,47.75,127.75,0.000770538,1
China Heilongjiang,crop,169,1232,47.75,128.0,0.000938952,1
China Heilongjiang,crop,169,1233,47.75,128.25,3.0749e-05,1
China Heilongjiang,crop,169,1234,47.75,128.5,0.000285544,1
China Heilongjiang,crop,169,1235,47.75,128.75,0.000960922,1
China Heilongjiang,crop,169,1236,47.75,129.0,0.001025764,1
China Heilongjiang,crop,169,1237,47.75,129.25,0.000539765,1
China Heilongjiang,crop,169,1238,47.75,129.5,5.0434e-05,1
China Heilongjiang,crop,169,1239,47.75,129.75,1.685e-06,1
China Heilongjiang,crop,169,1240,47.75,130.0,2.573e-06,1
China Heilongjiang,crop,169,1241,47.75,130.25,3.135e-06,1
China Heilongjiang,crop,169,1242,47.75,130.5,0.000178027,1
China Heilongjiang,crop,169,1243,47.75,130.75,0.000532632,1
China Heilongjiang,crop,169,1244,47.75,131.0,0.000635133,1
China Heilongjiang,crop,169,1245,47.75,131.25,0.001046703,1
China Heilongjiang,crop,169,1246,47.75,131.5,0.000118789,1
China Heilongjiang,crop,169,1247,47.75,131.75,0.000255631,1
China Heilongjiang,crop,169,1248,47.75,132.0,0.000237357,1
China Heilongjiang,crop,169,1249,47.75,132.25,0.000149551,1
China Heilongjiang,crop,169,1250,47.75,132.5,0.000848899,1
China Heilongjiang,crop,169,1251,47.75,132.75,0.001831558,1
China Heilongjiang,crop,169,1252,47.75,133.0,0.002710161,1
China Heilongjiang,crop,169,1253,47.75,133.25,0.002639532,1
China Heilongjiang,crop,169,1254,47.75,133.5,0.001948375,1
China Heilongjiang,crop,169,1255,47.75,133.75,0.000734002,1
China Heilongjiang,crop,169,1256,47.75,134.0,0.000155247,1
China Heilongjiang,crop,169,1257,47.75,134.25,0.002098187,1
China Heilongjiang,crop,169,1258,47.75,134.5,0.000131264,1
China Heilongjiang,crop,169,1259,47.75,134.75,3.66e-07,1
China Heilongjiang,crop,170,1210,47.5,122.5,2.7118e-05,1
China Heilongjiang,crop,170,1211,47.5,122.75,0.000124197,1
China Heilongjiang,crop,170,1212,47.5,123.0,0.00015974,1
China Heilongjiang,crop,170,1213,47.5,123.25,0.000118345,1
China Heilongjiang,crop,170,1214,47.5,123.5,0.000172476,1
China Heilongjiang,crop,170,1215,47.5,123.75,0.000459117,1
China Heilongjiang,crop,170,1216,47.5,124.0,0.000398077,1
China Heilongjiang,crop,170,1217,47.5,124.25,0.000178955,1
China Heilongjiang,crop,170,1218,47.5,124.5,0.000723422,1
China Heilongjiang,crop,170,1219,47.5,124.75,0.001191604,1
China Heilongjiang,crop,170,1220,47.5,125.0,0.001914308,1
China Heilongjiang,crop,170,1221,47.5,125.25,0.002843032,1
China Heilongjiang,crop,170,1222,47.5,125.5,0.00416782,1
China Heilongjiang,crop,170,1223,47.5,125.75,0.011532729,1
China Heilongjiang,crop,170,1224,47.5,126.0,0.010006949,1
China Heilongjiang,crop,170,1225,47.5,126.25,0.008940913,1
China Heilongjiang,crop,170,1226,47.5,126.5,0.006222954,1
China Heilongjiang,crop,170,1227,47.5,126.75,0.009988923,1
China Heilongjiang,crop,170,1228,47.5,127.0,0.004931958,1
China Heilongjiang,crop,170,1229,47.5,127.25,0.005300762,1
China Heilongjiang,crop,170,1230,47.5,127.5,0.002606824,1
China Heilongjiang,crop,170,1231,47.5,127.75,0.00108188,1
China Heilongjiang,crop,170,1232,47.5,128.0,8.1418e-05,1
China Heilongjiang,crop,170,1233,47.5,128.25,4.846e-06,1
China Heilongjiang,crop,170,1234,47.5,128.5,0.000100672,1
China Heilongjiang,crop,170,1235,47.5,128.75,3.8482e-05,1
China Heilongjiang,crop,170,1236,47.5,129.0,3.5673e-05,1
China Heilongjiang,crop,170,1237,47.5,129.25,0.000286511,1
China Heilongjiang,crop,170,1238,47.5,129.5,0.000143987,1
China Heilongjiang,crop,170,1239,47.5,129.75,4.794e-06,1
China Heilongjiang,crop,170,1240,47.5,130.0,7.18e-07,1
China Heilongjiang,crop,170,1241,47.5,130.25,4.833e-06,1
China Heilongjiang,crop,170,1242,47.5,130.5,0.001124281,1
China Heilongjiang,crop,170,1243,47.5,130.75,0.00120997,1
China Heilongjiang,crop,170,1244,47.5,131.0,0.001024576,1
China Heilongjiang,crop,170,1245,47.5,131.25,0.001049969,1
China Heilongjiang,crop,170,1246,47.5,131.5,0.000455016,1
China Heilongjiang,crop,170,1247,47.5,131.75,0.000537831,1
China Heilongjiang,crop,170,1248,47.5,132.0,0.000459457,1
China Heilongjiang,crop,170,1249,47.5,132.25,0.001793925,1
China Heilongjiang,crop,170,1250,47.5,132.5,0.003073178,1
China Heilongjiang,crop,170,1251,47.5,132.75,0.002146139,1
China Heilongjiang,crop,170,1252,47.5,133.0,0.002673194,1
China Heilongjiang,crop,170,1253,47.5,133.25,0.002671405,1
China Heilongjiang,crop,170,1254,47.5,133.5,0.002678837,1
China Heilongjiang,crop,170,1255,47.5,133.75,0.001812905,1
China Heilongjiang,crop,170,1256,47.5,134.0,0.001140596,1
China Heilongjiang,crop,170,1257,47.5,134.25,0.00128039,1
China Heilongjiang,crop,170,1258,47.5,134.5,0.000175363,1
China Heilongjiang,crop,171,1210,47.25,122.5,5.3961e-05,1
China Heilongjiang,crop,171,1211,47.25,122.75,0.000163032,1
China Heilongjiang,crop,171,1212,47.25,123.0,0.000163424,1
China Heilongjiang,crop,171,1213,47.25,123.25,5.353e-05,1
China Heilongjiang,crop,171,1214,47.25,123.5,0.000161804,1
China Heilongjiang,crop,171,1215,47.25,123.75,0.000127711,1
China Heilongjiang,crop,171,1216,47.25,124.0,2.909e-05,1
China Heilongjiang,crop,171,1217,47.25,124.25,1.6093e-05,1
China Heilongjiang,crop,171,1218,47.25,124.5,0.000536447,1
China Heilongjiang,crop,171,1219,47.25,124.75,0.001429066,1
China Heilongjiang,crop,171,1220,47.25,125.0,0.001509935,1
China Heilongjiang,crop,171,1221,47.25,125.25,0.000451228,1
China Heilongjiang,crop,171,1222,47.25,125.5,0.005450927,1
China Heilongjiang,crop,171,1223,47.25,125.75,0.004958736,1
China Heilongjiang,crop,171,1224,47.25,126.0,0.003917088,1
China Heilongjiang,crop,171,1225,47.25,126.25,0.0022062,1
China Heilongjiang,crop,171,1226,47.25,126.5,0.012833417,1
China Heilongjiang,crop,171,1227,47.25,126.75,0.016417962,1
China Heilongjiang,crop,171,1228,47.25,127.0,0.006590726,1
China Heilongjiang,crop,171,1229,47.25,127.25,0.004182659,1
China Heilongjiang,crop,171,1230,47.25,127.5,0.000532776,1
China Heilongjiang,crop,171,1231,47.25,127.75,0.000656555,1
China Heilongjiang,crop,171,1232,47.25,128.0,3.07e-06,1
China Heilongjiang,crop,171,1233,47.25,128.25,6.9139e-05,1
China Heilongjiang,crop,171,1234,47.25,128.5,6.7546e-05,1
China Heilongjiang,crop,171,1235,47.25,128.75,7.367e-06,1
China Heilongjiang,crop,171,1236,47.25,129.0,0.000152399,1
China Heilongjiang,crop,171,1237,47.25,129.25,0.000456505,1
China Heilongjiang,crop,171,1238,47.25,129.5,0.000351248,1
China Heilongjiang,crop,171,1239,47.25,129.75,5.302e-05,1
China Heilongjiang,crop,171,1240,47.25,130.0,0.000246252,1
China Heilongjiang,crop,171,1241,47.25,130.25,0.001422913,1
China Heilongjiang,crop,171,1242,47.25,130.5,0.000570892,1
China Heilongjiang,crop,171,1243,47.25,130.75,0.000176094,1
China Heilongjiang,crop,171,1244,47.25,131.0,3.6327e-05,1
China Heilongjiang,crop,171,1245,47.25,131.25,0.000321531,1
China Heilongjiang,crop,171,1246,47.25,131.5,0.000916118,1
China Heilongjiang,crop,171,1247,47.25,131.75,0.000861282,1
China Heilongjiang,crop,171,1248,47.25,132.0,0.001241085,1
China Heilongjiang,crop,171,1249,47.25,132.25,0.002121086,1
China Heilongjiang,crop,171,1250,47.25,132.5,0.002191871,1
China Heilongjiang,crop,171,1251,47.25,132.75,0.001483771,1
China Heilongjiang,crop,171,1252,47.25,133.0,0.001847833,1
China Heilongjiang,crop,171,1253,47.25,133.25,0.002328647,1
China Heilongjiang,crop,171,1254,47.25,133.5,0.001576593,1
China Heilongjiang,crop,171,1255,47.25,133.75,0.000999143,1
China Heilongjiang,crop,171,1256,47.25,134.0,0.000784854,1
China Heilongjiang,crop,171,1257,47.25,134.25,4.0807e-05,1
China Heilongjiang,crop,172,1211,47.0,122.75,6.0374e-05,1
China Heilongjiang,crop,172,1212,47.0,123.0,0.000135274,1
China Heilongjiang,crop,172,1213,47.0,123.25,6.5612e-05,1
China Heilongjiang,crop,172,1214,47.0,123.5,0.000102187,1
China Heilongjiang,crop,172,1215,47.0,123.75,0.000270457,1
China Heilongjiang,crop,172,1216,47.0,124.0,6.6187e-05,1
China Heilongjiang,crop,172,1217,47.0,124.25,7.652e-05,1
China Heilongjiang,crop,172,1218,47.0,124.5,0.000128743,1
China Heilongjiang,crop,172,1219,47.0,124.75,0.001069432,1
China Heilongjiang,crop,172,1220,47.0,125.0,0.001290017,1
China Heilongjiang,crop,172,1221,47.0,125.25,6.9688e-05,1
China Heilongjiang,crop,172,1222,47.0,125.5,0.000434233,1
China Heilongjiang,crop,172,1223,47.0,125.75,0.001242953,1
China Heilongjiang,crop,172,1224,47.0,126.0,0.001044117,1
China Heilongjiang,crop,172,1225,47.0,126.25,0.001967511,1
China Heilongjiang,crop,172,1226,47.0,126.5,0.005005891,1
China Heilongjiang,crop,172,1227,47.0,126.75,0.00369295,1
China Heilongjiang,crop,172,1228,47.0,127.0,0.002377357,1
China Heilongjiang,crop,172,1229,47.0,127.25,0.00141889,1
China Heilongjiang,crop,172,1230,47.0,127.5,0.000949663,1
China Heilongjiang,crop,172,1231,47.0,127.75,0.001566678,1
China Heilongjiang,crop,172,1232,47.0,128.0,0.003594642,1
China Heilongjiang,crop,172,1233,47.0,128.25,0.000353103,1
China Heilongjiang,crop,172,1234,47.0,128.5,0.000445963,1
China Heilongjiang,crop,172,1235,47.0,128.75,4.3903e-05,1
China Heilongjiang,crop,172,1236,47.0,129.0,6.0218e-05,1
China Heilongjiang,crop,172,1237,47.0,129.25,0.000343202,1
China Heilongjiang,crop,172,1238,47.0,129.5,0.000534866,1
China Heilongjiang,crop,172,1239,47.0,129.75,0.000121572,1
China Heilongjiang,crop,172,1240,47.0,130.0,0.000998216,1
China Heilongjiang,crop,172,1241,47.0,130.25,0.000793567,1
China Heilongjiang,crop,172,1242,47.0,130.5,0.000204231,1
China Heilongjiang,crop,172,1243,47.0,130.75,0.000136489,1
China Heilongjiang,crop,172,1244,47.0,131.0,0.000476451,1
China Heilongjiang,crop,172,1245,47.0,131.25,0.000428159,1
China Heilongjiang,crop,172,1246,47.0,131.5,0.000585209,1
China Heilongjiang,crop,172,1247,47.0,131.75,0.000604071,1
China Heilongjiang,crop,172,1248,47.0,132.0,0.000554081,1
China Heilongjiang,crop,172,1249,47.0,132.25,0.00175509,1
China Heilongjiang,crop,172,1250,47.0,132.5,0.00100476,1
China Heilongjiang,crop,172,1251,47.0,132.75,0.001715942,1
China Heilongjiang,crop,172,1252,47.0,133.0,0.00143305,1
China Heilongjiang,crop,172,1253,47.0,133.25,0.000928933,1
China Heilongjiang,crop,172,1254,47.0,133.5,4.219e-06,1
China Heilongjiang,crop,172,1255,47.0,133.75,5.818e-05,1
China Heilongjiang,crop,172,1256,47.0,134.0,0.000439484,1
China Heilongjiang,crop,173,1212,46.75,123.0,1.0659e-05,1
China Heilongjiang,crop,173,1213,46.75,123.25,3.2395e-05,1
China Heilongjiang,crop,173,1214,46.75,123.5,0.000101534,1
China Heilongjiang,crop,173,1215,46.75,123.75,0.000169367,1
China Heilongjiang,crop,173,1216,46.75,124.0,0.000117509,1
China Heilongjiang,crop,173,1217,46.75,124.25,0.000220428,1
China Heilongjiang,crop,173,1218,46.75,124.5,0.000650168,1
China Heilongjiang,crop,173,1219,46.75,124.75,0.00223563,1
China Heilongjiang,crop,173,1220,46.75,125.0,0.000798283,1
China Heilongjiang,crop,173,1221,46.75,125.25,3.3858e-05,1
China Heilongjiang,crop,173,1222,46.75,125.5,0.000365251,1
China Heilongjiang,crop,173,1223,46.75,125.75,0.000705357,1
China Heilongjiang,crop,173,1224,46.75,126.0,0.000927574,1
China Heilongjiang,crop,173,1225,46.75,126.25,0.001356099,1
China Heilongjiang,crop,173,1226,46.75,126.5,0.00266712,1
China Heilongjiang,crop,173,1227,46.75,126.75,0.002092949,1
China Heilongjiang,crop,173,1228,46.75,127.0,0.002544255,1
China Heilongjiang,crop,173,1229,46.75,127.25,0.003485362,1
China Heilongjiang,crop,173,1230,46.75,127.5,0.002741667,1
China Heilongjiang,crop,173,1231,46.75,127.75,0.000972783,1
China Heilongjiang,crop,173,1232,46.75,128.0,0.001393732,1
China Heilongjiang,crop,173,1233,46.75,128.25,0.001050309,1
China Heilongjiang,crop,173,1234,46.75,128.5,0.000291474,1
China Heilongjiang,crop,173,1235,46.75,128.75,3.4132e-05,1
China Heilongjiang,crop,173,1236,46.75,129.0,6.0074e-05,1
China Heilongjiang,crop,173,1237,46.75,129.25,6.1615e-05,1
China Heilongjiang,crop,173,1238,46.75,129.5,0.00120839,1
China Heilongjiang,crop,173,1239,46.75,129.75,0.001143456,1
China Heilongjiang,crop,173,1240,46.75,130.0,0.001047944,1
China Heilongjiang,crop,173,1241,46.75,130.25,0.001186811,1
China Heilongjiang,crop,173,1242,46.75,130.5,0.001808607,1
China Heilongjiang,crop,173,1243,46.75,130.75,0.001082168,1
China Heilongjiang,crop,173,1244,46.75,131.0,0.000348257,1
China Heilongjiang,crop,173,1245,46.75,131.25,0.001497748,1
China Heilongjiang,crop,173,1246,46.75,131.5,0.000763837,1
China Heilongjiang,crop,173,1247,46.75,131.75,0.00051684,1
China Heilongjiang,crop,173,1248,46.75,132.0,9.5904e-05,1
China Heilongjiang,crop,173,1249,46.75,132.25,0.000436206,1
China Heilongjiang,crop,173,1250,46.75,132.5,0.00060654,1
China Heilongjiang,crop,173,1251,46.75,132.75,0.001124359,1
China Heilongjiang,crop,173,1252,46.75,133.0,0.001667912,1
China Heilongjiang,crop,173,1253,46.75,133.25,0.000318252,1
China Heilongjiang,crop,173,1254,46.75,133.5,2.9e-06,1
China Heilongjiang,crop,173,1255,46.75,133.75,0.000106406,1
China Heilongjiang,crop,173,1256,46.75,134.0,0.000252366,1
China Heilongjiang,crop,174,1212,46.5,123.0,0.000198196,1
China Heilongjiang,crop,174,1213,46.5,123.25,0.000175702,1
China Heilongjiang,crop,174,1214,46.5,123.5,0.000199985,1
China Heilongjiang,crop,174,1215,46.5,123.75,0.00014929,1
China Heilongjiang,crop,174,1216,46.5,124.0,0.000186792,1
China Heilongjiang,crop,174,1217,46.5,124.25,0.000180967,1
China Heilongjiang,crop,174,1218,46.5,124.5,0.000429048,1
China Heilongjiang,crop,174,1219,46.5,124.75,0.001288854,1
China Heilongjiang,crop,174,1220,46.5,125.0,0.000354644,1
China Heilongjiang,crop,174,1221,46.5,125.25,0.00043503,1
China Heilongjiang,crop,174,1222,46.5,125.5,0.000194669,1
China Heilongjiang,crop,174,1223,46.5,125.75,0.000300579,1
China Heilongjiang,crop,174,1224,46.5,126.0,0.000464721,1
China Heilongjiang,crop,174,1225,46.5,126.25,0.000563355,1
China Heilongjiang,crop,174,1226,46.5,126.5,0.001209435,1
China Heilongjiang,crop,174,1227,46.5,126.75,0.001681836,1
China Heilongjiang,crop,174,1228,46.5,127.0,0.002149052,1
China Heilongjiang,crop,174,1229,46.5,127.25,0.002774519,1
China Heilongjiang,crop,174,1230,46.5,127.5,0.001532742,1
China Heilongjiang,crop,174,1231,46.5,127.75,0.000863712,1
China Heilongjiang,crop,174,1232,46.5,128.0,8.407e-05,1
China Heilongjiang,crop,174,1233,46.5,128.25,1.541e-06,1
China Heilongjiang,crop,174,1234,46.5,128.5,1.8862e-05,1
China Heilongjiang,crop,174,1235,46.5,128.75,1.109e-05,1
China Heilongjiang,crop,174,1236,46.5,129.0,2.0038e-05,1
China Heilongjiang,crop,174,1237,46.5,129.25,0.000177988,1
China Heilongjiang,crop,174,1238,46.5,129.5,0.000558614,1
China Heilongjiang,crop,174,1239,46.5,129.75,0.001005909,1
China Heilongjiang,crop,174,1240,46.5,130.0,0.001396789,1
China Heilongjiang,crop,174,1241,46.5,130.25,0.002672032,1
China Heilongjiang,crop,174,1242,46.5,130.5,0.002507132,1
China Heilongjiang,crop,174,1243,46.5,130.75,0.001255558,1
China Heilongjiang,crop,174,1244,46.5,131.0,2.1161e-05,1
China Heilongjiang,crop,174,1245,46.5,131.25,0.000407155,1
China Heilongjiang,crop,174,1246,46.5,131.5,0.001133033,1
China Heilongjiang,crop,174,1247,46.5,131.75,0.001901729,1
China Heilongjiang,crop,174,1248,46.5,132.0,0.00198606,1
China Heilongjiang,crop,174,1249,46.5,132.25,0.001568572,1
China Heilongjiang,crop,174,1250,46.5,132.5,0.001683783,1
China Heilongjiang,crop,174,1251,46.5,132.75,0.001957127,1
China Heilongjiang,crop,174,1252,46.5,133.0,0.000791373,1
China Heilongjiang,crop,174,1253,46.5,133.25,2.0129e-05,1
China Heilongjiang,crop,174,1254,46.5,133.5,5.7579e-05,1
China Heilongjiang,crop,174,1255,46.5,133.75,0.000104094,1
China Heilongjiang,crop,175,1212,46.25,123.0,3.9e-08,1
China Heilongjiang,crop,175,1213,46.25,123.25,2.0351e-05,1
China Heilongjiang,crop,175,1214,46.25,123.5,2.3447e-05,1
China Heilongjiang,crop,175,1215,46.25,123.75,3.3845e-05,1
China Heilongjiang,crop,175,1216,46.25,124.0,0.000185604,1
China Heilongjiang,crop,175,1217,46.25,124.25,0.000104826,1
China Heilongjiang,crop,175,1218,46.25,124.5,0.000416978,1
China Heilongjiang,crop,175,1219,46.25,124.75,0.000607598,1
China Heilongjiang,crop,175,1220,46.25,125.0,0.000201592,1
China Heilongjiang,crop,175,1221,46.25,125.25,0.000276191,1
China Heilongjiang,crop,175,1222,46.25,125.5,0.000263469,1
China Heilongjiang,crop,175,1223,46.25,125.75,7.8401e-05,1
China Heilongjiang,crop,175,1224,46.25,126.0,0.000312845,1
China Heilongjiang,crop,175,1225,46.25,126.25,0.000512608,1
China Heilongjiang,crop,175,1226,46.25,126.5,0.00027529,1
China Heilongjiang,crop,175,1227,46.25,126.75,0.000557673,1
China Heilongjiang,crop,175,1228,46.25,127.0,0.001179901,1
China Heilongjiang,crop,175,1229,46.25,127.25,0.002543302,1
China Heilongjiang,crop,175,1230,46.25,127.5,0.001858545,1
China Heilongjiang,crop,175,1231,46.25,127.75,0.001707595,1
China Heilongjiang,crop,175,1232,46.25,128.0,0.000971124,1
China Heilongjiang,crop,175,1233,46.25,128.25,7.3254e-05,1
China Heilongjiang,crop,175,1234,46.25,128.5,0.00013116,1
China Heilongjiang,crop,175,1235,46.25,128.75,0.000179791,1
China Heilongjiang,crop,175,1236,46.25,129.0,0.000161151,1
China Heilongjiang,crop,175,1237,46.25,129.25,0.000862602,1
China Heilongjiang,crop,175,1238,46.25,129.5,0.001061111,1
China Heilongjiang,crop,175,1239,46.25,129.75,0.001269482,1
China Heilongjiang,crop,175,1240,46.25,130.0,0.001555928,1
China Heilongjiang,crop,175,1241,46.25,130.25,0.003371785,1
China Heilongjiang,crop,175,1242,46.25,130.5,0.003234812,1
China Heilongjiang,crop,175,1243,46.25,130.75,0.002547495,1
China Heilongjiang,crop,175,1244,46.25,131.0,8.869e-06,1
China Heilongjiang,crop,175,1245,46.25,131.25,0.000679336,1
China Heilongjiang,crop,175,1246,46.25,131.5,0.000374303,1
China Heilongjiang,crop,175,1247,46.25,131.75,6.4424e-05,1
China Heilongjiang,crop,175,1248,46.25,132.0,0.001483928,1
China Heilongjiang,crop,175,1249,46.25,132.25,0.002652934,1
China Heilongjiang,crop,175,1250,46.25,132.5,0.001350482,1
China Heilongjiang,crop,175,1251,46.25,132.75,0.001240575,1
China Heilongjiang,crop,175,1252,46.25,133.0,0.000702509,1
China Heilongjiang,crop,175,1253,46.25,133.25,0.001745764,1
China Heilongjiang,crop,175,1254,46.25,133.5,0.001249288,1
China Heilongjiang,crop,175,1255,46.25,133.75,6.8003e-05,1
China Heilongjiang,crop,176,1216,46.0,124.0,9.1567e-05,1
China Heilongjiang,crop,176,1217,46.0,124.25,0.000158251,1
China Heilongjiang,crop,176,1218,46.0,124.5,0.000168322,1
China Heilongjiang,crop,176,1219,46.0,124.75,0.000345775,1
China Heilongjiang,crop,176,1220,46.0,125.0,0.00021698,1
China Heilongjiang,crop,176,1221,46.0,125.25,0.000261836,1
China Heilongjiang,crop,176,1222,46.0,125.5,0.000312727,1
China Heilongjiang,crop,176,1223,46.0,125.75,0.000211232,1
China Heilongjiang,crop,176,1224,46.0,126.0,0.000329303,1
China Heilongjiang,crop,176,1225,46.0,126.25,0.001369776,1
China Heilongjiang,crop,176,1226,46.0,126.5,0.000228618,1
China Heilongjiang,crop,176,1227,46.0,126.75,8.9033e-05,1
China Heilongjiang,crop,176,1228,46.0,127.0,0.001091742,1
China Heilongjiang,crop,176,1229,46.0,127.25,0.001030637,1
China Heilongjiang,crop,176,1230,46.0,127.5,0.000999417,1
China Heilongjiang,crop,176,1231,46.0,127.75,0.000772484,1
China Heilongjiang,crop,176,1232,46.0,128.0,0.001870797,1
China Heilongjiang,crop,176,1233,46.0,128.25,0.000496802,1
China Heilongjiang,crop,176,1234,46.0,128.5,0.000988275,1
China Heilongjiang,crop,176,1235,46.0,128.75,0.001002056,1
China Heilongjiang,crop,176,1236,46.0,129.0,0.000819261,1
China Heilongjiang,crop,176,1237,46.0,129.25,0.000544663,1
China Heilongjiang,crop,176,1238,46.0,129.5,0.000291448,1
China Heilongjiang,crop,176,1239,46.0,129.75,0.001320334,1
China Heilongjiang,crop,176,1240,46.0,130.0,0.002128466,1
China Heilongjiang,crop,176,1241,46.0,130.25,0.002984106,1
China Heilongjiang,crop,176,1242,46.0,130.5,0.003860919,1
China Heilongjiang,crop,176,1243,46.0,130.75,0.002699358,1
China Heilongjiang,crop,176,1244,46.0,131.0,0.001149948,1
China Heilongjiang,crop,176,1245,46.0,131.25,0.001706799,1
China Heilongjiang,crop,176,1246,46.0,131.5,0.001305522,1
China Heilongjiang,crop,176,1247,46.0,131.75,0.001253573,1
China Heilongjiang,crop,176,1248,46.0,132.0,0.000701856,1
China Heilongjiang,crop,176,1249,46.0,132.25,6.189e-05,1
China Heilongjiang,crop,176,1250,46.0,132.5,0.000804605,1
China Heilongjiang,crop,176,1251,46.0,132.75,0.001915144,1
China Heilongjiang,crop,176,1252,46.0,133.0,0.001341378,1
China Heilongjiang,crop,176,1253,46.0,133.25,0.001890325,1
China Heilongjiang,crop,176,1254,46.0,133.5,0.001227343,1
China Heilongjiang,crop,177,1216,45.75,124.0,4.0389e-05,1
China Heilongjiang,crop,177,1217,45.75,124.25,0.000245691,1
China Heilongjiang,crop,177,1218,45.75,124.5,0.000134543,1
China Heilongjiang,crop,177,1219,45.75,124.75,0.000145424,1
China Heilongjiang,crop,177,1220,45.75,125.0,7.4443e-05,1
China Heilongjiang,crop,177,1221,45.75,125.25,0.000319415,1
China Heilongjiang,crop,177,1222,45.75,125.5,0.000236612,1
China Heilongjiang,crop,177,1223,45.75,125.75,0.000239499,1
China Heilongjiang,crop,177,1224,45.75,126.0,0.000148088,1
China Heilongjiang,crop,177,1225,45.75,126.25,0.00151277,1
China Heilongjiang,crop,177,1226,45.75,126.5,0.001478298,1
China Heilongjiang,crop,177,1227,45.75,126.75,0.001451599,1
China Heilongjiang,crop,177,1228,45.75,127.0,0.001493176,1
China Heilongjiang,crop,177,1229,45.75,127.25,0.000373284,1
China Heilongjiang,crop,177,1230,45.75,127.5,0.000424907,1
China Heilongjiang,crop,177,1231,45.75,127.75,0.000309096,1
China Heilongjiang,crop,177,1232,45.75,128.0,0.000137194,1
China Heilongjiang,crop,177,1233,45.75,128.25,0.000233582,1
China Heilongjiang,crop,177,1234,45.75,128.5,0.000898824,1
China Heilongjiang,crop,177,1235,45.75,128.75,0.000727994,1
China Heilongjiang,crop,177,1236,45.75,129.0,0.000172254,1
China Heilongjiang,crop,177,1237,45.75,129.25,3.0592e-05,1
China Heilongjiang,crop,177,1238,45.75,129.5,0.000125203,1
China Heilongjiang,crop,177,1239,45.75,129.75,0.000703071,1
China Heilongjiang,crop,177,1240,45.75,130.0,0.002694799,1
China Heilongjiang,crop,177,1241,45.75,130.25,6.806e-06,1
China Heilongjiang,crop,177,1242,45.75,130.5,0.001502934,1
China Heilongjiang,crop,177,1243,45.75,130.75,0.001728534,1
China Heilongjiang,crop,177,1244,45.75,131.0,0.000532058,1
China Heilongjiang,crop,177,1245,45.75,131.25,0.000973423,1
China Heilongjiang,crop,177,1246,45.75,131.5,0.000788838,1
China Heilongjiang,crop,177,1247,45.75,131.75,0.00075937,1
China Heilongjiang,crop,177,1248,45.75,132.0,0.000472519,1
China Heilongjiang,crop,177,1249,45.75,132.25,0.000666666,1
China Heilongjiang,crop,177,1250,45.75,132.5,0.001550128,1
China Heilongjiang,crop,177,1251,45.75,132.75,0.001303523,1
China Heilongjiang,crop,177,1252,45.75,133.0,0.001920068,1
China Heilongjiang,crop,177,1253,45.75,133.25,0.001837919,1
China Heilongjiang,crop,177,1254,45.75,133.5,0.000115459,1
China Heilongjiang,crop,178,1217,45.5,124.25,2.1096e-05,1
China Heilongjiang,crop,178,1218,45.5,124.5,0.000216339,1
China Heilongjiang,crop,178,1219,45.5,124.75,0.000133197,1
China Heilongjiang,crop,178,1220,45.5,125.0,6.9022e-05,1
China Heilongjiang,crop,178,1221,45.5,125.25,0.000179856,1
China Heilongjiang,crop,178,1222,45.5,125.5,0.000124014,1
China Heilongjiang,crop,178,1223,45.5,125.75,0.000119012,1
China Heilongjiang,crop,178,1224,45.5,126.0,0.000142145,1
China Heilongjiang,crop,178,1225,45.5,126.25,0.000147305,1
China Heilongjiang,crop,178,1226,45.5,126.5,0.000917634,1
China Heilongjiang,crop,178,1227,45.5,126.75,0.000678735,1
China Heilongjiang,crop,178,1228,45.5,127.0,0.000235149,1
China Heilongjiang,crop,178,1229,45.5,127.25,4.116e-05,1
China Heilongjiang,crop,178,1230,45.5,127.5,1.5466e-05,1
China Heilongjiang,crop,178,1231,45.5,127.75,0.000208306,1
China Heilongjiang,crop,178,1232,45.5,128.0,0.000829619,1
China Heilongjiang,crop,178,1233,45.5,128.25,0.001118507,1
China Heilongjiang,crop,178,1234,45.5,128.5,0.000639,1
China Heilongjiang,crop,178,1235,45.5,128.75,0.001072345,1
China Heilongjiang,crop,178,1236,45.5,129.0,7.1216e-05,1
China Heilongjiang,crop,178,1237,45.5,129.25,6.14e-07,1
China Heilongjiang,crop,178,1238,45.5,129.5,1.959e-06,1
China Heilongjiang,crop,178,1239,45.5,129.75,0.000460019,1
China Heilongjiang,crop,178,1240,45.5,130.0,9.261e-06,1
China Heilongjiang,crop,178,1241,45.5,130.25,0.001128696,1
China Heilongjiang,crop,178,1242,45.5,130.5,0.000423979,1
China Heilongjiang,crop,178,1243,45.5,130.75,0.000290625,1
China Heilongjiang,crop,178,1244,45.5,131.0,0.000318487,1
China Heilongjiang,crop,178,1245,45.5,131.25,0.000556654,1
China Heilongjiang,crop,178,1246,45.5,131.5,0.000533429,1
China Heilongjiang,crop,178,1247,45.5,131.75,0.000798374,1
China Heilongjiang,crop,178,1248,45.5,132.0,0.00055928,1
China Heilongjiang,crop,178,1249,45.5,132.25,0.000934001,1
China Heilongjiang,crop,178,1250,45.5,132.5,0.000957095,1
China Heilongjiang,crop,178,1251,45.5,132.75,0.00090286,1
China Heilongjiang,crop,178,1252,45.5,133.0,0.001272186,1
China Heilongjiang,crop,178,1253,45.5,133.25,0.000221591,1
China Heilongjiang,crop,179,1223,45.25,125.75,3.2382e-05,1
China Heilongjiang,crop,179,1224,45.25,126.0,0.000136868,1
China Heilongjiang,crop,179,1225,45.25,126.25,9.1241e-05,1
China Heilongjiang,crop,179,1226,45.25,126.5,7.9903e-05,1
China Heilongjiang,crop,179,1227,45.25,126.75,0.000457902,1
China Heilongjiang,crop,179,1228,45.25,127.0,0.000453082,1
China Heilongjiang,crop,179,1229,45.25,127.25,0.000156932,1
China Heilongjiang,crop,179,1230,45.25,127.5,0.000914603,1
China Heilongjiang,crop,179,1231,45.25,127.75,0.003204416,1
China Heilongjiang,crop,179,1232,45.25,128.0,0.003478504,1
China Heilongjiang,crop,179,1233,45.25,128.25,0.001838598,1
China Heilongjiang,crop,179,1234,45.25,128.5,0.000339975,1
China Heilongjiang,crop,179,1235,45.25,128.75,0.001583045,1
China Heilongjiang,crop,179,1236,45.25,129.0,4.128e-06,1
China Heilongjiang,crop,179,1237,45.25,129.25,3.344e-06,1
China Heilongjiang,crop,179,1238,45.25,129.5,1.7948e-05,1
China Heilongjiang,crop,179,1239,45.25,129.75,6.0675e-05,1
China Heilongjiang,crop,179,1240,45.25,130.0,0.001180423,1
China Heilongjiang,crop,179,1241,45.25,130.25,0.002152605,1
China Heilongjiang,crop,179,1242,45.25,130.5,0.0003571,1
China Heilongjiang,crop,179,1243,45.25,130.75,0.000838698,1
China Heilongjiang,crop,179,1244,45.25,131.0,0.000992756,1
China Heilongjiang,crop,179,1245,45.25,131.25,0.000989111,1
China Heilongjiang,crop,179,1246,45.25,131.5,0.000636544,1
China Heilongjiang,crop,179,1247,45.25,131.75,0.000119129,1
China Heilongjiang,crop,179,1248,45.25,132.0,0.000208816,1
China Heilongjiang,crop,179,1249,45.25,132.25,0.0,0
China Heilongjiang,crop,179,1250,45.25,132.5,0.0,0
China Heilongjiang,crop,179,1251,45.25,132.75,3.3165e-05,0
China Heilongjiang,crop,179,1252,45.25,133.0,0.000478515,1
China Heilongjiang,crop,180,1228,45.0,127.0,0.000256859,1
China Heilongjiang,crop,180,1229,45.0,127.25,0.00045802,1
China Heilongjiang,crop,180,1230,45.0,127.5,0.000330792,1
China Heilongjiang,crop,180,1231,45.0,127.75,0.001400956,1
China Heilongjiang,crop,180,1232,45.0,128.0,0.00167473,1
China Heilongjiang,crop,180,1233,45.0,128.25,0.000825753,1
China Heilongjiang,crop,180,1234,45.0,128.5,0.000935281,1
China Heilongjiang,crop,180,1235,45.0,128.75,3.9475e-05,1
China Heilongjiang,crop,180,1236,45.0,129.0,2.9e-06,1
China Heilongjiang,crop,180,1237,45.0,129.25,6.152e-06,1
China Heilongjiang,crop,180,1238,45.0,129.5,0.000214459,1
China Heilongjiang,crop,180,1239,45.0,129.75,0.001883402,1
China Heilongjiang,crop,180,1240,45.0,130.0,0.001926769,1
China Heilongjiang,crop,180,1241,45.0,130.25,0.002439077,1
China Heilongjiang,crop,180,1242,45.0,130.5,0.005375962,1
China Heilongjiang,crop,180,1243,45.0,130.75,0.000397489,1
China Heilongjiang,crop,180,1244,45.0,131.0,6.9427e-05,1
China Heilongjiang,crop,180,1245,45.0,131.25,3.8678e-05,1
China Heilongjiang,crop,180,1246,45.0,131.5,0.0,1
China Heilongjiang,crop,180,1252,45.0,133.0,7.811e-06,1
China Heilongjiang,crop,181,1228,44.75,127.0,0.000352685,1
China Heilongjiang,crop,181,1229,44.75,127.25,0.000194486,1
China Heilongjiang,crop,181,1230,44.75,127.5,0.000166284,1
China Heilongjiang,crop,181,1231,44.75,127.75,0.000154685,1
China Heilongjiang,crop,181,1232,44.75,128.0,8.6434e-05,1
China Heilongjiang,crop,181,1233,44.75,128.25,7.067e-06,1
China Heilongjiang,crop,181,1234,44.75,128.5,1.9293e-05,1
China Heilongjiang,crop,181,1235,44.75,128.75,6.662e-06,1
China Heilongjiang,crop,181,1236,44.75,129.0,7.38e-06,1
China Heilongjiang,crop,181,1237,44.75,129.25,0.000699609,1
China Heilongjiang,crop,181,1238,44.75,129.5,0.000774483,1
China Heilongjiang,crop,181,1239,44.75,129.75,0.00186454,1
China Heilongjiang,crop,181,1240,44.75,130.0,0.000127398,1
China Heilongjiang,crop,181,1241,44.75,130.25,0.001658925,1
China Heilongjiang,crop,181,1242,44.75,130.5,0.002553712,1
China Heilongjiang,crop,181,1243,44.75,130.75,0.000322707,1
China Heilongjiang,crop,181,1244,44.75,131.0,7.5488e-05,1
China Heilongjiang,crop,182,1230,44.5,127.5,6.6331e-05,1
China Heilongjiang,crop,182,1231,44.5,127.75,5.6181e-05,1
China Heilongjiang,crop,182,1232,44.5,128.0,4.115e-06,1
China Heilongjiang,crop,182,1233,44.5,128.25,0.0,1
China Heilongjiang,crop,182,1234,44.5,128.5,1.319e-06,1
China Heilongjiang,crop,182,1235,44.5,128.75,6.884e-06,1
China Heilongjiang,crop,182,1236,44.5,129.0,0.002103373,1
China Heilongjiang,crop,182,1237,44.5,129.25,0.002282772,1
China Heilongjiang,crop,182,1238,44.5,129.5,0.001966571,1
China Heilongjiang,crop,182,1239,44.5,129.75,0.000456413,1
China Heilongjiang,crop,182,1240,44.5,130.0,0.000315339,1
China Heilongjiang,crop,182,1241,44.5,130.25,0.000853158,1
China Heilongjiang,crop,182,1242,44.5,130.5,0.000486365,1
China Heilongjiang,crop,182,1243,44.5,130.75,0.000476125,1
China Heilongjiang,crop,182,1244,44.5,131.0,0.000232576,1
China Heilongjiang,crop,183,1230,44.25,127.5,1.7e-07,1
China Heilongjiang,crop,183,1231,44.25,127.75,6.884e-06,1
China Heilongjiang,crop,183,1232,44.25,128.0,7.18e-07,1
China Heilongjiang,crop,183,1234,44.25,128.5,4.062e-06,1
China Heilongjiang,crop,183,1235,44.25,128.75,1.2305e-05,1
China Heilongjiang,crop,183,1236,44.25,129.0,0.001645601,1
China Heilongjiang,crop,183,1237,44.25,129.25,0.002003015,1
China Heilongjiang,crop,183,1238,44.25,129.5,0.00090158,1
China Heilongjiang,crop,183,1239,44.25,129.75,1.685e-06,1
China Heilongjiang,crop,183,1240,44.25,130.0,0.000102266,1
China Heilongjiang,crop,183,1241,44.25,130.25,0.000517245,1
China Heilongjiang,crop,183,1242,44.25,130.5,0.000121363,1
China Heilongjiang,crop,183,1243,44.25,130.75,0.000415933,1
China Heilongjiang,crop,183,1244,44.25,131.0,0.00029602,1
China Heilongjiang,crop,183,1245,44.25,131.25,3.0187e-05,1
China Heilongjiang,crop,184,1234,44.0,128.5,1.1952e-05,1
China Heilongjiang,crop,184,1235,44.0,128.75,0.000102396,1
China Heilongjiang,crop,184,1236,44.0,129.0,0.000302995,1
China Heilongjiang,crop,184,1237,44.0,129.25,0.000169145,1
China Heilongjiang,crop,184,1238,44.0,129.5,8.647e-06,1
China Heilongjiang,crop,184,1239,44.0,129.75,9.67e-07,1
China Heilongjiang,crop,184,1240,44.0,130.0,0.000113186,1
China Heilongjiang,crop,184,1241,44.0,130.25,0.000166141,1
China Heilongjiang,crop,184,1242,44.0,130.5,5.3882e-05,1
China Heilongjiang,crop,184,1243,44.0,130.75,0.000456857,1
China Heilongjiang,crop,184,1244,44.0,131.0,0.001430215,1
China Heilongjiang,crop,184,1245,44.0,131.25,0.000259367,1
China Heilongjiang,crop,185,1235,43.75,128.75,0.000109646,1
China Heilongjiang,crop,185,1236,43.75,129.0,9.235e-06,1
China Heilongjiang,crop,185,1237,43.75,129.25,1.3e-08,1
China Heilongjiang,crop,185,1241,43.75,130.25,2.6e-08,1
China Heilongjiang,crop,185,1242,43.75,130.5,8.8341e-05,1
China Heilongjiang,crop,185,1243,43.75,130.75,0.000340367,1
China Heilongjiang,crop,185,1244,43.75,131.0,0.000196589,1
China Heilongjiang,crop,186,1243,43.5,130.75,1.8679e-05,1
China Heilongjiang,crop,186,1244,43.5,131.0,2.48e-07,1
pin:China Heilongjiang,pin,171,1231,47.25,127.75,1.0,1
France Champagne (Grand Est),crop,159,739,50.25,4.75,0.000519897,1
France Champagne (Grand Est),crop,160,737,50.0,4.25,0.002408995,1
France Champagne (Grand Est),crop,160,738,50.0,4.5,0.001403054,1
France Champagne (Grand Est),crop,160,739,50.0,4.75,0.000237672,1
France Champagne (Grand Est),crop,161,736,49.75,4.0,0.001704398,1
France Champagne (Grand Est),crop,161,737,49.75,4.25,0.011127788,1
France Champagne (Grand Est),crop,161,738,49.75,4.5,0.010034497,1
France Champagne (Grand Est),crop,161,739,49.75,4.75,0.006348036,1
France Champagne (Grand Est),crop,161,740,49.75,5.0,0.005828841,1
France Champagne (Grand Est),crop,161,741,49.75,5.25,0.001238877,1
France Champagne (Grand Est),crop,162,735,49.5,3.75,0.002055732,1
France Champagne (Grand Est),crop,162,736,49.5,4.0,0.005813757,1
France Champagne (Grand Est),crop,162,737,49.5,4.25,0.018020453,1
France Champagne (Grand Est),crop,162,738,49.5,4.5,0.016074173,1
France Champagne (Grand Est),crop,162,739,49.5,4.75,0.009775426,1
France Champagne (Grand Est),crop,162,740,49.5,5.0,0.011144627,1
France Champagne (Grand Est),crop,162,741,49.5,5.25,0.01002941,1
France Champagne (Grand Est),crop,162,742,49.5,5.5,0.007496054,1
France Champagne (Grand Est),crop,162,743,49.5,5.75,0.009426898,1
France Champagne (Grand Est),crop,162,744,49.5,6.0,0.003533859,1
France Champagne (Grand Est),crop,162,745,49.5,6.25,0.005802531,1
France Champagne (Grand Est),crop,162,746,49.5,6.5,0.002212017,1
France Champagne (Grand Est),crop,163,734,49.25,3.5,0.001888221,1
France Champagne (Grand Est),crop,163,735,49.25,3.75,0.009923817,1
France Champagne (Grand Est),crop,163,736,49.25,4.0,0.009614229,1
France Champagne (Grand Est),crop,163,737,49.25,4.25,0.016068385,1
France Champagne (Grand Est),crop,163,738,49.25,4.5,0.013330157,1
France Champagne (Grand Est),crop,163,739,49.25,4.75,0.010605611,1
France Champagne (Grand Est),crop,163,740,49.25,5.0,0.009230095,1
France Champagne (Grand Est),crop,163,741,49.25,5.25,0.011598572,1
France Champagne (Grand Est),crop,163,742,49.25,5.5,0.009661588,1
France Champagne (Grand Est),crop,163,743,49.25,5.75,0.012342284,1
France Champagne (Grand Est),crop,163,744,49.25,6.0,0.007251717,1
France Champagne (Grand Est),crop,163,745,49.25,6.25,0.008218366,1
France Champagne (Grand Est),crop,163,746,49.25,6.5,0.008934014,1
France Champagne (Grand Est),crop,163,747,49.25,6.75,0.001817007,1
France Champagne (Grand Est),crop,163,748,49.25,7.0,0.00087123,1
France Champagne (Grand Est),crop,163,749,49.25,7.25,0.001513033,1
France Champagne (Grand Est),crop,163,750,49.25,7.5,0.000815803,1
France Champagne (Grand Est),crop,164,734,49.0,3.5,0.005560649,1
France Champagne (Grand Est),crop,164,735,49.0,3.75,0.008700551,1
France Champagne (Grand Est),crop,164,736,49.0,4.0,0.015875616,1
France Champagne (Grand Est),crop,164,737,49.0,4.25,0.019003767,1
France Champagne (Grand Est),crop,164,738,49.0,4.5,0.017444252,1
France Champagne (Grand Est),crop,164,739,49.0,4.75,0.014473965,1
France Champagne (Grand Est),crop,164,740,49.0,5.0,0.009731224,1
France Champagne (Grand Est),crop,164,741,49.0,5.25,0.014108248,1
France Champagne (Grand Est),crop,164,742,49.0,5.5,0.009402342,1
France Champagne (Grand Est),crop,164,743,49.0,5.75,0.010774876,1
France Champagne (Grand Est),crop,164,744,49.0,6.0,0.008820177,1
France Champagne (Grand Est),crop,164,745,49.0,6.25,0.012901646,1
France Champagne (Grand Est),crop,164,746,49.0,6.5,0.012095491,1
France Champagne (Grand Est),crop,164,747,49.0,6.75,0.011136558,1
France Champagne (Grand Est),crop,164,748,49.0,7.0,0.007695488,1
France Champagne (Grand Est),crop,164,749,49.0,7.25,0.005475228,1
France Champagne (Grand Est),crop,164,750,49.0,7.5,0.001328683,1
France Champagne (Grand Est),crop,164,751,49.0,7.75,0.001396214,1
France Champagne (Grand Est),crop,164,752,49.0,8.0,0.00197452,1
France Champagne (Grand Est),crop,165,734,48.75,3.5,0.011627162,1
France Champagne (Grand Est),crop,165,735,48.75,3.75,0.014772678,1
France Champagne (Grand Est),crop,165,736,48.75,4.0,0.01649409,1
France Champagne (Grand Est),crop,165,737,48.75,4.25,0.015032977,1
France Champagne (Grand Est),crop,165,738,48.75,4.5,0.015394835,1
France Champagne (Grand Est),crop,165,739,48.75,4.75,0.009733855,1
France Champagne (Grand Est),crop,165,740,48.75,5.0,0.008213806,1
France Champagne (Grand Est),crop,165,741,48.75,5.25,0.010951332,1
France Champagne (Grand Est),crop,165,742,48.75,5.5,0.011240923,1
France Champagne (Grand Est),crop,165,743,48.75,5.75,0.007714782,1
France Champagne (Grand Est),crop,165,744,48.75,6.0,0.005663085,1
France Champagne (Grand Est),crop,165,745,48.75,6.25,0.009742274,1
France Champagne (Grand Est),crop,165,746,48.75,6.5,0.011687501,1
France Champagne (Grand Est),crop,165,747,48.75,6.75,0.010121321,1
France Champagne (Grand Est),crop,165,748,48.75,7.0,0.009702633,1
France Champagne (Grand Est),crop,165,749,48.75,7.25,0.002333571,1
France Champagne (Grand Est),crop,165,750,48.75,7.5,0.004515067,1
France Champagne (Grand Est),crop,165,751,48.75,7.75,0.002194301,1
France Champagne (Grand Est),crop,165,752,48.75,8.0,0.000602512,1
France Champagne (Grand Est),crop,166,734,48.5,3.5,0.012414725,1
France Champagne (Grand Est),crop,166,735,48.5,3.75,0.015133483,1
France Champagne (Grand Est),crop,166,736,48.5,4.0,0.016672475,1
France Champagne (Grand Est),crop,166,737,48.5,4.25,0.016598806,1
France Champagne (Grand Est),crop,166,738,48.5,4.5,0.011996212,1
France Champagne (Grand Est),crop,166,739,48.5,4.75,0.00803963,1
France Champagne (Grand Est),crop,166,740,48.5,5.0,0.008868413,1
France Champagne (Grand Est),crop,166,741,48.5,5.25,0.010517734,1
France Champagne (Grand Est),crop,166,742,48.5,5.5,0.009764726,1
France Champagne (Grand Est),crop,166,743,48.5,5.75,0.009224658,1
France Champagne (Grand Est),crop,166,744,48.5,6.0,0.011402295,1
France Champagne (Grand Est),crop,166,745,48.5,6.25,0.009641592,1
France Champagne (Grand Est),crop,166,746,48.5,6.5,0.008682134,1
France Champagne (Grand Est),crop,166,747,48.5,6.75,0.006177368,1
France Champagne (Grand Est),crop,166,748,48.5,7.0,0.000560064,1
France Champagne (Grand Est),crop,166,749,48.5,7.25,0.000536911,1
France Champagne (Grand Est),crop,166,750,48.5,7.5,0.003358631,1
France Champagne (Grand Est),crop,166,751,48.5,7.75,0.001224143,1
France Champagne (Grand Est),crop,167,734,48.25,3.5,0.001991709,1
France Champagne (Grand Est),crop,167,735,48.25,3.75,0.010983606,1
France Champagne (Grand Est),crop,167,736,48.25,4.0,0.009654221,1
France Champagne (Grand Est),crop,167,737,48.25,4.25,0.008151538,1
France Champagne (Grand Est),crop,167,738,48.25,4.5,0.008831403,1
France Champagne (Grand Est),crop,167,739,48.25,4.75,0.007820551,1
France Champagne (Grand Est),crop,167,740,48.25,5.0,0.008946467,1
France Champagne (Grand Est),crop,167,741,48.25,5.25,0.007831952,1
France Champagne (Grand Est),crop,167,742,48.25,5.5,0.010183239,1
France Champagne (Grand Est),crop,167,743,48.25,5.75,0.008619164,1
France Champagne (Grand Est),crop,167,744,48.25,6.0,0.00963861,1
France Champagne (Grand Est),crop,167,745,48.25,6.25,0.008126455,1
France Champagne (Grand Est),crop,167,746,48.25,6.5,0.00516792,1
France Champagne (Grand Est),crop,167,747,48.25,6.75,0.00222868,1
France Champagne (Grand Est),crop,167,748,48.25,7.0,0.000600232,1
France Champagne (Grand Est),crop,167,749,48.25,7.25,0.000752657,1
France Champagne (Grand Est),crop,167,750,48.25,7.5,0.000552873,1
France Champagne (Grand Est),crop,168,735,48.0,3.75,0.001167312,1
France Champagne (Grand Est),crop,168,736,48.0,4.0,0.006421881,1
France Champagne (Grand Est),crop,168,737,48.0,4.25,0.006182981,1
France Champagne (Grand Est),crop,168,738,48.0,4.5,0.001910147,1
France Champagne (Grand Est),crop,168,739,48.0,4.75,0.00333425,1
France Champagne (Grand Est),crop,168,740,48.0,5.0,0.006740941,1
France Champagne (Grand Est),crop,168,741,48.0,5.25,0.010918532,1
France Champagne (Grand Est),crop,168,742,48.0,5.5,0.010247261,1
France Champagne (Grand Est),crop,168,743,48.0,5.75,0.006391887,1
France Champagne (Grand Est),crop,168,744,48.0,6.0,0.001543027,1
France Champagne (Grand Est),crop,168,745,48.0,6.25,0.003467732,1
France Champagne (Grand Est),crop,168,746,48.0,6.5,0.001674579,1
France Champagne (Grand Est),crop,168,747,48.0,6.75,0.000759147,1
France Champagne (Grand Est),crop,168,748,48.0,7.0,0.000173299,1
France Champagne (Grand Est),crop,168,749,48.0,7.25,0.000785107,1
France Champagne (Grand Est),crop,168,750,48.0,7.5,3.508e-06,1
France Champagne (Grand Est),crop,169,740,47.75,5.0,0.00291942,1
France Champagne (Grand Est),crop,169,741,47.75,5.25,0.009302712,1
France Champagne (Grand Est),crop,169,742,47.75,5.5,0.005397524,1
France Champagne (Grand Est),crop,169,748,47.75,7.0,0.001881731,1
France Champagne (Grand Est),crop,169,749,47.75,7.25,0.002863992,1
France Champagne (Grand Est),crop,169,750,47.75,7.5,0.001033654,1
France Champagne (Grand Est),crop,170,749,47.5,7.25,0.002029772,1
France Champagne (Grand Est),crop,170,750,47.5,7.5,0.000395009,1
pin:France Champagne (Grand Est),pin,165,737,48.75,4.25,1.0,1
Germany Mecklenburg-Vorpommern,crop,141,773,54.75,13.25,0.0,0
Germany Mecklenburg-Vorpommern,crop,142,770,54.5,12.5,0.0,0
Germany Mecklenburg-Vorpommern,crop,142,771,54.5,12.75,0.002932299,0
Germany Mecklenburg-Vorpommern,crop,142,772,54.5,13.0,0.005119383,0
Germany Mecklenburg-Vorpommern,crop,142,773,54.5,13.25,0.017459654,1
Germany Mecklenburg-Vorpommern,crop,142,774,54.5,13.5,0.009489754,0
Germany Mecklenburg-Vorpommern,crop,142,775,54.5,13.75,0.0,0
Germany Mecklenburg-Vorpommern,crop,143,767,54.25,11.75,0.006351022,0
Germany Mecklenburg-Vorpommern,crop,143,768,54.25,12.0,0.006298029,0
Germany Mecklenburg-Vorpommern,crop,143,769,54.25,12.25,0.015845047,1
Germany Mecklenburg-Vorpommern,crop,143,770,54.25,12.5,0.026325206,1
Germany Mecklenburg-Vorpommern,crop,143,771,54.25,12.75,0.027190643,1
Germany Mecklenburg-Vorpommern,crop,143,772,54.25,13.0,0.02831867,1
Germany Mecklenburg-Vorpommern,crop,143,773,54.25,13.25,0.027172927,1
Germany Mecklenburg-Vorpommern,crop,143,774,54.25,13.5,0.002230427,0
Germany Mecklenburg-Vorpommern,crop,143,775,54.25,13.75,0.002062275,0
Germany Mecklenburg-Vorpommern,crop,144,763,54.0,10.75,0.002614187,1
Germany Mecklenburg-Vorpommern,crop,144,764,54.0,11.0,0.021763903,0
Germany Mecklenburg-Vorpommern,crop,144,765,54.0,11.25,0.012373016,0
Germany Mecklenburg-Vorpommern,crop,144,766,54.0,11.5,0.018924301,1
Germany Mecklenburg-Vorpommern,crop,144,767,54.0,11.75,0.028244005,1
Germany Mecklenburg-Vorpommern,crop,144,768,54.0,12.0,0.0297917,1
Germany Mecklenburg-Vorpommern,crop,144,769,54.0,12.25,0.029591595,1
Germany Mecklenburg-Vorpommern,crop,144,770,54.0,12.5,0.028798924,1
Germany Mecklenburg-Vorpommern,crop,144,771,54.0,12.75,0.025228026,1
Germany Mecklenburg-Vorpommern,crop,144,772,54.0,13.0,0.02963478,1
Germany Mecklenburg-Vorpommern,crop,144,773,54.0,13.25,0.030871638,1
Germany Mecklenburg-Vorpommern,crop,144,774,54.0,13.5,0.023252753,1
Germany Mecklenburg-Vorpommern,crop,144,775,54.0,13.75,0.011201488,1
Germany Mecklenburg-Vorpommern,crop,144,776,54.0,14.0,0.001882259,0
Germany Mecklenburg-Vorpommern,crop,145,763,53.75,10.75,0.00946223,1
Germany Mecklenburg-Vorpommern,crop,145,764,53.75,11.0,0.030698108,1
Germany Mecklenburg-Vorpommern,crop,145,765,53.75,11.25,0.022974503,1
Germany Mecklenburg-Vorpommern,crop,145,766,53.75,11.5,0.012776391,1
Germany Mecklenburg-Vorpommern,crop,145,767,53.75,11.75,0.015494664,1
Germany Mecklenburg-Vorpommern,crop,145,768,53.75,12.0,0.014921081,1
Germany Mecklenburg-Vorpommern,crop,145,769,53.75,12.25,0.013269458,1
Germany Mecklenburg-Vorpommern,crop,145,770,53.75,12.5,0.018793165,1
Germany Mecklenburg-Vorpommern,crop,145,771,53.75,12.75,0.020980723,1
Germany Mecklenburg-Vorpommern,crop,145,772,53.75,13.0,0.0212566,1
Germany Mecklenburg-Vorpommern,crop,145,773,53.75,13.25,0.022938912,1
Germany Mecklenburg-Vorpommern,crop,145,774,53.75,13.5,0.021310226,1
Germany Mecklenburg-Vorpommern,crop,145,775,53.75,13.75,0.01359722,1
Germany Mecklenburg-Vorpommern,crop,145,776,53.75,14.0,0.003193623,1
Germany Mecklenburg-Vorpommern,crop,145,777,53.75,14.25,0.000709624,0
Germany Mecklenburg-Vorpommern,crop,146,762,53.5,10.5,0.000956394,1
Germany Mecklenburg-Vorpommern,crop,146,763,53.5,10.75,0.014104998,1
Germany Mecklenburg-Vorpommern,crop,146,764,53.5,11.0,0.029257822,1
Germany Mecklenburg-Vorpommern,crop,146,765,53.5,11.25,0.021055704,1
Germany Mecklenburg-Vorpommern,crop,146,766,53.5,11.5,0.017470569,1
Germany Mecklenburg-Vorpommern,crop,146,767,53.5,11.75,0.021527415,1
Germany Mecklenburg-Vorpommern,crop,146,768,53.5,12.0,0.0220015,1
Germany Mecklenburg-Vorpommern,crop,146,769,53.5,12.25,0.016389524,1
Germany Mecklenburg-Vorpommern,crop,146,770,53.5,12.5,0.015987731,1
Germany Mecklenburg-Vorpommern,crop,146,771,53.5,12.75,0.008713692,1
Germany Mecklenburg-Vorpommern,crop,146,772,53.5,13.0,0.007713322,1
Germany Mecklenburg-Vorpommern,crop,146,773,53.5,13.25,0.01204826,1
Germany Mecklenburg-Vorpommern,crop,146,774,53.5,13.5,0.016529361,1
Germany Mecklenburg-Vorpommern,crop,146,775,53.5,13.75,0.004961988,1
Germany Mecklenburg-Vorpommern,crop,146,776,53.5,14.0,0.013594214,1
Germany Mecklenburg-Vorpommern,crop,146,777,53.5,14.25,0.009580079,1
Germany Mecklenburg-Vorpommern,crop,147,763,53.25,10.75,0.000480412,1
Germany Mecklenburg-Vorpommern,crop,147,764,53.25,11.0,0.003907043,1
Germany Mecklenburg-Vorpommern,crop,147,765,53.25,11.25,0.010488543,1
Germany Mecklenburg-Vorpommern,crop,147,766,53.25,11.5,0.010373067,1
Germany Mecklenburg-Vorpommern,crop,147,767,53.25,11.75,0.010581082,1
Germany Mecklenburg-Vorpommern,crop,147,768,53.25,12.0,0.001147958,1
Germany Mecklenburg-Vorpommern,crop,147,770,53.25,12.5,0.005356505,1
Germany Mecklenburg-Vorpommern,crop,147,771,53.25,12.75,0.003587032,1
Germany Mecklenburg-Vorpommern,crop,147,772,53.25,13.0,0.001427157,1
Germany Mecklenburg-Vorpommern,crop,147,773,53.25,13.25,0.0016589,1
Germany Mecklenburg-Vorpommern,crop,147,776,53.25,14.0,0.001276405,1
Germany Mecklenburg-Vorpommern,crop,147,777,53.25,14.25,0.004478887,1
pin:Germany Mecklenburg-Vorpommern,pin,146,771,53.5,12.75,1.0,1
Romania Baragan (Danube plain),crop,178,830,45.5,27.5,0.009513005,1
Romania Baragan (Danube plain),crop,178,831,45.5,27.75,0.007651908,1
Romania Baragan (Danube plain),crop,178,832,45.5,28.0,0.001482538,1
Romania Baragan (Danube plain),crop,179,828,45.25,27.0,0.002443587,1
Romania Baragan (Danube plain),crop,179,829,45.25,27.25,0.012001445,1
Romania Baragan (Danube plain),crop,179,830,45.25,27.5,0.005712468,1
Romania Baragan (Danube plain),crop,179,831,45.25,27.75,0.0044829,1
Romania Baragan (Danube plain),crop,179,832,45.25,28.0,0.007892918,1
Romania Baragan (Danube plain),crop,180,829,45.0,27.25,0.003292204,1
Romania Baragan (Danube plain),crop,180,830,45.0,27.5,0.002601469,1
Romania Baragan (Danube plain),crop,180,831,45.0,27.75,0.00842577,1
Romania Baragan (Danube plain),crop,180,832,45.0,28.0,0.00925824,1
Romania Baragan (Danube plain),crop,181,825,44.75,26.25,0.004678458,1
Romania Baragan (Danube plain),crop,181,826,44.75,26.5,0.043862566,1
Romania Baragan (Danube plain),crop,181,827,44.75,26.75,0.046437123,1
Romania Baragan (Danube plain),crop,181,828,44.75,27.0,0.039957372,1
Romania Baragan (Danube plain),crop,181,829,44.75,27.25,0.03414862,1
Romania Baragan (Danube plain),crop,181,830,44.75,27.5,0.024631428,1
Romania Baragan (Danube plain),crop,181,831,44.75,27.75,0.036724971,1
Romania Baragan (Danube plain),crop,181,832,44.75,28.0,0.015772678,1
Romania Baragan (Danube plain),crop,181,833,44.75,28.25,0.011375298,1
Romania Baragan (Danube plain),crop,181,834,44.75,28.5,0.007087359,1
Romania Baragan (Danube plain),crop,181,835,44.75,28.75,0.001470578,1
Romania Baragan (Danube plain),crop,182,825,44.5,26.25,0.004899733,1
Romania Baragan (Danube plain),crop,182,826,44.5,26.5,0.045682398,1
Romania Baragan (Danube plain),crop,182,827,44.5,26.75,0.044238733,1
Romania Baragan (Danube plain),crop,182,828,44.5,27.0,0.055093737,1
Romania Baragan (Danube plain),crop,182,829,44.5,27.25,0.055701944,1
Romania Baragan (Danube plain),crop,182,830,44.5,27.5,0.045072399,1
Romania Baragan (Danube plain),crop,182,831,44.5,27.75,0.035276521,1
Romania Baragan (Danube plain),crop,182,832,44.5,28.0,0.025147536,1
Romania Baragan (Danube plain),crop,182,833,44.5,28.25,0.020619185,1
Romania Baragan (Danube plain),crop,182,834,44.5,28.5,0.017594305,1
Romania Baragan (Danube plain),crop,182,835,44.5,28.75,0.001915519,1
Romania Baragan (Danube plain),crop,183,825,44.25,26.25,0.004574998,1
Romania Baragan (Danube plain),crop,183,826,44.25,26.5,0.043124586,1
Romania Baragan (Danube plain),crop,183,827,44.25,26.75,0.037196824,1
Romania Baragan (Danube plain),crop,183,828,44.25,27.0,0.031879062,1
Romania Baragan (Danube plain),crop,183,829,44.25,27.25,0.03401107,1
Romania Baragan (Danube plain),crop,183,830,44.25,27.5,0.028032476,1
Romania Baragan (Danube plain),crop,183,831,44.25,27.75,0.021232176,1
Romania Baragan (Danube plain),crop,183,832,44.25,28.0,0.015559777,1
Romania Baragan (Danube plain),crop,183,833,44.25,28.25,0.015239228,1
Romania Baragan (Danube plain),crop,183,834,44.25,28.5,0.013489964,1
Romania Baragan (Danube plain),crop,184,829,44.0,27.25,0.001901764,1
Romania Baragan (Danube plain),crop,184,830,44.0,27.5,0.005915203,1
Romania Baragan (Danube plain),crop,184,831,44.0,27.75,0.004626429,1
Romania Baragan (Danube plain),crop,184,832,44.0,28.0,0.012520543,1
Romania Baragan (Danube plain),crop,184,833,44.0,28.25,0.01605854,1
Romania Baragan (Danube plain),crop,184,834,44.0,28.5,0.014759601,1
Romania Baragan (Danube plain),crop,185,833,43.75,28.25,0.005409262,1
Romania Baragan (Danube plain),crop,185,834,43.75,28.5,0.002321587,1
pin:Romania Baragan (Danube plain),pin,182,828,44.5,27.0,1.0,1
South Africa Free State,crop,467,829,-26.75,27.25,0.0,1
South Africa Free State,crop,467,830,-26.75,27.5,0.001527213,1
South Africa Free State,crop,467,831,-26.75,27.75,0.006434184,1
South Africa Free State,crop,467,832,-26.75,28.0,0.004904619,1
South Africa Free State,crop,468,826,-27.0,26.5,0.003015142,1
South Africa Free State,crop,468,827,-27.0,26.75,0.016173017,1
South Africa Free State,crop,468,828,-27.0,27.0,0.006831444,1
South Africa Free State,crop,468,829,-27.0,27.25,0.003383216,1
South Africa Free State,crop,468,830,-27.0,27.5,0.004091978,1
South Africa Free State,crop,468,831,-27.0,27.75,0.007283065,1
South Africa Free State,crop,468,832,-27.0,28.0,0.005414751,1
South Africa Free State,crop,468,833,-27.0,28.25,0.001785321,1
South Africa Free State,crop,468,834,-27.0,28.5,0.014214101,1
South Africa Free State,crop,468,835,-27.0,28.75,0.002581779,1
South Africa Free State,crop,468,836,-27.0,29.0,0.028974988,1
South Africa Free State,crop,469,826,-27.25,26.5,0.010444275,1
South Africa Free State,crop,469,827,-27.25,26.75,0.013889598,1
South Africa Free State,crop,469,828,-27.25,27.0,0.010391574,1
South Africa Free State,crop,469,829,-27.25,27.25,0.005487093,1
South Africa Free State,crop,469,830,-27.25,27.5,0.070313884,1
South Africa Free State,crop,469,831,-27.25,27.75,0.012097499,1
South Africa Free State,crop,469,832,-27.25,28.0,0.003734139,1
South Africa Free State,crop,469,833,-27.25,28.25,0.00319911,1
South Africa Free State,crop,469,834,-27.25,28.5,0.003700527,1
South Africa Free State,crop,469,835,-27.25,28.75,0.014777072,1
South Africa Free State,crop,469,836,-27.25,29.0,0.001548791,1
South Africa Free State,crop,469,837,-27.25,29.25,0.001310047,1
South Africa Free State,crop,469,838,-27.25,29.5,0.0,1
South Africa Free State,crop,470,823,-27.5,25.75,2.77e-07,1
South Africa Free State,crop,470,824,-27.5,26.0,0.000634206,1
South Africa Free State,crop,470,825,-27.5,26.25,0.019493158,1
South Africa Free State,crop,470,826,-27.5,26.5,0.009140037,1
South Africa Free State,crop,470,827,-27.5,26.75,0.008117562,1
South Africa Free State,crop,470,828,-27.5,27.0,0.003534679,1
South Africa Free State,crop,470,829,-27.5,27.25,0.010257264,1
South Africa Free State,crop,470,830,-27.5,27.5,0.006125864,1
South Africa Free State,crop,470,831,-27.5,27.75,0.001606056,1
South Africa Free State,crop,470,832,-27.5,28.0,0.001890584,1
South Africa Free State,crop,470,833,-27.5,28.25,0.002972954,1
South Africa Free State,crop,470,834,-27.5,28.5,0.001663875,1
South Africa Free State,crop,470,835,-27.5,28.75,0.001697902,1
South Africa Free State,crop,470,836,-27.5,29.0,0.003258035,1
South Africa Free State,crop,470,837,-27.5,29.25,0.001166192,1
South Africa Free State,crop,470,838,-27.5,29.5,0.000721626,1
South Africa Free State,crop,470,839,-27.5,29.75,0.0,1
South Africa Free State,crop,471,821,-27.75,25.25,0.000238605,1
South Africa Free State,crop,471,822,-27.75,25.5,0.003232169,1
South Africa Free State,crop,471,823,-27.75,25.75,0.001474927,1
South Africa Free State,crop,471,824,-27.75,26.0,0.017432576,1
South Africa Free State,crop,471,825,-27.75,26.25,0.005692225,1
South Africa Free State,crop,471,826,-27.75,26.5,0.011161612,1
South Africa Free State,crop,471,827,-27.75,26.75,0.00339442,1
South Africa Free State,crop,471,828,-27.75,27.0,0.02234923,1
South Africa Free State,crop,471,829,-27.75,27.25,0.005827088,1
South Africa Free State,crop,471,830,-27.75,27.5,0.0028883,1
South Africa Free State,crop,471,831,-27.75,27.75,0.00062231,1
South Africa Free State,crop,471,832,-27.75,28.0,0.005857519,1
South Africa Free State,crop,471,833,-27.75,28.25,0.003266196,1
South Africa Free State,crop,471,834,-27.75,28.5,0.00328238,1
South Africa Free State,crop,471,835,-27.75,28.75,0.002542496,1
South Africa Free State,crop,471,836,-27.75,29.0,0.002009956,1
South Africa Free State,crop,471,837,-27.75,29.25,0.000348433,1
South Africa Free State,crop,471,838,-27.75,29.5,0.0,1
South Africa Free State,crop,471,839,-27.75,29.75,0.0,1
South Africa Free State,crop,472,820,-28.0,25.0,0.023175288,1
South Africa Free State,crop,472,821,-28.0,25.25,0.002046335,1
South Africa Free State,crop,472,822,-28.0,25.5,0.001889616,1
South Africa Free State,crop,472,823,-28.0,25.75,0.003813121,1
South Africa Free State,crop,472,824,-28.0,26.0,0.036688788,1
South Africa Free State,crop,472,825,-28.0,26.25,0.069644821,1
South Africa Free State,crop,472,826,-28.0,26.5,0.069094715,1
South Africa Free State,crop,472,827,-28.0,26.75,0.010474983,1
South Africa Free State,crop,472,828,-28.0,27.0,0.004503209,1
South Africa Free State,crop,472,829,-28.0,27.25,0.004036096,1
South Africa Free State,crop,472,830,-28.0,27.5,0.005618084,1
South Africa Free State,crop,472,831,-28.0,27.75,0.006539862,1
South Africa Free State,crop,472,832,-28.0,28.0,0.003000203,1
South Africa Free State,crop,472,833,-28.0,28.25,0.005502723,1
South Africa Free State,crop,472,834,-28.0,28.5,0.005113071,1
South Africa Free State,crop,472,835,-28.0,28.75,0.003047647,1
South Africa Free State,crop,472,836,-28.0,29.0,0.003319865,1
South Africa Free State,crop,472,837,-28.0,29.25,0.000776401,1
South Africa Free State,crop,472,838,-28.0,29.5,1.7705e-05,1
South Africa Free State,crop,473,820,-28.25,25.0,0.000183415,1
South Africa Free State,crop,473,821,-28.25,25.25,0.000479286,1
South Africa Free State,crop,473,822,-28.25,25.5,0.002344695,1
South Africa Free State,crop,473,823,-28.25,25.75,0.000411093,1
South Africa Free State,crop,473,824,-28.25,26.0,0.000922746,1
South Africa Free State,crop,473,825,-28.25,26.25,0.003104221,1
South Africa Free State,crop,473,826,-28.25,26.5,0.028859076,1
South Africa Free State,crop,473,827,-28.25,26.75,0.007970525,1
South Africa Free State,crop,473,828,-28.25,27.0,0.000932013,1
South Africa Free State,crop,473,829,-28.25,27.25,0.001427067,1
South Africa Free State,crop,473,830,-28.25,27.5,0.002996468,1
South Africa Free State,crop,473,831,-28.25,27.75,0.002467387,1
South Africa Free State,crop,473,832,-28.25,28.0,0.002842516,1
South Africa Free State,crop,473,833,-28.25,28.25,0.006953997,1
South Africa Free State,crop,473,834,-28.25,28.5,0.003767751,1
South Africa Free State,crop,473,835,-28.25,28.75,0.005893068,1
South Africa Free State,crop,473,836,-28.25,29.0,0.001358045,1
South Africa Free State,crop,473,837,-28.25,29.25,0.0,1
South Africa Free State,crop,473,838,-28.25,29.5,0.0,1
South Africa Free State,crop,474,819,-28.5,24.75,1.38e-07,1
South Africa Free State,crop,474,820,-28.5,25.0,0.0,1
South Africa Free State,crop,474,821,-28.5,25.25,0.0,1
South Africa Free State,crop,474,822,-28.5,25.5,0.000402379,1
South Africa Free State,crop,474,823,-28.5,25.75,0.002396428,1
South Africa Free State,crop,474,824,-28.5,26.0,0.00036683,1
South Africa Free State,crop,474,825,-28.5,26.25,0.013750169,1
South Africa Free State,crop,474,826,-28.5,26.5,0.002850954,1
South Africa Free State,crop,474,827,-28.5,26.75,0.001608684,1
South Africa Free State,crop,474,828,-28.5,27.0,0.000107061,1
South Africa Free State,crop,474,829,-28.5,27.25,0.002454108,1
South Africa Free State,crop,474,830,-28.5,27.5,0.00389072,1
South Africa Free State,crop,474,831,-28.5,27.75,0.00372667,1
South Africa Free State,crop,474,832,-28.5,28.0,0.004458531,1
South Africa Free State,crop,474,833,-28.5,28.25,0.002493391,1
South Africa Free State,crop,474,834,-28.5,28.5,6.4458e-05,1
South Africa Free State,crop,474,835,-28.5,28.75,0.0,1
South Africa Free State,crop,474,836,-28.5,29.0,0.000138045,1
South Africa Free State,crop,474,837,-28.5,29.25,0.0,1
South Africa Free State,crop,475,819,-28.75,24.75,0.0,1
South Africa Free State,crop,475,820,-28.75,25.0,0.0,1
South Africa Free State,crop,475,821,-28.75,25.25,0.0,1
South Africa Free State,crop,475,822,-28.75,25.5,0.0,1
South Africa Free State,crop,475,823,-28.75,25.75,0.001260251,1
South Africa Free State,crop,475,824,-28.75,26.0,0.006524093,1
South Africa Free State,crop,475,825,-28.75,26.25,0.003012099,1
South Africa Free State,crop,475,826,-28.75,26.5,0.001622516,1
South Africa Free State,crop,475,827,-28.75,26.75,0.006929099,1
South Africa Free State,crop,475,828,-28.75,27.0,0.001004494,1
South Africa Free State,crop,475,829,-28.75,27.25,0.000971297,1
South Africa Free State,crop,475,830,-28.75,27.5,0.002722314,1
South Africa Free State,crop,475,831,-28.75,27.75,0.004731717,1
South Africa Free State,crop,475,832,-28.75,28.0,0.004345799,1
South Africa Free State,crop,475,835,-28.75,28.75,0.0,1
South Africa Free State,crop,476,818,-29.0,24.5,6.92e-07,1
South Africa Free State,crop,476,819,-29.0,24.75,0.020191684,1
South Africa Free State,crop,476,820,-29.0,25.0,0.0,1
South Africa Free State,crop,476,821,-29.0,25.25,0.0,1
South Africa Free State,crop,476,822,-29.0,25.5,0.001051938,1
South Africa Free State,crop,476,823,-29.0,25.75,0.006182438,1
South Africa Free State,crop,476,824,-29.0,26.0,0.024305378,1
South Africa Free State,crop,476,825,-29.0,26.25,0.0047331,1
South Africa Free State,crop,476,826,-29.0,26.5,0.001316133,1
South Africa Free State,crop,476,827,-29.0,26.75,0.009297309,1
South Africa Free State,crop,476,828,-29.0,27.0,0.007434943,1
South Africa Free State,crop,476,829,-29.0,27.25,0.001413789,1
South Africa Free State,crop,476,830,-29.0,27.5,0.013747264,1
South Africa Free State,crop,476,831,-29.0,27.75,0.002920253,1
South Africa Free State,crop,477,818,-29.25,24.5,0.001897362,1
South Africa Free State,crop,477,819,-29.25,24.75,0.00178214,1
South Africa Free State,crop,477,820,-29.25,25.0,0.0,1
South Africa Free State,crop,477,821,-29.25,25.25,0.000275814,1
South Africa Free State,crop,477,822,-29.25,25.5,0.012033594,1
South Africa Free State,crop,477,823,-29.25,25.75,0.00465315,1
South Africa Free State,crop,477,824,-29.25,26.0,0.016666549,1
South Africa Free State,crop,477,825,-29.25,26.25,0.005010021,1
South Africa Free State,crop,477,826,-29.25,26.5,0.000416764,1
South Africa Free State,crop,477,827,-29.25,26.75,9.6687e-05,1
South Africa Free State,crop,477,828,-29.25,27.0,0.008424774,1
South Africa Free State,crop,477,829,-29.25,27.25,0.002318552,1
South Africa Free State,crop,477,830,-29.25,27.5,9.3782e-05,1
South Africa Free State,crop,478,817,-29.5,24.25,0.0,1
South Africa Free State,crop,478,818,-29.5,24.5,0.0,1
South Africa Free State,crop,478,819,-29.5,24.75,0.004028073,1
South Africa Free State,crop,478,820,-29.5,25.0,0.002634065,1
South Africa Free State,crop,478,821,-29.5,25.25,0.0,1
South Africa Free State,crop,478,822,-29.5,25.5,0.0,1
South Africa Free State,crop,478,823,-29.5,25.75,0.0,1
South Africa Free State,crop,478,824,-29.5,26.0,0.0,1
South Africa Free State,crop,478,825,-29.5,26.25,0.0,1
South Africa Free State,crop,478,826,-29.5,26.5,0.001773841,1
South Africa Free State,crop,478,827,-29.5,26.75,0.002911677,1
South Africa Free State,crop,478,828,-29.5,27.0,0.00455508,1
South Africa Free State,crop,478,829,-29.5,27.25,0.000255342,1
South Africa Free State,crop,479,817,-29.75,24.25,2.0887e-05,1
South Africa Free State,crop,479,818,-29.75,24.5,0.004200976,1
South Africa Free State,crop,479,819,-29.75,24.75,0.0,1
South Africa Free State,crop,479,820,-29.75,25.0,0.0,1
South Africa Free State,crop,479,821,-29.75,25.25,0.0,1
South Africa Free State,crop,479,822,-29.75,25.5,0.0,1
South Africa Free State,crop,479,823,-29.75,25.75,0.0,1
South Africa Free State,crop,479,824,-29.75,26.0,0.0,1
South Africa Free State,crop,479,825,-29.75,26.25,0.0,1
South Africa Free State,crop,479,826,-29.75,26.5,0.000224911,1
South Africa Free State,crop,479,827,-29.75,26.75,0.0,1
South Africa Free State,crop,479,828,-29.75,27.0,0.0,1
South Africa Free State,crop,480,819,-30.0,24.75,0.000351614,1
South Africa Free State,crop,480,820,-30.0,25.0,0.0,1
South Africa Free State,crop,480,821,-30.0,25.25,0.0,1
South Africa Free State,crop,480,822,-30.0,25.5,0.0,1
South Africa Free State,crop,480,823,-30.0,25.75,0.0,1
South Africa Free State,crop,480,824,-30.0,26.0,0.0,1
South Africa Free State,crop,480,825,-30.0,26.25,0.0,1
South Africa Free State,crop,480,826,-30.0,26.5,0.0,1
South Africa Free State,crop,480,827,-30.0,26.75,0.001804963,1
South Africa Free State,crop,480,828,-30.0,27.0,0.000541115,1
South Africa Free State,crop,480,829,-30.0,27.25,0.000819004,1
South Africa Free State,crop,481,820,-30.25,25.0,0.0,1
South Africa Free State,crop,481,821,-30.25,25.25,0.0,1
South Africa Free State,crop,481,822,-30.25,25.5,0.0,1
South Africa Free State,crop,481,823,-30.25,25.75,0.0,1
South Africa Free State,crop,481,824,-30.25,26.0,0.0,1
South Africa Free State,crop,481,825,-30.25,26.25,0.0,1
South Africa Free State,crop,481,826,-30.25,26.5,0.001794036,1
South Africa Free State,crop,481,827,-30.25,26.75,0.001890308,1
South Africa Free State,crop,481,828,-30.25,27.0,0.000327685,1
South Africa Free State,crop,481,829,-30.25,27.25,0.0,1
South Africa Free State,crop,482,821,-30.5,25.25,0.0,1
South Africa Free State,crop,482,822,-30.5,25.5,0.0,1
South Africa Free State,crop,482,823,-30.5,25.75,0.0,1
South Africa Free State,crop,482,824,-30.5,26.0,0.0,1
South Africa Free State,crop,482,825,-30.5,26.25,0.0,1
South Africa Free State,crop,482,826,-30.5,26.5,0.001145029,1
South Africa Free State,crop,482,827,-30.5,26.75,0.0,1
South Africa Free State,crop,482,828,-30.5,27.0,0.0,1
South Africa Free State,crop,482,829,-30.5,27.25,0.0,1
pin:South Africa Free State,pin,476,825,-29.0,26.25,1.0,1
South Africa Mpumalanga,crop,456,844,-24.0,31.0,0.00103514,1
South Africa Mpumalanga,crop,456,845,-24.0,31.25,0.004141231,1
South Africa Mpumalanga,crop,456,846,-24.0,31.5,0.005177044,1
South Africa Mpumalanga,crop,456,847,-24.0,31.75,0.003106092,1
South Africa Mpumalanga,crop,457,844,-24.25,31.0,0.002068251,1
South Africa Mpumalanga,crop,457,845,-24.25,31.25,0.009304073,1
South Africa Mpumalanga,crop,457,846,-24.25,31.5,0.009304073,1
South Africa Mpumalanga,crop,457,847,-24.25,31.75,0.009304073,1
South Africa Mpumalanga,crop,457,848,-24.25,32.0,0.001033107,1
South Africa Mpumalanga,crop,458,843,-24.5,30.75,0.005156646,1
South Africa Mpumalanga,crop,458,844,-24.5,31.0,0.004124905,1
South Africa Mpumalanga,crop,458,845,-24.5,31.25,0.007221496,1
South Africa Mpumalanga,crop,458,846,-24.5,31.5,0.009285662,1
South Africa Mpumalanga,crop,458,847,-24.5,31.75,0.009285662,1
South Africa Mpumalanga,crop,458,848,-24.5,32.0,0.003095221,1
South Africa Mpumalanga,crop,459,841,-24.75,30.25,0.003086948,1
South Africa Mpumalanga,crop,459,842,-24.75,30.5,0.001028983,1
South Africa Mpumalanga,crop,459,843,-24.75,30.75,0.008236707,1
South Africa Mpumalanga,crop,459,844,-24.75,31.0,0.009267074,1
South Africa Mpumalanga,crop,459,845,-24.75,31.25,0.009267074,1
South Africa Mpumalanga,crop,459,846,-24.75,31.5,0.009267074,1
South Africa Mpumalanga,crop,459,847,-24.75,31.75,0.009267074,1
South Africa Mpumalanga,crop,459,848,-24.75,32.0,0.003089025,1
South Africa Mpumalanga,crop,460,834,-25.0,28.5,0.004108264,1
South Africa Mpumalanga,crop,460,835,-25.0,28.75,0.008221418,1
South Africa Mpumalanga,crop,460,836,-25.0,29.0,0.002053783,1
South Africa Mpumalanga,crop,460,840,-25.0,30.0,0.002053783,1
South Africa Mpumalanga,crop,460,841,-25.0,30.25,0.009248309,1
South Africa Mpumalanga,crop,460,842,-25.0,30.5,0.009248309,1
South Africa Mpumalanga,crop,460,843,-25.0,30.75,0.009248309,1
South Africa Mpumalanga,crop,460,844,-25.0,31.0,0.009248309,1
South Africa Mpumalanga,crop,460,845,-25.0,31.25,0.009248309,1
South Africa Mpumalanga,crop,460,846,-25.0,31.5,0.009248309,1
South Africa Mpumalanga,crop,460,847,-25.0,31.75,0.009248309,1
South Africa Mpumalanga,crop,460,848,-25.0,32.0,0.00308277,1
South Africa Mpumalanga,crop,461,833,-25.25,28.25,0.00102619,1
South Africa Mpumalanga,crop,461,834,-25.25,28.5,0.00102619,1
South Africa Mpumalanga,crop,461,835,-25.25,28.75,0.007177692,1
South Africa Mpumalanga,crop,461,836,-25.25,29.0,0.006151503,1
South Africa Mpumalanga,crop,461,839,-25.25,29.75,0.00204956,1
South Africa Mpumalanga,crop,461,840,-25.25,30.0,0.007177692,1
South Africa Mpumalanga,crop,461,841,-25.25,30.25,0.009229368,1
South Africa Mpumalanga,crop,461,842,-25.25,30.5,0.009229368,1
South Africa Mpumalanga,crop,461,843,-25.25,30.75,0.009229368,1
South Africa Mpumalanga,crop,461,844,-25.25,31.0,0.009229368,1
South Africa Mpumalanga,crop,461,845,-25.25,31.25,0.009229368,1
South Africa Mpumalanga,crop,461,846,-25.25,31.5,0.009229368,1
South Africa Mpumalanga,crop,461,847,-25.25,31.75,0.009229368,1
South Africa Mpumalanga,crop,461,848,-25.25,32.0,0.003076456,1
South Africa Mpumalanga,crop,462,835,-25.5,28.75,0.008187602,1
South Africa Mpumalanga,crop,462,836,-25.5,29.0,0.00716424,1
South Africa Mpumalanga,crop,462,837,-25.5,29.25,0.009210252,1
South Africa Mpumalanga,crop,462,838,-25.5,29.5,0.009210252,1
South Africa Mpumalanga,crop,462,839,-25.5,29.75,0.009210252,1
South Africa Mpumalanga,crop,462,840,-25.5,30.0,0.009210252,1
South Africa Mpumalanga,crop,462,841,-25.5,30.25,0.009210252,1
South Africa Mpumalanga,crop,462,842,-25.5,30.5,0.009210252,1
South Africa Mpumalanga,crop,462,843,-25.5,30.75,0.009210252,1
South Africa Mpumalanga,crop,462,844,-25.5,31.0,0.009210252,1
South Africa Mpumalanga,crop,462,845,-25.5,31.25,0.009210252,1
South Africa Mpumalanga,crop,462,846,-25.5,31.5,0.009210252,1
South Africa Mpumalanga,crop,462,847,-25.5,31.75,0.009210252,1
South Africa Mpumalanga,crop,462,848,-25.5,32.0,0.003070084,1
South Africa Mpumalanga,crop,463,836,-25.75,29.0,0.008169025,1
South Africa Mpumalanga,crop,463,837,-25.75,29.25,0.00919096,1
South Africa Mpumalanga,crop,463,838,-25.75,29.5,0.00919096,1
South Africa Mpumalanga,crop,463,839,-25.75,29.75,0.00919096,1
South Africa Mpumalanga,crop,463,840,-25.75,30.0,0.00919096,1
South Africa Mpumalanga,crop,463,841,-25.75,30.25,0.00919096,1
South Africa Mpumalanga,crop,463,842,-25.75,30.5,0.00919096,1
South Africa Mpumalanga,crop,463,843,-25.75,30.75,0.00919096,1
South Africa Mpumalanga,crop,463,844,-25.75,31.0,0.00919096,1
South Africa Mpumalanga,crop,463,845,-25.75,31.25,0.004087024,1
South Africa Mpumalanga,crop,463,846,-25.75,31.5,0.005108242,1
South Africa Mpumalanga,crop,463,847,-25.75,31.75,0.00919096,1
South Africa Mpumalanga,crop,464,834,-26.0,28.5,0.003055716,1
South Africa Mpumalanga,crop,464,835,-26.0,28.75,0.006112157,1
South Africa Mpumalanga,crop,464,836,-26.0,29.0,0.009171493,1
South Africa Mpumalanga,crop,464,837,-26.0,29.25,0.009171493,1
South Africa Mpumalanga,crop,464,838,-26.0,29.5,0.009171493,1
South Africa Mpumalanga,crop,464,839,-26.0,29.75,0.009171493,1
South Africa Mpumalanga,crop,464,840,-26.0,30.0,0.009171493,1
South Africa Mpumalanga,crop,464,841,-26.0,30.25,0.009171493,1
South Africa Mpumalanga,crop,464,842,-26.0,30.5,0.009171493,1
South Africa Mpumalanga,crop,464,843,-26.0,30.75,0.009171493,1
South Africa Mpumalanga,crop,464,844,-26.0,31.0,0.005095998,1
South Africa Mpumalanga,crop,464,847,-26.0,31.75,0.001019779,1
South Africa Mpumalanga,crop,465,834,-26.25,28.5,0.002035205,1
South Africa Mpumalanga,crop,465,835,-26.25,28.75,0.007119569,1
South Africa Mpumalanga,crop,465,836,-26.25,29.0,0.009151851,1
South Africa Mpumalanga,crop,465,837,-26.25,29.25,0.009151851,1
South Africa Mpumalanga,crop,465,838,-26.25,29.5,0.009151851,1
South Africa Mpumalanga,crop,465,839,-26.25,29.75,0.009151851,1
South Africa Mpumalanga,crop,465,840,-26.25,30.0,0.009151851,1
South Africa Mpumalanga,crop,465,841,-26.25,30.25,0.009151851,1
South Africa Mpumalanga,crop,465,842,-26.25,30.5,0.009151851,1
South Africa Mpumalanga,crop,465,843,-26.25,30.75,0.00813571,1
South Africa Mpumalanga,crop,465,844,-26.25,31.0,0.001017603,1
South Africa Mpumalanga,crop,466,834,-26.5,28.5,0.004057209,1
South Africa Mpumalanga,crop,466,835,-26.5,28.75,0.008116628,1
South Africa Mpumalanga,crop,466,836,-26.5,29.0,0.009132036,1
South Africa Mpumalanga,crop,466,837,-26.5,29.25,0.009132036,1
South Africa Mpumalanga,crop,466,838,-26.5,29.5,0.009132036,1
South Africa Mpumalanga,crop,466,839,-26.5,29.75,0.009132036,1
South Africa Mpumalanga,crop,466,840,-26.5,30.0,0.009132036,1
South Africa Mpumalanga,crop,466,841,-26.5,30.25,0.009132036,1
South Africa Mpumalanga,crop,466,842,-26.5,30.5,0.009132036,1
South Africa Mpumalanga,crop,466,843,-26.5,30.75,0.003044012,1
South Africa Mpumalanga,crop,467,833,-26.75,28.25,0.002024156,1
South Africa Mpumalanga,crop,467,834,-26.75,28.5,0.009112046,1
South Africa Mpumalanga,crop,467,835,-26.75,28.75,0.009112046,1
South Africa Mpumalanga,crop,467,836,-26.75,29.0,0.009112046,1
South Africa Mpumalanga,crop,467,837,-26.75,29.25,0.009112046,1
South Africa Mpumalanga,crop,467,838,-26.75,29.5,0.009112046,1
South Africa Mpumalanga,crop,467,839,-26.75,29.75,0.009112046,1
South Africa Mpumalanga,crop,467,840,-26.75,30.0,0.009112046,1
South Africa Mpumalanga,crop,467,841,-26.75,30.25,0.009112046,1
South Africa Mpumalanga,crop,467,842,-26.75,30.5,0.009112046,1
South Africa Mpumalanga,crop,467,843,-26.75,30.75,0.007085661,1
South Africa Mpumalanga,crop,468,834,-27.0,28.5,0.004043087,1
South Africa Mpumalanga,crop,468,835,-27.0,28.75,0.004043087,1
South Africa Mpumalanga,crop,468,836,-27.0,29.0,0.005052545,1
South Africa Mpumalanga,crop,468,837,-27.0,29.25,0.009091883,1
South Africa Mpumalanga,crop,468,838,-27.0,29.5,0.009091883,1
South Africa Mpumalanga,crop,468,839,-27.0,29.75,0.009091883,1
South Africa Mpumalanga,crop,468,840,-27.0,30.0,0.009091883,1
South Africa Mpumalanga,crop,468,841,-27.0,30.25,0.009091883,1
South Africa Mpumalanga,crop,468,842,-27.0,30.5,0.009091883,1
South Africa Mpumalanga,crop,468,843,-27.0,30.75,0.009091883,1
South Africa Mpumalanga,crop,468,844,-27.0,31.0,0.003029128,1
South Africa Mpumalanga,crop,469,837,-27.25,29.25,0.001008706,1
South Africa Mpumalanga,crop,469,838,-27.25,29.5,0.007056404,1
South Africa Mpumalanga,crop,469,839,-27.25,29.75,0.009071547,1
South Africa Mpumalanga,crop,469,840,-27.25,30.0,0.007057161,1
South Africa Mpumalanga,crop,469,841,-27.25,30.25,0.005042018,1
South Africa Mpumalanga,crop,469,842,-27.25,30.5,0.005042018,1
South Africa Mpumalanga,crop,469,843,-27.25,30.75,0.005042018,1
South Africa Mpumalanga,crop,469,844,-27.25,31.0,0.006049968,1
South Africa Mpumalanga,crop,470,838,-27.5,29.5,0.001006433,1
South Africa Mpumalanga,crop,470,839,-27.5,29.75,0.001006433,1
pin:South Africa Mpumalanga,pin,462,840,-25.5,30.0,1.0,1
Nigeria Benue,crop,327,754,8.25,8.5,0.000426311,1
Nigeria Benue,crop,328,751,8.0,7.75,0.006335432,1
Nigeria Benue,crop,328,752,8.0,8.0,0.000784646,1
Nigeria Benue,crop,328,753,8.0,8.25,0.011315214,1
Nigeria Benue,crop,328,754,8.0,8.5,0.034126266,1
Nigeria Benue,crop,328,755,8.0,8.75,0.076873924,1
Nigeria Benue,crop,328,756,8.0,9.0,0.038392292,1
Nigeria Benue,crop,329,751,7.75,7.75,0.017824473,1
Nigeria Benue,crop,329,752,7.75,8.0,0.012453339,1
Nigeria Benue,crop,329,753,7.75,8.25,0.055215563,1
Nigeria Benue,crop,329,754,7.75,8.5,0.031096445,1
Nigeria Benue,crop,329,755,7.75,8.75,0.034973062,1
Nigeria Benue,crop,329,756,7.75,9.0,0.05678,1
Nigeria Benue,crop,329,757,7.75,9.25,0.039856705,1
Nigeria Benue,crop,329,758,7.75,9.5,0.025870977,1
Nigeria Benue,crop,329,759,7.75,9.75,0.00633349,1
Nigeria Benue,crop,330,751,7.5,7.75,0.005650809,1
Nigeria Benue,crop,330,752,7.5,8.0,0.026584732,1
Nigeria Benue,crop,330,753,7.5,8.25,0.026885772,1
Nigeria Benue,crop,330,754,7.5,8.5,0.017310762,1
Nigeria Benue,crop,330,755,7.5,8.75,0.019341325,1
Nigeria Benue,crop,330,756,7.5,9.0,0.010482013,1
Nigeria Benue,crop,330,757,7.5,9.25,0.056537226,1
Nigeria Benue,crop,330,758,7.5,9.5,0.06944698,1
Nigeria Benue,crop,330,759,7.5,9.75,0.028908566,1
Nigeria Benue,crop,331,751,7.25,7.75,0.000594311,1
Nigeria Benue,crop,331,752,7.25,8.0,0.004502973,1
Nigeria Benue,crop,331,753,7.25,8.25,0.014025544,1
Nigeria Benue,crop,331,754,7.25,8.5,0.0061383,1
Nigeria Benue,crop,331,755,7.25,8.75,0.022115747,1
Nigeria Benue,crop,331,756,7.25,9.0,0.044677227,1
Nigeria Benue,crop,331,757,7.25,9.25,0.054018203,1
Nigeria Benue,crop,331,758,7.25,9.5,0.048670375,1
Nigeria Benue,crop,331,759,7.25,9.75,0.039177909,1
Nigeria Benue,crop,332,750,7.0,7.5,0.000175768,1
Nigeria Benue,crop,332,751,7.0,7.75,0.001163373,1
Nigeria Benue,crop,332,752,7.0,8.0,0.001333315,1
Nigeria Benue,crop,332,753,7.0,8.25,0.001132298,1
Nigeria Benue,crop,332,754,7.0,8.5,0.001783904,1
Nigeria Benue,crop,332,755,7.0,8.75,0.002217013,1
Nigeria Benue,crop,332,756,7.0,9.0,0.002495717,1
Nigeria Benue,crop,332,757,7.0,9.25,0.020521207,1
Nigeria Benue,crop,332,758,7.0,9.5,0.017918669,1
Nigeria Benue,crop,332,759,7.0,9.75,0.00273752,1
Nigeria Benue,crop,333,751,6.75,7.75,0.000256369,1
Nigeria Benue,crop,333,752,6.75,8.0,0.001198333,1
Nigeria Benue,crop,333,753,6.75,8.25,0.000674912,1
Nigeria Benue,crop,333,754,6.75,8.5,0.000205872,1
Nigeria Benue,crop,333,756,6.75,9.0,0.000384554,1
Nigeria Benue,crop,333,757,6.75,9.25,0.000776877,1
Nigeria Benue,crop,333,758,6.75,9.5,0.001250772,1
Nigeria Benue,crop,334,758,6.5,9.5,4.6613e-05,1
pin:Nigeria Benue,pin,329,754,7.75,8.5,1.0,1
Nigeria Kaduna,crop,314,751,11.5,7.75,0.000518673,1
Nigeria Kaduna,crop,314,752,11.5,8.0,0.002217473,1
Nigeria Kaduna,crop,315,747,11.25,6.75,0.018583353,1
Nigeria Kaduna,crop,315,748,11.25,7.0,0.005231895,1
Nigeria Kaduna,crop,315,749,11.25,7.25,0.010318095,1
Nigeria Kaduna,crop,315,750,11.25,7.5,0.017841767,1
Nigeria Kaduna,crop,315,751,11.25,7.75,0.003281044,1
Nigeria Kaduna,crop,315,752,11.25,8.0,0.029710053,1
Nigeria Kaduna,crop,315,753,11.25,8.25,0.002988197,1
Nigeria Kaduna,crop,315,754,11.25,8.5,0.000492448,1
Nigeria Kaduna,crop,316,745,11.0,6.25,0.004628719,1
Nigeria Kaduna,crop,316,746,11.0,6.5,0.008083139,1
Nigeria Kaduna,crop,316,747,11.0,6.75,0.008852407,1
Nigeria Kaduna,crop,316,748,11.0,7.0,0.012952254,1
Nigeria Kaduna,crop,316,749,11.0,7.25,0.011858088,1
Nigeria Kaduna,crop,316,750,11.0,7.5,0.037911205,1
Nigeria Kaduna,crop,316,751,11.0,7.75,0.019549308,1
Nigeria Kaduna,crop,316,752,11.0,8.0,0.021224797,1
Nigeria Kaduna,crop,316,753,11.0,8.25,0.013993971,1
Nigeria Kaduna,crop,316,754,11.0,8.5,0.030906206,1
Nigeria Kaduna,crop,317,744,10.75,6.0,0.007998637,1
Nigeria Kaduna,crop,317,745,10.75,6.25,0.00962896,1
Nigeria Kaduna,crop,317,746,10.75,6.5,0.01884706,1
Nigeria Kaduna,crop,317,747,10.75,6.75,0.015335819,1
Nigeria Kaduna,crop,317,748,10.75,7.0,0.016993824,1
Nigeria Kaduna,crop,317,749,10.75,7.25,0.01320722,1
Nigeria Kaduna,crop,317,750,10.75,7.5,0.006853476,1
Nigeria Kaduna,crop,317,751,10.75,7.75,0.014683107,1
Nigeria Kaduna,crop,317,752,10.75,8.0,0.031065013,1
Nigeria Kaduna,crop,317,753,10.75,8.25,0.021090757,1
Nigeria Kaduna,crop,317,754,10.75,8.5,0.004714679,1
Nigeria Kaduna,crop,318,744,10.5,6.0,0.002704093,1
Nigeria Kaduna,crop,318,745,10.5,6.25,0.0126157,1
Nigeria Kaduna,crop,318,746,10.5,6.5,0.002210188,1
Nigeria Kaduna,crop,318,747,10.5,6.75,0.001607012,1
Nigeria Kaduna,crop,318,748,10.5,7.0,0.013138744,1
Nigeria Kaduna,crop,318,749,10.5,7.25,0.017904416,1
Nigeria Kaduna,crop,318,750,10.5,7.5,0.007509102,1
Nigeria Kaduna,crop,318,751,10.5,7.75,0.024979348,1
Nigeria Kaduna,crop,318,752,10.5,8.0,0.02113738,1
Nigeria Kaduna,crop,318,753,10.5,8.25,0.014822974,1
Nigeria Kaduna,crop,318,754,10.5,8.5,0.018424545,1
Nigeria Kaduna,crop,318,755,10.5,8.75,0.001035889,1
Nigeria Kaduna,crop,319,748,10.25,7.0,0.01006313,1
Nigeria Kaduna,crop,319,749,10.25,7.25,0.019512884,1
Nigeria Kaduna,crop,319,750,10.25,7.5,0.017205082,1
Nigeria Kaduna,crop,319,751,10.25,7.75,0.037440612,1
Nigeria Kaduna,crop,319,752,10.25,8.0,0.030743028,1
Nigeria Kaduna,crop,319,753,10.25,8.25,0.020318576,1
Nigeria Kaduna,crop,319,754,10.25,8.5,0.009621675,1
Nigeria Kaduna,crop,319,755,10.25,8.75,0.002910979,1
Nigeria Kaduna,crop,320,748,10.0,7.0,0.003620512,1
Nigeria Kaduna,crop,320,749,10.0,7.25,0.01440483,1
Nigeria Kaduna,crop,320,750,10.0,7.5,0.01553105,1
Nigeria Kaduna,crop,320,751,10.0,7.75,0.027463442,1
Nigeria Kaduna,crop,320,752,10.0,8.0,0.027936949,1
Nigeria Kaduna,crop,320,753,10.0,8.25,0.01627992,1
Nigeria Kaduna,crop,320,754,10.0,8.5,0.010051474,1
Nigeria Kaduna,crop,321,749,9.75,7.25,0.012044577,1
Nigeria Kaduna,crop,321,750,9.75,7.5,0.02150453,1
Nigeria Kaduna,crop,321,751,9.75,7.75,0.023786108,1
Nigeria Kaduna,crop,321,752,9.75,8.0,0.008842209,1
Nigeria Kaduna,crop,321,753,9.75,8.25,0.008201152,1
Nigeria Kaduna,crop,321,754,9.75,8.5,0.002029526,1
Nigeria Kaduna,crop,322,749,9.5,7.25,0.01402311,1
Nigeria Kaduna,crop,322,750,9.5,7.5,0.007793207,1
Nigeria Kaduna,crop,322,751,9.5,7.75,0.010326837,1
Nigeria Kaduna,crop,322,752,9.5,8.0,0.002781311,1
Nigeria Kaduna,crop,322,753,9.5,8.25,0.010578888,1
Nigeria Kaduna,crop,322,754,9.5,8.5,0.010452134,1
Nigeria Kaduna,crop,323,751,9.25,7.75,0.002267009,1
Nigeria Kaduna,crop,323,752,9.25,8.0,0.007399831,1
Nigeria Kaduna,crop,323,753,9.25,8.25,0.014680193,1
Nigeria Kaduna,crop,323,754,9.25,8.5,0.014005627,1
Nigeria Kaduna,crop,324,752,9.0,8.0,0.002760914,1
Nigeria Kaduna,crop,324,754,9.0,8.5,0.003767664,1
pin:Nigeria Kaduna,pin,318,750,10.5,7.5,1.0,1
